Problem Name,default,emphasis_easycip,emphasis_feasibility,emphasis_hardlp,emphasis_optimality,heuristics_aggressive,heuristics_fast,heuristics_off,presolving_aggressive,presolving_fast,presolving_off,separating_aggressive,separating_fast,separating_off
30n20b8,37875.20333333333,57819.7275,,47896.60249999999,50298.89200000001,50876.94,58173.11000000001,59922.734,31037.04,47708.346,60000.0,44232.78333333333,49575.16,
50v-10,2480.0879999999997,6070.681999999999,5473.598,4489.2,3756.136,2696.2239999999997,6236.424000000001,12562.054,2470.0559999999996,2953.17,2906.0600000000004,1846.0919999999999,3710.95,5517.08
a1c1s1,16416.268,30110.360000000004,36566.608,25184.164,23755.38,23263.716,20319.486,57802.284,16662.847999999998,15730.268000000002,20866.868,18825.85,25204.868,41689.546
aflow40b,4173.938,15327.694,6430.83,18112.038,9143.576,3735.97,13334.916000000001,22223.190000000002,4392.379999999999,4953.83,5369.91,6779.104000000001,4091.9020000000005,8418.268
app1-2,49970.37000000001,56858.64199999999,44500.04,59699.846,56983.614,50462.958,60000.0,57127.634,50019.126,47183.153999999995,46520.15,56961.77,47877.944,43210.43000000001
arki001,1524.074,42431.668,225.37399999999997,47056.121999999996,5984.252,1624.766,49201.912,19221.268,1271.518,1722.002,219.36999999999998,1746.7940000000003,1225.282,1501.6060000000002
atlanta-ip,23241.912,60000.0,22982.863999999994,60000.0,27899.932,30211.975999999995,60000.0,60000.0,13844.217999999999,13018.833999999999,60000.0,24838.100000000002,32921.75000000001,12055.869999999999
atm20-100,60000.0,60000.0,60000.0,60000.0,60000.0,60000.0,60000.0,60000.0,60000.0,60000.0,60000.0,60000.0,60000.0,60000.0
b2c1s1,31494.922000000002,31713.888,32575.178000000004,28722.915999999997,43680.030000000006,30331.112,33357.476,60000.0,31495.870000000003,33387.582,33173.941999999995,30992.292000000005,31805.27,38143.53600000001
bab1,27642.145999999997,50392.476,15863.426000000001,60000.0,36382.396,35025.492000000006,19064.394,29466.278,26604.358,21875.636,60000.0,15055.554,18450.428000000004,31315.021999999997
bab3,60000.0,60000.0,60000.0,60000.0,60000.0,60000.0,60000.0,60000.0,60000.0,60000.0,60000.0,60000.0,60000.0,60000.0
bab5,20850.474,20150.692,16783.146,53733.43400000001,58257.933999999994,18424.358,19473.884,20740.012,21059.694000000003,22286.706,20362.512,29963.894,19538.264000000003,23711.912000000004
beasleyC3,8815.11,26173.27,28767.952,20332.642,10129.17,8486.274000000001,11185.174,24188.309999999998,8791.068,8746.793999999998,33946.522000000004,9536.336,22960.14,36325.871999999996
berlin_5_8_0,7602.718000000001,24988.43,5938.722,25290.769999999997,12486.432,10428.672,25321.034,57904.114,8690.908,8838.651999999998,10973.366,9870.990000000002,10738.957999999999,10367.416000000001
bg512142,18516.678,25313.18,16718.886,48585.734,35506.732,16857.976,32970.716,54187.06800000001,17284.414,15889.114000000001,18129.174,17909.158000000003,17093.164,15276.688
biella1,5107.654,20780.735,5649.868,29557.968000000004,29139.295999999995,6206.728,24668.124,53811.038,5616.59,5372.505999999999,4678.8425,7299.8679999999995,5075.988,5517.014
blp-ic97,5184.98,6566.2699999999995,3699.722,7728.8,6403.832,4182.24,6525.562000000001,11612.083999999999,5206.532000000001,5651.392,7477.658,5506.7919999999995,5590.134,6967.6
bnatt350,60000.0,,,,60000.0,,60000.0,60000.0,,,,60000.0,,
bnatt400,60000.0,60000.0,60000.0,,60000.0,60000.0,60000.0,60000.0,60000.0,,,60000.0,,
cdma,60000.0,60000.0,60000.0,60000.0,60000.0,60000.0,60000.0,60000.0,60000.0,60000.0,59936.14,60000.0,60000.0,60000.0
circ10-3,60000.0,60000.0,58348.45,60000.0,60000.0,60000.0,60000.0,60000.0,60000.0,60000.0,60000.0,60000.0,60000.0,60000.0
co-100,55212.704000000005,53524.96,53712.126000000004,54895.91,55162.295999999995,54972.23999999999,55215.058,60000.0,60000.0,53397.22,55201.592000000004,55234.81800000001,55083.71799999999,50109.938
core2536-691,1580.9299999999998,8760.376,1512.2250000000001,9771.848,2131.938,1564.5425,7428.698000000001,50558.416666666664,1508.625,2332.4139999999998,2360.708,1890.9060000000002,1564.0349999999999,1834.57
core4872-1529,10299.34,18693.364,13037.065999999999,18682.396,15235.560000000001,13083.774,13108.8,60000.0,10870.742,13720.591999999999,14082.172,12753.51,10258.84,17966.588
cov1075,6129.892,10435.645999999999,6090.158,6130.338,6756.9619999999995,6076.639999999999,6282.2159999999985,6483.165999999999,6135.9980000000005,6128.076,6242.26,6110.778,6630.3,6563.436
csched010,19063.284,22012.716,17369.838,21672.542,19868.818,13995.658,19412.294,22593.698,14911.624,15494.151999999998,23413.958000000002,17805.574,14322.056,13359.405999999999
d10200,273.04200000000003,475.0400000000001,234.66799999999998,739.02,341.622,217.91400000000004,10676.566,60000.0,291.31800000000004,215.946,280.614,248.458,272.994,273.02799999999996
d20200,1152.8359999999998,3347.5520000000006,1153.0459999999998,2997.194,1664.45,1074.474,3332.8259999999996,60000.0,1165.432,1007.4300000000001,1068.0579999999998,1098.56,1153.876,1153.0059999999999
dano3_5,4072.51,3433.6949999999997,,4143.12,4089.25,4022.405,4027.9049999999997,38597.695999999996,3448.77,4234.155,3670.0266666666666,4042.15,3800.816666666667,3731.135
dano3mip,24031.674,24340.010000000002,25012.764,22446.21,24350.858,25352.61,24336.772000000004,60000.0,23560.81,23830.138,23664.338000000003,23969.832000000002,21648.345999999998,19078.586
danoint,3402.858,3819.184,3419.4479999999994,3801.0100000000007,6286.459999999999,3407.732,3638.59,3951.672,3548.208,3343.404,3429.7539999999995,3627.7599999999998,3376.2519999999995,3607.6439999999993
dc1c,8761.35,53787.454000000005,12580.144,57065.55,29590.03,13650.173999999999,56910.916000000005,60000.0,8474.492,8420.462,8737.696,10873.678,8632.180000000002,10373.344000000001
dc1l,24023.076,58771.958,26763.926,58690.736,60000.0,25271.174,58569.444,60000.0,24128.512000000002,28192.806,20591.888,60000.0,26430.374,15762.076000000001
dg012142,49877.742,56152.462,49128.882,56271.89,57289.524,49213.318,56814.238,60000.0,50157.051999999996,48765.986,50651.848000000005,49916.39600000001,49476.094,49478.344
dolom1,57636.522,59632.458,55744.585999999996,59652.226,59201.534,57260.212,59634.39399999999,60000.0,57503.898,57442.657999999996,57919.634,57978.056000000004,57629.208000000006,57633.958
ds,55454.219999999994,57781.25,56303.06800000001,58230.148,58363.252,56436.564,57827.384,59194.704000000005,55827.333999999995,56496.666000000005,56758.48,57150.545999999995,55491.678,56036.514
ds-big,60000.0,60000.0,60000.0,60000.0,60000.0,60000.0,60000.0,60000.0,60000.0,60000.0,60000.0,60000.0,60000.0,60000.0
eilA101-2,27401.99,34059.428,31940.420000000002,30145.159999999996,31708.066000000003,28754.109999999997,33520.566000000006,38408.686,37286.45599999999,28068.998,34882.094000000005,32360.268,27430.920000000002,30900.340000000004
ex1010-pi,9800.4,14742.552,10597.434,14654.819999999998,13751.954000000002,10667.8,13658.818,49058.09,9807.242,10300.323999999999,10216.646,10617.48,9799.887999999999,9816.963999999998
fiball,3495.386,7842.478,3165.37,6770.772,5142.622,3126.8460000000005,7882.8240000000005,58616.00800000001,4212.593999999999,3318.124,3096.5559999999996,4383.144,2977.29,2596.4500000000003
g200x740i,12477.576,33865.88,28498.768,26759.985999999997,22189.928,11912.552,23078.204000000005,37014.726,12528.702000000001,12462.641999999998,16750.556,14542.210000000001,28026.442,51906.297999999995
ger50_17_trans,7675.2699999999995,60000.0,10826.439999999999,60000.0,7752.710000000001,8502.672,60000.0,60000.0,7622.894,7638.089999999999,6232.856000000001,7641.55,6454.7,8629.424000000003
germanrr,49254.052,60000.0,25337.186,60000.0,60000.0,50786.528000000006,60000.0,60000.0,53410.426,48960.028000000006,43525.642,44010.192,40019.558000000005,13134.478
germany50-DBM,5474.1359999999995,6018.964,9325.255999999998,5744.054,7066.248,7696.022,5953.322,8278.672000000002,5460.8060000000005,5455.154,5454.588000000001,5366.051999999999,5497.875999999999,5660.896
glass4,26916.109999999997,37638.084,26541.942,36577.856,31634.416000000005,28358.149999999998,38933.928,37570.166,26873.238,27184.977999999996,33145.778,22352.606,27079.626,26977.832000000002
gmu-35-40,47.89,63.206,120.58599999999998,78.5,72.928,122.194,81.764,1189.5720000000001,53.89200000000001,43.504000000000005,37.876,49.546,48.644,47.922000000000004
gmut-75-50,3885.428,3727.536,3039.638,2562.152,17458.962,3485.9399999999996,3608.046,60000.0,5802.8099999999995,3676.0519999999997,4727.67,16641.988,3862.488,3903.4080000000004
gmut-77-40,1413.036,1292.4479999999999,1413.1200000000001,1193.292,4239.62,1204.6380000000001,1230.452,60000.0,1694.5639999999999,1564.254,1323.784,3578.054,1418.6560000000002,1350.348
go19,4110.674000000001,4173.344,4300.839999999999,4807.36,5734.130000000001,4172.006,4112.678,4641.342,4108.374000000001,4118.590000000001,4153.572,4187.817999999999,4128.072,3940.4979999999996
hanoi5,60000.0,60000.0,60000.0,60000.0,60000.0,60000.0,60000.0,60000.0,60000.0,60000.0,60000.0,60000.0,60000.0,60000.0
harp2,60.302,92.466,131.756,47.222,158.144,53.89399999999999,81.83999999999999,1665.3400000000001,44.708,42.66,91.55250000000001,72.535,74.824,111.73599999999999
ic97_potential,1227.284,1302.408,1774.018,1230.3560000000002,2644.664,1293.632,1245.884,4202.138,1211.664,1370.79,1578.508,1907.2600000000002,1255.8,1475.574
iis-100-0-cov,9849.225,10654.1375,13787.923333333332,12082.202000000001,18680.636,10083.403999999999,9865.92,10812.77,9828.383333333333,9803.230000000001,9977.560000000001,10521.544,10412.9675,10031.0675
iis-bupa-cov,9067.314,8823.154,12063.295999999998,12528.009999999998,14756.002000000002,10504.806,8737.124,9757.579999999998,9053.778000000002,8999.182,8980.543999999998,9414.514,8916.746000000001,8680.144
in,59416.42999999999,59410.780000000006,59455.24399999999,59407.494000000006,59415.2,59457.53199999999,59416.06799999999,60000.0,59413.462,59405.255999999994,59389.683999999994,59414.78200000001,59412.85400000001,59416.986
ivu06-big,60000.0,60000.0,60000.0,60000.0,60000.0,60000.0,60000.0,60000.0,60000.0,60000.0,60000.0,60000.0,60000.0,60000.0
ivu52,60000.0,60000.0,60000.0,60000.0,60000.0,60000.0,60000.0,60000.0,60000.0,60000.0,60000.0,60000.0,60000.0,60000.0
janos-us-DDM,122.99000000000001,197.38399999999996,164.772,153.946,152.20200000000003,102.622,145.486,327.21999999999997,122.69800000000001,121.596,96.396,129.71800000000002,182.254,165.35999999999999
lectsched-1-obj,59422.734,60000.0,46516.01,60000.0,60000.0,56118.60400000001,60000.0,60000.0,60000.0,54009.405999999995,60000.0,55968.94,55526.746,51903.195999999996
leo1,7248.668000000001,9590.364,4999.9580000000005,8164.851999999999,8068.906,4162.514,8105.508,11658.52,6911.674000000001,8886.398000000001,8807.810000000001,7500.378,7956.786000000002,7051.066000000001
leo2,60000.0,60000.0,60000.0,60000.0,60000.0,60000.0,60000.0,60000.0,60000.0,60000.0,12098.688,60000.0,60000.0,60000.0
liu,44166.918,50054.852,32550.736000000004,50656.232,51048.186,35841.75,51664.85,60000.0,42366.293999999994,45891.906,46096.54,46309.068,37853.776,31884.476000000002
lotsize,31595.952,60000.0,43324.9,60000.0,46434.678,29218.502,60000.0,60000.0,31883.0,30711.906,37370.178,38418.652,41586.016,47057.53600000001
lrn,59080.442,44256.200000000004,25128.9,32998.466,59082.2,58307.03199999999,59079.590000000004,60000.0,59082.369999999995,35338.24800000001,21992.813999999995,59081.528000000006,59080.654,28450.145999999997
m100n500k4r1,2525.792,2533.904,2498.5279999999993,2512.376,3383.9440000000004,2574.722,2537.8239999999996,2640.696,2521.448,2542.512,2507.4080000000004,2529.986,2526.8,2556.608
macrophage,14816.467999999999,21144.532,33162.658,33500.831999999995,19508.838,15328.659999999998,16791.862,24611.672,15094.022,16388.291999999998,15608.596,12652.312,20054.228,44056.232
markshare1,60000.0,60000.0,60000.0,60000.0,60000.0,60000.0,60000.0,60000.0,60000.0,60000.0,60000.0,60000.0,60000.0,60000.0
markshare2,60000.0,60000.0,60000.0,60000.0,60000.0,60000.0,60000.0,60000.0,60000.0,60000.0,60000.0,60000.0,60000.0,60000.0
mas74,2900.5879999999997,2396.114,4959.376,2345.6240000000003,4703.092,3015.7,2711.2380000000003,2144.08,2913.584,2384.0800000000004,2206.6,3037.9300000000003,2039.3699999999997,2617.22
maxgasflow,5629.7699999999995,60000.0,10196.962,60000.0,12881.9525,8780.682499999999,60000.0,60000.0,7214.307999999999,4253.863333333333,9457.52,7106.504000000001,4639.514,6307.976000000001
mcf2,3415.0919999999996,3813.602,3425.7560000000003,3806.418,6268.944,3425.786,3637.1159999999995,3961.494,3550.2599999999998,3335.406,3535.214,3617.192,3387.7400000000002,3617.8019999999997
methanosarcina,42064.762,41404.433999999994,46772.14200000001,53614.314,56394.10599999999,42686.628000000004,41266.948000000004,60000.0,41845.77,41934.871999999996,42164.12,43583.628000000004,42036.226,44492.198
mine-90-10,1671.5566666666666,1993.565,,913.1766666666666,4772.46,1471.39,1620.87,2336.035,2524.8050000000003,1736.58,1987.4720000000002,2409.04,1686.63,1453.15
mining,60000.0,60000.0,60000.0,60000.0,60000.0,60000.0,60000.0,60000.0,60000.0,60000.0,60000.0,60000.0,60000.0,60000.0
mkc,1855.488,5889.966,1652.4620000000002,5580.161999999999,2909.2339999999995,1495.1899999999998,6183.134,11519.028000000002,1699.1740000000002,1866.5580000000002,3016.3300000000004,2170.3340000000003,2184.7159999999994,3573.37
mkc1,117.388,228.42999999999998,91.46799999999999,241.71999999999997,293.6575,124.872,224.09,18689.359999999997,103.81400000000001,110.89599999999999,113.91600000000001,221.17400000000004,81.836,99.18999999999998
momentum1,31716.294,41542.25,13697.782000000001,40270.356,37954.60800000001,29110.548,43375.346000000005,60000.0,35711.085999999996,27532.874,34645.25,34213.754,20462.219999999998,17781.622
momentum2,60000.0,60000.0,60000.0,60000.0,60000.0,60000.0,60000.0,60000.0,60000.0,50250.326,56650.42,60000.0,49981.191999999995,54367.552
momentum3,54695.193999999996,50929.362,55763.666000000005,50924.46000000001,55417.092000000004,55678.168000000005,54742.232,60000.0,60000.0,50930.873999999996,50848.044,55436.91799999999,55021.266,54742.72200000001
msc98-ip,52103.11,60000.0,32155.066000000003,60000.0,52259.852,51883.178,60000.0,60000.0,34000.231999999996,60000.0,60000.0,52262.158,52085.316000000006,52169.914000000004
mspp16,60000.0,13325.236,60000.0,13730.040000000003,60000.0,60000.0,60000.0,60000.0,60000.0,13775.939999999999,11607.261999999999,60000.0,60000.0,60000.0
mzzv11,14528.774000000001,29868.338,11398.496000000001,47127.112,46453.272000000004,13278.303999999998,15336.9575,15456.757999999998,60000.0,29705.744,31998.688000000002,19310.5625,15261.401999999998,15165.544
mzzv42z,13540.78,18698.634,11236.312,45090.184,29281.417999999998,12135.362,13323.529999999999,12854.296666666667,60000.0,20652.892,18066.972,16660.286666666667,10968.205,14745.008000000002
n15-3,44545.466,45422.721999999994,46188.378000000004,44996.95,60000.0,44964.208,44842.765999999996,60000.0,44798.24399999999,44657.268,44618.986,60000.0,45661.259999999995,45941.89400000001
n3-3,19868.456,24191.426,30199.394,20182.514000000003,28907.688000000002,18703.696,20975.771999999997,37640.346,19832.132,20327.246000000003,21696.144,21036.097999999998,23143.456,28486.956
n3700,12973.289999999999,14805.188,13475.922,13827.522,13556.052,12638.454,13397.652000000002,38771.702000000005,12963.322,12959.418,14131.473999999998,12851.89,13973.179999999998,14954.220000000001
n3705,13023.238000000001,14760.35,14003.402000000002,13941.822,13839.079999999998,12858.578,13482.154,36582.626000000004,13022.854000000001,13014.184000000003,14438.758000000002,13486.384,14171.076000000001,15135.728
n370a,12896.424,14679.35,13955.405999999999,13512.332,13442.423999999999,12216.174,13175.644,36102.05,12886.939999999999,12883.430000000002,14329.511999999999,13227.088,14289.957999999999,15381.153999999999
n3div36,7792.848000000001,8946.926000000001,6648.604000000001,7107.366,9188.552,7470.046,9407.862,13570.070000000002,7947.276000000001,7981.089999999999,6913.5960000000005,8208.316,7468.973999999999,10638.880000000001
n3seq24,37522.698,39564.764,35876.286,39727.536,58278.090000000004,37847.719999999994,39608.18000000001,60000.0,37646.941999999995,37444.726,40227.826,57677.746,39884.371999999996,39647.036
n4-3,4698.246,8514.248,19209.056,7496.044,9472.038,5123.618,4303.51,4735.11,4697.386,5297.016,5241.15,,8278.948,16169.541999999998
n9-3,14899.726,18497.492000000002,24523.167999999998,17555.048,21874.94,14500.88,14046.426000000001,27920.758,14819.083999999999,14856.356,16108.284,16696.09,17429.167999999998,21321.884
nag,54180.17999999999,60000.0,50790.835999999996,59621.657999999996,60000.0,55659.342000000004,60000.0,60000.0,54403.102,55946.630000000005,57053.047999999995,57814.15,55762.978,58627.8
nb10tb,60000.0,60000.0,60000.0,60000.0,60000.0,60000.0,60000.0,60000.0,60000.0,60000.0,60000.0,60000.0,60000.0,60000.0
neos-1053234,6451.68,9302.872,10163.165,6468.9039999999995,8634.122,8690.043333333333,8034.046,58338.864,6795.8225,9230.5625,5110.4275,7276.595,8929.69,11407.532000000001
neos-1056905,6795.806,11221.524,4218.931999999999,15909.086,10329.758,6333.83,17760.972,22304.556,8192.384,6999.2660000000005,7557.154,9001.306,4993.104,7537.76
neos-1061020,23375.85,14435.362,60000.0,13718.51,59686.5,22163.758,15838.647999999997,10935.426000000001,17389.962499999998,34446.812,21341.623333333333,28498.79,23285.189999999995,23250.106
neos-1067731,20748.288,23969.378,20307.976000000002,20227.468,22945.666000000005,20813.396,23566.912,23721.168,20256.561999999998,20183.514000000003,20031.528,22631.834000000003,20734.018,20840.435999999998
neos-1096528,11939.756,9890.64,11619.848000000002,8482.426,30222.841999999997,13131.846,11409.576000000001,11476.924,10827.828,11492.416000000001,31806.634,28822.238,11880.374,14770.272
neos-1112782,9761.764,9994.066,10204.812,10552.178,9791.447999999999,10271.056,9742.442,10481.312,9788.0,9709.488000000001,59750.51,9833.382,9695.204000000002,9753.524
neos-1112787,9367.723999999998,10168.140000000001,8703.664,9363.246,9360.756,9017.576,10121.302,10609.912,9401.98,9439.834,10380.77,9476.136,9436.016,9408.261999999999
neos-1121679,60000.0,60000.0,60000.0,60000.0,60000.0,60000.0,60000.0,60000.0,60000.0,60000.0,60000.0,60000.0,60000.0,60000.0
neos-1126860,14692.960000000001,,31170.05,10842.29,32563.170000000002,25586.120000000003,16833.25,20213.16,11848.741999999998,,24432.618000000002,17199.825999999997,15594.929999999998,16868.972
neos-1151496,48497.12999999999,48562.840000000004,50187.363999999994,55487.166000000005,55062.5,46503.248,50748.116,56214.866,48424.301999999996,48463.564,50431.08200000001,,48080.91500000001,60000.0
neos-1171448,842.12,6028.383333333334,,12389.494000000002,2093.504,858.9433333333333,10035.806666666665,60000.0,1086.87,,1235.6433333333334,919.6133333333333,,
neos-1171692,1385.9140000000002,5926.8875,,6179.834999999999,1878.0275,1077.23,15299.972,27478.426,1388.258,471.795,1372.194,553.075,364.444,438.45
neos-1171737,3238.522,6714.762000000001,940.2650000000001,8275.838,6877.836000000001,2198.416,22331.212,60000.0,3166.5600000000004,3518.196,3160.958,3794.7980000000002,2273.092,2302.338
neos-1173026,9431.650000000001,40870.57,,42186.955,,,53495.09,48752.61,40993.0,36197.46,47681.4,52639.71,,
neos-1208069,59594.02,60000.0,,60000.0,60000.0,,,,58272.765,59755.72,,57551.99,59389.416666666664,
neos-1208135,60000.0,60000.0,,60000.0,60000.0,60000.0,60000.0,60000.0,60000.0,60000.0,60000.0,60000.0,60000.0,60000.0
neos-1215891,8305.008,579.7379999999999,2371.942,313.056,48114.908,4133.7919999999995,19217.226000000002,12311.413333333332,14666.3,343.236,36575.456,8962.083999999999,12219.346,8431.743333333334
neos-1223462,60000.0,60000.0,,,60000.0,60000.0,,60000.0,60000.0,,60000.0,60000.0,60000.0,
neos-1225589,39504.804,39753.623999999996,41479.4,39480.083999999995,38932.112,39926.348,39795.778,45865.441999999995,39494.28,39491.479999999996,39633.002,39526.132,39479.692,39512.162
neos-1311124,344.234,363.988,345.20200000000006,345.95799999999997,345.9,345.976,350.672,404.04,343.71200000000005,340.434,342.694,345.342,345.12200000000007,342.67
neos-1324574,26196.627999999997,26901.553999999996,27479.640000000003,25532.574,26557.906,26431.924,26875.394,43621.18,26574.602000000003,25980.329999999998,26346.742000000006,23443.934,26189.446000000004,25173.534000000003
neos-1330346,23777.886000000002,23518.104,25277.662,24040.022,38283.218,24393.154,23451.745999999996,60000.0,21316.989999999998,23865.04,22819.890000000003,23082.714,23692.110000000004,22965.492
neos-1337307,6721.848,3279.006,7316.4800000000005,3042.5519999999997,60000.0,13431.803999999998,7193.378,7133.944,7228.594,1609.234,2058.026,8136.456,21769.734,60000.0
neos-1346382,681.6940000000001,691.818,681.346,684.886,683.382,682.99,689.88,745.732,682.206,680.7479999999999,678.786,681.92,679.834,679.8979999999999
neos-1417043,60000.0,60000.0,60000.0,60000.0,60000.0,60000.0,60000.0,60000.0,60000.0,60000.0,60000.0,60000.0,60000.0,60000.0
neos-1420546,7015.804000000001,7600.289999999999,7018.030000000001,7778.1,7219.2880000000005,7052.432000000001,7725.646000000001,60000.0,6885.812,6994.255999999999,6837.2339999999995,7209.6320000000005,6929.976000000001,7059.473999999999
neos-1420790,4856.142000000001,6223.358,4412.076000000001,6087.168,5261.139999999999,4525.512000000001,6187.9400000000005,53701.867999999995,4743.737999999999,4760.954,4646.748,4836.252,4837.56,4670.626
neos-1423785,55501.941999999995,59701.75,59283.974,59950.528000000006,53560.68000000001,55301.236,59859.824,60000.0,55399.822,55376.674,44444.545999999995,53024.45,50287.416000000005,60000.0
neos-1426635,681.224,691.8460000000001,680.906,684.8399999999999,683.7239999999999,682.808,689.178,745.744,682.856,680.5139999999999,678.426,682.066,680.37,679.442
neos-1426662,9141.719999999998,10923.706,9262.434,10739.874,9207.448,9131.766,13503.452,60000.0,9246.006,9165.316,9342.484,8797.484,9228.984,9253.484
neos-1427181,1168.414,1230.1680000000001,1169.654,1181.526,1171.6860000000001,1170.386,1228.782,1483.582,1171.2580000000003,1164.8319999999999,1163.908,1170.2379999999998,1167.218,1164.088
neos-1427261,1421.126,3401.0600000000004,1353.348,1922.8059999999998,1835.2540000000001,1403.9599999999998,3253.642,3894.1699999999996,1425.912,1414.316,1546.6920000000002,1423.854,1398.926,1386.808
neos-1429185,1565.086,3161.222,1614.268,2793.35,1642.6059999999998,1615.1599999999999,2376.2380000000003,2350.6879999999996,1578.266,1558.9900000000002,1562.088,1587.816,1573.6780000000003,1561.3560000000002
neos-1429212,60000.0,60000.0,60000.0,60000.0,60000.0,60000.0,60000.0,60000.0,60000.0,60000.0,60000.0,60000.0,60000.0,60000.0
neos-1429461,461.71000000000004,675.2679999999999,501.91999999999996,561.91,501.26599999999996,515.0559999999999,520.4159999999999,616.694,474.462,466.392,523.778,467.216,456.60600000000005,455.65200000000004
neos-1430701,757.9200000000001,707.94,773.87,727.3225,800.204,731.258,749.5666666666666,,678.7875,765.8233333333333,817.156,713.5440000000001,679.4,
neos-1430811,60000.0,59999.998,59999.986,59999.99399999999,60000.0,60000.0,59999.998,60000.0,59999.988,59999.984,60000.0,60000.0,59999.971999999994,59999.986
neos-1436709,483.662,536.062,480.474,486.62600000000003,489.19000000000005,481.77799999999996,495.98999999999995,620.6499999999999,480.87399999999997,478.1,480.41999999999996,483.942,479.076,477.1
neos-1436713,1562.718,1735.148,1394.28,1607.5480000000002,1583.1860000000001,1518.46,2942.8979999999997,2776.482,1530.2959999999998,1476.6079999999997,1594.474,1561.118,1532.0919999999999,1551.7939999999999
neos-1439395,561.806,573.582,555.4219999999999,563.794,584.0339999999999,561.5319999999999,577.626,669.884,558.812,556.592,577.67,565.418,555.19,554.1360000000001
neos-1440457,275.22799999999995,376.416,311.096,307.884,288.584,314.58599999999996,306.55800000000005,661.432,273.18,271.866,294.764,275.666,269.494,267.75199999999995
neos-1440460,271.62,364.422,310.236,287.26,280.408,317.008,281.2,409.076,266.48400000000004,262.39599999999996,269.264,270.63399999999996,262.464,260.64
neos-1442119,344.9820000000001,378.736,343.16600000000005,353.042,350.87199999999996,344.762,367.016,491.372,345.594,343.782,342.374,346.408,342.63,342.496
neos-1442657,596.1299999999999,764.638,638.542,828.6,596.2239999999999,640.708,637.804,830.908,596.146,594.024,660.376,598.25,593.4639999999999,590.2439999999999
neos-1445532,24865.5,19463.786,17850.836,18068.532,58795.35799999999,22582.129999999997,33127.758,55879.074,24084.642,21170.664,24897.252,33896.504,13798.284,16892.010000000002
neos-1445738,60000.0,42962.766,27784.359999999997,40066.795999999995,60000.0,60000.0,60000.0,60000.0,58528.99,40500.543999999994,39270.906,60000.0,30238.512,24272.124
neos-1451294,47201.74,52982.1,50231.416,52417.85,59966.96799999999,51917.312,50808.880000000005,54325.564,45519.700000000004,52855.615999999995,55383.5,43452.62,53601.936,55112.178
neos-1456979,13229.662,17832.172,12882.628,18313.739999999998,25816.582000000002,13340.214000000002,19785.802000000003,19143.629999999997,14950.844000000001,14150.072,12469.867999999999,18285.341999999997,13259.892000000002,12725.096
neos-1460246,2496.722,7327.902,5035.618,26089.761999999995,4091.46,3652.7760000000003,7183.255999999999,26672.118000000006,2182.65,1538.392,6131.018,1953.4479999999999,3174.846,3677.982
neos-1460543,7345.55,26382.983999999997,5931.332,25941.914,7836.160000000001,5593.074,42034.43,60000.0,6917.264,6011.9,6770.456,5921.893999999999,7191.517999999999,7400.726
neos-1460641,79.484,236.752,84.99199999999999,123.37199999999999,95.79599999999999,94.81800000000001,340.274,28166.032,102.184,54.31,191.538,93.238,76.314,491.878
neos-1464762,449.034,612.4019999999999,258.58000000000004,560.118,426.122,310.562,1037.634,31279.152000000002,305.33000000000004,197.902,287.42600000000004,317.274,300.354,2564.1279999999997
neos-1467067,504.41999999999996,601.1899999999999,674.394,600.7,602.225,592.2119999999999,616.932,976.222,504.416,588.082,594.018,596.915,594.9200000000001,594.132
neos-1467371,1403.402,2654.4060000000004,1331.43,2587.4,1623.9819999999997,1450.8319999999999,3241.45,41426.246,1522.048,1424.084,1484.4099999999999,1488.074,1439.228,2058.71
neos-1467467,1983.7940000000003,4850.428,1651.2259999999999,3793.022,2012.788,1704.81,5249.232,60000.0,1966.2,1946.1739999999998,1851.2719999999997,1712.736,1931.9,2459.936
neos-1593097,14955.670000000002,19988.398,30913.252,12025.016,35687.98599999999,48781.752,19435.182,18707.948,15699.553999999998,17652.462,60000.0,15346.439999999999,16357.141999999998,12657.571999999998
neos-1595230,12563.364,12827.836000000001,30321.892,28329.735999999997,13347.821999999996,12623.53,12667.563999999998,16002.751999999999,12553.866,12533.93,29074.346,11502.100000000002,12526.394,27431.165999999997
neos-1601936,59974.797999999995,59874.933999999994,59794.996,59575.933999999994,59995.634000000005,59998.590000000004,59008.2,59405.880000000005,59960.204000000005,59901.780000000006,59808.414000000004,59874.448,59973.814,59990.68199999999
neos-1603512,41487.56666666667,53093.966,45018.85,47974.965,,40838.045,41087.9125,42078.95,45097.1375,42201.543333333335,39183.8175,,52825.64,56606.724
neos-1603518,52121.1,50866.4,60000.0,43632.759999999995,54601.56,60000.0,55294.280000000006,55279.840000000004,55254.68000000001,46326.600000000006,60000.0,,53738.98,60000.0
neos-1603965,1391.0739999999998,2024.2620000000002,3156.71,2235.966,4364.7519999999995,3147.2419999999997,2849.886,24754.032000000003,1798.14,1054.9720000000002,,2678.352,1471.946,2154.284
neos-1605061,59455.846,60000.0,59459.636,60000.0,59460.3,59459.795999999995,60000.0,60000.0,59453.388,60000.0,60000.0,59459.698,59453.766,59589.272
neos-1605075,59999.433999999994,59891.15,60000.0,60000.0,60000.0,59977.56799999999,60000.0,58491.528000000006,59999.806000000004,59999.780000000006,60000.0,59976.090000000004,59999.60400000001,59992.083999999995
neos-1616732,3993.254,4017.29,9040.738,8947.155999999999,5233.25,3942.546,3933.6659999999997,4058.6519999999996,3895.8100000000004,3918.0879999999997,8915.936,3727.278,3921.3360000000002,9982.722
neos-1620770,13712.052000000001,7954.246000000001,20655.886,6261.1720000000005,13721.210000000001,13670.836000000001,13875.730000000001,13124.935999999998,9427.582,12027.164,21296.023999999998,13604.198,13782.552000000001,21900.235999999997
neos-1620807,17637.942,13250.114000000001,26881.1,21071.404000000002,14013.234,16868.591999999997,11378.374,14361.996000000003,15674.401999999998,12911.514,14535.045999999998,12226.380000000001,17229.5,17136.884
neos-1622252,44080.015999999996,45179.352,46291.118,45468.25199999999,49850.873999999996,45252.716,44473.11,44549.39400000001,44023.971999999994,44773.562,44582.418,43793.628000000004,43966.20199999999,44271.274
neos-495307,762.1980000000001,755.108,767.996,755.4499999999999,763.028,765.888,761.3799999999999,1275.548,764.3520000000001,756.8720000000001,752.3100000000001,770.824,762.09,757.826
neos-503737,4403.530000000001,,,4054.46,23421.55,3635.566666666667,4228.62,4673.73,,,,5525.365,4344.9800000000005,3851.56
neos-506428,60000.0,60000.0,58572.18400000001,60000.0,60000.0,60000.0,60000.0,60000.0,60000.0,59026.634,53867.636,60000.0,60000.0,60000.0
neos-520729,9772.336,11970.565999999999,6706.644,8392.29,60000.0,8098.708000000001,13895.542000000001,14258.644,8825.52,6510.786,13745.956,60000.0,8545.826,4899.4
neos-544324,5095.992,10004.686,7239.044,9105.598000000002,8665.48,7161.31,7403.295999999999,7237.13,5148.886,5405.93,5615.468,5257.428,5101.344,5090.382
neos-548047,44852.718,49440.471999999994,44704.270000000004,44908.9,47906.85,44608.471999999994,48474.378,51878.534,45484.988,45159.014,45108.238000000005,43132.85,45786.903999999995,47058.763999999996
neos-548251,53554.03200000001,60000.0,55623.780000000006,60000.0,57458.362,56958.346,59017.538,60000.0,56434.2,52360.152,60000.0,56116.43000000001,54919.754,56940.052
neos-551991,17301.48,18442.295,22314.31,,20755.07,,18926.22,24006.555,18680.114999999998,17809.9725,21564.818,,18169.37,20330.3225
neos-555343,3732.876,8209.901999999998,3146.166,7253.000000000001,18436.898,3295.6220000000003,8713.560000000001,13623.338,3411.494,3126.7560000000003,5509.923999999999,8428.298,3877.2,10214.624
neos-555424,6175.717999999999,12475.173999999999,5674.392,10288.63,48738.528000000006,5013.852,12710.674,14742.502000000002,6463.474,5881.048000000001,5624.208,7324.598,5990.306,6319.18
neos-555884,60000.0,60000.0,11828.412,60000.0,60000.0,19203.486,60000.0,60000.0,,60000.0,51088.274,60000.0,60000.0,60000.0
neos-555927,8288.057999999999,27782.628000000004,4263.636,19276.116,58999.95,6061.2,52027.015999999996,37046.075999999994,,9499.765,6833.1,10676.984,9463.24,6178.654
neos-574665,321.352,2030.0,1443.652,2377.0299999999997,289.95400000000006,322.47,704.3720000000001,1048.3020000000001,295.54,280.02200000000005,1050.4060000000002,292.428,694.554,3405.374
neos-582605,60000.0,60000.0,60000.0,60000.0,60000.0,60000.0,60000.0,60000.0,60000.0,60000.0,60000.0,60000.0,60000.0,60000.0
neos-584146,60000.0,60000.0,60000.0,60000.0,60000.0,60000.0,60000.0,60000.0,60000.0,60000.0,60000.0,60000.0,60000.0,60000.0
neos-584866,50953.544,51016.29,50900.852,51117.036,58580.194,51316.14599999999,50889.538,51701.626,51679.886,51003.506,50960.876000000004,51058.38,50946.78799999999,50680.445999999996
neos-603073,4693.646666666667,,,2925.23,,4933.71,5135.98,5128.395,4588.3,,,4750.41,,
neos-611135,17768.41,20606.752,16814.594,17516.469999999998,37784.552,16144.697999999999,17893.056000000004,23345.162,19656.138,15791.285999999998,19893.826,29299.96,20606.370000000003,17596.126
neos-619167,37786.25,37293.182,37791.926,37701.090000000004,37792.378000000004,37797.566,37792.58,60000.0,37787.31800000001,36954.443333333336,30298.29333333333,37793.618,37792.67,35879.53
neos-631164,1118.116,20265.504,14338.001999999999,4067.35,1453.194,931.86,3940.504,56761.240000000005,1116.478,883.606,511.192,922.122,10588.616,21349.962
neos-631517,995.6519999999998,19137.03,12830.622000000001,4155.005999999999,1450.602,866.168,2547.7940000000003,54453.873999999996,988.1659999999998,773.7900000000001,353.278,899.0960000000001,6887.614,21939.170000000002
neos-631694,6582.855,9702.292,6121.942,19850.908000000003,16822.039999999997,5442.478,6784.344,7744.695,10016.64,7866.856666666667,8269.293333333333,6408.826,7325.408,5041.772
neos-631709,42473.11200000001,44102.754,15519.473999999998,43021.981999999996,44731.012,15231.77,44077.396,60000.0,42472.072,43619.16,43696.736000000004,44913.74,42942.564,35117.873999999996
neos-631710,60000.0,60000.0,60000.0,60000.0,60000.0,60000.0,60000.0,60000.0,59868.721999999994,60000.0,60000.0,60000.0,60000.0,60000.0
neos-631784,49198.56666666667,38302.936,17681.389999999996,28323.634000000002,,20869.3875,47194.106,57500.255,25547.624,26709.528000000002,33124.598,,48800.75,20696.96
neos-662469,22189.592,20642.868,23337.090000000004,44873.088,55622.614,17926.952,17513.114,60000.0,22217.888,28602.962,25582.932,36806.57,28070.624,34589.482
neos-691058,14302.266,40028.382,13932.552000000001,36459.688,17588.052000000003,12879.712000000001,36189.132000000005,36707.754,14665.316,13754.664,16953.358,13981.552,13920.078,14638.789999999999
neos-691073,14764.364000000001,24888.818,13357.458000000002,22182.814000000002,23441.578,16463.166,27753.152000000002,28345.0,13371.752000000002,13602.922,12662.583999999999,13984.192,12934.224,14465.602000000003
neos-693347,59185.933999999994,59348.378000000004,24717.032,44927.768,60000.0,53975.018000000004,47230.085999999996,51017.348,58895.962,60000.0,58195.367999999995,40390.948,59028.588,53684.123999999996
neos-702280,27819.215999999997,27730.006,27971.25,27836.05,27896.394,27857.604,27812.444,36692.195999999996,27938.504000000004,27777.286000000004,27616.29,27845.502,27875.458000000002,27812.658000000003
neos-717614,122.12,1644.2549999999999,352.83,25242.696666666667,,122.07,2053.726666666667,4583.745,106.18,70.115,,229.435,204.89,2043.46
neos-738098,60000.0,60000.0,60000.0,60000.0,60000.0,60000.0,60000.0,60000.0,60000.0,60000.0,60000.0,60000.0,60000.0,60000.0
neos-791021,33721.565,60000.0,20790.9,60000.0,51760.076,31280.415,60000.0,60000.0,26173.036666666667,25209.072500000002,26301.1025,42209.922000000006,26548.84,31141.93
neos-799838,8126.02,21200.523999999998,8466.02,33137.6,3772.8025,7960.76,15549.13,14783.6,,8286.356,14714.776000000002,,8122.07,7963.046
neos-808072,50587.07,,26693.71,,10866.67,,,,50719.02,50370.55,44363.35,,,60000.0
neos-808214,60000.0,60000.0,60000.0,60000.0,60000.0,60000.0,60000.0,60000.0,60000.0,60000.0,60000.0,,60000.0,60000.0
neos-810286,13771.0,,,,48984.564,10768.38,,,15404.76,27856.82,60000.0,32922.485,13694.375,52536.465
neos-824661,12498.496,28057.54,8302.506666666666,28046.343999999994,17174.267999999996,8680.478,29713.647999999997,60000.0,11865.043999999998,10745.817500000001,30697.974,16878.296,12451.94,6969.188
neos-824695,6677.951999999999,21917.985,,,9804.4575,3779.866666666667,24831.15,60000.0,7066.9075,6354.586,10408.153333333334,9128.2875,6590.106,5787.086666666666
neos-826250,3047.15,,,,5735.51,,,,3313.92,2342.27,5308.805,4651.139999999999,,3033.7250000000004
neos-826650,60000.0,60000.0,41320.632,60000.0,60000.0,60000.0,60000.0,60000.0,60000.0,60000.0,60000.0,60000.0,60000.0,60000.0
neos-826694,3934.364,4311.184,1793.27,4291.992,4851.2699999999995,,14628.007999999998,60000.0,4770.1759999999995,3445.2,7450.6720000000005,4840.657999999999,5389.577499999999,3213.962
neos-826841,6818.753999999999,22157.206,3835.864,6813.784,29012.136,4000.614,11946.279999999999,23219.938000000002,11670.466,8298.904,7582.82,9990.254,10645.666000000001,10688.812
neos-827015,43140.974,34414.740000000005,36314.156,16571.2525,60000.0,36401.096,42417.89,27038.106,36563.65,37526.098,37303.922000000006,60000.0,35766.64200000001,34990.538
neos-829552,13389.66,,22289.696666666667,,55310.206000000006,15898.13,,,10840.87,12472.39,,34392.06,13226.565,13333.955
neos-831188,28729.45,,33940.89,36371.735,60000.0,20916.55,30976.289999999997,,,39500.86,28084.45,,19676.28,30872.43
neos-839838,52142.695999999996,52262.482,52041.618,35527.196,51938.992000000006,51882.368,52059.888,55553.702000000005,52269.384,52479.052,53011.376000000004,51515.33,51984.766,52309.935999999994
neos-839859,3440.31,,,,7062.132,,3154.365,,2595.66,,,3130.82,,
neos-839894,35827.412000000004,39244.578,31477.298,39203.10400000001,40923.686,38432.852,39862.684,60000.0,60000.0,33968.742,35578.85799999999,41216.926,35944.302,40936.784
neos-841664,21128.294,15445.929999999998,35229.878000000004,15962.74,41545.306,25965.506,21563.27,38400.524,21116.638,21145.54,24735.230000000003,21340.772,14855.306,20069.654000000002
neos-847302,60000.0,60000.0,60000.0,60000.0,60000.0,60000.0,60000.0,60000.0,60000.0,60000.0,60000.0,60000.0,60000.0,60000.0
neos-848198,18750.206000000002,31903.341999999997,18303.928000000004,30269.917999999998,35498.158,36582.982,31429.856000000007,40274.168,18721.354000000003,18652.120000000003,18711.877999999997,18879.492,13622.714000000002,12084.423999999999
neos-848845,60000.0,60000.0,,60000.0,60000.0,,60000.0,60000.0,60000.0,60000.0,,60000.0,60000.0,60000.0
neos-849702,60000.0,60000.0,,60000.0,60000.0,60000.0,60000.0,60000.0,60000.0,60000.0,60000.0,60000.0,60000.0,
neos-850681,4434.89,6367.483333333334,4591.243333333333,10736.496000000003,11830.49,1901.9250000000002,10057.119999999999,14019.347999999998,5553.654,5516.3150000000005,12215.354,,7341.27,10711.638
neos-856059,447.675,367.96200000000005,12595.578000000001,11967.248,652.688,407.31,405.27799999999996,551.302,407.842,406.3075,19891.02,590.522,386.7575,19526.014000000003
neos-876808,60000.0,60000.0,60000.0,60000.0,60000.0,60000.0,60000.0,60000.0,60000.0,60000.0,59792.304000000004,60000.0,60000.0,60000.0
neos-885086,4922.4259999999995,24701.73,1660.7479999999996,22351.404,28239.219999999994,3044.466,33457.17,60000.0,4955.062,4786.5419999999995,3691.9440000000004,6051.602,3309.8419999999996,3258.38
neos-885524,13794.217999999999,12248.431999999999,20257.31,7267.251999999999,42385.652,,12533.689999999999,4730.414000000001,13835.646000000002,20004.756,50324.948,13685.242000000002,18980.108,24414.026
neos-886822,48873.78,,49347.836,37658.1725,51623.578,48538.494999999995,40481.39,43073.689999999995,49067.40333333333,,44677.66,,48048.057499999995,
neos-911880,2064.73,5904.562,5118.896,4789.84,1063.424,1851.5819999999999,8113.368,7103.022,2006.2280000000003,2844.976,1670.738,694.8340000000001,4373.255999999999,5957.292
neos-911970,1124.6580000000001,7648.1539999999995,5518.402,5327.85,1308.992,1008.8059999999999,3554.8540000000003,7646.334,1141.9540000000002,1561.6979999999999,2724.0,810.6279999999999,4152.907999999999,5679.894
neos-916792,8020.179999999999,12677.11,10434.173999999999,10291.122,11043.858,7081.974,13646.124,15106.226,8291.268,,6310.973333333332,9950.635,8064.903333333333,7156.34
neos-930752,15614.189999999999,60000.0,16004.398000000001,52819.43400000001,46551.187999999995,15676.859999999997,55898.812,55890.64,17065.659999999996,15199.628,30356.476000000002,18610.553999999996,15620.310000000001,13510.207999999999
neos-931517,18441.598,60000.0,17312.402000000002,60000.0,20958.288,19887.841999999997,60000.0,60000.0,17800.791999999998,18142.182000000004,17682.718,17263.447999999997,19754.548000000003,15409.446000000002
neos-932816,49538.888,54138.66799999999,53587.03600000001,57377.772,51189.492,48864.007999999994,51856.42,60000.0,8785.78,49316.123999999996,49919.015999999996,51214.428,52003.50199999999,55847.64
neos-933364,265.57399999999996,564.1960000000001,434.57,364.49199999999996,,263.66600000000005,405.718,4503.157999999999,260.168,259.5625,372.392,,346.596,408.394
neos-933562,60000.0,60000.0,60000.0,60000.0,60000.0,60000.0,60000.0,60000.0,60000.0,60000.0,60000.0,60000.0,60000.0,60000.0
neos-933638,56843.162,59604.835999999996,57396.174,59581.098,59657.976,57069.074,59556.71799999999,60000.0,57008.922,57248.95,58070.688,51593.148,56800.202000000005,56174.602
neos-933815,181.83599999999998,534.426,428.64400000000006,375.366,,198.12,406.482,1121.146,183.28799999999998,202.515,431.79799999999994,,338.534,1910.846
neos-933966,55546.935,59410.958000000006,52865.5775,59383.136,59420.976,54545.806666666664,59481.545999999995,60000.0,57563.479999999996,55987.26,57574.772,56546.384,54359.7325,54801.246
neos-934278,55604.212000000014,59732.386,46969.912,59731.012,59732.764,50563.18,59733.35799999999,60000.0,55473.21799999999,45573.574,52727.724,51098.834,55570.092000000004,55070.123999999996
neos-934441,40878.006,57663.95,45375.806,57663.596,57633.948,44840.115999999995,57642.824,60000.0,43543.371999999996,45014.738,44515.49,43346.942,40832.00800000001,31478.756
neos-935234,38021.994,56294.516,40746.294,56294.623999999996,56300.216,45480.824,56301.297999999995,60000.0,41196.462,40047.471999999994,40707.25800000001,40100.446,37960.335999999996,36533.694
neos-935348,41148.686,55973.873999999996,43755.076,55969.308,55978.867999999995,42087.015999999996,55978.333999999995,60000.0,41988.978,38872.75,43345.08200000001,40366.51,41155.623999999996,41860.979999999996
neos-935496,33074.656,35812.116,31982.906,35425.95,39363.288,34346.064,34901.412,35927.831999999995,33677.478,34106.363999999994,35159.186,35543.494,33069.24600000001,59437.022
neos-935627,16780.629999999997,34193.19,20682.012,34201.742,33712.441999999995,21723.431999999997,34249.564,60000.0,19153.624,16931.248,18910.799999999996,16229.66,16703.521999999997,14028.985999999999
neos-935674,32886.286,33383.844,33522.168,32195.012,52920.06999999999,33930.25,33237.188,33562.412,33239.0,33072.403999999995,53836.44600000001,34045.638,32888.112,60000.0
neos-935769,17653.122499999998,30024.53,21343.82,30010.341999999997,30058.46,18452.753999999997,30058.936000000005,60000.0,16586.982,16566.564000000002,16503.468,16169.678,17629.899999999998,13392.496
neos-936660,24556.174,36433.908,28304.129999999997,36437.384,36483.270000000004,32602.908000000003,36483.364,60000.0,24533.862,25328.424000000003,24374.654000000002,25701.007999999998,24413.588,21907.14
neos-937446,25277.75,35358.006,31751.474,35365.988,35409.284,29175.610000000004,35407.974,60000.0,26047.262,25648.590000000004,23459.730000000003,25894.468,25807.96,22259.151999999995
neos-937511,23005.18,36057.326,28294.566000000003,36057.58,36113.698,27807.109999999997,36110.17,60000.0,23986.884,22084.954000000005,22654.744,22137.79,22878.388,18673.94
neos-937815,27953.106,37498.234,34208.774,37496.876000000004,37536.083999999995,34523.152,37535.8,60000.0,28355.118,26501.147999999997,29027.069999999996,25670.514000000003,27825.588,23911.657999999996
neos-941262,26362.307999999997,39827.009999999995,30256.169999999995,39826.155999999995,40397.552,31159.808,40407.118,60000.0,27792.49,27635.684,29319.708000000002,27866.395999999997,26349.028000000002,24646.75
neos-941313,20157.248,60000.0,22363.311999999998,60000.0,21996.472,21959.424,60000.0,60000.0,31284.409999999996,17035.311999999998,18669.802000000003,23893.878,20265.7,20190.448
neos-941717,11986.148,15548.372,11472.548,14196.467999999999,22343.12,12155.174,15179.832,18070.897999999997,12010.52,12742.929999999998,13498.326000000001,14476.442000000001,11980.558,19295.062
neos-941782,9702.348,11614.827999999998,9816.816,9816.511999999999,18142.424000000003,10629.332,13381.798,12572.732,10204.710000000001,9356.22,11460.806,9925.939999999999,10089.966,14958.560000000001
neos-942830,8580.228,8325.936,8202.844000000001,7171.68,13762.470000000001,8306.894,8702.062,9770.708,8395.496,8583.029999999999,9099.55,9109.429999999998,7991.55,8383.258
neos-948126,28568.528000000002,41828.786,35849.64399999999,41832.554,41516.378000000004,34431.486000000004,41546.046,60000.0,28040.374,30061.084000000003,30665.745999999996,30003.859999999997,28447.674,26789.224
neos-948346,42648.802,41506.590000000004,43127.708,37133.878,44140.666000000005,41906.926,42994.384,60000.0,42496.916000000005,36236.115999999995,36132.62,43919.27399999999,40093.4,46732.354
neos-950242,60000.0,56173.52,49357.164000000004,52133.626000000004,60000.0,44277.708,58454.0,60000.0,58493.4,52988.662,53972.340000000004,60000.0,57242.98,52046.91
neos-953928,7434.780000000001,8654.64,6423.360000000001,8901.776000000002,9914.728,6048.745999999999,9858.738000000001,53075.047999999995,,6035.765999999999,7382.195999999999,8547.815,7169.938,6703.295999999999
neos-954925,7613.267999999999,6560.081999999999,7074.342,6475.567999999999,10770.024,7415.669999999998,14556.329999999998,60000.0,9805.052,5631.022,6742.780000000001,10270.038,7371.431999999999,6618.812
neos-955800,29562.533999999996,35976.398,37353.518,42887.022,30346.932,30543.340000000004,41862.488000000005,31808.852000000003,30124.958000000002,33465.914000000004,36305.174,26163.716,35075.4,44346.838
neos-956971,5350.374000000001,5254.87,4907.216,5272.51,9077.003999999999,5338.147999999999,13407.358000000002,60000.0,4557.332,2927.026,3023.108,8535.047999999999,5699.697999999999,3149.7480000000005
neos-957143,2334.91,4660.99,2091.57,4673.32,4197.5779999999995,2315.844,10418.792000000001,60000.0,2735.31,1410.578,1423.1839999999997,4666.67,2401.3579999999997,1522.508
neos-960392,9352.544,60000.0,30274.263999999996,60000.0,45812.662,9374.432,60000.0,60000.0,11096.539999999999,20533.727999999996,12833.210000000001,50432.61,26463.526,60000.0
neos-983171,33203.368,45954.39400000001,42349.369999999995,45955.236,46600.678,38290.31800000001,46571.938,60000.0,31228.485999999997,31169.762,32619.994,33018.873999999996,33192.657999999996,29062.102000000003
neos-984165,33511.196,47380.05,37356.656,47377.624,48352.731999999996,42999.441999999995,48352.941999999995,60000.0,35254.868,33082.18199999999,34394.214,35358.204,33355.64,32708.25
neos12,18302.792500000003,20146.27,18314.561999999998,24715.6,30955.685999999998,19407.587499999998,20516.72,18064.02,19676.170000000002,20186.242000000006,29199.079999999998,19807.102000000003,21898.706,20446.82
neos13,19432.6575,22347.18,19856.886000000002,,25107.732,22450.302000000003,21463.215999999997,25153.022000000004,19851.190000000002,22517.97333333333,20968.5625,20870.046000000002,21086.43,11558.15
neos15,4751.764,6879.404,12418.738000000001,6485.612,6838.182000000001,4661.889999999999,5111.802000000001,4647.31,4825.965999999999,4963.626,5301.24,5443.298,6677.654,30841.76
neos16,2748.1220000000003,3354.6279999999997,1540.128,5478.416,7707.490000000001,3395.8,3090.8,2550.882,2829.0980000000004,1693.866,3621.3840000000005,3204.82,3169.9360000000006,1519.896
neos6,4837.285,10627.26,4606.4525,,22296.561999999998,6364.41,10135.525,10317.65,4778.51,6666.986666666667,7788.07,16863.315,3168.01,6063.2375
neos808444,60000.0,60000.0,60000.0,60000.0,60000.0,60000.0,60000.0,60000.0,60000.0,60000.0,60000.0,60000.0,60000.0,60000.0
net12,40135.924,58989.26599999999,38524.793999999994,60000.0,57035.14599999999,40662.840000000004,48573.506,54682.028000000006,34870.026,52234.058,51928.956,41713.472,36836.352,39455.112
newdano,26537.503999999997,29384.144,25124.059999999998,24736.574,26296.98,27074.78,25764.396,26310.49,27347.55,26800.114,31847.695999999996,28271.742000000006,29007.938000000002,20932.506
ns1111636,31023.046000000002,38429.35400000001,34993.35,38673.382,55495.39599999999,42539.28,36442.572,60000.0,33973.35400000001,31685.156,40190.835999999996,58389.038,30632.904000000002,30485.724
ns1208400,60000.0,60000.0,60000.0,60000.0,60000.0,60000.0,60000.0,60000.0,60000.0,60000.0,60000.0,60000.0,60000.0,60000.0
ns1456591,60000.0,58956.34199999999,56832.01000000001,58370.156,60000.0,58225.09199999999,60000.0,59062.998,60000.0,60000.0,58416.10400000001,60000.0,58715.85,58031.024
ns1631475,58374.846000000005,58459.0,59556.46,58377.612,58472.314,59588.438,58355.844,60000.0,60000.0,58428.936,58586.33400000001,58571.386,58441.808,58631.60799999999
ns1663818,60000.0,60000.0,60000.0,60000.0,60000.0,60000.0,60000.0,60000.0,60000.0,60000.0,60000.0,60000.0,60000.0,60000.0
ns1696083,60000.0,60000.0,60000.0,60000.0,60000.0,60000.0,60000.0,60000.0,60000.0,60000.0,60000.0,60000.0,60000.0,59928.46
ns1853823,60000.0,60000.0,60000.0,60000.0,60000.0,60000.0,60000.0,60000.0,60000.0,60000.0,60000.0,60000.0,60000.0,60000.0
ns1854840,60000.0,60000.0,60000.0,60000.0,60000.0,60000.0,60000.0,60000.0,60000.0,60000.0,60000.0,60000.0,60000.0,60000.0
ns1856153,60000.0,60000.0,60000.0,60000.0,60000.0,60000.0,60000.0,60000.0,60000.0,60000.0,60000.0,60000.0,60000.0,60000.0
ns1904248,60000.0,60000.0,60000.0,60000.0,60000.0,60000.0,60000.0,60000.0,60000.0,60000.0,60000.0,60000.0,60000.0,60000.0
ns2122603,60000.0,60000.0,60000.0,60000.0,58177.2,51163.8,60000.0,60000.0,50864.6,60000.0,60000.0,59077.8,60000.0,60000.0
ns2124243,32791.93000000001,60000.0,34313.282,60000.0,43135.96199999999,35179.884,60000.0,60000.0,33667.178,33770.295999999995,43659.62,43665.558,33209.016,32870.568
ns2137859,41166.206,38261.295999999995,22612.93,26773.915999999997,51395.19,47248.736,34683.618,60000.0,46776.458,48762.514,46250.43,50418.729999999996,46391.274,39124.038
ns25-pr3,1061.512,937.7,1463.1979999999999,810.0579999999999,2025.2239999999997,1153.442,1025.6239999999998,1514.764,1058.592,1129.552,1012.28,1220.636,1038.04,1067.45
ns25-pr9,529.045,724.72,759.7249999999999,723.408,987.64,645.8166666666666,781.02,,524.6,524.64,528.695,564.965,,
ns4-pr3,244.442,277.398,335.24,266.438,361.572,255.144,205.10999999999999,366.836,244.404,275.306,239.76,245.26999999999998,213.246,247.92
ns4-pr9,109.03,107.224,171.592,114.43799999999999,129.802,118.696,111.19000000000001,181.292,110.396,107.05199999999999,115.982,123.346,140.996,121.08399999999999
ns60-pr3,4347.523999999999,4408.460000000001,5595.046,3627.148,7769.316000000001,3983.1200000000003,4100.068,5496.256,4304.820000000001,4209.77,4793.4220000000005,4683.946000000001,4185.68,4232.654
ns60-pr9,1567.652,1463.3939999999998,3042.1580000000004,1347.4540000000002,3349.65,1774.3620000000003,1376.49,2161.96,1559.0759999999998,1552.9119999999998,1869.738,1599.926,1769.482,1856.304
ns894236,60000.0,60000.0,56220.034,60000.0,60000.0,60000.0,60000.0,60000.0,59993.882000000005,60000.0,60000.0,60000.0,60000.0,59882.422
ns894786,60000.0,60000.0,60000.0,60000.0,60000.0,60000.0,60000.0,60000.0,60000.0,60000.0,60000.0,60000.0,60000.0,60000.0
ns903616,60000.0,60000.0,60000.0,60000.0,60000.0,60000.0,60000.0,60000.0,60000.0,60000.0,60000.0,60000.0,60000.0,60000.0
ns930473,60000.0,60000.0,60000.0,60000.0,60000.0,60000.0,60000.0,60000.0,60000.0,60000.0,60000.0,60000.0,60000.0,60000.0
nsr8k,59886.36,59876.14200000001,59900.806,59887.34800000001,60000.0,59900.442,59890.754,60000.0,59893.002,59901.49399999999,60000.0,60000.0,59928.702000000005,59895.214
nsrand-ipx,2957.532,5640.894,3255.95,6396.352,3577.5739999999996,3042.866,5280.214,17020.735999999997,3038.416,3764.6980000000003,4528.404,2991.54,3311.108,5101.354
nu120-pr3,14190.289999999999,16473.321999999996,16958.404000000002,16494.124,18214.829999999998,13390.524000000001,17480.576,23719.377999999997,14191.823999999999,14691.332,14507.652000000002,15846.560000000001,16758.082000000002,15733.132000000001
nu60-pr9,4822.7480000000005,12972.797999999999,7090.469999999999,15382.722000000003,5663.264,4650.282,11994.114000000001,36564.534,5081.737999999999,4481.9980000000005,5064.268,5190.638,6042.532,6127.7880000000005
opm2-z10-s2,42360.152,41991.076,39213.441999999995,36710.67,57506.39200000001,39398.996,41973.12,60000.0,60000.0,40657.488,38531.678,58302.56999999999,41922.08,41786.64
opm2-z12-s14,50584.86,49755.572,52783.547999999995,48842.29,60000.0,50997.085999999996,51269.373999999996,60000.0,60000.0,48704.134,52172.438,60000.0,52847.85399999999,51177.89
opm2-z12-s7,54196.306,52376.874,54585.824,51553.974,59850.034,54193.933999999994,56437.424,60000.0,60000.0,50861.729999999996,50293.416,60000.0,54168.46799999999,53185.29600000001
opt1217,3532.28,4786.566000000001,6669.353999999999,6668.7119999999995,,6669.76,3532.09,3620.024,3533.04,3535.15,3516.8239999999996,,4786.702,12001.170000000002
p100x588b,8076.036,13519.408,17552.041999999998,10899.154,7196.972,7224.924000000001,10211.486,19857.417999999998,8071.62,8065.732000000001,8786.128,6911.452,12150.246,46008.994
p6b,6889.606,6526.144,35994.922,36783.334,10070.77,6850.388000000001,6831.05,8841.944,6782.096,6830.053999999999,40802.734000000004,7473.181999999999,6862.378,42178.92599999999
pb-simp-nonunif,43836.094,52957.492000000006,43837.862,52871.39,48064.407999999996,44355.292,43836.308000000005,60000.0,56656.878000000004,53008.130000000005,55421.87999999999,48834.698,43552.696,54689.952000000005
pg5_34,266.84,7190.8240000000005,131.406,4713.3,284.312,252.51800000000003,510.4040000000001,1314.87,272.986,219.94400000000002,226.952,237.926,155.42200000000003,6610.755999999999
pigeon-10,6086.94,6037.08,6135.359999999999,6060.120000000001,6129.42,6114.4800000000005,6106.92,6225.9,6040.86,6099.179999999999,6167.76,6072.719999999999,6062.640000000001,6076.32
pigeon-12,5379.8679999999995,5094.6,5154.416,5125.4,6004.298,5171.05,5766.798,6393.15,5078.1,5361.348,5477.034,5125.952,5144.834,5112.382
pigeon-13,5372.168,4750.338000000001,4849.860000000001,4796.861999999999,4927.016,5163.875999999999,5986.9220000000005,18014.769999999997,4726.338,5389.66,5008.985999999999,4774.893999999999,4682.030000000001,4759.198
pigeon-19,3410.7580000000003,3792.2520000000004,3809.876,3444.7579999999994,14955.094000000001,3462.38,3978.886,9178.042000000001,3405.9979999999996,3408.9900000000002,7550.325999999999,3754.7380000000003,3599.368000000001,3628.1699999999996
probportfolio,30036.662,33902.288,30306.4,56810.326,31376.268,28643.24,37685.926,48987.778000000006,29993.185999999998,30018.886,29632.061999999998,28868.018,28184.046000000002,30628.552000000003
protfold,40724.73,40173.762,33743.46799999999,40231.306,42189.20599999999,37763.706,38668.89,40110.414,37826.636,38499.348,43785.688,33096.691999999995,40680.93000000001,40520.316
pw-myciel4,32079.288,29849.390000000003,34524.979999999996,22722.700000000004,39257.952000000005,34357.982,26894.548,34213.651999999995,31544.476000000002,28271.735999999997,37165.619999999995,30420.958000000002,32907.598,39697.784
queens-30,32581.140000000003,32703.374,32376.639999999996,32579.769999999997,30986.71,32430.276,32577.844,59299.152,32655.566,32593.706,32649.447999999997,30923.156,32596.557999999997,32578.124
r80x800,3303.0099999999998,4814.484,6743.601999999999,3963.1799999999994,3430.4440000000004,3246.218,3827.308,7626.872,3305.3599999999997,3307.9139999999998,3071.428,2699.336,4423.196,11888.294
rail02,60000.0,60000.0,60000.0,60000.0,60000.0,60000.0,60000.0,60000.0,60000.0,60000.0,60000.0,60000.0,60000.0,60000.0
rail03,60000.0,60000.0,60000.0,60000.0,60000.0,60000.0,60000.0,60000.0,60000.0,60000.0,60000.0,60000.0,60000.0,60000.0
ramos3,29256.656,29296.833999999995,29468.422,29393.146,29331.092000000004,29095.329999999998,29411.640000000003,60000.0,29390.68,29337.756,29178.370000000006,29480.422000000002,29263.238,29225.268
ran14x18_1,3461.5520000000006,5553.204000000001,5754.5779999999995,4224.9800000000005,4105.45,3563.7340000000004,3585.442,4260.96,3477.56,3447.196,3814.596,3456.0,5279.2,8077.088000000001
rd-rplusc-21,59988.654,59977.648,59985.664000000004,60000.0,59984.482,59993.24399999999,59982.912,59989.164000000004,59984.56999999999,59991.058,59993.072,59986.594,59988.412,59987.162
reblock354,3686.442,3677.3200000000006,3606.3239999999996,2688.946,13291.95,3724.9559999999997,4379.606,31778.282,7345.5419999999995,3014.862,3985.55,3941.0979999999995,3688.2179999999994,3866.0060000000003
reblock420,24399.897999999997,36713.95,32762.670000000002,31778.167999999998,59774.612,31461.51,28191.248,29119.552000000003,60000.0,36848.556000000004,38755.420000000006,33370.562,24845.192000000003,22557.628
rlp1,4003.418,4000.9979999999996,4004.0980000000004,4001.208,4005.79,4004.2339999999995,4003.672,4013.4919999999997,4002.994,4001.1440000000002,4903.325999999999,4005.814,4002.274,4003.722
rmatr200-p10,27916.692,27368.892,25139.538000000004,26974.298,29361.678000000004,25127.667999999998,27442.824,60000.0,27958.96,27870.558,23608.09,29450.152000000002,27936.068,27878.832000000002
rmatr200-p20,16186.641999999998,25967.964,19139.882000000005,26056.4,22321.378000000004,19158.996,25948.935999999998,60000.0,16150.241999999998,16129.5,18936.036,20216.014000000003,16143.929999999998,17054.57
rmatr200-p5,26015.858,25449.076,25506.042,25256.976000000002,25961.664,25534.275999999998,25479.91,60000.0,25991.99,25960.582,25603.858,26132.934,26012.561999999998,25982.19
rmine10,24018.61,41782.134,24370.946,43941.096000000005,47580.8,25251.194,39009.424,59114.598,60000.0,19915.964,17018.523999999998,37901.873999999996,24133.8,11708.752000000002
rmine14,55532.18000000001,54640.452000000005,55499.422,54635.516,55634.94,55482.552,55571.407999999996,60000.0,60000.0,54634.384,54615.306,55621.814,55526.776,55491.255999999994
rmine21,59790.688,55986.48400000001,59815.806,55974.18200000001,59785.045999999995,59791.295999999995,59881.174,60000.0,60000.0,55994.469999999994,55904.538,60000.0,59803.41399999999,59849.558
rmine25,60000.0,56857.21,60000.0,56840.732,60000.0,60000.0,60000.0,60000.0,60000.0,56859.114,56729.844000000005,60000.0,60000.0,60000.0
rmine6,454.48999999999995,434.65,457.65600000000006,346.61800000000005,763.138,514.8,572.47,3206.002,728.8099999999998,376.32399999999996,232.09399999999997,573.554,344.47200000000004,294.442
rocII-4-11,35055.268,35376.78800000001,29287.314000000002,39923.916000000005,59234.062,31877.07,32074.404000000002,33938.846,37652.204000000005,39057.934,23704.67,32449.398000000005,28402.789999999997,31287.291999999998
rocII-7-11,60000.0,60000.0,60000.0,60000.0,60000.0,60000.0,60000.0,60000.0,60000.0,60000.0,56011.592000000004,60000.0,60000.0,59590.043999999994
rocII-9-11,60000.0,60000.0,60000.0,60000.0,60000.0,60000.0,60000.0,60000.0,60000.0,60000.0,60000.0,60000.0,60000.0,60000.0
rococoB10-011000,22440.81,27211.538,23842.57,30371.288,41383.43000000001,24198.214,24238.79,54206.06999999999,24275.363999999998,26259.224,34353.584,27967.971999999998,23997.256,26175.374
rococoC10-001000,5049.42,6628.644,5536.558,8644.173999999999,8042.556,5225.512,5242.158,20315.05,5188.714,5934.401999999999,15346.466,5356.404,4924.719999999999,5648.005999999999
rococoC11-011100,40438.484,33987.702000000005,25007.104,33110.266,44403.286,28254.316,31030.97,60000.0,41925.136,35346.11,37064.552,40388.647999999994,40363.676,38423.674000000006
rococoC12-111000,13970.272,20575.377999999997,12345.224,17271.854,19761.25,11842.220000000001,18154.368,60000.0,13090.444,14697.891999999998,28824.525999999994,16064.559999999998,13951.268,24077.014
roll3000,2722.808,6813.5,6416.964,8038.075999999999,2535.0119999999997,2831.0899999999992,5198.688,6366.134,1800.5900000000001,1963.5759999999998,3504.8059999999996,1923.1749999999997,4205.5160000000005,8857.802
rvb-sub,57822.344000000005,58393.844,58948.24399999999,57155.02,59518.232,57104.138,57477.45599999999,53497.73,56926.293999999994,58786.514,58661.878000000004,59491.83,57848.062,57608.884
satellites1-25,59995.422,58822.148,59877.166666666664,60000.0,60000.0,60000.0,60000.0,60000.0,60000.0,60000.0,60000.0,60000.0,60000.0,58495.616
satellites2-60,60000.0,60000.0,60000.0,60000.0,60000.0,60000.0,60000.0,60000.0,60000.0,60000.0,60000.0,60000.0,60000.0,60000.0
satellites3-40,60000.0,60000.0,60000.0,60000.0,60000.0,60000.0,60000.0,60000.0,60000.0,60000.0,60000.0,60000.0,60000.0,60000.0
satellites3-40-fs,60000.0,60000.0,60000.0,60000.0,60000.0,60000.0,60000.0,60000.0,60000.0,60000.0,60000.0,60000.0,60000.0,60000.0
sct1,28676.172000000002,32079.580000000005,27847.086,51638.864,60000.0,36726.018,35175.802,35376.66799999999,31241.172,28526.090000000004,32472.891999999993,34318.142,23883.278000000002,22079.502
sct32,58915.543999999994,60000.0,56844.984,60000.0,60000.0,59437.116,60000.0,60000.0,58945.21,59027.22000000001,59961.530000000006,59846.280000000006,59778.793999999994,60000.0
sct5,13691.664,60000.0,9530.232,54160.08200000001,33984.96,15593.452,51395.221999999994,54041.026,15463.288,15144.467999999999,24035.639999999996,31089.222,13731.418,12670.233999999999
set3-10,44701.373999999996,55079.148,56135.602,53645.541999999994,49577.436,47307.29,52798.1,58990.202000000005,45675.024,45442.884,49243.912,45208.68000000001,48162.193999999996,57330.152
set3-15,48816.716,56650.626000000004,55155.744000000006,55546.566000000006,53089.494000000006,48948.22600000001,55496.7,57069.226,48768.596,49036.13,51744.195999999996,48971.856,49241.174,57219.89200000001
set3-20,46160.85799999999,56214.812,54893.422,54098.25,52387.546,48006.004,54104.128000000004,59278.653999999995,46267.858,47904.159999999996,49688.590000000004,46507.474,49908.236,54911.304000000004
seymour-disj-10,2345.734,3448.0739999999996,3260.3360000000002,6563.699999999999,6189.674000000001,3289.686,4308.802,16721.082,2357.908,2313.728,2628.114,2485.3639999999996,2334.734,2382.124
shipsched,54596.695999999996,60000.0,53594.278000000006,60000.0,60000.0,49198.00000000001,60000.0,60000.0,50968.306,54048.226,54851.23,51764.327999999994,55585.702000000005,58345.212
shs1023,60000.0,60000.0,60000.0,60000.0,60000.0,60000.0,60000.0,60000.0,60000.0,60000.0,60000.0,60000.0,60000.0,60000.0
siena1,57172.623999999996,59732.43000000001,58767.99199999999,59709.99199999999,59703.138,59426.795999999995,59699.77,60000.0,57459.43999999999,57866.840000000004,57584.36,57571.902,56725.664000000004,56727.04
sing161,60000.0,60000.0,60000.0,60000.0,60000.0,60000.0,60000.0,60000.0,60000.0,60000.0,60000.0,60000.0,60000.0,60000.0
sing2,21880.412,51364.304000000004,9731.306,53231.14200000001,33071.682,13452.504,55736.178,57216.10600000001,21698.144,21244.188000000002,25789.22,29901.04,26589.208000000002,22858.306
sing359,60000.0,60000.0,60000.0,60000.0,60000.0,60000.0,60000.0,60000.0,60000.0,60000.0,60000.0,60000.0,60000.0,60000.0
sp97ar,59722.42,59726.79600000001,59687.428,59726.509999999995,59722.496,59712.54400000001,59721.85400000001,59987.14399999999,59722.888,59726.012,60000.0,59722.216,59722.331999999995,59722.231999999996
sp97ic,5254.352,8891.831999999999,3825.196000000001,8770.614,8104.298000000001,4194.8,9160.689999999999,56598.4,4627.374,5599.314,4091.722,5438.19,5539.778,4256.252
sp98ar,25036.652000000002,33491.094,6852.895999999999,29235.033999999996,13601.439999999999,10902.719999999998,25287.015999999996,60000.0,15232.448,19346.273999999998,22087.678,12810.329999999998,19700.108,16845.774
sp98ic,7728.816000000001,7282.348,8267.844000000001,8219.546,9662.236,3979.0559999999996,8749.920000000002,17115.167999999998,10365.242,6880.118,7963.522,7739.802000000001,7694.767999999999,7757.764
splan1,60000.0,60000.0,60000.0,60000.0,60000.0,60000.0,60000.0,60000.0,60000.0,60000.0,60000.0,60000.0,60000.0,60000.0
stockholm,57620.554000000004,57733.62400000001,59575.880000000005,57694.012,57371.01399999999,58809.85600000001,57164.288,57235.76599999999,58034.009999999995,57578.516,58736.14200000001,57644.232,58043.18400000001,58015.909999999996
stp3d,60000.0,60000.0,60000.0,60000.0,60000.0,60000.0,60000.0,60000.0,60000.0,60000.0,60000.0,60000.0,60000.0,60000.0
sts405,35220.926,34872.774,35364.388,32654.222,36520.244,35853.422000000006,34790.532,40246.051999999996,35309.194,35216.48,35214.768,35816.06000000001,35233.07,35171.852
sts729,36217.778000000006,37365.554,36855.514,36263.122,37778.64399999999,36203.046,36218.592,42360.724,36220.3,36215.67,36204.438,38124.18,37352.742000000006,37795.905999999995
swath,14446.614000000001,15238.404,17469.811999999998,17941.474000000002,15165.164,14394.552,14523.978,16626.652,14218.456,16039.082,16807.872,15537.178,16420.16,19762.37
t1717,36664.5,38222.74,28717.01,38216.898,39278.99800000001,42069.408,60000.0,60000.0,37058.494,38213.274,60000.0,38636.26,36647.672,37173.14599999999
t1722,23521.482,60000.0,13961.27,60000.0,36452.238,17023.332000000002,49619.462,60000.0,23557.73,46222.56,37616.21399999999,24139.784,23520.079999999998,25728.792
timtab2,15156.573999999999,12996.558,15688.332,35216.113999999994,31137.969999999994,14145.89,13526.928,16172.74,13340.116,10900.762000000002,15914.560000000001,12895.146,5966.334,17202.632
toll-like,28688.708000000002,35060.752,43060.157999999996,46903.706,33943.234000000004,29495.886,30212.244,38326.816,29366.869999999995,29969.53,28685.962,24900.41,34278.034,44723.939999999995
tr12-30,117.244,10360.362000000001,8297.838,582.578,263.35400000000004,172.884,174.532,1523.3200000000002,132.01600000000002,134.246,1328.35,171.898,2318.9280000000003,48054.626000000004
transportmoment,56128.58,57876.36,38184.083333333336,52696.18,,56094.45,,,57520.763333333336,55380.19,41085.51,,49377.96,
triptim1,42050.055,60000.0,44964.014,58086.666666666664,44430.577999999994,44813.688,59643.6,60000.0,28720.7975,37398.638,60000.0,47366.536,41663.877499999995,51689.244999999995
triptim2,60000.0,60000.0,60000.0,60000.0,60000.0,60000.0,60000.0,60000.0,60000.0,60000.0,60000.0,60000.0,60000.0,60000.0
triptim3,60000.0,60000.0,60000.0,60000.0,60000.0,60000.0,60000.0,60000.0,60000.0,60000.0,60000.0,60000.0,60000.0,60000.0
tw-myciel4,35454.00199999999,34806.045999999995,36275.522000000004,36448.19600000001,38156.998,35587.806,36224.695999999996,60000.0,35907.732,35491.68,36754.098,31533.139999999996,35417.926,35375.744000000006
uc-case11,5400.375999999999,43490.078,8923.716,60000.0,6753.588000000001,11556.492,57081.074,60000.0,5898.794,5849.87,10894.072,5453.754,5258.5779999999995,5322.536
uc-case3,19405.483999999997,59088.352,7936.094,58971.474,45388.588,16557.416,59130.31800000001,60000.0,23154.010000000002,21177.706,17924.309999999998,37555.518,10351.694,58310.4
uct-subprob,9693.672,14941.795999999998,11586.122,15977.708000000002,14107.828000000003,10364.173999999999,13939.766,15394.382000000001,9870.956,10150.068,11827.416000000001,9969.312,9672.952,12009.856
unitcal_7,8815.44,9667.15,13005.583999999999,9177.212,43767.808000000005,13362.838,13991.412,16929.714,10425.552,7821.365999999999,12261.552000000001,30656.152000000002,10809.353999999998,8055.738
usAbbrv-8-25_70,18282.038,26228.303999999996,14535.684,25945.718,18088.341999999997,16403.174,31473.77,60000.0,17629.564,16502.822000000004,16181.472,17477.82,13383.682,17939.146
van,40208.254,41716.801999999996,39994.075999999994,40799.045999999995,43223.808,40631.392,41680.94,54464.530000000006,40043.68000000001,39860.546,43143.312,40469.188,40172.327999999994,40310.306
vpphard,60000.0,60000.0,60000.0,60000.0,60000.0,60000.0,60000.0,60000.0,60000.0,60000.0,60000.0,60000.0,60000.0,60000.0
vpphard2,60000.0,60000.0,60000.0,60000.0,60000.0,60000.0,60000.0,60000.0,60000.0,60000.0,60000.0,60000.0,60000.0,60000.0
zib54-UUE,10609.583999999999,15312.626,24851.404,11088.34,15048.732,11354.822,10509.351999999999,10171.994,9841.724,10031.405999999999,11672.670000000002,10771.556,15451.009999999998,20732.456
