sp98ic,default,heuristics_aggressive,separating_fast,presolving_aggressive,presolving_fast,emphasis_feasibility,separating_aggressive,separating_off,presolving_off,heuristics_fast,emphasis_hardlp,emphasis_easycip,emphasis_optimality,heuristics_off
neos-1330346,default,heuristics_aggressive,separating_fast,presolving_aggressive,presolving_fast,emphasis_feasibility,separating_aggressive,separating_off,presolving_off,heuristics_fast,emphasis_hardlp,emphasis_easycip,emphasis_optimality,heuristics_off
pw-myciel4,default,heuristics_aggressive,separating_fast,presolving_aggressive,presolving_fast,emphasis_feasibility,separating_aggressive,separating_off,presolving_off,heuristics_fast,emphasis_hardlp,emphasis_easycip,emphasis_optimality,heuristics_off
danoint,default,heuristics_aggressive,separating_fast,presolving_aggressive,presolving_fast,emphasis_feasibility,separating_aggressive,separating_off,presolving_off,heuristics_fast,emphasis_hardlp,emphasis_easycip,emphasis_optimality,heuristics_off
neos-1346382,default,heuristics_aggressive,separating_fast,presolving_aggressive,presolving_fast,emphasis_feasibility,separating_aggressive,separating_off,presolving_off,heuristics_fast,emphasis_hardlp,emphasis_easycip,emphasis_optimality,heuristics_off
neos-1420790,default,heuristics_aggressive,separating_fast,presolving_aggressive,presolving_fast,emphasis_feasibility,separating_aggressive,separating_off,presolving_off,heuristics_fast,emphasis_hardlp,emphasis_easycip,emphasis_optimality,heuristics_off
fast0507,default,heuristics_aggressive,separating_fast,presolving_aggressive,presolving_fast,emphasis_feasibility,separating_aggressive,separating_off,presolving_off,heuristics_fast,emphasis_hardlp,emphasis_easycip,emphasis_optimality,heuristics_off
prod2,default,heuristics_aggressive,separating_fast,presolving_aggressive,presolving_fast,emphasis_feasibility,separating_aggressive,separating_off,presolving_off,heuristics_fast,emphasis_hardlp,emphasis_easycip,emphasis_optimality,heuristics_off
neos-810326,default,heuristics_aggressive,separating_fast,presolving_aggressive,presolving_fast,emphasis_feasibility,separating_aggressive,separating_off,presolving_off,heuristics_fast,emphasis_hardlp,emphasis_easycip,emphasis_optimality,heuristics_off
bab5,default,heuristics_aggressive,separating_fast,presolving_aggressive,presolving_fast,emphasis_feasibility,separating_aggressive,separating_off,presolving_off,heuristics_fast,emphasis_hardlp,emphasis_easycip,emphasis_optimality,heuristics_off
ramos3,default,heuristics_aggressive,separating_fast,presolving_aggressive,presolving_fast,emphasis_feasibility,separating_aggressive,separating_off,presolving_off,heuristics_fast,emphasis_hardlp,emphasis_easycip,emphasis_optimality,heuristics_off
neos6,default,heuristics_aggressive,separating_fast,presolving_aggressive,presolving_fast,emphasis_feasibility,separating_aggressive,separating_off,presolving_off,heuristics_fast,emphasis_hardlp,emphasis_easycip,emphasis_optimality,heuristics_off
neos-662469,default,heuristics_aggressive,separating_fast,presolving_aggressive,presolving_fast,emphasis_feasibility,separating_aggressive,separating_off,presolving_off,heuristics_fast,emphasis_hardlp,emphasis_easycip,emphasis_optimality,heuristics_off
markshare1,default,heuristics_aggressive,separating_fast,presolving_aggressive,presolving_fast,emphasis_feasibility,separating_aggressive,separating_off,presolving_off,heuristics_fast,emphasis_hardlp,emphasis_easycip,emphasis_optimality,heuristics_off
bnatt400,default,heuristics_aggressive,separating_fast,presolving_aggressive,presolving_fast,emphasis_feasibility,separating_aggressive,separating_off,presolving_off,heuristics_fast,emphasis_hardlp,emphasis_easycip,emphasis_optimality,heuristics_off
eilA101-2,default,heuristics_aggressive,separating_fast,presolving_aggressive,presolving_fast,emphasis_feasibility,separating_aggressive,separating_off,presolving_off,heuristics_fast,emphasis_hardlp,emphasis_easycip,emphasis_optimality,heuristics_off
gmut-77-40,default,heuristics_aggressive,separating_fast,presolving_aggressive,presolving_fast,emphasis_feasibility,separating_aggressive,separating_off,presolving_off,heuristics_fast,emphasis_hardlp,emphasis_easycip,emphasis_optimality,heuristics_off
tw-myciel4,default,heuristics_aggressive,separating_fast,presolving_aggressive,presolving_fast,emphasis_feasibility,separating_aggressive,separating_off,presolving_off,heuristics_fast,emphasis_hardlp,emphasis_easycip,emphasis_optimality,heuristics_off
mining,default,heuristics_aggressive,separating_fast,presolving_aggressive,presolving_fast,emphasis_feasibility,separating_aggressive,separating_off,presolving_off,heuristics_fast,emphasis_hardlp,emphasis_easycip,emphasis_optimality,heuristics_off
rmine21,default,heuristics_aggressive,separating_fast,presolving_aggressive,presolving_fast,emphasis_feasibility,separating_aggressive,separating_off,presolving_off,heuristics_fast,emphasis_hardlp,emphasis_easycip,emphasis_optimality,heuristics_off
neos-1228986,default,heuristics_aggressive,separating_fast,presolving_aggressive,presolving_fast,emphasis_feasibility,separating_aggressive,separating_off,presolving_off,heuristics_fast,emphasis_hardlp,emphasis_easycip,emphasis_optimality,heuristics_off
neos-860244,default,heuristics_aggressive,separating_fast,presolving_aggressive,presolving_fast,emphasis_feasibility,separating_aggressive,separating_off,presolving_off,heuristics_fast,emphasis_hardlp,emphasis_easycip,emphasis_optimality,heuristics_off
neos-886822,default,heuristics_aggressive,separating_fast,presolving_aggressive,presolving_fast,emphasis_feasibility,separating_aggressive,separating_off,presolving_off,heuristics_fast,emphasis_hardlp,emphasis_easycip,emphasis_optimality,heuristics_off
neos-1601936,default,heuristics_aggressive,separating_fast,presolving_aggressive,presolving_fast,emphasis_feasibility,separating_aggressive,separating_off,presolving_off,heuristics_fast,emphasis_hardlp,emphasis_easycip,emphasis_optimality,heuristics_off
neos-717614,default,heuristics_aggressive,separating_fast,presolving_aggressive,presolving_fast,emphasis_feasibility,separating_aggressive,separating_off,presolving_off,heuristics_fast,emphasis_hardlp,emphasis_easycip,emphasis_optimality,heuristics_off
ns1856153,default,heuristics_aggressive,separating_fast,presolving_aggressive,presolving_fast,emphasis_feasibility,separating_aggressive,separating_off,presolving_off,heuristics_fast,emphasis_hardlp,emphasis_easycip,emphasis_optimality,heuristics_off
neos-810286,default,heuristics_aggressive,separating_fast,presolving_aggressive,presolving_fast,emphasis_feasibility,separating_aggressive,separating_off,presolving_off,heuristics_fast,emphasis_hardlp,emphasis_easycip,emphasis_optimality,heuristics_off
neos-631164,default,heuristics_aggressive,separating_fast,presolving_aggressive,presolving_fast,emphasis_feasibility,separating_aggressive,separating_off,presolving_off,heuristics_fast,emphasis_hardlp,emphasis_easycip,emphasis_optimality,heuristics_off
neos-825075,default,heuristics_aggressive,separating_fast,presolving_aggressive,presolving_fast,emphasis_feasibility,separating_aggressive,separating_off,presolving_off,heuristics_fast,emphasis_hardlp,emphasis_easycip,emphasis_optimality,heuristics_off
sp98ar,default,heuristics_aggressive,separating_fast,presolving_aggressive,presolving_fast,emphasis_feasibility,separating_aggressive,separating_off,presolving_off,heuristics_fast,emphasis_hardlp,emphasis_easycip,emphasis_optimality,heuristics_off
disctom,default,heuristics_aggressive,separating_fast,presolving_aggressive,presolving_fast,emphasis_feasibility,separating_aggressive,separating_off,presolving_off,heuristics_fast,emphasis_hardlp,emphasis_easycip,emphasis_optimality,heuristics_off
mzzv11,default,heuristics_aggressive,separating_fast,presolving_aggressive,presolving_fast,emphasis_feasibility,separating_aggressive,separating_off,presolving_off,heuristics_fast,emphasis_hardlp,emphasis_easycip,emphasis_optimality,heuristics_off
neos12,default,heuristics_aggressive,separating_fast,presolving_aggressive,presolving_fast,emphasis_feasibility,separating_aggressive,separating_off,presolving_off,heuristics_fast,emphasis_hardlp,emphasis_easycip,emphasis_optimality,heuristics_off
neos-839838,default,heuristics_aggressive,separating_fast,presolving_aggressive,presolving_fast,emphasis_feasibility,separating_aggressive,separating_off,presolving_off,heuristics_fast,emphasis_hardlp,emphasis_easycip,emphasis_optimality,heuristics_off
neos-1582420,default,heuristics_aggressive,separating_fast,presolving_aggressive,presolving_fast,emphasis_feasibility,separating_aggressive,separating_off,presolving_off,heuristics_fast,emphasis_hardlp,emphasis_easycip,emphasis_optimality,heuristics_off
eil33-2,default,heuristics_aggressive,separating_fast,presolving_aggressive,presolving_fast,emphasis_feasibility,separating_aggressive,separating_off,presolving_off,heuristics_fast,emphasis_hardlp,emphasis_easycip,emphasis_optimality,heuristics_off
methanosarcina,default,heuristics_aggressive,separating_fast,presolving_aggressive,presolving_fast,emphasis_feasibility,separating_aggressive,separating_off,presolving_off,heuristics_fast,emphasis_hardlp,emphasis_easycip,emphasis_optimality,heuristics_off
probportfolio,default,heuristics_aggressive,separating_fast,presolving_aggressive,presolving_fast,emphasis_feasibility,separating_aggressive,separating_off,presolving_off,heuristics_fast,emphasis_hardlp,emphasis_easycip,emphasis_optimality,heuristics_off
enlight13,default,heuristics_aggressive,separating_fast,presolving_aggressive,presolving_fast,emphasis_feasibility,separating_aggressive,separating_off,presolving_off,heuristics_fast,emphasis_hardlp,emphasis_easycip,emphasis_optimality,heuristics_off
gt2,default,heuristics_aggressive,separating_fast,presolving_aggressive,presolving_fast,emphasis_feasibility,separating_aggressive,separating_off,presolving_off,heuristics_fast,emphasis_hardlp,emphasis_easycip,emphasis_optimality,heuristics_off
neos-906865,default,heuristics_aggressive,separating_fast,presolving_aggressive,presolving_fast,emphasis_feasibility,separating_aggressive,separating_off,presolving_off,heuristics_fast,emphasis_hardlp,emphasis_easycip,emphasis_optimality,heuristics_off
neos-791021,default,heuristics_aggressive,separating_fast,presolving_aggressive,presolving_fast,emphasis_feasibility,separating_aggressive,separating_off,presolving_off,heuristics_fast,emphasis_hardlp,emphasis_easycip,emphasis_optimality,heuristics_off
leo1,default,heuristics_aggressive,separating_fast,presolving_aggressive,presolving_fast,emphasis_feasibility,separating_aggressive,separating_off,presolving_off,heuristics_fast,emphasis_hardlp,emphasis_easycip,emphasis_optimality,heuristics_off
aflow40b,default,heuristics_aggressive,separating_fast,presolving_aggressive,presolving_fast,emphasis_feasibility,separating_aggressive,separating_off,presolving_off,heuristics_fast,emphasis_hardlp,emphasis_easycip,emphasis_optimality,heuristics_off
mod010,default,heuristics_aggressive,separating_fast,presolving_aggressive,presolving_fast,emphasis_feasibility,separating_aggressive,separating_off,presolving_off,heuristics_fast,emphasis_hardlp,emphasis_easycip,emphasis_optimality,heuristics_off
neos-686190,default,heuristics_aggressive,separating_fast,presolving_aggressive,presolving_fast,emphasis_feasibility,separating_aggressive,separating_off,presolving_off,heuristics_fast,emphasis_hardlp,emphasis_easycip,emphasis_optimality,heuristics_off
triptim1,default,heuristics_aggressive,separating_fast,presolving_aggressive,presolving_fast,emphasis_feasibility,separating_aggressive,separating_off,presolving_off,heuristics_fast,emphasis_hardlp,emphasis_easycip,emphasis_optimality,heuristics_off
markshare2,default,heuristics_aggressive,separating_fast,presolving_aggressive,presolving_fast,emphasis_feasibility,separating_aggressive,separating_off,presolving_off,heuristics_fast,emphasis_hardlp,emphasis_easycip,emphasis_optimality,heuristics_off
23588,default,heuristics_aggressive,separating_fast,presolving_aggressive,presolving_fast,emphasis_feasibility,separating_aggressive,separating_off,presolving_off,heuristics_fast,emphasis_hardlp,emphasis_easycip,emphasis_optimality,heuristics_off
ger50_17_trans,default,heuristics_aggressive,separating_fast,presolving_aggressive,presolving_fast,emphasis_feasibility,separating_aggressive,separating_off,presolving_off,heuristics_fast,emphasis_hardlp,emphasis_easycip,emphasis_optimality,heuristics_off
air04,default,heuristics_aggressive,separating_fast,presolving_aggressive,presolving_fast,emphasis_feasibility,separating_aggressive,separating_off,presolving_off,heuristics_fast,emphasis_hardlp,emphasis_easycip,emphasis_optimality,heuristics_off
timtab1,default,heuristics_aggressive,separating_fast,presolving_aggressive,presolving_fast,emphasis_feasibility,separating_aggressive,separating_off,presolving_off,heuristics_fast,emphasis_hardlp,emphasis_easycip,emphasis_optimality,heuristics_off
rocII-7-11,default,heuristics_aggressive,separating_fast,presolving_aggressive,presolving_fast,emphasis_feasibility,separating_aggressive,separating_off,presolving_off,heuristics_fast,emphasis_hardlp,emphasis_easycip,emphasis_optimality,heuristics_off
neos-506422,default,heuristics_aggressive,separating_fast,presolving_aggressive,presolving_fast,emphasis_feasibility,separating_aggressive,separating_off,presolving_off,heuristics_fast,emphasis_hardlp,emphasis_easycip,emphasis_optimality,heuristics_off
biella1,default,heuristics_aggressive,separating_fast,presolving_aggressive,presolving_fast,emphasis_feasibility,separating_aggressive,separating_off,presolving_off,heuristics_fast,emphasis_hardlp,emphasis_easycip,emphasis_optimality,heuristics_off
neos-780889,default,heuristics_aggressive,separating_fast,presolving_aggressive,presolving_fast,emphasis_feasibility,separating_aggressive,separating_off,presolving_off,heuristics_fast,emphasis_hardlp,emphasis_easycip,emphasis_optimality,heuristics_off
noswot,default,heuristics_aggressive,separating_fast,presolving_aggressive,presolving_fast,emphasis_feasibility,separating_aggressive,separating_off,presolving_off,heuristics_fast,emphasis_hardlp,emphasis_easycip,emphasis_optimality,heuristics_off
misc07,default,heuristics_aggressive,separating_fast,presolving_aggressive,presolving_fast,emphasis_feasibility,separating_aggressive,separating_off,presolving_off,heuristics_fast,emphasis_hardlp,emphasis_easycip,emphasis_optimality,heuristics_off
dano3_3,default,heuristics_aggressive,separating_fast,presolving_aggressive,presolving_fast,emphasis_feasibility,separating_aggressive,separating_off,presolving_off,heuristics_fast,emphasis_hardlp,emphasis_easycip,emphasis_optimality,heuristics_off
neos-787933,default,heuristics_aggressive,separating_fast,presolving_aggressive,presolving_fast,emphasis_feasibility,separating_aggressive,separating_off,presolving_off,heuristics_fast,emphasis_hardlp,emphasis_easycip,emphasis_optimality,heuristics_off
neos-501453,default,heuristics_aggressive,separating_fast,presolving_aggressive,presolving_fast,emphasis_feasibility,separating_aggressive,separating_off,presolving_off,heuristics_fast,emphasis_hardlp,emphasis_easycip,emphasis_optimality,heuristics_off
