neos-848150,emphasis_feasibility,separating_fast,separating_aggressive,presolving_fast,heuristics_aggressive,emphasis_hardlp,default,separating_off,presolving_aggressive,heuristics_fast,emphasis_easycip,presolving_off,heuristics_off,emphasis_optimality
neos-1605061,emphasis_feasibility,heuristics_aggressive,separating_fast,presolving_aggressive,default,separating_off,presolving_fast,separating_aggressive,presolving_off,heuristics_fast,emphasis_hardlp,emphasis_easycip,emphasis_optimality,heuristics_off
pw-myciel4,separating_aggressive,presolving_fast,presolving_aggressive,emphasis_easycip,heuristics_aggressive,default,separating_fast,heuristics_fast,emphasis_hardlp,emphasis_feasibility,heuristics_off,presolving_off,emphasis_optimality,separating_off
neos-1440225,separating_off,separating_fast,default,emphasis_feasibility,presolving_aggressive,heuristics_aggressive,emphasis_hardlp,presolving_fast,separating_aggressive,heuristics_fast,presolving_off,emphasis_optimality,emphasis_easycip,heuristics_off
l152lav,emphasis_easycip,default,separating_fast,separating_off,heuristics_fast,heuristics_off,emphasis_hardlp,presolving_off,presolving_fast,presolving_aggressive,emphasis_feasibility,separating_aggressive,heuristics_aggressive,emphasis_optimality
sp98ir,heuristics_aggressive,emphasis_feasibility,presolving_aggressive,separating_off,presolving_fast,presolving_off,default,separating_fast,separating_aggressive,emphasis_optimality,emphasis_hardlp,heuristics_fast,emphasis_easycip,heuristics_off
mitre,separating_fast,default,presolving_aggressive,presolving_fast,heuristics_aggressive,emphasis_feasibility,separating_aggressive,separating_off,presolving_off,heuristics_fast,emphasis_hardlp,emphasis_easycip,heuristics_off,emphasis_optimality
air05,separating_fast,heuristics_aggressive,separating_off,emphasis_feasibility,default,presolving_aggressive,separating_aggressive,emphasis_hardlp,heuristics_fast,presolving_fast,heuristics_off,emphasis_optimality,emphasis_easycip,presolving_off
sp97ar,heuristics_aggressive,separating_fast,presolving_fast,default,emphasis_feasibility,separating_aggressive,presolving_off,presolving_aggressive,separating_off,emphasis_easycip,emphasis_hardlp,heuristics_fast,emphasis_optimality,heuristics_off
neos-612143,heuristics_fast,presolving_off,presolving_fast,default,presolving_aggressive,heuristics_aggressive,emphasis_hardlp,separating_aggressive,emphasis_optimality,heuristics_off,emphasis_easycip,separating_fast,separating_off,emphasis_feasibility
leo1,default,separating_fast,presolving_off,heuristics_aggressive,emphasis_feasibility,presolving_fast,presolving_aggressive,separating_aggressive,separating_off,emphasis_easycip,emphasis_optimality,emphasis_hardlp,heuristics_fast,heuristics_off
p0201,emphasis_hardlp,separating_fast,separating_off,presolving_fast,default,heuristics_fast,emphasis_easycip,presolving_aggressive,presolving_off,emphasis_feasibility,separating_aggressive,heuristics_aggressive,heuristics_off,emphasis_optimality
neos-1367061,emphasis_hardlp,presolving_fast,separating_off,separating_fast,default,presolving_off,heuristics_fast,emphasis_feasibility,emphasis_easycip,heuristics_aggressive,separating_aggressive,presolving_aggressive,emphasis_optimality,heuristics_off
aligninq,separating_fast,presolving_off,presolving_fast,emphasis_feasibility,default,presolving_aggressive,heuristics_aggressive,separating_aggressive,emphasis_hardlp,emphasis_easycip,separating_off,heuristics_fast,emphasis_optimality,heuristics_off
germany50-DBM,presolving_aggressive,heuristics_fast,default,separating_fast,presolving_off,presolving_fast,heuristics_aggressive,separating_aggressive,emphasis_hardlp,separating_off,emphasis_easycip,emphasis_feasibility,emphasis_optimality,heuristics_off
neos-937815,separating_off,separating_fast,default,separating_aggressive,presolving_fast,presolving_off,presolving_aggressive,heuristics_aggressive,emphasis_feasibility,emphasis_optimality,emphasis_easycip,emphasis_hardlp,heuristics_fast,heuristics_off
markshare1,heuristics_fast,emphasis_hardlp,separating_fast,separating_off,emphasis_feasibility,emphasis_easycip,separating_aggressive,default,presolving_fast,presolving_off,heuristics_aggressive,presolving_aggressive,heuristics_off,emphasis_optimality
pg5_34,separating_fast,presolving_fast,default,presolving_aggressive,separating_aggressive,presolving_off,emphasis_hardlp,emphasis_easycip,heuristics_fast,emphasis_feasibility,heuristics_aggressive,separating_off,emphasis_optimality,heuristics_off
neos-1053234,separating_off,emphasis_feasibility,presolving_off,default,separating_fast,presolving_fast,presolving_aggressive,emphasis_hardlp,separating_aggressive,heuristics_aggressive,emphasis_easycip,emphasis_optimality,heuristics_fast,heuristics_off
neos-1622252,emphasis_hardlp,emphasis_easycip,presolving_aggressive,presolving_fast,heuristics_off,separating_aggressive,heuristics_aggressive,default,emphasis_optimality,separating_fast,heuristics_fast,emphasis_feasibility,presolving_off,separating_off
neos-738098,emphasis_feasibility,presolving_fast,separating_off,separating_fast,heuristics_aggressive,default,presolving_off,presolving_aggressive,separating_aggressive,emphasis_hardlp,emphasis_easycip,heuristics_fast,emphasis_optimality,heuristics_off
atm20-100,separating_fast,presolving_fast,emphasis_feasibility,presolving_aggressive,default,heuristics_aggressive,separating_off,presolving_off,separating_aggressive,emphasis_hardlp,emphasis_optimality,emphasis_easycip,heuristics_fast,heuristics_off
neos-574665,separating_fast,separating_off,presolving_fast,presolving_aggressive,default,separating_aggressive,heuristics_aggressive,presolving_off,emphasis_feasibility,emphasis_easycip,heuristics_fast,emphasis_hardlp,emphasis_optimality,heuristics_off
cov1075,separating_off,presolving_off,presolving_fast,heuristics_fast,separating_fast,emphasis_easycip,default,presolving_aggressive,heuristics_aggressive,separating_aggressive,heuristics_off,emphasis_hardlp,emphasis_feasibility,emphasis_optimality
satellites3-40-fs,presolving_fast,separating_off,default,separating_fast,emphasis_hardlp,emphasis_feasibility,emphasis_easycip,presolving_off,heuristics_aggressive,separating_aggressive,presolving_aggressive,heuristics_fast,emphasis_optimality,heuristics_off
ran16x16,presolving_fast,separating_fast,default,presolving_aggressive,heuristics_fast,emphasis_hardlp,emphasis_easycip,heuristics_aggressive,separating_aggressive,presolving_off,separating_off,emphasis_feasibility,heuristics_off,emphasis_optimality
sts729,emphasis_hardlp,heuristics_fast,emphasis_easycip,separating_off,presolving_off,presolving_fast,default,separating_fast,presolving_aggressive,emphasis_feasibility,separating_aggressive,heuristics_aggressive,emphasis_optimality,heuristics_off
neos-1442119,separating_off,presolving_fast,separating_fast,presolving_off,emphasis_feasibility,default,presolving_aggressive,heuristics_aggressive,separating_aggressive,emphasis_optimality,emphasis_hardlp,heuristics_fast,emphasis_easycip,heuristics_off
fiball,default,separating_off,presolving_fast,presolving_aggressive,heuristics_aggressive,emphasis_feasibility,separating_fast,emphasis_hardlp,emphasis_optimality,separating_aggressive,presolving_off,heuristics_fast,emphasis_easycip,heuristics_off
neos-935348,separating_off,separating_aggressive,separating_fast,default,presolving_fast,presolving_off,presolving_aggressive,emphasis_feasibility,heuristics_aggressive,emphasis_optimality,emphasis_easycip,emphasis_hardlp,heuristics_fast,heuristics_off
sing359,presolving_fast,emphasis_hardlp,emphasis_easycip,presolving_off,default,separating_off,separating_fast,heuristics_fast,emphasis_optimality,emphasis_feasibility,heuristics_aggressive,separating_aggressive,presolving_aggressive,heuristics_off
neos-796608,default,presolving_fast,presolving_aggressive,separating_fast,separating_aggressive,heuristics_fast,presolving_off,heuristics_aggressive,emphasis_optimality,emphasis_easycip,heuristics_off,emphasis_hardlp,separating_off,emphasis_feasibility
ramos3,separating_off,default,presolving_fast,presolving_aggressive,heuristics_fast,presolving_off,separating_fast,heuristics_aggressive,separating_aggressive,emphasis_easycip,emphasis_feasibility,emphasis_hardlp,heuristics_off,emphasis_optimality
neos-937511,separating_off,presolving_off,default,presolving_fast,separating_fast,separating_aggressive,presolving_aggressive,heuristics_aggressive,emphasis_feasibility,emphasis_easycip,emphasis_hardlp,heuristics_fast,emphasis_optimality,heuristics_off
rvb-sub,default,separating_fast,separating_off,presolving_fast,emphasis_hardlp,heuristics_aggressive,emphasis_easycip,heuristics_fast,emphasis_feasibility,presolving_off,presolving_aggressive,heuristics_off,separating_aggressive,emphasis_optimality
neos-933815,presolving_fast,presolving_aggressive,heuristics_aggressive,default,separating_aggressive,emphasis_optimality,separating_fast,emphasis_hardlp,presolving_off,heuristics_fast,emphasis_feasibility,separating_off,emphasis_easycip,heuristics_off
neos-1417043,presolving_fast,emphasis_easycip,separating_off,presolving_off,default,heuristics_fast,emphasis_hardlp,separating_fast,presolving_aggressive,separating_aggressive,emphasis_optimality,heuristics_aggressive,emphasis_feasibility,heuristics_off
neos-1211578,heuristics_off,presolving_aggressive,heuristics_fast,emphasis_hardlp,separating_fast,separating_off,default,emphasis_feasibility,emphasis_easycip,separating_aggressive,presolving_fast,heuristics_aggressive,emphasis_optimality,presolving_off
neos-810286,heuristics_aggressive,emphasis_feasibility,separating_fast,default,presolving_fast,separating_aggressive,presolving_aggressive,heuristics_fast,emphasis_easycip,separating_off,presolving_off,emphasis_hardlp,heuristics_off,emphasis_optimality
rocII-7-11,emphasis_feasibility,separating_fast,separating_off,heuristics_aggressive,default,presolving_aggressive,presolving_fast,separating_aggressive,emphasis_hardlp,heuristics_fast,presolving_off,emphasis_easycip,heuristics_off,emphasis_optimality
cap6000,presolving_fast,emphasis_feasibility,default,separating_fast,heuristics_aggressive,presolving_off,presolving_aggressive,separating_off,separating_aggressive,emphasis_hardlp,emphasis_easycip,heuristics_fast,emphasis_optimality,heuristics_off
iis-bupa-cov,heuristics_fast,presolving_fast,presolving_aggressive,default,separating_off,presolving_off,separating_fast,heuristics_aggressive,emphasis_easycip,separating_aggressive,heuristics_off,emphasis_hardlp,emphasis_feasibility,emphasis_optimality
neos-787933,separating_fast,separating_off,presolving_off,presolving_fast,emphasis_hardlp,default,presolving_aggressive,emphasis_feasibility,heuristics_aggressive,emphasis_easycip,heuristics_fast,separating_aggressive,emphasis_optimality,heuristics_off
ran14x18_1,separating_fast,presolving_fast,default,presolving_aggressive,heuristics_fast,emphasis_easycip,heuristics_aggressive,separating_aggressive,presolving_off,emphasis_hardlp,separating_off,emphasis_feasibility,heuristics_off,emphasis_optimality
transportmoment,separating_fast,default,separating_off,separating_aggressive,presolving_aggressive,presolving_off,emphasis_feasibility,heuristics_aggressive,emphasis_optimality,presolving_fast,emphasis_hardlp,emphasis_easycip,heuristics_fast,heuristics_off
ds,default,separating_off,separating_fast,presolving_fast,emphasis_feasibility,heuristics_aggressive,emphasis_hardlp,heuristics_fast,separating_aggressive,presolving_aggressive,emphasis_optimality,emphasis_easycip,presolving_off,heuristics_off
dano3mip,presolving_aggressive,separating_fast,presolving_fast,default,presolving_off,separating_off,emphasis_easycip,heuristics_aggressive,emphasis_feasibility,separating_aggressive,emphasis_hardlp,heuristics_fast,emphasis_optimality,heuristics_off
neos-501453,default,presolving_fast,separating_fast,presolving_aggressive,heuristics_fast,separating_aggressive,presolving_off,separating_off,emphasis_optimality,emphasis_hardlp,emphasis_easycip,heuristics_off,emphasis_feasibility,heuristics_aggressive
nu60-pr9,default,heuristics_aggressive,presolving_aggressive,presolving_fast,separating_fast,separating_off,separating_aggressive,presolving_off,emphasis_easycip,emphasis_hardlp,heuristics_fast,emphasis_feasibility,emphasis_optimality,heuristics_off
neos-914441,presolving_fast,emphasis_feasibility,presolving_off,default,separating_off,separating_fast,heuristics_aggressive,emphasis_hardlp,emphasis_easycip,heuristics_fast,separating_aggressive,presolving_aggressive,emphasis_optimality,heuristics_off
neos-1516309,presolving_off,default,separating_fast,presolving_fast,presolving_aggressive,emphasis_feasibility,heuristics_aggressive,separating_aggressive,emphasis_hardlp,emphasis_easycip,separating_off,heuristics_fast,emphasis_optimality,heuristics_off
neos-1215891,emphasis_feasibility,presolving_fast,separating_off,separating_fast,presolving_aggressive,heuristics_aggressive,default,emphasis_hardlp,separating_aggressive,presolving_off,emphasis_easycip,heuristics_fast,emphasis_optimality,heuristics_off
lseu,heuristics_fast,emphasis_hardlp,emphasis_easycip,default,separating_fast,presolving_aggressive,separating_off,presolving_fast,presolving_off,separating_aggressive,heuristics_off,heuristics_aggressive,emphasis_optimality,emphasis_feasibility
neos-847302,separating_fast,default,emphasis_hardlp,emphasis_feasibility,separating_aggressive,presolving_fast,presolving_aggressive,heuristics_aggressive,heuristics_fast,separating_off,emphasis_easycip,presolving_off,heuristics_off,emphasis_optimality
janos-us-DDM,presolving_aggressive,default,presolving_fast,separating_aggressive,heuristics_fast,separating_fast,presolving_off,heuristics_aggressive,emphasis_hardlp,emphasis_easycip,separating_off,emphasis_optimality,emphasis_feasibility,heuristics_off
neos-826841,emphasis_feasibility,heuristics_aggressive,separating_fast,presolving_fast,separating_off,presolving_aggressive,default,presolving_off,separating_aggressive,emphasis_hardlp,emphasis_easycip,emphasis_optimality,heuristics_fast,heuristics_off
neos-839838,emphasis_feasibility,presolving_fast,emphasis_hardlp,default,separating_off,separating_fast,presolving_off,heuristics_aggressive,emphasis_easycip,presolving_aggressive,heuristics_fast,emphasis_optimality,separating_aggressive,heuristics_off
neos-957270,emphasis_hardlp,emphasis_easycip,presolving_fast,separating_off,separating_fast,heuristics_off,heuristics_fast,default,heuristics_aggressive,presolving_aggressive,emphasis_feasibility,separating_aggressive,presolving_off,emphasis_optimality
ns1456591,presolving_fast,default,separating_fast,presolving_aggressive,separating_off,heuristics_aggressive,emphasis_feasibility,presolving_off,separating_aggressive,heuristics_fast,emphasis_optimality,emphasis_hardlp,emphasis_easycip,heuristics_off
neos-1429461,separating_off,presolving_fast,separating_fast,presolving_aggressive,presolving_off,default,separating_aggressive,heuristics_fast,emphasis_optimality,heuristics_aggressive,emphasis_feasibility,emphasis_hardlp,emphasis_easycip,heuristics_off
triptim1,separating_off,emphasis_feasibility,presolving_fast,heuristics_aggressive,separating_fast,default,presolving_off,presolving_aggressive,heuristics_fast,emphasis_hardlp,emphasis_easycip,separating_aggressive,emphasis_optimality,heuristics_off
