neos-1228986,separating_off,separating_fast,default,emphasis_feasibility,presolving_fast,presolving_aggressive,separating_aggressive,heuristics_aggressive,emphasis_hardlp,presolving_off,heuristics_fast,emphasis_optimality,emphasis_easycip,heuristics_off
neos-839859,presolving_fast,emphasis_hardlp,separating_off,separating_fast,default,heuristics_aggressive,emphasis_feasibility,presolving_off,heuristics_fast,presolving_aggressive,separating_aggressive,emphasis_optimality,emphasis_easycip,heuristics_off
n3705,presolving_fast,separating_off,separating_fast,heuristics_aggressive,default,presolving_aggressive,presolving_off,separating_aggressive,emphasis_hardlp,emphasis_feasibility,heuristics_fast,emphasis_optimality,emphasis_easycip,heuristics_off
neos-1208069,separating_fast,presolving_aggressive,separating_off,separating_aggressive,presolving_fast,presolving_off,heuristics_fast,heuristics_aggressive,emphasis_feasibility,default,emphasis_easycip,heuristics_off,emphasis_optimality,emphasis_hardlp
neos-810326,presolving_fast,emphasis_feasibility,separating_fast,heuristics_aggressive,emphasis_hardlp,default,emphasis_easycip,heuristics_fast,presolving_aggressive,presolving_off,separating_aggressive,separating_off,heuristics_off,emphasis_optimality
haprp,presolving_off,default,separating_aggressive,separating_fast,presolving_aggressive,heuristics_fast,presolving_fast,emphasis_optimality,heuristics_aggressive,emphasis_feasibility,heuristics_off,emphasis_easycip,separating_off,emphasis_hardlp
gesa2-o,presolving_fast,separating_fast,presolving_aggressive,default,separating_aggressive,emphasis_hardlp,separating_off,presolving_off,heuristics_fast,heuristics_aggressive,emphasis_easycip,emphasis_feasibility,heuristics_off,emphasis_optimality
ns1856153,separating_off,separating_fast,presolving_off,presolving_fast,emphasis_feasibility,separating_aggressive,presolving_aggressive,heuristics_aggressive,heuristics_off,emphasis_hardlp,heuristics_fast,emphasis_optimality,emphasis_easycip,default
neos-885086,separating_off,presolving_off,separating_fast,presolving_fast,presolving_aggressive,emphasis_feasibility,separating_aggressive,heuristics_aggressive,default,emphasis_optimality,emphasis_hardlp,emphasis_easycip,heuristics_fast,heuristics_off
atlanta-ip,separating_off,separating_fast,presolving_off,presolving_fast,presolving_aggressive,heuristics_aggressive,separating_aggressive,emphasis_feasibility,emphasis_hardlp,emphasis_easycip,heuristics_fast,emphasis_optimality,default,heuristics_off
rmine14,separating_off,presolving_off,presolving_fast,separating_fast,heuristics_aggressive,presolving_aggressive,separating_aggressive,emphasis_hardlp,emphasis_feasibility,heuristics_fast,emphasis_easycip,default,heuristics_off,emphasis_optimality
rout,presolving_fast,presolving_aggressive,separating_off,separating_fast,default,separating_aggressive,presolving_off,heuristics_aggressive,emphasis_easycip,heuristics_fast,heuristics_off,emphasis_optimality,emphasis_hardlp,emphasis_feasibility
r80x800,presolving_fast,separating_fast,default,separating_off,heuristics_aggressive,presolving_aggressive,separating_aggressive,emphasis_hardlp,presolving_off,heuristics_fast,emphasis_easycip,emphasis_optimality,emphasis_feasibility,heuristics_off
neos-565815,emphasis_hardlp,presolving_fast,emphasis_feasibility,separating_fast,presolving_off,heuristics_aggressive,emphasis_easycip,default,separating_off,separating_aggressive,heuristics_fast,presolving_aggressive,heuristics_off,emphasis_optimality
neos-885524,separating_fast,presolving_off,presolving_aggressive,default,separating_off,presolving_fast,separating_aggressive,heuristics_aggressive,emphasis_feasibility,heuristics_fast,emphasis_optimality,emphasis_hardlp,emphasis_easycip,heuristics_off
set1ch,default,presolving_fast,presolving_aggressive,heuristics_aggressive,emphasis_hardlp,separating_aggressive,heuristics_fast,separating_fast,emphasis_feasibility,emphasis_easycip,presolving_off,emphasis_optimality,heuristics_off,separating_off
neos-1445738,presolving_fast,presolving_aggressive,separating_fast,default,separating_aggressive,presolving_off,heuristics_fast,heuristics_aggressive,emphasis_hardlp,separating_off,emphasis_easycip,emphasis_optimality,emphasis_feasibility,heuristics_off
neos-1417043,presolving_off,heuristics_aggressive,presolving_aggressive,default,separating_fast,separating_aggressive,presolving_fast,separating_off,emphasis_optimality,emphasis_feasibility,heuristics_fast,emphasis_easycip,emphasis_hardlp,heuristics_off
stein27,default,heuristics_fast,emphasis_easycip,emphasis_hardlp,presolving_aggressive,presolving_fast,heuristics_aggressive,separating_fast,presolving_off,separating_off,separating_aggressive,emphasis_feasibility,heuristics_off,emphasis_optimality
rail02,separating_off,separating_fast,separating_aggressive,presolving_fast,emphasis_feasibility,heuristics_aggressive,presolving_aggressive,presolving_off,heuristics_off,heuristics_fast,emphasis_optimality,emphasis_hardlp,default,emphasis_easycip
set3-15,separating_off,presolving_fast,separating_fast,presolving_aggressive,presolving_off,separating_aggressive,heuristics_fast,emphasis_hardlp,emphasis_easycip,heuristics_aggressive,default,emphasis_optimality,emphasis_feasibility,heuristics_off
neos-1171737,separating_off,presolving_off,separating_fast,presolving_fast,presolving_aggressive,emphasis_feasibility,default,separating_aggressive,heuristics_aggressive,emphasis_hardlp,emphasis_easycip,emphasis_optimality,heuristics_fast,heuristics_off
bienst2,presolving_fast,separating_fast,default,presolving_aggressive,emphasis_hardlp,separating_aggressive,heuristics_fast,separating_off,heuristics_aggressive,emphasis_easycip,emphasis_feasibility,presolving_off,heuristics_off,emphasis_optimality
neos-808214,separating_fast,heuristics_aggressive,presolving_fast,presolving_aggressive,emphasis_feasibility,default,separating_off,separating_aggressive,heuristics_fast,emphasis_easycip,heuristics_off,emphasis_hardlp,presolving_off,emphasis_optimality
neos-631784,separating_fast,presolving_fast,separating_off,presolving_aggressive,emphasis_feasibility,separating_aggressive,heuristics_aggressive,default,presolving_off,heuristics_fast,emphasis_hardlp,emphasis_easycip,heuristics_off,emphasis_optimality
neos-820879,presolving_fast,separating_fast,default,presolving_aggressive,heuristics_aggressive,separating_off,presolving_off,heuristics_fast,emphasis_feasibility,emphasis_easycip,separating_aggressive,emphasis_hardlp,emphasis_optimality,heuristics_off
ns2124243,separating_off,separating_fast,presolving_aggressive,emphasis_feasibility,presolving_fast,heuristics_aggressive,default,separating_aggressive,emphasis_hardlp,presolving_off,emphasis_optimality,heuristics_fast,emphasis_easycip,heuristics_off
10teams,presolving_fast,default,presolving_off,separating_fast,presolving_aggressive,separating_aggressive,heuristics_aggressive,emphasis_hardlp,emphasis_feasibility,heuristics_off,separating_off,heuristics_fast,emphasis_optimality,emphasis_easycip
blp-ic97,heuristics_aggressive,presolving_off,presolving_fast,separating_fast,emphasis_feasibility,default,presolving_aggressive,separating_off,separating_aggressive,emphasis_easycip,heuristics_fast,emphasis_hardlp,emphasis_optimality,heuristics_off
neos-941698,separating_aggressive,separating_fast,default,presolving_aggressive,presolving_fast,heuristics_aggressive,emphasis_feasibility,presolving_off,heuristics_off,heuristics_fast,separating_off,emphasis_optimality,emphasis_hardlp,emphasis_easycip
neos-522351,presolving_fast,default,presolving_aggressive,separating_aggressive,emphasis_hardlp,heuristics_aggressive,separating_fast,presolving_off,separating_off,heuristics_fast,emphasis_optimality,emphasis_easycip,emphasis_feasibility,heuristics_off
neos-691058,separating_fast,presolving_off,presolving_fast,presolving_aggressive,emphasis_feasibility,separating_aggressive,heuristics_aggressive,emphasis_hardlp,heuristics_fast,heuristics_off,default,separating_off,emphasis_easycip,emphasis_optimality
rail03,separating_off,separating_fast,separating_aggressive,presolving_off,presolving_fast,emphasis_feasibility,presolving_aggressive,heuristics_aggressive,heuristics_off,heuristics_fast,emphasis_optimality,emphasis_hardlp,emphasis_easycip,default
neos-826650,heuristics_aggressive,separating_fast,emphasis_feasibility,default,separating_off,presolving_fast,presolving_aggressive,separating_aggressive,emphasis_easycip,emphasis_hardlp,heuristics_fast,presolving_off,emphasis_optimality,heuristics_off
neos808444,separating_off,presolving_fast,separating_fast,presolving_aggressive,heuristics_aggressive,emphasis_feasibility,separating_aggressive,presolving_off,emphasis_hardlp,emphasis_easycip,default,heuristics_off,heuristics_fast,emphasis_optimality
ns1111636,separating_off,separating_fast,separating_aggressive,presolving_off,presolving_fast,presolving_aggressive,heuristics_aggressive,emphasis_optimality,emphasis_feasibility,default,heuristics_fast,emphasis_hardlp,emphasis_easycip,heuristics_off
germany50-DBM,presolving_off,presolving_aggressive,default,separating_fast,presolving_fast,heuristics_aggressive,separating_aggressive,separating_off,emphasis_feasibility,heuristics_fast,emphasis_optimality,emphasis_easycip,heuristics_off,emphasis_hardlp
p0201,emphasis_hardlp,emphasis_easycip,presolving_fast,default,separating_off,heuristics_fast,separating_fast,presolving_aggressive,heuristics_aggressive,presolving_off,separating_aggressive,emphasis_feasibility,heuristics_off,emphasis_optimality
ns60-pr3,presolving_off,presolving_fast,separating_fast,presolving_aggressive,default,heuristics_fast,heuristics_aggressive,separating_off,separating_aggressive,emphasis_hardlp,emphasis_easycip,emphasis_feasibility,emphasis_optimality,heuristics_off
dano3mip,separating_fast,presolving_fast,presolving_aggressive,separating_off,presolving_off,separating_aggressive,default,heuristics_aggressive,heuristics_fast,emphasis_optimality,emphasis_hardlp,emphasis_feasibility,emphasis_easycip,heuristics_off
qnet1,separating_off,separating_fast,default,presolving_aggressive,emphasis_feasibility,presolving_fast,heuristics_aggressive,separating_aggressive,emphasis_hardlp,heuristics_fast,emphasis_easycip,emphasis_optimality,presolving_off,heuristics_off
bab5,separating_off,presolving_fast,separating_fast,presolving_aggressive,presolving_off,heuristics_aggressive,emphasis_hardlp,emphasis_feasibility,emphasis_easycip,default,separating_aggressive,heuristics_fast,heuristics_off,emphasis_optimality
ds,separating_fast,presolving_fast,heuristics_aggressive,presolving_aggressive,presolving_off,emphasis_feasibility,separating_off,default,emphasis_hardlp,emphasis_easycip,separating_aggressive,heuristics_fast,heuristics_off,emphasis_optimality
neos-1058477,emphasis_feasibility,separating_off,separating_aggressive,presolving_fast,separating_fast,default,heuristics_aggressive,presolving_aggressive,presolving_off,emphasis_hardlp,emphasis_optimality,heuristics_fast,emphasis_easycip,heuristics_off
neos-942830,separating_aggressive,separating_fast,default,presolving_aggressive,presolving_fast,heuristics_aggressive,emphasis_feasibility,presolving_off,heuristics_off,heuristics_fast,emphasis_hardlp,separating_off,emphasis_optimality,emphasis_easycip
neos-611135,emphasis_feasibility,emphasis_hardlp,presolving_fast,heuristics_aggressive,separating_fast,presolving_off,default,heuristics_fast,emphasis_easycip,separating_off,separating_aggressive,presolving_aggressive,emphasis_optimality,heuristics_off
dsbmip,separating_off,separating_fast,presolving_fast,presolving_aggressive,default,presolving_off,separating_aggressive,heuristics_fast,heuristics_aggressive,emphasis_optimality,emphasis_hardlp,emphasis_feasibility,emphasis_easycip,heuristics_off
opm2-z12-s7,separating_off,presolving_off,presolving_fast,separating_fast,separating_aggressive,emphasis_hardlp,presolving_aggressive,heuristics_fast,heuristics_aggressive,emphasis_feasibility,emphasis_easycip,default,heuristics_off,emphasis_optimality
neos-847051,separating_fast,presolving_fast,default,separating_aggressive,presolving_aggressive,separating_off,heuristics_aggressive,emphasis_hardlp,emphasis_easycip,presolving_off,heuristics_fast,emphasis_feasibility,emphasis_optimality,heuristics_off
set3-20,separating_off,presolving_fast,separating_fast,presolving_aggressive,presolving_off,separating_aggressive,heuristics_fast,emphasis_hardlp,emphasis_easycip,heuristics_aggressive,default,emphasis_optimality,emphasis_feasibility,heuristics_off
rmatr100-p10,presolving_off,emphasis_hardlp,emphasis_feasibility,presolving_fast,separating_fast,separating_off,default,heuristics_aggressive,emphasis_easycip,separating_aggressive,presolving_aggressive,heuristics_fast,emphasis_optimality,heuristics_off
rococoC12-111000,separating_off,separating_fast,emphasis_feasibility,separating_aggressive,presolving_fast,default,presolving_aggressive,heuristics_aggressive,presolving_off,emphasis_optimality,heuristics_fast,emphasis_hardlp,emphasis_easycip,heuristics_off
binkar10_1,emphasis_hardlp,presolving_aggressive,presolving_fast,heuristics_fast,emphasis_easycip,default,separating_fast,presolving_off,separating_aggressive,heuristics_aggressive,separating_off,emphasis_feasibility,heuristics_off,emphasis_optimality
neos-1200887,separating_off,separating_fast,presolving_fast,default,presolving_aggressive,presolving_off,separating_aggressive,emphasis_hardlp,emphasis_feasibility,heuristics_aggressive,emphasis_easycip,heuristics_fast,emphasis_optimality,heuristics_off
mod011,separating_fast,presolving_fast,presolving_aggressive,separating_off,heuristics_fast,default,presolving_off,emphasis_hardlp,emphasis_feasibility,emphasis_easycip,heuristics_aggressive,separating_aggressive,emphasis_optimality,heuristics_off
prod1,separating_off,separating_fast,presolving_off,presolving_fast,presolving_aggressive,heuristics_fast,emphasis_hardlp,emphasis_easycip,default,separating_aggressive,emphasis_optimality,heuristics_off,heuristics_aggressive,emphasis_feasibility
blend2,separating_fast,default,presolving_aggressive,heuristics_aggressive,presolving_fast,separating_off,separating_aggressive,emphasis_easycip,emphasis_feasibility,heuristics_fast,emphasis_hardlp,presolving_off,emphasis_optimality,heuristics_off
roy,presolving_aggressive,default,presolving_fast,separating_fast,heuristics_aggressive,emphasis_hardlp,separating_off,separating_aggressive,emphasis_feasibility,presolving_off,heuristics_fast,emphasis_easycip,emphasis_optimality,heuristics_off
fixnet6,presolving_fast,separating_fast,default,presolving_aggressive,heuristics_fast,emphasis_hardlp,emphasis_easycip,presolving_off,separating_aggressive,separating_off,heuristics_aggressive,emphasis_optimality,emphasis_feasibility,heuristics_off
ns1853823,separating_off,emphasis_feasibility,separating_fast,heuristics_aggressive,separating_aggressive,presolving_fast,default,presolving_off,presolving_aggressive,heuristics_fast,emphasis_optimality,emphasis_easycip,emphasis_hardlp,heuristics_off
neos-631694,default,separating_fast,presolving_fast,presolving_aggressive,separating_off,separating_aggressive,emphasis_feasibility,heuristics_aggressive,heuristics_fast,emphasis_hardlp,presolving_off,emphasis_easycip,heuristics_off,emphasis_optimality
