50v-10,presolving_aggressive,default,separating_fast,presolving_off,presolving_fast,heuristics_aggressive,emphasis_easycip,separating_aggressive,emphasis_optimality,emphasis_feasibility,emphasis_hardlp,heuristics_off,heuristics_fast,separating_off
neos-948126,separating_off,presolving_fast,separating_fast,presolving_off,separating_aggressive,presolving_aggressive,default,heuristics_aggressive,emphasis_feasibility,emphasis_hardlp,emphasis_easycip,emphasis_optimality,heuristics_fast,heuristics_off
binkar10_1,presolving_fast,separating_fast,presolving_aggressive,emphasis_hardlp,separating_aggressive,presolving_off,default,heuristics_aggressive,emphasis_easycip,separating_off,heuristics_off,emphasis_feasibility,heuristics_fast,emphasis_optimality
neos-1601936,heuristics_aggressive,heuristics_off,separating_aggressive,presolving_off,presolving_aggressive,separating_fast,emphasis_easycip,default,separating_off,presolving_fast,emphasis_optimality,emphasis_feasibility,emphasis_hardlp,heuristics_fast
cdma,emphasis_feasibility,separating_off,separating_fast,presolving_aggressive,emphasis_hardlp,presolving_fast,emphasis_optimality,emphasis_easycip,presolving_off,separating_aggressive,heuristics_aggressive,heuristics_off,heuristics_fast,default
neos-612125,heuristics_fast,presolving_off,presolving_fast,default,presolving_aggressive,emphasis_hardlp,heuristics_aggressive,emphasis_easycip,separating_aggressive,emphasis_optimality,separating_fast,heuristics_off,separating_off,emphasis_feasibility
neos-906865,presolving_fast,presolving_aggressive,heuristics_aggressive,separating_off,separating_fast,default,separating_aggressive,emphasis_easycip,heuristics_off,emphasis_feasibility,presolving_off,emphasis_optimality,heuristics_fast,emphasis_hardlp
rocII-7-11,separating_off,separating_fast,separating_aggressive,presolving_off,heuristics_off,presolving_fast,heuristics_aggressive,presolving_aggressive,heuristics_fast,emphasis_feasibility,emphasis_optimality,emphasis_hardlp,default,emphasis_easycip
neos-856059,presolving_fast,emphasis_hardlp,separating_aggressive,presolving_aggressive,emphasis_easycip,separating_off,heuristics_aggressive,default,separating_fast,heuristics_fast,emphasis_feasibility,heuristics_off,emphasis_optimality,presolving_off
ivu52,separating_fast,presolving_off,presolving_aggressive,heuristics_aggressive,separating_off,presolving_fast,emphasis_easycip,default,separating_aggressive,heuristics_fast,emphasis_optimality,emphasis_feasibility,heuristics_off,emphasis_hardlp
triptim2,separating_fast,separating_off,presolving_off,separating_aggressive,presolving_fast,presolving_aggressive,heuristics_off,heuristics_aggressive,heuristics_fast,emphasis_optimality,emphasis_hardlp,emphasis_feasibility,emphasis_easycip,default
mitre,default,separating_aggressive,heuristics_off,emphasis_feasibility,separating_off,presolving_off,presolving_fast,emphasis_easycip,presolving_aggressive,emphasis_optimality,separating_fast,heuristics_aggressive,heuristics_fast,emphasis_hardlp
neos-551991,separating_aggressive,default,presolving_fast,presolving_aggressive,heuristics_aggressive,emphasis_hardlp,separating_fast,presolving_off,emphasis_feasibility,separating_off,emphasis_easycip,heuristics_fast,emphasis_optimality,heuristics_off
neos-957143,presolving_off,presolving_fast,separating_off,presolving_aggressive,emphasis_feasibility,emphasis_easycip,default,heuristics_aggressive,emphasis_hardlp,separating_fast,separating_aggressive,emphasis_optimality,heuristics_fast,heuristics_off
neos-1620807,separating_fast,separating_aggressive,presolving_aggressive,presolving_fast,emphasis_easycip,heuristics_off,heuristics_fast,heuristics_aggressive,default,emphasis_hardlp,separating_off,emphasis_optimality,presolving_off,emphasis_feasibility
neos-912023,emphasis_hardlp,separating_off,separating_aggressive,presolving_fast,heuristics_fast,emphasis_feasibility,emphasis_easycip,default,separating_fast,presolving_off,presolving_aggressive,heuristics_aggressive,heuristics_off,emphasis_optimality
neos-807705,separating_off,emphasis_hardlp,separating_fast,emphasis_easycip,heuristics_off,heuristics_fast,heuristics_aggressive,default,separating_aggressive,presolving_fast,presolving_aggressive,presolving_off,emphasis_feasibility,emphasis_optimality
neos-1489999,presolving_fast,separating_aggressive,presolving_aggressive,default,separating_fast,heuristics_aggressive,emphasis_hardlp,separating_off,heuristics_fast,emphasis_easycip,emphasis_feasibility,presolving_off,heuristics_off,emphasis_optimality
nu120-pr3,heuristics_aggressive,presolving_fast,default,separating_fast,presolving_aggressive,emphasis_optimality,emphasis_hardlp,separating_off,separating_aggressive,presolving_off,heuristics_fast,emphasis_feasibility,emphasis_easycip,heuristics_off
neos-785914,separating_off,heuristics_off,emphasis_hardlp,default,heuristics_fast,separating_fast,presolving_fast,presolving_aggressive,emphasis_easycip,presolving_off,separating_aggressive,heuristics_aggressive,emphasis_feasibility,emphasis_optimality
ns4-pr9,separating_fast,presolving_off,emphasis_easycip,separating_off,separating_aggressive,presolving_fast,default,presolving_aggressive,heuristics_fast,heuristics_aggressive,heuristics_off,emphasis_hardlp,emphasis_optimality,emphasis_feasibility
mine-166-5,emphasis_hardlp,separating_off,separating_fast,heuristics_aggressive,emphasis_feasibility,emphasis_easycip,default,presolving_fast,heuristics_fast,presolving_off,heuristics_off,separating_aggressive,presolving_aggressive,emphasis_optimality
neos-881765,emphasis_feasibility,presolving_fast,emphasis_hardlp,emphasis_easycip,separating_off,heuristics_fast,heuristics_aggressive,presolving_aggressive,default,separating_fast,separating_aggressive,heuristics_off,presolving_off,emphasis_optimality
atm20-100,separating_fast,presolving_aggressive,presolving_fast,emphasis_feasibility,default,presolving_off,separating_off,separating_aggressive,heuristics_fast,heuristics_aggressive,heuristics_off,emphasis_optimality,emphasis_hardlp,emphasis_easycip
neos-892255,presolving_fast,default,presolving_off,separating_fast,emphasis_feasibility,heuristics_fast,emphasis_easycip,separating_off,separating_aggressive,presolving_aggressive,heuristics_aggressive,emphasis_hardlp,heuristics_off,emphasis_optimality
dfn-gwin-UUM,presolving_off,presolving_aggressive,heuristics_fast,heuristics_aggressive,default,presolving_fast,heuristics_off,emphasis_optimality,emphasis_hardlp,separating_fast,separating_aggressive,emphasis_feasibility,emphasis_easycip,separating_off
neos-941698,default,emphasis_feasibility,presolving_aggressive,emphasis_hardlp,separating_fast,presolving_fast,separating_aggressive,heuristics_aggressive,emphasis_easycip,presolving_off,separating_off,heuristics_off,heuristics_fast,emphasis_optimality
neos-738098,separating_off,presolving_off,presolving_fast,emphasis_hardlp,separating_fast,emphasis_feasibility,heuristics_aggressive,presolving_aggressive,heuristics_fast,default,emphasis_easycip,separating_aggressive,heuristics_off,emphasis_optimality
neos-525149,heuristics_aggressive,separating_fast,presolving_fast,presolving_aggressive,default,emphasis_feasibility,separating_aggressive,heuristics_fast,emphasis_hardlp,separating_off,emphasis_easycip,presolving_off,heuristics_off,emphasis_optimality
neos-957323,presolving_off,presolving_fast,presolving_aggressive,default,emphasis_feasibility,separating_off,separating_fast,heuristics_aggressive,emphasis_easycip,emphasis_hardlp,separating_aggressive,emphasis_optimality,heuristics_fast,heuristics_off
ns903616,separating_off,separating_fast,separating_aggressive,presolving_fast,presolving_off,presolving_aggressive,heuristics_aggressive,heuristics_off,heuristics_fast,emphasis_feasibility,emphasis_optimality,emphasis_hardlp,default,emphasis_easycip
neos-555001,presolving_aggressive,separating_fast,heuristics_aggressive,presolving_fast,emphasis_feasibility,separating_off,presolving_off,emphasis_hardlp,emphasis_easycip,separating_aggressive,heuristics_off,heuristics_fast,default,emphasis_optimality
pp08aCUTS,presolving_fast,presolving_aggressive,emphasis_hardlp,default,heuristics_aggressive,separating_aggressive,heuristics_fast,emphasis_easycip,separating_fast,presolving_off,separating_off,heuristics_off,emphasis_optimality,emphasis_feasibility
rmine25,presolving_fast,presolving_off,emphasis_hardlp,emphasis_optimality,separating_fast,heuristics_fast,emphasis_easycip,separating_off,separating_aggressive,heuristics_aggressive,emphasis_feasibility,default,presolving_aggressive,heuristics_off
neos-935769,separating_off,presolving_off,separating_fast,presolving_fast,presolving_aggressive,separating_aggressive,default,emphasis_feasibility,heuristics_aggressive,emphasis_optimality,emphasis_hardlp,emphasis_easycip,heuristics_fast,heuristics_off
cap6000,default,separating_fast,separating_aggressive,presolving_off,presolving_aggressive,emphasis_feasibility,presolving_fast,heuristics_fast,separating_off,heuristics_aggressive,emphasis_optimality,emphasis_easycip,heuristics_off,emphasis_hardlp
ns4-pr3,presolving_off,emphasis_hardlp,emphasis_easycip,heuristics_fast,separating_fast,presolving_aggressive,default,separating_off,presolving_fast,heuristics_aggressive,separating_aggressive,emphasis_feasibility,heuristics_off,emphasis_optimality
neos-584146,separating_aggressive,separating_off,presolving_fast,separating_fast,heuristics_off,default,heuristics_aggressive,heuristics_fast,presolving_off,presolving_aggressive,emphasis_optimality,emphasis_hardlp,emphasis_feasibility,emphasis_easycip
unitcal_7,separating_fast,presolving_fast,separating_off,default,separating_aggressive,emphasis_optimality,emphasis_feasibility,presolving_off,presolving_aggressive,heuristics_aggressive,heuristics_off,emphasis_easycip,heuristics_fast,emphasis_hardlp
ic97_potential,separating_fast,presolving_aggressive,presolving_fast,separating_aggressive,heuristics_aggressive,presolving_off,heuristics_fast,emphasis_easycip,separating_off,emphasis_feasibility,default,emphasis_optimality,heuristics_off,emphasis_hardlp
ns1663818,separating_fast,emphasis_easycip,separating_off,presolving_fast,emphasis_feasibility,presolving_off,presolving_aggressive,heuristics_fast,separating_aggressive,heuristics_aggressive,emphasis_hardlp,default,heuristics_off,emphasis_optimality
rmine10,separating_off,default,separating_fast,presolving_fast,heuristics_fast,presolving_off,emphasis_hardlp,emphasis_easycip,heuristics_aggressive,emphasis_feasibility,separating_aggressive,heuristics_off,emphasis_optimality,presolving_aggressive
neos-1467467,emphasis_feasibility,default,separating_fast,presolving_fast,heuristics_aggressive,presolving_off,separating_aggressive,presolving_aggressive,emphasis_optimality,separating_off,emphasis_hardlp,emphasis_easycip,heuristics_fast,heuristics_off
neos-824695,separating_off,presolving_fast,heuristics_aggressive,presolving_aggressive,emphasis_feasibility,separating_fast,separating_aggressive,default,presolving_off,emphasis_easycip,emphasis_hardlp,heuristics_fast,emphasis_optimality,heuristics_off
neos-555298,presolving_fast,presolving_aggressive,emphasis_feasibility,heuristics_aggressive,separating_fast,emphasis_hardlp,presolving_off,separating_off,emphasis_easycip,default,heuristics_fast,separating_aggressive,heuristics_off,emphasis_optimality
sp97ar,heuristics_aggressive,presolving_off,emphasis_feasibility,presolving_fast,separating_off,separating_fast,separating_aggressive,default,presolving_aggressive,emphasis_hardlp,emphasis_easycip,heuristics_fast,emphasis_optimality,heuristics_off
neos-932721,presolving_aggressive,presolving_fast,separating_aggressive,heuristics_aggressive,separating_fast,heuristics_fast,default,presolving_off,emphasis_feasibility,emphasis_optimality,emphasis_hardlp,emphasis_easycip,separating_off,heuristics_off
tanglegram1,heuristics_aggressive,presolving_fast,separating_off,presolving_off,emphasis_easycip,separating_fast,separating_aggressive,presolving_aggressive,emphasis_feasibility,heuristics_fast,emphasis_hardlp,heuristics_off,emphasis_optimality,default
neos-826650,heuristics_aggressive,emphasis_feasibility,presolving_fast,emphasis_hardlp,separating_off,presolving_aggressive,default,separating_aggressive,presolving_off,separating_fast,emphasis_easycip,emphasis_optimality,heuristics_fast,heuristics_off
neos-1429212,separating_off,separating_fast,presolving_fast,presolving_aggressive,separating_aggressive,presolving_off,emphasis_feasibility,default,emphasis_hardlp,emphasis_easycip,heuristics_fast,heuristics_aggressive,emphasis_optimality,heuristics_off
neos-538867,presolving_fast,separating_off,separating_fast,presolving_aggressive,emphasis_hardlp,separating_aggressive,heuristics_off,heuristics_aggressive,default,presolving_off,heuristics_fast,emphasis_feasibility,emphasis_easycip,emphasis_optimality
neos-948268,default,separating_fast,emphasis_feasibility,presolving_fast,presolving_aggressive,emphasis_hardlp,separating_off,separating_aggressive,heuristics_aggressive,presolving_off,heuristics_off,heuristics_fast,emphasis_optimality,emphasis_easycip
neos-1420205,separating_fast,default,separating_off,separating_aggressive,presolving_fast,emphasis_easycip,presolving_off,presolving_aggressive,heuristics_off,heuristics_aggressive,emphasis_hardlp,emphasis_feasibility,heuristics_fast,emphasis_optimality
modglob,presolving_fast,presolving_aggressive,heuristics_aggressive,default,separating_aggressive,presolving_off,separating_fast,emphasis_feasibility,separating_off,emphasis_easycip,heuristics_fast,emphasis_optimality,emphasis_hardlp,heuristics_off
neos-1330635,separating_off,separating_aggressive,presolving_off,presolving_fast,presolving_aggressive,emphasis_hardlp,emphasis_feasibility,heuristics_fast,default,separating_fast,emphasis_easycip,heuristics_aggressive,heuristics_off,emphasis_optimality
p0282,presolving_fast,separating_fast,heuristics_fast,emphasis_hardlp,default,presolving_aggressive,heuristics_aggressive,presolving_off,heuristics_off,emphasis_optimality,emphasis_easycip,separating_off,separating_aggressive,emphasis_feasibility
disctom,separating_fast,separating_off,separating_aggressive,heuristics_aggressive,emphasis_feasibility,default,heuristics_fast,presolving_off,presolving_fast,presolving_aggressive,emphasis_hardlp,heuristics_off,emphasis_optimality,emphasis_easycip
rococoC11-011100,separating_fast,heuristics_aggressive,emphasis_feasibility,default,presolving_aggressive,presolving_fast,separating_aggressive,heuristics_fast,emphasis_optimality,emphasis_easycip,separating_off,presolving_off,emphasis_hardlp,heuristics_off
b2c1s1,presolving_fast,default,presolving_aggressive,separating_aggressive,presolving_off,heuristics_aggressive,separating_fast,heuristics_fast,emphasis_optimality,emphasis_hardlp,emphasis_feasibility,heuristics_off,separating_off,emphasis_easycip
neos-830439,presolving_fast,separating_fast,separating_off,presolving_aggressive,default,presolving_off,emphasis_hardlp,emphasis_feasibility,separating_aggressive,heuristics_fast,emphasis_optimality,heuristics_aggressive,heuristics_off,emphasis_easycip
neos-806323,separating_off,heuristics_fast,separating_fast,emphasis_easycip,default,presolving_fast,heuristics_off,heuristics_aggressive,emphasis_hardlp,separating_aggressive,presolving_aggressive,presolving_off,emphasis_feasibility,emphasis_optimality
