neos-1426635,presolving_off,separating_fast,separating_off,presolving_fast,emphasis_feasibility,default,separating_aggressive,presolving_aggressive,heuristics_aggressive,emphasis_optimality,emphasis_hardlp,heuristics_fast,emphasis_easycip,heuristics_off
neos-876808,separating_fast,separating_off,emphasis_hardlp,emphasis_feasibility,heuristics_aggressive,presolving_fast,presolving_aggressive,separating_aggressive,presolving_off,heuristics_fast,default,heuristics_off,emphasis_optimality,emphasis_easycip
neos-555884,emphasis_feasibility,separating_off,separating_fast,presolving_fast,heuristics_aggressive,separating_aggressive,presolving_off,presolving_aggressive,heuristics_fast,default,emphasis_hardlp,emphasis_easycip,heuristics_off,emphasis_optimality
mine-166-5,emphasis_hardlp,emphasis_feasibility,separating_off,separating_fast,presolving_fast,heuristics_aggressive,default,presolving_off,heuristics_fast,emphasis_easycip,presolving_aggressive,separating_aggressive,heuristics_off,emphasis_optimality
neos-717614,default,separating_aggressive,presolving_fast,presolving_aggressive,separating_fast,presolving_off,heuristics_fast,heuristics_aggressive,emphasis_hardlp,emphasis_easycip,emphasis_optimality,emphasis_feasibility,heuristics_off,separating_off
neos-860244,presolving_fast,heuristics_off,heuristics_aggressive,emphasis_easycip,separating_off,separating_fast,separating_aggressive,presolving_aggressive,heuristics_fast,emphasis_hardlp,emphasis_feasibility,presolving_off,default,emphasis_optimality
air04,heuristics_aggressive,separating_fast,emphasis_feasibility,presolving_aggressive,default,separating_aggressive,separating_off,presolving_off,presolving_fast,emphasis_hardlp,heuristics_off,heuristics_fast,emphasis_easycip,emphasis_optimality
neos-476283,separating_off,presolving_fast,separating_fast,emphasis_hardlp,default,presolving_aggressive,heuristics_aggressive,emphasis_optimality,emphasis_feasibility,heuristics_fast,separating_aggressive,emphasis_easycip,presolving_off,heuristics_off
neos-885524,presolving_off,separating_off,separating_fast,presolving_aggressive,emphasis_feasibility,presolving_fast,default,heuristics_aggressive,emphasis_easycip,separating_aggressive,heuristics_fast,emphasis_hardlp,heuristics_off,emphasis_optimality
neos-1445755,separating_off,separating_fast,emphasis_feasibility,heuristics_fast,default,heuristics_aggressive,separating_aggressive,heuristics_off,emphasis_optimality,presolving_fast,presolving_off,emphasis_easycip,emphasis_hardlp,presolving_aggressive
reblock354,separating_off,presolving_off,presolving_fast,emphasis_feasibility,separating_fast,emphasis_hardlp,heuristics_aggressive,default,separating_aggressive,emphasis_easycip,heuristics_fast,presolving_aggressive,emphasis_optimality,heuristics_off
22433,separating_off,presolving_off,emphasis_hardlp,separating_fast,presolving_aggressive,presolving_fast,emphasis_feasibility,separating_aggressive,default,heuristics_off,heuristics_aggressive,emphasis_easycip,heuristics_fast,emphasis_optimality
neos-941313,separating_off,separating_fast,emphasis_feasibility,presolving_fast,presolving_aggressive,presolving_off,heuristics_aggressive,emphasis_hardlp,separating_aggressive,emphasis_easycip,heuristics_off,heuristics_fast,emphasis_optimality,default
neos-1058477,presolving_aggressive,emphasis_feasibility,presolving_off,heuristics_aggressive,emphasis_hardlp,separating_fast,separating_aggressive,default,presolving_fast,emphasis_easycip,emphasis_optimality,separating_off,heuristics_fast,heuristics_off
neos-948346,separating_off,presolving_fast,emphasis_hardlp,default,emphasis_feasibility,emphasis_easycip,separating_fast,presolving_aggressive,heuristics_aggressive,presolving_off,emphasis_optimality,separating_aggressive,heuristics_off,heuristics_fast
neos-494568,presolving_off,separating_fast,presolving_fast,emphasis_feasibility,default,presolving_aggressive,heuristics_aggressive,heuristics_fast,separating_aggressive,emphasis_hardlp,separating_off,emphasis_easycip,heuristics_off,emphasis_optimality
neos-593853,emphasis_feasibility,separating_off,separating_aggressive,default,heuristics_aggressive,presolving_aggressive,emphasis_optimality,separating_fast,emphasis_hardlp,presolving_fast,presolving_off,emphasis_easycip,heuristics_off,heuristics_fast
neos-886822,separating_aggressive,presolving_fast,presolving_aggressive,emphasis_hardlp,heuristics_aggressive,default,separating_off,separating_fast,presolving_off,heuristics_fast,emphasis_optimality,emphasis_feasibility,emphasis_easycip,heuristics_off
queens-30,presolving_off,heuristics_aggressive,separating_off,separating_fast,presolving_fast,default,emphasis_feasibility,separating_aggressive,presolving_aggressive,heuristics_fast,emphasis_hardlp,emphasis_optimality,emphasis_easycip,heuristics_off
neos-1225589,emphasis_optimality,heuristics_aggressive,emphasis_hardlp,default,separating_fast,presolving_fast,presolving_aggressive,separating_aggressive,emphasis_feasibility,heuristics_fast,separating_off,presolving_off,emphasis_easycip,heuristics_off
ns1663818,separating_fast,separating_off,separating_aggressive,presolving_fast,presolving_off,heuristics_fast,heuristics_off,emphasis_feasibility,emphasis_easycip,heuristics_aggressive,emphasis_hardlp,presolving_aggressive,emphasis_optimality,default
neos-1599274,presolving_fast,presolving_off,default,separating_fast,presolving_aggressive,emphasis_hardlp,emphasis_easycip,heuristics_fast,heuristics_off,heuristics_aggressive,emphasis_feasibility,separating_aggressive,emphasis_optimality,separating_off
neos-1445532,separating_off,emphasis_feasibility,separating_fast,presolving_off,presolving_aggressive,emphasis_hardlp,default,presolving_fast,emphasis_easycip,heuristics_fast,separating_aggressive,heuristics_aggressive,heuristics_off,emphasis_optimality
neos-1451294,separating_fast,presolving_fast,emphasis_hardlp,default,emphasis_feasibility,separating_aggressive,presolving_off,presolving_aggressive,heuristics_off,heuristics_fast,heuristics_aggressive,emphasis_easycip,separating_off,emphasis_optimality
haprp,separating_aggressive,presolving_aggressive,default,separating_fast,presolving_off,presolving_fast,heuristics_aggressive,emphasis_hardlp,heuristics_fast,emphasis_optimality,separating_off,heuristics_off,emphasis_easycip,emphasis_feasibility
bell3a,default,heuristics_fast,separating_aggressive,heuristics_off,emphasis_optimality,presolving_aggressive,separating_off,separating_fast,emphasis_easycip,presolving_off,presolving_fast,emphasis_hardlp,heuristics_aggressive,emphasis_feasibility
dsbmip,presolving_aggressive,separating_off,separating_fast,separating_aggressive,presolving_off,default,presolving_fast,emphasis_hardlp,emphasis_easycip,emphasis_feasibility,heuristics_fast,heuristics_aggressive,emphasis_optimality,heuristics_off
ran14x18_1,presolving_fast,separating_aggressive,presolving_aggressive,heuristics_fast,default,presolving_off,heuristics_aggressive,separating_fast,emphasis_optimality,emphasis_easycip,heuristics_off,emphasis_hardlp,emphasis_feasibility,separating_off
g200x740i,presolving_fast,separating_aggressive,presolving_aggressive,heuristics_aggressive,default,emphasis_optimality,heuristics_fast,presolving_off,separating_fast,emphasis_hardlp,emphasis_easycip,separating_off,emphasis_feasibility,heuristics_off
go19,presolving_off,default,separating_off,heuristics_fast,presolving_fast,presolving_aggressive,separating_fast,emphasis_hardlp,emphasis_easycip,separating_aggressive,heuristics_off,emphasis_optimality,heuristics_aggressive,emphasis_feasibility
l152lav,separating_off,separating_fast,emphasis_easycip,default,presolving_off,presolving_fast,heuristics_off,heuristics_fast,heuristics_aggressive,emphasis_hardlp,presolving_aggressive,emphasis_feasibility,separating_aggressive,emphasis_optimality
neos-839894,separating_off,emphasis_feasibility,separating_fast,presolving_off,presolving_fast,heuristics_aggressive,default,separating_aggressive,emphasis_optimality,emphasis_hardlp,presolving_aggressive,heuristics_off,heuristics_fast,emphasis_easycip
gesa3,separating_fast,presolving_off,presolving_fast,emphasis_hardlp,default,separating_off,presolving_aggressive,heuristics_aggressive,emphasis_easycip,heuristics_off,separating_aggressive,heuristics_fast,emphasis_optimality,emphasis_feasibility
neos-911970,emphasis_hardlp,separating_aggressive,presolving_off,presolving_aggressive,heuristics_aggressive,separating_fast,heuristics_fast,presolving_fast,emphasis_optimality,default,emphasis_feasibility,separating_off,emphasis_easycip,heuristics_off
bg512142,heuristics_fast,emphasis_hardlp,default,separating_aggressive,presolving_off,presolving_fast,separating_fast,presolving_aggressive,heuristics_off,heuristics_aggressive,emphasis_optimality,emphasis_easycip,emphasis_feasibility,separating_off
dg012142,separating_fast,presolving_fast,presolving_off,heuristics_aggressive,default,separating_off,separating_aggressive,presolving_aggressive,emphasis_hardlp,heuristics_fast,emphasis_feasibility,emphasis_easycip,emphasis_optimality,heuristics_off
p6b,separating_fast,presolving_off,presolving_fast,emphasis_hardlp,presolving_aggressive,emphasis_easycip,heuristics_fast,emphasis_feasibility,default,separating_off,separating_aggressive,emphasis_optimality,heuristics_aggressive,heuristics_off
neos-1417043,presolving_off,separating_aggressive,heuristics_fast,separating_off,emphasis_hardlp,emphasis_easycip,presolving_fast,presolving_aggressive,separating_fast,heuristics_off,heuristics_aggressive,emphasis_optimality,default,emphasis_feasibility
neos-785914,separating_off,heuristics_off,emphasis_hardlp,default,presolving_fast,presolving_aggressive,heuristics_fast,emphasis_feasibility,separating_fast,heuristics_aggressive,emphasis_easycip,presolving_off,separating_aggressive,emphasis_optimality
cdma,separating_off,presolving_off,separating_fast,presolving_fast,presolving_aggressive,emphasis_feasibility,heuristics_aggressive,emphasis_hardlp,separating_aggressive,default,heuristics_off,heuristics_fast,emphasis_optimality,emphasis_easycip
sp98ir,heuristics_aggressive,emphasis_feasibility,default,presolving_fast,presolving_aggressive,separating_aggressive,separating_fast,presolving_off,heuristics_fast,emphasis_optimality,emphasis_hardlp,separating_off,emphasis_easycip,heuristics_off
uc-case3,separating_fast,separating_off,presolving_fast,heuristics_fast,separating_aggressive,emphasis_feasibility,presolving_off,presolving_aggressive,heuristics_aggressive,default,emphasis_hardlp,emphasis_optimality,heuristics_off,emphasis_easycip
opm2-z7-s2,emphasis_hardlp,presolving_fast,emphasis_feasibility,presolving_off,separating_off,separating_fast,heuristics_aggressive,default,heuristics_fast,emphasis_easycip,separating_aggressive,presolving_aggressive,heuristics_off,emphasis_optimality
neos-826694,separating_off,presolving_fast,separating_fast,default,presolving_off,presolving_aggressive,heuristics_aggressive,emphasis_feasibility,separating_aggressive,emphasis_optimality,emphasis_easycip,emphasis_hardlp,heuristics_fast,heuristics_off
ns1111636,separating_off,separating_fast,presolving_fast,emphasis_feasibility,presolving_aggressive,separating_aggressive,heuristics_aggressive,emphasis_hardlp,presolving_off,emphasis_optimality,heuristics_fast,emphasis_easycip,default,heuristics_off
neos-1151496,presolving_fast,separating_aggressive,separating_off,heuristics_off,heuristics_aggressive,emphasis_easycip,separating_fast,presolving_aggressive,presolving_off,heuristics_fast,emphasis_feasibility,default,emphasis_optimality,emphasis_hardlp
p2756,heuristics_aggressive,presolving_fast,emphasis_hardlp,default,separating_fast,emphasis_feasibility,presolving_aggressive,heuristics_fast,heuristics_off,separating_aggressive,emphasis_easycip,separating_off,emphasis_optimality,presolving_off
neos-801834,separating_fast,heuristics_off,emphasis_easycip,presolving_aggressive,emphasis_feasibility,separating_off,heuristics_aggressive,emphasis_hardlp,default,presolving_off,presolving_fast,heuristics_fast,separating_aggressive,emphasis_optimality
neos-1281048,separating_aggressive,presolving_aggressive,emphasis_hardlp,separating_fast,emphasis_optimality,presolving_off,default,presolving_fast,heuristics_off,heuristics_fast,separating_off,heuristics_aggressive,emphasis_feasibility,emphasis_easycip
pg5_34,separating_aggressive,presolving_off,separating_fast,presolving_fast,presolving_aggressive,separating_off,heuristics_fast,default,emphasis_hardlp,heuristics_aggressive,emphasis_easycip,emphasis_optimality,emphasis_feasibility,heuristics_off
reblock420,emphasis_hardlp,presolving_off,separating_off,presolving_fast,emphasis_feasibility,separating_fast,heuristics_fast,heuristics_aggressive,emphasis_easycip,default,separating_aggressive,heuristics_off,presolving_aggressive,emphasis_optimality
flugpl,presolving_aggressive,heuristics_fast,separating_fast,presolving_off,default,presolving_fast,emphasis_optimality,heuristics_aggressive,emphasis_feasibility,emphasis_easycip,separating_aggressive,heuristics_off,emphasis_hardlp,separating_off
neos-807639,default,separating_fast,presolving_aggressive,separating_off,presolving_fast,heuristics_aggressive,separating_aggressive,emphasis_easycip,heuristics_fast,presolving_off,heuristics_off,emphasis_hardlp,emphasis_feasibility,emphasis_optimality
neos-1396125,presolving_fast,separating_fast,presolving_off,heuristics_aggressive,default,presolving_aggressive,separating_aggressive,heuristics_fast,emphasis_easycip,emphasis_hardlp,emphasis_feasibility,separating_off,heuristics_off,emphasis_optimality
neos-631164,presolving_off,presolving_fast,separating_aggressive,presolving_aggressive,heuristics_aggressive,default,emphasis_optimality,emphasis_hardlp,separating_fast,heuristics_fast,emphasis_feasibility,emphasis_easycip,separating_off,heuristics_off
dolom1,separating_fast,presolving_aggressive,presolving_off,presolving_fast,default,separating_off,separating_aggressive,emphasis_feasibility,heuristics_aggressive,emphasis_easycip,heuristics_fast,emphasis_optimality,emphasis_hardlp,heuristics_off
neos-950242,presolving_fast,default,separating_aggressive,separating_fast,separating_off,presolving_off,presolving_aggressive,heuristics_aggressive,heuristics_off,emphasis_optimality,emphasis_feasibility,emphasis_hardlp,heuristics_fast,emphasis_easycip
neos-1208135,separating_off,presolving_off,separating_fast,heuristics_off,emphasis_feasibility,heuristics_fast,heuristics_aggressive,emphasis_easycip,default,presolving_aggressive,separating_aggressive,presolving_fast,emphasis_hardlp,emphasis_optimality
neos-931538,presolving_aggressive,separating_off,separating_aggressive,presolving_fast,default,heuristics_aggressive,emphasis_feasibility,separating_fast,presolving_off,emphasis_optimality,emphasis_easycip,heuristics_off,emphasis_hardlp,heuristics_fast
atlanta-ip,separating_off,separating_fast,heuristics_aggressive,presolving_fast,emphasis_feasibility,presolving_off,default,separating_aggressive,presolving_aggressive,emphasis_hardlp,heuristics_off,emphasis_optimality,heuristics_fast,emphasis_easycip
ns25-pr3,separating_fast,heuristics_fast,heuristics_aggressive,emphasis_hardlp,separating_off,presolving_fast,presolving_off,presolving_aggressive,emphasis_easycip,default,separating_aggressive,heuristics_off,emphasis_feasibility,emphasis_optimality
