neos-1337489,heuristics_off,presolving_aggressive,heuristics_fast,separating_fast,emphasis_hardlp,separating_off,default,emphasis_easycip,emphasis_feasibility,separating_aggressive,presolving_fast,heuristics_aggressive,emphasis_optimality,presolving_off
p2756,emphasis_hardlp,separating_fast,presolving_fast,presolving_aggressive,default,heuristics_fast,emphasis_feasibility,heuristics_aggressive,separating_off,separating_aggressive,heuristics_off,emphasis_easycip,presolving_off,emphasis_optimality
neos-1330635,separating_off,presolving_fast,separating_fast,separating_aggressive,presolving_aggressive,default,presolving_off,emphasis_hardlp,heuristics_fast,heuristics_aggressive,emphasis_easycip,emphasis_feasibility,emphasis_optimality,heuristics_off
neos-948268,separating_off,separating_fast,presolving_fast,emphasis_hardlp,default,presolving_aggressive,presolving_off,separating_aggressive,heuristics_aggressive,heuristics_fast,emphasis_feasibility,emphasis_easycip,heuristics_off,emphasis_optimality
neos-1605061,separating_fast,separating_off,separating_aggressive,presolving_fast,presolving_aggressive,default,heuristics_fast,presolving_off,heuristics_aggressive,heuristics_off,emphasis_hardlp,emphasis_feasibility,emphasis_easycip,emphasis_optimality
iis-bupa-cov,separating_off,heuristics_fast,presolving_fast,presolving_aggressive,default,separating_fast,presolving_off,separating_aggressive,heuristics_aggressive,emphasis_easycip,heuristics_off,emphasis_hardlp,emphasis_feasibility,emphasis_optimality
neos-1599274,presolving_fast,separating_fast,heuristics_aggressive,emphasis_feasibility,default,presolving_off,presolving_aggressive,separating_aggressive,emphasis_hardlp,emphasis_easycip,heuristics_fast,separating_off,emphasis_optimality,heuristics_off
satellites3-40,separating_off,separating_fast,separating_aggressive,presolving_off,presolving_fast,presolving_aggressive,heuristics_off,heuristics_fast,heuristics_aggressive,emphasis_optimality,emphasis_hardlp,emphasis_feasibility,emphasis_easycip,default
neos-1597104,emphasis_hardlp,emphasis_easycip,presolving_fast,separating_fast,presolving_aggressive,heuristics_off,emphasis_feasibility,separating_off,heuristics_fast,heuristics_aggressive,default,presolving_off,separating_aggressive,emphasis_optimality
pigeon-12,separating_fast,presolving_aggressive,emphasis_easycip,separating_off,separating_aggressive,emphasis_hardlp,emphasis_feasibility,emphasis_optimality,presolving_off,heuristics_aggressive,default,presolving_fast,heuristics_fast,heuristics_off
neos-785899,presolving_fast,presolving_off,separating_fast,emphasis_easycip,separating_off,presolving_aggressive,heuristics_fast,emphasis_hardlp,default,heuristics_aggressive,emphasis_feasibility,separating_aggressive,heuristics_off,emphasis_optimality
ns25-pr9,emphasis_hardlp,heuristics_fast,presolving_fast,emphasis_easycip,presolving_aggressive,default,separating_aggressive,heuristics_aggressive,separating_fast,separating_off,presolving_off,heuristics_off,emphasis_feasibility,emphasis_optimality
set3-10,presolving_aggressive,default,heuristics_aggressive,separating_aggressive,presolving_fast,separating_fast,presolving_off,emphasis_optimality,emphasis_feasibility,heuristics_fast,emphasis_hardlp,emphasis_easycip,heuristics_off,separating_off
ns25-pr3,emphasis_hardlp,heuristics_fast,separating_fast,presolving_fast,presolving_aggressive,heuristics_aggressive,default,separating_off,emphasis_easycip,separating_aggressive,presolving_off,heuristics_off,emphasis_feasibility,emphasis_optimality
pp08a,default,presolving_fast,presolving_aggressive,separating_aggressive,heuristics_aggressive,presolving_off,heuristics_fast,emphasis_hardlp,separating_fast,emphasis_optimality,emphasis_easycip,heuristics_off,emphasis_feasibility,separating_off
n370a,heuristics_aggressive,separating_aggressive,presolving_fast,presolving_aggressive,default,heuristics_fast,emphasis_feasibility,emphasis_optimality,emphasis_hardlp,separating_fast,presolving_off,emphasis_easycip,separating_off,heuristics_off
probportfolio,separating_off,emphasis_easycip,presolving_off,emphasis_hardlp,separating_fast,default,presolving_fast,heuristics_fast,presolving_aggressive,emphasis_feasibility,separating_aggressive,heuristics_aggressive,emphasis_optimality,heuristics_off
dc1l,heuristics_aggressive,separating_off,separating_fast,default,presolving_aggressive,presolving_fast,heuristics_fast,presolving_off,emphasis_feasibility,separating_aggressive,emphasis_optimality,emphasis_easycip,heuristics_off,emphasis_hardlp
neos-525149,emphasis_feasibility,separating_fast,presolving_aggressive,presolving_fast,heuristics_aggressive,default,separating_off,presolving_off,emphasis_hardlp,separating_aggressive,emphasis_easycip,heuristics_fast,emphasis_optimality,heuristics_off
neos-856059,separating_off,presolving_fast,presolving_aggressive,heuristics_fast,default,separating_fast,presolving_off,separating_aggressive,heuristics_aggressive,emphasis_easycip,heuristics_off,emphasis_feasibility,emphasis_optimality,emphasis_hardlp
triptim2,separating_fast,presolving_aggressive,heuristics_aggressive,separating_off,presolving_fast,default,emphasis_feasibility,separating_aggressive,emphasis_hardlp,emphasis_easycip,heuristics_fast,presolving_off,emphasis_optimality,heuristics_off
p0282,presolving_fast,presolving_aggressive,default,heuristics_fast,emphasis_hardlp,separating_fast,presolving_off,heuristics_aggressive,separating_aggressive,emphasis_easycip,emphasis_optimality,heuristics_off,emphasis_feasibility,separating_off
khb05250,presolving_fast,default,presolving_off,presolving_aggressive,heuristics_fast,heuristics_aggressive,emphasis_hardlp,separating_aggressive,emphasis_optimality,heuristics_off,separating_fast,emphasis_easycip,separating_off,emphasis_feasibility
p100x588b,heuristics_aggressive,presolving_fast,default,presolving_aggressive,separating_aggressive,presolving_off,heuristics_fast,emphasis_optimality,emphasis_hardlp,separating_fast,emphasis_easycip,emphasis_feasibility,heuristics_off,separating_off
cov1075,separating_off,heuristics_fast,presolving_off,presolving_fast,default,emphasis_easycip,separating_fast,presolving_aggressive,emphasis_hardlp,separating_aggressive,heuristics_aggressive,emphasis_feasibility,heuristics_off,emphasis_optimality
neos-501453,default,separating_off,separating_fast,presolving_fast,separating_aggressive,presolving_aggressive,heuristics_fast,heuristics_aggressive,emphasis_optimality,emphasis_feasibility,presolving_off,emphasis_hardlp,emphasis_easycip,heuristics_off
neos-1605075,emphasis_feasibility,emphasis_hardlp,presolving_aggressive,separating_fast,presolving_fast,default,heuristics_fast,heuristics_aggressive,separating_aggressive,presolving_off,heuristics_off,emphasis_easycip,separating_off,emphasis_optimality
map18,default,presolving_aggressive,separating_fast,separating_off,presolving_fast,separating_aggressive,heuristics_aggressive,emphasis_feasibility,heuristics_fast,emphasis_easycip,emphasis_hardlp,presolving_off,emphasis_optimality,heuristics_off
neos-1367061,presolving_fast,heuristics_aggressive,default,presolving_off,separating_fast,presolving_aggressive,separating_aggressive,separating_off,emphasis_hardlp,heuristics_fast,emphasis_optimality,emphasis_feasibility,emphasis_easycip,heuristics_off
neos-574665,presolving_fast,presolving_aggressive,default,heuristics_aggressive,separating_aggressive,separating_fast,presolving_off,heuristics_fast,emphasis_feasibility,separating_off,emphasis_optimality,emphasis_easycip,emphasis_hardlp,heuristics_off
neos-825075,separating_aggressive,emphasis_hardlp,separating_fast,presolving_fast,heuristics_fast,presolving_aggressive,emphasis_easycip,default,heuristics_off,heuristics_aggressive,emphasis_feasibility,separating_off,presolving_off,emphasis_optimality
rail03,separating_off,separating_fast,separating_aggressive,presolving_off,presolving_fast,presolving_aggressive,heuristics_off,heuristics_fast,heuristics_aggressive,emphasis_optimality,emphasis_hardlp,emphasis_feasibility,emphasis_easycip,default
neos-941313,presolving_aggressive,heuristics_fast,emphasis_feasibility,separating_fast,heuristics_aggressive,default,separating_off,presolving_fast,separating_aggressive,emphasis_easycip,presolving_off,heuristics_off,emphasis_hardlp,emphasis_optimality
lseu,separating_fast,emphasis_hardlp,emphasis_feasibility,presolving_aggressive,heuristics_aggressive,emphasis_easycip,default,heuristics_fast,separating_aggressive,presolving_fast,separating_off,presolving_off,heuristics_off,emphasis_optimality
ns1853823,separating_off,separating_fast,separating_aggressive,presolving_off,presolving_fast,presolving_aggressive,heuristics_off,heuristics_fast,heuristics_aggressive,emphasis_optimality,emphasis_hardlp,emphasis_feasibility,emphasis_easycip,default
rmatr200-p10,separating_fast,separating_off,presolving_fast,emphasis_feasibility,heuristics_aggressive,presolving_off,presolving_aggressive,default,emphasis_hardlp,separating_aggressive,heuristics_fast,emphasis_easycip,emphasis_optimality,heuristics_off
neos-504674,separating_aggressive,emphasis_easycip,separating_fast,presolving_aggressive,heuristics_fast,default,emphasis_hardlp,heuristics_off,heuristics_aggressive,presolving_fast,separating_off,presolving_off,emphasis_feasibility,emphasis_optimality
neos-862348,emphasis_feasibility,separating_fast,default,heuristics_aggressive,presolving_aggressive,presolving_fast,emphasis_hardlp,separating_aggressive,separating_off,presolving_off,heuristics_fast,emphasis_easycip,heuristics_off,emphasis_optimality
t1722,emphasis_feasibility,separating_fast,default,separating_off,presolving_aggressive,presolving_fast,emphasis_hardlp,emphasis_easycip,heuristics_aggressive,separating_aggressive,presolving_off,heuristics_fast,emphasis_optimality,heuristics_off
triptim3,presolving_aggressive,heuristics_aggressive,separating_off,separating_fast,presolving_fast,default,emphasis_feasibility,separating_aggressive,emphasis_hardlp,emphasis_easycip,heuristics_fast,presolving_off,emphasis_optimality,heuristics_off
neos-1595230,heuristics_fast,separating_off,separating_aggressive,presolving_fast,presolving_aggressive,emphasis_easycip,separating_fast,default,heuristics_off,presolving_off,heuristics_aggressive,emphasis_hardlp,emphasis_feasibility,emphasis_optimality
air05,emphasis_feasibility,separating_fast,separating_off,heuristics_aggressive,default,separating_aggressive,presolving_aggressive,emphasis_hardlp,emphasis_easycip,presolving_fast,heuristics_fast,heuristics_off,presolving_off,emphasis_optimality
neos-538916,emphasis_optimality,default,presolving_fast,presolving_aggressive,presolving_off,separating_aggressive,separating_fast,heuristics_aggressive,heuristics_off,heuristics_fast,emphasis_easycip,separating_off,emphasis_feasibility,emphasis_hardlp
neos-1415183,separating_off,presolving_fast,default,emphasis_hardlp,presolving_aggressive,presolving_off,emphasis_easycip,emphasis_optimality,separating_aggressive,separating_fast,heuristics_aggressive,heuristics_fast,emphasis_feasibility,heuristics_off
neos-820879,presolving_fast,separating_fast,default,presolving_aggressive,emphasis_feasibility,heuristics_aggressive,separating_off,presolving_off,separating_aggressive,heuristics_fast,emphasis_optimality,emphasis_hardlp,emphasis_easycip,heuristics_off
neos-780889,separating_off,separating_fast,separating_aggressive,presolving_off,presolving_fast,presolving_aggressive,heuristics_off,heuristics_fast,heuristics_aggressive,emphasis_optimality,emphasis_hardlp,emphasis_feasibility,emphasis_easycip,default
gesa3,separating_fast,presolving_fast,emphasis_hardlp,default,presolving_off,presolving_aggressive,heuristics_aggressive,separating_off,emphasis_easycip,separating_aggressive,heuristics_fast,heuristics_off,emphasis_optimality,emphasis_feasibility
opm2-z12-s14,presolving_off,presolving_fast,emphasis_hardlp,emphasis_easycip,separating_off,separating_fast,heuristics_aggressive,default,emphasis_feasibility,heuristics_fast,emphasis_optimality,separating_aggressive,presolving_aggressive,heuristics_off
eilB101,separating_fast,default,separating_off,emphasis_easycip,presolving_aggressive,heuristics_fast,presolving_fast,emphasis_hardlp,presolving_off,heuristics_off,emphasis_feasibility,heuristics_aggressive,separating_aggressive,emphasis_optimality
neos-662469,emphasis_feasibility,presolving_fast,presolving_off,presolving_aggressive,separating_off,heuristics_aggressive,separating_fast,default,heuristics_off,emphasis_easycip,separating_aggressive,heuristics_fast,emphasis_hardlp,emphasis_optimality
neos-1429212,heuristics_aggressive,presolving_fast,presolving_aggressive,emphasis_feasibility,separating_off,separating_fast,presolving_off,separating_aggressive,default,heuristics_fast,emphasis_optimality,emphasis_hardlp,emphasis_easycip,heuristics_off
n3705,heuristics_aggressive,separating_aggressive,presolving_fast,presolving_aggressive,default,heuristics_fast,emphasis_feasibility,emphasis_optimality,emphasis_hardlp,separating_fast,presolving_off,emphasis_easycip,separating_off,heuristics_off
neos-1427261,separating_off,presolving_fast,separating_fast,default,emphasis_feasibility,separating_aggressive,presolving_off,presolving_aggressive,heuristics_aggressive,emphasis_optimality,emphasis_hardlp,heuristics_fast,emphasis_easycip,heuristics_off
queens-30,separating_off,separating_fast,separating_aggressive,presolving_off,presolving_fast,presolving_aggressive,heuristics_off,heuristics_fast,heuristics_aggressive,emphasis_hardlp,emphasis_optimality,emphasis_feasibility,emphasis_easycip,default
leo1,presolving_off,separating_fast,separating_off,separating_aggressive,presolving_fast,presolving_aggressive,heuristics_fast,heuristics_aggressive,heuristics_off,emphasis_optimality,emphasis_hardlp,emphasis_feasibility,emphasis_easycip,default
rmine10,emphasis_hardlp,separating_off,presolving_fast,separating_fast,default,heuristics_aggressive,emphasis_feasibility,presolving_off,heuristics_fast,emphasis_easycip,separating_aggressive,emphasis_optimality,presolving_aggressive,heuristics_off
neos-1620770,separating_aggressive,separating_fast,presolving_aggressive,default,separating_off,heuristics_fast,heuristics_off,presolving_off,presolving_fast,emphasis_easycip,heuristics_aggressive,emphasis_hardlp,emphasis_feasibility,emphasis_optimality
neos-631517,presolving_off,presolving_fast,separating_aggressive,heuristics_aggressive,presolving_aggressive,default,emphasis_optimality,emphasis_hardlp,separating_fast,emphasis_feasibility,emphasis_easycip,separating_off,heuristics_fast,heuristics_off
bab3,separating_off,separating_fast,presolving_off,presolving_fast,separating_aggressive,presolving_aggressive,heuristics_off,heuristics_fast,heuristics_aggressive,emphasis_easycip,emphasis_hardlp,emphasis_optimality,emphasis_feasibility,default
neos-1429461,separating_off,separating_fast,presolving_fast,presolving_off,presolving_aggressive,default,separating_aggressive,emphasis_feasibility,heuristics_aggressive,emphasis_optimality,heuristics_fast,emphasis_hardlp,emphasis_easycip,heuristics_off
flugpl,separating_fast,presolving_fast,presolving_aggressive,default,heuristics_aggressive,heuristics_fast,presolving_off,separating_off,separating_aggressive,emphasis_hardlp,emphasis_feasibility,emphasis_easycip,heuristics_off,emphasis_optimality
