neos-1605075,presolving_aggressive,emphasis_hardlp,emphasis_feasibility,presolving_off,separating_aggressive,heuristics_fast,default,separating_fast,heuristics_off,emphasis_easycip,presolving_fast,heuristics_aggressive,separating_off,emphasis_optimality
neos-1330346,separating_aggressive,separating_off,separating_fast,presolving_off,presolving_aggressive,heuristics_aggressive,emphasis_hardlp,presolving_fast,emphasis_optimality,emphasis_easycip,default,heuristics_fast,emphasis_feasibility,heuristics_off
neos-598183,emphasis_feasibility,separating_fast,separating_off,heuristics_aggressive,emphasis_optimality,presolving_fast,emphasis_easycip,presolving_aggressive,presolving_off,default,separating_aggressive,emphasis_hardlp,heuristics_off,heuristics_fast
n15-3,separating_off,presolving_fast,presolving_off,separating_fast,separating_aggressive,heuristics_aggressive,default,presolving_aggressive,heuristics_off,emphasis_hardlp,emphasis_optimality,heuristics_fast,emphasis_feasibility,emphasis_easycip
aflow40b,presolving_off,presolving_fast,heuristics_aggressive,separating_fast,default,presolving_aggressive,separating_off,emphasis_easycip,separating_aggressive,emphasis_hardlp,emphasis_feasibility,heuristics_fast,emphasis_optimality,heuristics_off
n3705,heuristics_aggressive,separating_aggressive,presolving_fast,presolving_aggressive,default,heuristics_fast,emphasis_optimality,emphasis_hardlp,emphasis_feasibility,separating_fast,presolving_off,emphasis_easycip,separating_off,heuristics_off
neos-631710,separating_fast,presolving_fast,presolving_off,separating_off,separating_aggressive,heuristics_fast,emphasis_hardlp,emphasis_feasibility,heuristics_aggressive,presolving_aggressive,heuristics_off,emphasis_optimality,default,emphasis_easycip
neos-936660,separating_off,separating_aggressive,presolving_off,presolving_fast,separating_fast,default,presolving_aggressive,heuristics_aggressive,emphasis_feasibility,emphasis_hardlp,emphasis_easycip,emphasis_optimality,heuristics_fast,heuristics_off
neos-555884,presolving_aggressive,heuristics_aggressive,presolving_off,emphasis_feasibility,separating_fast,presolving_fast,default,separating_off,emphasis_hardlp,separating_aggressive,emphasis_easycip,heuristics_off,heuristics_fast,emphasis_optimality
vpphard2,separating_fast,separating_off,separating_aggressive,presolving_off,presolving_fast,heuristics_off,presolving_aggressive,heuristics_fast,heuristics_aggressive,emphasis_optimality,emphasis_hardlp,emphasis_easycip,emphasis_feasibility,default
neos-911970,separating_aggressive,emphasis_optimality,presolving_off,heuristics_aggressive,emphasis_hardlp,presolving_aggressive,default,separating_fast,heuristics_fast,presolving_fast,emphasis_feasibility,emphasis_easycip,separating_off,heuristics_off
fixnet6,presolving_fast,heuristics_aggressive,separating_aggressive,presolving_aggressive,default,emphasis_hardlp,presolving_off,heuristics_fast,emphasis_easycip,emphasis_optimality,separating_fast,emphasis_feasibility,heuristics_off,separating_off
neos15,presolving_fast,presolving_off,presolving_aggressive,heuristics_aggressive,default,emphasis_optimality,emphasis_easycip,separating_fast,separating_aggressive,emphasis_hardlp,heuristics_fast,emphasis_feasibility,separating_off,heuristics_off
neos-850681,heuristics_fast,heuristics_aggressive,emphasis_feasibility,separating_aggressive,presolving_fast,presolving_aggressive,separating_fast,separating_off,emphasis_hardlp,default,presolving_off,emphasis_easycip,heuristics_off,emphasis_optimality
core2536-691,separating_off,separating_fast,default,presolving_aggressive,separating_aggressive,emphasis_feasibility,heuristics_aggressive,presolving_fast,presolving_off,heuristics_fast,emphasis_easycip,emphasis_optimality,emphasis_hardlp,heuristics_off
pk1,separating_aggressive,separating_off,presolving_off,presolving_aggressive,heuristics_aggressive,presolving_fast,heuristics_fast,default,emphasis_hardlp,emphasis_feasibility,emphasis_optimality,separating_fast,heuristics_off,emphasis_easycip
neos-1440225,separating_off,separating_fast,emphasis_hardlp,heuristics_off,heuristics_aggressive,emphasis_optimality,presolving_off,presolving_aggressive,default,separating_aggressive,emphasis_easycip,emphasis_feasibility,presolving_fast,heuristics_fast
neos-1445765,separating_off,separating_fast,heuristics_fast,emphasis_feasibility,heuristics_aggressive,default,separating_aggressive,heuristics_off,emphasis_hardlp,presolving_off,emphasis_optimality,presolving_fast,presolving_aggressive,emphasis_easycip
fiball,separating_off,presolving_fast,presolving_aggressive,separating_fast,emphasis_hardlp,emphasis_feasibility,heuristics_fast,heuristics_aggressive,presolving_off,emphasis_optimality,default,heuristics_off,emphasis_easycip,separating_aggressive
neos-820879,presolving_aggressive,default,heuristics_aggressive,separating_off,presolving_off,presolving_fast,separating_fast,separating_aggressive,heuristics_off,emphasis_hardlp,emphasis_feasibility,emphasis_easycip,heuristics_fast,emphasis_optimality
neos-942830,default,presolving_fast,emphasis_hardlp,emphasis_feasibility,separating_fast,presolving_aggressive,heuristics_aggressive,separating_aggressive,heuristics_fast,separating_off,heuristics_off,emphasis_easycip,presolving_off,emphasis_optimality
neos-956971,presolving_off,presolving_fast,separating_off,heuristics_aggressive,emphasis_feasibility,separating_fast,default,presolving_aggressive,emphasis_easycip,emphasis_optimality,separating_aggressive,emphasis_hardlp,heuristics_fast,heuristics_off
neos-495307,presolving_off,separating_off,separating_fast,default,presolving_fast,emphasis_hardlp,emphasis_easycip,presolving_aggressive,heuristics_aggressive,separating_aggressive,heuristics_fast,emphasis_feasibility,heuristics_off,emphasis_optimality
rococoC10-001000,default,heuristics_aggressive,emphasis_easycip,separating_off,separating_fast,heuristics_fast,emphasis_feasibility,presolving_aggressive,separating_aggressive,emphasis_hardlp,emphasis_optimality,presolving_off,presolving_fast,heuristics_off
neos-937446,separating_off,presolving_fast,separating_aggressive,presolving_off,separating_fast,default,presolving_aggressive,heuristics_aggressive,emphasis_feasibility,emphasis_easycip,emphasis_hardlp,heuristics_fast,emphasis_optimality,heuristics_off
neos-948126,separating_off,presolving_fast,separating_fast,presolving_aggressive,default,separating_aggressive,presolving_off,heuristics_aggressive,emphasis_feasibility,emphasis_hardlp,emphasis_easycip,emphasis_optimality,heuristics_fast,heuristics_off
mkc1,heuristics_aggressive,presolving_fast,emphasis_feasibility,separating_off,default,presolving_aggressive,emphasis_hardlp,separating_fast,separating_aggressive,presolving_off,emphasis_optimality,emphasis_easycip,heuristics_off,heuristics_fast
neos-1367061,presolving_fast,emphasis_easycip,presolving_off,default,separating_fast,presolving_aggressive,emphasis_hardlp,separating_off,heuristics_fast,heuristics_aggressive,emphasis_feasibility,separating_aggressive,emphasis_optimality,heuristics_off
neos-957389,separating_off,presolving_fast,separating_fast,emphasis_hardlp,separating_aggressive,default,heuristics_fast,emphasis_feasibility,emphasis_easycip,heuristics_aggressive,presolving_aggressive,heuristics_off,presolving_off,emphasis_optimality
ramos3,presolving_aggressive,separating_off,presolving_off,separating_aggressive,presolving_fast,heuristics_fast,default,separating_fast,heuristics_aggressive,emphasis_feasibility,emphasis_hardlp,emphasis_easycip,emphasis_optimality,heuristics_off
bab5,emphasis_feasibility,heuristics_aggressive,separating_fast,separating_aggressive,default,presolving_fast,presolving_aggressive,separating_off,presolving_off,heuristics_fast,emphasis_hardlp,heuristics_off,emphasis_optimality,emphasis_easycip
p0033,emphasis_hardlp,emphasis_easycip,heuristics_off,presolving_off,presolving_fast,heuristics_fast,separating_off,presolving_aggressive,default,separating_fast,separating_aggressive,heuristics_aggressive,emphasis_feasibility,emphasis_optimality
p0548,presolving_fast,emphasis_hardlp,separating_fast,presolving_off,presolving_aggressive,emphasis_feasibility,default,separating_off,heuristics_fast,heuristics_aggressive,separating_aggressive,heuristics_off,emphasis_easycip,emphasis_optimality
rmine14,presolving_fast,emphasis_hardlp,default,presolving_off,heuristics_aggressive,separating_off,separating_fast,emphasis_easycip,emphasis_feasibility,heuristics_fast,separating_aggressive,presolving_aggressive,emphasis_optimality,heuristics_off
air05,separating_fast,presolving_off,presolving_aggressive,default,separating_off,emphasis_hardlp,presolving_fast,heuristics_aggressive,separating_aggressive,emphasis_feasibility,heuristics_fast,heuristics_off,emphasis_optimality,emphasis_easycip
mitre,default,heuristics_fast,separating_fast,presolving_off,presolving_aggressive,emphasis_feasibility,separating_off,presolving_fast,heuristics_off,emphasis_hardlp,separating_aggressive,heuristics_aggressive,emphasis_optimality,emphasis_easycip
neos-905856,separating_fast,emphasis_hardlp,presolving_aggressive,separating_off,heuristics_off,emphasis_feasibility,emphasis_easycip,separating_aggressive,presolving_fast,presolving_off,heuristics_fast,emphasis_optimality,default,heuristics_aggressive
momentum2,separating_off,presolving_fast,emphasis_hardlp,separating_fast,emphasis_feasibility,presolving_off,presolving_aggressive,heuristics_fast,heuristics_aggressive,emphasis_easycip,emphasis_optimality,separating_aggressive,default,heuristics_off
l152lav,emphasis_easycip,separating_fast,heuristics_off,default,separating_off,presolving_fast,heuristics_fast,presolving_off,emphasis_hardlp,presolving_aggressive,emphasis_feasibility,heuristics_aggressive,separating_aggressive,emphasis_optimality
protfold,default,presolving_fast,presolving_aggressive,separating_off,emphasis_easycip,separating_fast,separating_aggressive,emphasis_hardlp,heuristics_off,emphasis_feasibility,presolving_off,heuristics_aggressive,heuristics_fast,emphasis_optimality
neos6,separating_fast,presolving_off,presolving_fast,separating_aggressive,presolving_aggressive,heuristics_aggressive,emphasis_feasibility,default,separating_off,heuristics_fast,heuristics_off,emphasis_optimality,emphasis_easycip,emphasis_hardlp
air04,default,separating_fast,separating_off,presolving_aggressive,presolving_off,separating_aggressive,heuristics_aggressive,emphasis_hardlp,presolving_fast,heuristics_fast,heuristics_off,emphasis_feasibility,emphasis_easycip,emphasis_optimality
neos-1616732,separating_fast,presolving_fast,heuristics_fast,emphasis_easycip,separating_aggressive,default,emphasis_optimality,heuristics_aggressive,separating_off,emphasis_hardlp,emphasis_feasibility,presolving_off,presolving_aggressive,heuristics_off
bnatt400,separating_off,separating_fast,presolving_off,emphasis_hardlp,presolving_aggressive,presolving_fast,heuristics_aggressive,emphasis_feasibility,emphasis_easycip,separating_aggressive,heuristics_fast,default,heuristics_off,emphasis_optimality
sct32,presolving_fast,separating_fast,emphasis_feasibility,default,heuristics_aggressive,separating_off,presolving_aggressive,separating_aggressive,presolving_off,heuristics_off,heuristics_fast,emphasis_easycip,emphasis_hardlp,emphasis_optimality
nag,presolving_fast,presolving_aggressive,presolving_off,emphasis_feasibility,default,separating_off,heuristics_aggressive,separating_fast,separating_aggressive,emphasis_hardlp,heuristics_fast,emphasis_easycip,emphasis_optimality,heuristics_off
neos-578379,separating_off,presolving_aggressive,emphasis_feasibility,separating_fast,separating_aggressive,presolving_off,heuristics_fast,heuristics_aggressive,presolving_fast,heuristics_off,emphasis_optimality,default,emphasis_hardlp,emphasis_easycip
neos-1126860,presolving_fast,emphasis_easycip,separating_off,presolving_off,emphasis_feasibility,default,separating_fast,separating_aggressive,presolving_aggressive,heuristics_fast,emphasis_hardlp,emphasis_optimality,heuristics_aggressive,heuristics_off
neos808444,separating_off,separating_fast,presolving_aggressive,emphasis_feasibility,emphasis_optimality,presolving_off,heuristics_aggressive,separating_aggressive,presolving_fast,heuristics_off,default,heuristics_fast,emphasis_easycip,emphasis_hardlp
neos-849702,presolving_off,emphasis_feasibility,heuristics_fast,heuristics_aggressive,emphasis_easycip,presolving_aggressive,presolving_fast,separating_off,separating_aggressive,heuristics_off,separating_fast,default,emphasis_optimality,emphasis_hardlp
gesa3,separating_fast,presolving_off,emphasis_hardlp,default,presolving_fast,separating_off,presolving_aggressive,heuristics_aggressive,emphasis_easycip,separating_aggressive,heuristics_off,heuristics_fast,emphasis_feasibility,emphasis_optimality
gesa2-o,separating_fast,presolving_off,presolving_fast,default,separating_off,presolving_aggressive,separating_aggressive,heuristics_off,emphasis_hardlp,heuristics_fast,heuristics_aggressive,emphasis_feasibility,emphasis_optimality,emphasis_easycip
neos-906865,presolving_fast,heuristics_fast,default,separating_fast,presolving_aggressive,separating_aggressive,heuristics_aggressive,emphasis_easycip,presolving_off,emphasis_hardlp,emphasis_optimality,emphasis_feasibility,separating_off,heuristics_off
bell5,separating_off,separating_fast,default,heuristics_fast,separating_aggressive,presolving_aggressive,presolving_fast,emphasis_optimality,emphasis_hardlp,emphasis_easycip,heuristics_aggressive,emphasis_feasibility,presolving_off,heuristics_off
t1722,separating_fast,presolving_aggressive,emphasis_feasibility,separating_off,presolving_fast,default,heuristics_aggressive,separating_aggressive,emphasis_hardlp,presolving_off,emphasis_optimality,emphasis_easycip,heuristics_off,heuristics_fast
sp97ic,presolving_aggressive,presolving_off,separating_off,separating_fast,presolving_fast,heuristics_fast,separating_aggressive,default,emphasis_easycip,heuristics_aggressive,emphasis_hardlp,emphasis_optimality,emphasis_feasibility,heuristics_off
shipsched,separating_off,presolving_fast,separating_fast,presolving_off,default,presolving_aggressive,heuristics_aggressive,emphasis_feasibility,heuristics_off,emphasis_easycip,separating_aggressive,emphasis_optimality,heuristics_fast,emphasis_hardlp
set3-15,default,presolving_aggressive,separating_aggressive,presolving_fast,heuristics_aggressive,separating_fast,presolving_off,emphasis_optimality,heuristics_fast,emphasis_hardlp,emphasis_easycip,emphasis_feasibility,separating_off,heuristics_off
neos-935496,separating_fast,separating_aggressive,heuristics_fast,emphasis_hardlp,presolving_fast,presolving_aggressive,separating_off,emphasis_feasibility,default,presolving_off,heuristics_aggressive,heuristics_off,emphasis_easycip,emphasis_optimality
neos-501453,default,separating_fast,presolving_fast,emphasis_optimality,heuristics_fast,emphasis_hardlp,separating_aggressive,presolving_aggressive,heuristics_off,heuristics_aggressive,emphasis_easycip,separating_off,presolving_off,emphasis_feasibility
uc-case11,separating_fast,presolving_aggressive,separating_off,presolving_off,default,presolving_fast,emphasis_feasibility,separating_aggressive,heuristics_aggressive,emphasis_hardlp,emphasis_optimality,emphasis_easycip,heuristics_off,heuristics_fast
