neos-941262,separating_off,separating_fast,presolving_fast,default,separating_aggressive,presolving_off,presolving_aggressive,heuristics_aggressive,emphasis_feasibility,emphasis_easycip,emphasis_hardlp,emphasis_optimality,heuristics_fast,heuristics_off
neos-807705,emphasis_hardlp,heuristics_fast,separating_fast,separating_off,separating_aggressive,default,heuristics_off,presolving_aggressive,emphasis_easycip,presolving_fast,heuristics_aggressive,presolving_off,emphasis_feasibility,emphasis_optimality
uc-case3,separating_fast,presolving_fast,presolving_aggressive,separating_off,default,separating_aggressive,emphasis_feasibility,presolving_off,heuristics_aggressive,heuristics_fast,emphasis_optimality,emphasis_hardlp,emphasis_easycip,heuristics_off
stein27,heuristics_fast,separating_off,presolving_fast,presolving_off,presolving_aggressive,default,separating_fast,emphasis_easycip,emphasis_hardlp,separating_aggressive,heuristics_aggressive,heuristics_off,emphasis_feasibility,emphasis_optimality
p2756,emphasis_hardlp,separating_fast,presolving_fast,presolving_aggressive,default,heuristics_fast,emphasis_feasibility,heuristics_aggressive,separating_off,separating_aggressive,heuristics_off,emphasis_easycip,presolving_off,emphasis_optimality
n3-3,heuristics_fast,presolving_aggressive,presolving_fast,heuristics_aggressive,default,presolving_off,separating_fast,separating_aggressive,emphasis_hardlp,emphasis_easycip,separating_off,emphasis_feasibility,heuristics_off,emphasis_optimality
neos-803220,emphasis_hardlp,heuristics_fast,emphasis_easycip,heuristics_off,default,presolving_aggressive,separating_fast,separating_aggressive,presolving_fast,presolving_off,separating_off,heuristics_aggressive,emphasis_optimality,emphasis_feasibility
neos-1426635,presolving_off,separating_fast,separating_off,presolving_fast,emphasis_feasibility,default,separating_aggressive,presolving_aggressive,heuristics_aggressive,emphasis_optimality,emphasis_hardlp,heuristics_fast,emphasis_easycip,heuristics_off
flugpl,separating_fast,presolving_fast,presolving_aggressive,default,presolving_off,heuristics_fast,heuristics_aggressive,separating_aggressive,emphasis_hardlp,emphasis_feasibility,emphasis_easycip,separating_off,heuristics_off,emphasis_optimality
ns1456591,presolving_fast,presolving_aggressive,default,presolving_off,heuristics_fast,emphasis_hardlp,heuristics_aggressive,separating_aggressive,separating_fast,emphasis_optimality,emphasis_easycip,heuristics_off,separating_off,emphasis_feasibility
fast0507,separating_off,separating_fast,default,presolving_aggressive,presolving_off,presolving_fast,heuristics_fast,heuristics_aggressive,emphasis_feasibility,separating_aggressive,emphasis_easycip,emphasis_optimality,emphasis_hardlp,heuristics_off
neos-826841,heuristics_aggressive,separating_off,emphasis_feasibility,separating_fast,presolving_fast,default,presolving_off,presolving_aggressive,separating_aggressive,emphasis_hardlp,emphasis_easycip,heuristics_fast,emphasis_optimality,heuristics_off
opm2-z12-s14,presolving_off,presolving_fast,emphasis_hardlp,emphasis_easycip,separating_off,separating_fast,heuristics_aggressive,default,emphasis_feasibility,heuristics_fast,emphasis_optimality,separating_aggressive,presolving_aggressive,heuristics_off
neos-1442119,separating_off,separating_fast,presolving_fast,default,presolving_aggressive,separating_aggressive,heuristics_aggressive,emphasis_optimality,emphasis_feasibility,presolving_off,heuristics_fast,emphasis_hardlp,emphasis_easycip,heuristics_off
opt1217,heuristics_aggressive,emphasis_feasibility,separating_aggressive,default,presolving_fast,separating_fast,presolving_aggressive,presolving_off,separating_off,heuristics_fast,emphasis_hardlp,emphasis_optimality,heuristics_off,emphasis_easycip
neos-1420790,separating_fast,separating_off,heuristics_aggressive,presolving_aggressive,presolving_fast,default,separating_aggressive,emphasis_feasibility,heuristics_fast,emphasis_hardlp,presolving_off,heuristics_off,emphasis_optimality,emphasis_easycip
neos-1337489,heuristics_off,presolving_aggressive,heuristics_fast,separating_fast,emphasis_hardlp,separating_off,default,emphasis_easycip,emphasis_feasibility,separating_aggressive,presolving_fast,heuristics_aggressive,emphasis_optimality,presolving_off
core4872-1529,presolving_aggressive,heuristics_aggressive,separating_fast,emphasis_feasibility,default,separating_off,presolving_fast,presolving_off,separating_aggressive,emphasis_optimality,heuristics_fast,emphasis_easycip,emphasis_hardlp,heuristics_off
ns1111636,separating_off,separating_fast,presolving_fast,presolving_aggressive,emphasis_feasibility,presolving_off,default,separating_aggressive,heuristics_aggressive,heuristics_fast,emphasis_optimality,emphasis_hardlp,emphasis_easycip,heuristics_off
p100x588b,heuristics_aggressive,presolving_fast,default,presolving_aggressive,separating_aggressive,heuristics_fast,presolving_off,emphasis_optimality,emphasis_hardlp,separating_fast,emphasis_feasibility,emphasis_easycip,heuristics_off,separating_off
sp97ic,presolving_fast,separating_off,separating_fast,presolving_aggressive,default,presolving_off,heuristics_aggressive,emphasis_hardlp,separating_aggressive,heuristics_fast,emphasis_feasibility,emphasis_easycip,heuristics_off,emphasis_optimality
neos-1427181,separating_off,separating_fast,presolving_fast,default,presolving_aggressive,separating_aggressive,emphasis_feasibility,heuristics_aggressive,presolving_off,emphasis_optimality,heuristics_fast,emphasis_hardlp,emphasis_easycip,heuristics_off
neos-916173,presolving_fast,separating_off,separating_fast,presolving_off,default,heuristics_aggressive,presolving_aggressive,separating_aggressive,emphasis_hardlp,emphasis_feasibility,heuristics_fast,emphasis_optimality,emphasis_easycip,heuristics_off
neos-702280,separating_off,presolving_off,presolving_fast,default,separating_fast,presolving_aggressive,heuristics_fast,heuristics_aggressive,emphasis_feasibility,separating_aggressive,emphasis_hardlp,emphasis_easycip,emphasis_optimality,heuristics_off
neos-954925,presolving_fast,presolving_off,separating_off,emphasis_feasibility,heuristics_aggressive,default,separating_fast,presolving_aggressive,emphasis_easycip,separating_aggressive,emphasis_hardlp,heuristics_fast,emphasis_optimality,heuristics_off
berlin_5_8_0,separating_fast,presolving_off,presolving_fast,emphasis_hardlp,separating_off,separating_aggressive,emphasis_feasibility,heuristics_aggressive,default,presolving_aggressive,emphasis_easycip,emphasis_optimality,heuristics_fast,heuristics_off
neos-1109824,emphasis_hardlp,presolving_fast,emphasis_feasibility,separating_fast,emphasis_easycip,presolving_aggressive,default,heuristics_aggressive,separating_off,presolving_off,heuristics_off,heuristics_fast,separating_aggressive,emphasis_optimality
neos-1436713,separating_off,separating_fast,presolving_fast,emphasis_feasibility,separating_aggressive,default,presolving_aggressive,heuristics_aggressive,presolving_off,emphasis_optimality,emphasis_hardlp,heuristics_fast,emphasis_easycip,heuristics_off
neos-913984,emphasis_feasibility,separating_fast,heuristics_aggressive,default,separating_off,presolving_aggressive,separating_aggressive,presolving_fast,emphasis_optimality,presolving_off,heuristics_fast,emphasis_hardlp,heuristics_off,emphasis_easycip
neos-1173026,separating_aggressive,presolving_aggressive,emphasis_feasibility,presolving_off,separating_fast,default,presolving_fast,heuristics_aggressive,emphasis_hardlp,emphasis_optimality,heuristics_fast,separating_off,emphasis_easycip,heuristics_off
neos-810286,emphasis_feasibility,heuristics_fast,emphasis_easycip,separating_fast,heuristics_aggressive,presolving_fast,separating_off,heuristics_off,emphasis_hardlp,presolving_aggressive,separating_aggressive,default,presolving_off,emphasis_optimality
gmut-77-40,presolving_fast,presolving_off,emphasis_feasibility,emphasis_hardlp,heuristics_aggressive,default,separating_fast,separating_off,presolving_aggressive,emphasis_easycip,separating_aggressive,emphasis_optimality,heuristics_fast,heuristics_off
fixnet6,heuristics_aggressive,presolving_fast,default,presolving_aggressive,separating_aggressive,heuristics_fast,presolving_off,emphasis_optimality,emphasis_hardlp,separating_fast,emphasis_feasibility,emphasis_easycip,heuristics_off,separating_off
neos-847051,presolving_fast,heuristics_aggressive,default,presolving_aggressive,separating_aggressive,separating_fast,emphasis_hardlp,presolving_off,heuristics_fast,emphasis_feasibility,emphasis_optimality,emphasis_easycip,separating_off,heuristics_off
neos-1396125,separating_fast,presolving_fast,presolving_aggressive,heuristics_aggressive,separating_off,separating_aggressive,presolving_off,default,emphasis_hardlp,heuristics_fast,emphasis_optimality,emphasis_feasibility,emphasis_easycip,heuristics_off
qiu,presolving_fast,default,presolving_aggressive,heuristics_aggressive,separating_fast,presolving_off,heuristics_fast,emphasis_hardlp,separating_aggressive,separating_off,emphasis_feasibility,emphasis_easycip,heuristics_off,emphasis_optimality
pb-simp-nonunif,separating_off,presolving_aggressive,heuristics_aggressive,separating_fast,emphasis_feasibility,presolving_fast,default,separating_aggressive,presolving_off,heuristics_fast,emphasis_hardlp,emphasis_easycip,heuristics_off,emphasis_optimality
dano3mip,presolving_aggressive,presolving_fast,separating_fast,default,emphasis_easycip,separating_off,presolving_off,emphasis_hardlp,heuristics_fast,separating_aggressive,heuristics_aggressive,emphasis_optimality,emphasis_feasibility,heuristics_off
neos15,default,presolving_fast,presolving_aggressive,heuristics_aggressive,emphasis_hardlp,separating_aggressive,presolving_off,separating_fast,emphasis_easycip,heuristics_fast,emphasis_optimality,heuristics_off,emphasis_feasibility,separating_off
neos-953928,emphasis_hardlp,separating_off,presolving_off,presolving_fast,separating_fast,emphasis_feasibility,default,heuristics_aggressive,heuristics_fast,emphasis_easycip,separating_aggressive,presolving_aggressive,emphasis_optimality,heuristics_off
bley_xl1,separating_off,separating_fast,emphasis_hardlp,presolving_fast,presolving_off,presolving_aggressive,heuristics_fast,heuristics_aggressive,emphasis_easycip,separating_aggressive,heuristics_off,default,emphasis_feasibility,emphasis_optimality
neos-512201,heuristics_off,separating_fast,presolving_fast,heuristics_aggressive,emphasis_hardlp,heuristics_fast,presolving_aggressive,emphasis_easycip,separating_aggressive,default,presolving_off,separating_off,emphasis_feasibility,emphasis_optimality
a1c1s1,default,presolving_fast,presolving_aggressive,heuristics_aggressive,separating_aggressive,separating_fast,presolving_off,emphasis_hardlp,emphasis_optimality,emphasis_feasibility,heuristics_fast,emphasis_easycip,separating_off,heuristics_off
iis-100-0-cov,separating_off,heuristics_fast,emphasis_easycip,presolving_off,presolving_fast,separating_fast,default,presolving_aggressive,separating_aggressive,heuristics_aggressive,emphasis_feasibility,heuristics_off,emphasis_hardlp,emphasis_optimality
rmine14,presolving_off,emphasis_hardlp,separating_off,presolving_fast,separating_fast,emphasis_feasibility,default,emphasis_easycip,heuristics_fast,heuristics_aggressive,separating_aggressive,emphasis_optimality,presolving_aggressive,heuristics_off
neos-1420546,separating_fast,separating_off,presolving_fast,presolving_aggressive,default,heuristics_aggressive,emphasis_feasibility,separating_aggressive,presolving_off,emphasis_hardlp,emphasis_easycip,heuristics_fast,emphasis_optimality,heuristics_off
neos-530627,separating_off,separating_fast,presolving_aggressive,heuristics_aggressive,default,separating_aggressive,presolving_fast,heuristics_fast,emphasis_feasibility,emphasis_easycip,emphasis_hardlp,heuristics_off,presolving_off,emphasis_optimality
probportfolio,separating_off,emphasis_hardlp,separating_fast,presolving_off,default,emphasis_feasibility,emphasis_easycip,presolving_fast,presolving_aggressive,heuristics_fast,separating_aggressive,heuristics_aggressive,heuristics_off,emphasis_optimality
swath,presolving_fast,heuristics_fast,default,presolving_aggressive,presolving_off,emphasis_hardlp,heuristics_aggressive,separating_fast,separating_aggressive,emphasis_easycip,separating_off,emphasis_optimality,heuristics_off,emphasis_feasibility
neos-937511,separating_off,presolving_off,default,presolving_fast,separating_fast,separating_aggressive,presolving_aggressive,heuristics_aggressive,emphasis_feasibility,emphasis_easycip,emphasis_hardlp,heuristics_fast,emphasis_optimality,heuristics_off
gesa2,separating_fast,presolving_fast,default,presolving_aggressive,separating_aggressive,separating_off,presolving_off,emphasis_optimality,heuristics_fast,emphasis_hardlp,heuristics_aggressive,emphasis_easycip,emphasis_feasibility,heuristics_off
qap10,presolving_fast,separating_fast,separating_off,emphasis_feasibility,default,presolving_aggressive,heuristics_aggressive,emphasis_easycip,presolving_off,emphasis_hardlp,separating_aggressive,heuristics_fast,heuristics_off,emphasis_optimality
neos-826694,separating_off,separating_fast,emphasis_feasibility,separating_aggressive,presolving_off,presolving_fast,presolving_aggressive,heuristics_aggressive,heuristics_off,heuristics_fast,emphasis_optimality,emphasis_hardlp,emphasis_easycip,default
neos-1420205,separating_off,presolving_fast,separating_fast,heuristics_fast,emphasis_hardlp,default,presolving_aggressive,emphasis_easycip,separating_aggressive,heuristics_off,presolving_off,emphasis_optimality,heuristics_aggressive,emphasis_feasibility
p0033,emphasis_hardlp,presolving_fast,separating_fast,heuristics_fast,emphasis_easycip,presolving_aggressive,default,separating_off,presolving_off,heuristics_aggressive,separating_aggressive,heuristics_off,emphasis_feasibility,emphasis_optimality
neos-548047,separating_aggressive,emphasis_hardlp,heuristics_aggressive,emphasis_feasibility,default,presolving_fast,heuristics_fast,separating_fast,emphasis_easycip,presolving_aggressive,emphasis_optimality,separating_off,presolving_off,heuristics_off
n3705,heuristics_aggressive,separating_aggressive,presolving_fast,presolving_aggressive,default,heuristics_fast,emphasis_feasibility,emphasis_optimality,emphasis_hardlp,separating_fast,presolving_off,emphasis_easycip,separating_off,heuristics_off
neos-631710,separating_off,emphasis_feasibility,separating_fast,presolving_aggressive,heuristics_aggressive,default,presolving_fast,separating_aggressive,presolving_off,heuristics_fast,emphasis_hardlp,emphasis_easycip,emphasis_optimality,heuristics_off
neos-555298,separating_fast,presolving_aggressive,emphasis_feasibility,separating_off,default,heuristics_aggressive,presolving_fast,separating_aggressive,presolving_off,heuristics_off,heuristics_fast,emphasis_easycip,emphasis_optimality,emphasis_hardlp
reblock420,emphasis_hardlp,separating_off,presolving_off,presolving_fast,separating_fast,default,emphasis_feasibility,heuristics_aggressive,heuristics_fast,emphasis_easycip,separating_aggressive,presolving_aggressive,emphasis_optimality,heuristics_off
queens-30,separating_off,separating_fast,separating_aggressive,presolving_off,presolving_fast,presolving_aggressive,heuristics_off,heuristics_fast,heuristics_aggressive,emphasis_hardlp,emphasis_optimality,emphasis_feasibility,emphasis_easycip,default
