rlp1,presolving_aggressive,separating_off,separating_fast,presolving_fast,separating_aggressive,default,emphasis_feasibility,presolving_off,emphasis_hardlp,heuristics_aggressive,emphasis_optimality,heuristics_fast,emphasis_easycip,heuristics_off
ns60-pr3,presolving_fast,default,separating_off,separating_fast,presolving_off,presolving_aggressive,heuristics_aggressive,heuristics_fast,separating_aggressive,emphasis_hardlp,emphasis_easycip,emphasis_optimality,emphasis_feasibility,heuristics_off
neos-831188,separating_off,presolving_fast,separating_fast,presolving_off,presolving_aggressive,default,emphasis_hardlp,emphasis_easycip,heuristics_aggressive,separating_aggressive,heuristics_fast,emphasis_feasibility,heuristics_off,emphasis_optimality
ger50_17_trans,presolving_off,presolving_fast,presolving_aggressive,separating_off,separating_aggressive,default,separating_fast,emphasis_optimality,heuristics_fast,heuristics_aggressive,heuristics_off,emphasis_hardlp,emphasis_feasibility,emphasis_easycip
air05,separating_fast,heuristics_aggressive,default,presolving_fast,emphasis_easycip,emphasis_hardlp,presolving_aggressive,heuristics_fast,emphasis_feasibility,separating_off,presolving_off,heuristics_off,separating_aggressive,emphasis_optimality
splan1,separating_off,separating_fast,presolving_off,presolving_fast,presolving_aggressive,heuristics_aggressive,emphasis_feasibility,default,separating_aggressive,emphasis_hardlp,heuristics_fast,emphasis_optimality,heuristics_off,emphasis_easycip
d20200,separating_fast,separating_off,separating_aggressive,presolving_fast,presolving_off,presolving_aggressive,heuristics_fast,heuristics_aggressive,heuristics_off,emphasis_optimality,emphasis_hardlp,emphasis_feasibility,default,emphasis_easycip
neos-1427261,separating_off,separating_fast,emphasis_feasibility,presolving_fast,default,presolving_aggressive,separating_aggressive,heuristics_aggressive,presolving_off,emphasis_optimality,heuristics_fast,emphasis_hardlp,emphasis_easycip,heuristics_off
bg512142,default,emphasis_hardlp,presolving_fast,presolving_aggressive,heuristics_aggressive,separating_fast,heuristics_fast,separating_aggressive,emphasis_easycip,presolving_off,emphasis_feasibility,separating_off,emphasis_optimality,heuristics_off
neos-984165,presolving_fast,presolving_off,separating_off,separating_fast,default,presolving_aggressive,heuristics_aggressive,separating_aggressive,emphasis_feasibility,emphasis_hardlp,emphasis_easycip,emphasis_optimality,heuristics_fast,heuristics_off
pg5_34,separating_off,separating_fast,presolving_off,presolving_fast,emphasis_hardlp,presolving_aggressive,default,separating_aggressive,emphasis_easycip,heuristics_aggressive,emphasis_feasibility,heuristics_fast,emphasis_optimality,heuristics_off
neos-983171,presolving_fast,presolving_off,separating_off,separating_fast,default,presolving_aggressive,separating_aggressive,heuristics_aggressive,emphasis_feasibility,emphasis_hardlp,emphasis_easycip,emphasis_optimality,heuristics_fast,heuristics_off
neos-1171737,separating_off,presolving_off,separating_fast,presolving_fast,presolving_aggressive,emphasis_feasibility,heuristics_aggressive,default,separating_aggressive,emphasis_hardlp,emphasis_easycip,heuristics_fast,emphasis_optimality,heuristics_off
neos-520729,separating_fast,separating_off,presolving_aggressive,heuristics_aggressive,separating_aggressive,default,presolving_fast,presolving_off,heuristics_fast,emphasis_optimality,emphasis_feasibility,heuristics_off,emphasis_hardlp,emphasis_easycip
ds-big,separating_fast,presolving_off,presolving_fast,heuristics_aggressive,default,separating_off,emphasis_hardlp,emphasis_feasibility,presolving_aggressive,emphasis_easycip,separating_aggressive,heuristics_fast,emphasis_optimality,heuristics_off
misc07,separating_fast,separating_off,emphasis_feasibility,emphasis_easycip,default,heuristics_fast,heuristics_aggressive,presolving_fast,presolving_aggressive,heuristics_off,emphasis_hardlp,separating_aggressive,presolving_off,emphasis_optimality
eilB101,emphasis_hardlp,separating_fast,emphasis_easycip,default,heuristics_fast,separating_off,presolving_aggressive,heuristics_off,presolving_fast,emphasis_feasibility,heuristics_aggressive,presolving_off,separating_aggressive,emphasis_optimality
neos-1427181,separating_off,separating_fast,emphasis_feasibility,presolving_fast,default,presolving_aggressive,separating_aggressive,heuristics_aggressive,presolving_off,emphasis_optimality,heuristics_fast,emphasis_hardlp,emphasis_easycip,heuristics_off
transportmoment,separating_aggressive,heuristics_aggressive,presolving_aggressive,default,separating_fast,presolving_fast,separating_off,presolving_off,emphasis_feasibility,heuristics_fast,emphasis_optimality,emphasis_hardlp,heuristics_off,emphasis_easycip
dano3_5,presolving_off,presolving_fast,presolving_aggressive,separating_off,separating_fast,heuristics_aggressive,default,separating_aggressive,heuristics_fast,emphasis_hardlp,emphasis_optimality,emphasis_feasibility,emphasis_easycip,heuristics_off
neos-905856,separating_fast,presolving_fast,emphasis_feasibility,heuristics_aggressive,emphasis_hardlp,presolving_aggressive,emphasis_easycip,default,heuristics_off,separating_aggressive,heuristics_fast,separating_off,presolving_off,emphasis_optimality
neos-1440457,separating_off,separating_fast,emphasis_feasibility,presolving_fast,default,presolving_aggressive,separating_aggressive,heuristics_aggressive,presolving_off,emphasis_optimality,emphasis_hardlp,emphasis_easycip,heuristics_fast,heuristics_off
opm2-z7-s2,presolving_fast,separating_off,presolving_off,emphasis_hardlp,separating_fast,emphasis_easycip,default,separating_aggressive,presolving_aggressive,heuristics_fast,heuristics_aggressive,emphasis_feasibility,heuristics_off,emphasis_optimality
neos-655508,presolving_fast,separating_off,default,emphasis_hardlp,separating_fast,presolving_off,heuristics_aggressive,presolving_aggressive,emphasis_feasibility,separating_aggressive,heuristics_fast,emphasis_easycip,emphasis_optimality,heuristics_off
neos-912015,separating_fast,presolving_aggressive,presolving_fast,separating_aggressive,heuristics_fast,heuristics_aggressive,emphasis_hardlp,emphasis_feasibility,heuristics_off,emphasis_easycip,default,separating_off,presolving_off,emphasis_optimality
binkar10_1,separating_fast,presolving_aggressive,presolving_fast,default,emphasis_hardlp,heuristics_fast,emphasis_easycip,heuristics_aggressive,separating_aggressive,presolving_off,separating_off,heuristics_off,emphasis_feasibility,emphasis_optimality
neos-825075,heuristics_off,separating_fast,separating_aggressive,emphasis_feasibility,default,separating_off,heuristics_fast,heuristics_aggressive,presolving_aggressive,emphasis_hardlp,presolving_fast,presolving_off,emphasis_optimality,emphasis_easycip
neos-839859,emphasis_hardlp,presolving_fast,separating_fast,default,separating_off,presolving_off,heuristics_aggressive,emphasis_feasibility,presolving_aggressive,heuristics_fast,emphasis_easycip,separating_aggressive,emphasis_optimality,heuristics_off
rococoC10-001000,separating_fast,default,separating_off,emphasis_feasibility,presolving_fast,presolving_aggressive,heuristics_aggressive,separating_aggressive,emphasis_hardlp,heuristics_fast,emphasis_easycip,emphasis_optimality,presolving_off,heuristics_off
ns4-pr3,presolving_fast,default,separating_off,separating_fast,presolving_off,presolving_aggressive,heuristics_aggressive,separating_aggressive,heuristics_fast,emphasis_hardlp,emphasis_easycip,emphasis_optimality,emphasis_feasibility,heuristics_off
haprp,default,presolving_fast,emphasis_optimality,separating_fast,separating_aggressive,heuristics_fast,presolving_aggressive,heuristics_aggressive,presolving_off,emphasis_easycip,heuristics_off,emphasis_feasibility,separating_off,emphasis_hardlp
ran14x18_1,presolving_fast,emphasis_hardlp,default,heuristics_aggressive,emphasis_easycip,presolving_aggressive,separating_fast,presolving_off,separating_aggressive,heuristics_fast,emphasis_feasibility,emphasis_optimality,separating_off,heuristics_off
neos-1593097,emphasis_feasibility,separating_off,separating_fast,presolving_fast,presolving_off,heuristics_aggressive,separating_aggressive,presolving_aggressive,default,emphasis_optimality,heuristics_off,heuristics_fast,emphasis_hardlp,emphasis_easycip
neos-1112782,separating_fast,separating_off,heuristics_aggressive,emphasis_optimality,presolving_off,presolving_fast,emphasis_hardlp,emphasis_feasibility,default,presolving_aggressive,separating_aggressive,emphasis_easycip,heuristics_fast,heuristics_off
neos-1437164,heuristics_aggressive,separating_off,separating_fast,separating_aggressive,presolving_fast,emphasis_feasibility,presolving_aggressive,emphasis_hardlp,default,heuristics_fast,emphasis_optimality,presolving_off,heuristics_off,emphasis_easycip
fast0507,separating_off,separating_fast,heuristics_aggressive,default,presolving_aggressive,emphasis_feasibility,presolving_off,separating_aggressive,emphasis_optimality,presolving_fast,heuristics_fast,emphasis_easycip,heuristics_off,emphasis_hardlp
neos-1067731,presolving_fast,presolving_aggressive,default,separating_fast,heuristics_fast,presolving_off,heuristics_aggressive,emphasis_hardlp,emphasis_easycip,separating_aggressive,separating_off,heuristics_off,emphasis_optimality,emphasis_feasibility
sp97ic,presolving_fast,default,separating_aggressive,presolving_aggressive,presolving_off,separating_fast,heuristics_aggressive,heuristics_fast,emphasis_optimality,emphasis_easycip,separating_off,emphasis_hardlp,emphasis_feasibility,heuristics_off
rmine10,presolving_off,presolving_fast,separating_off,emphasis_hardlp,separating_fast,default,separating_aggressive,heuristics_aggressive,emphasis_easycip,presolving_aggressive,heuristics_fast,emphasis_feasibility,heuristics_off,emphasis_optimality
neos-593853,presolving_off,presolving_fast,presolving_aggressive,default,separating_fast,separating_off,separating_aggressive,emphasis_optimality,heuristics_aggressive,emphasis_easycip,heuristics_fast,emphasis_hardlp,heuristics_off,emphasis_feasibility
neos-1126860,presolving_off,emphasis_hardlp,presolving_fast,emphasis_easycip,default,separating_off,separating_fast,heuristics_fast,separating_aggressive,presolving_aggressive,heuristics_aggressive,emphasis_optimality,emphasis_feasibility,heuristics_off
neos-1451294,separating_fast,separating_aggressive,presolving_fast,presolving_aggressive,default,heuristics_aggressive,emphasis_feasibility,presolving_off,separating_off,emphasis_hardlp,heuristics_fast,emphasis_easycip,heuristics_off,emphasis_optimality
p0033,emphasis_hardlp,heuristics_fast,emphasis_easycip,separating_fast,default,presolving_fast,presolving_aggressive,separating_off,heuristics_off,heuristics_aggressive,presolving_off,separating_aggressive,emphasis_optimality,emphasis_feasibility
neos-1460246,presolving_fast,emphasis_feasibility,presolving_off,heuristics_aggressive,separating_fast,separating_off,separating_aggressive,default,presolving_aggressive,emphasis_hardlp,emphasis_easycip,emphasis_optimality,heuristics_fast,heuristics_off
ns1856153,separating_off,presolving_fast,separating_fast,emphasis_feasibility,separating_aggressive,presolving_off,heuristics_aggressive,presolving_aggressive,emphasis_hardlp,heuristics_off,heuristics_fast,emphasis_optimality,emphasis_easycip,default
neos-1420205,separating_fast,presolving_fast,default,presolving_aggressive,separating_off,presolving_off,heuristics_fast,emphasis_feasibility,separating_aggressive,emphasis_easycip,heuristics_aggressive,emphasis_optimality,emphasis_hardlp,heuristics_off
n3700,presolving_fast,separating_fast,separating_off,heuristics_aggressive,presolving_off,default,presolving_aggressive,separating_aggressive,emphasis_hardlp,emphasis_feasibility,heuristics_fast,emphasis_optimality,emphasis_easycip,heuristics_off
blend2,separating_fast,default,presolving_aggressive,separating_aggressive,presolving_fast,heuristics_fast,heuristics_aggressive,separating_off,presolving_off,emphasis_easycip,emphasis_hardlp,emphasis_feasibility,emphasis_optimality,heuristics_off
neos-934441,default,presolving_fast,heuristics_aggressive,presolving_aggressive,separating_aggressive,emphasis_feasibility,separating_fast,presolving_off,separating_off,emphasis_hardlp,emphasis_easycip,heuristics_fast,emphasis_optimality,heuristics_off
germanrr,separating_fast,heuristics_aggressive,separating_aggressive,presolving_aggressive,default,emphasis_optimality,presolving_fast,separating_off,emphasis_feasibility,heuristics_fast,presolving_off,emphasis_easycip,heuristics_off,emphasis_hardlp
mspp16,separating_off,separating_aggressive,emphasis_feasibility,separating_fast,presolving_aggressive,heuristics_aggressive,presolving_fast,heuristics_fast,heuristics_off,emphasis_easycip,presolving_off,default,emphasis_optimality,emphasis_hardlp
iis-100-0-cov,separating_off,emphasis_easycip,heuristics_fast,emphasis_hardlp,default,presolving_fast,separating_fast,presolving_off,heuristics_aggressive,presolving_aggressive,separating_aggressive,emphasis_feasibility,heuristics_off,emphasis_optimality
core4872-1529,emphasis_feasibility,separating_off,separating_fast,heuristics_aggressive,default,presolving_aggressive,heuristics_fast,separating_aggressive,presolving_off,presolving_fast,emphasis_optimality,emphasis_easycip,heuristics_off,emphasis_hardlp
ns25-pr3,presolving_fast,default,separating_off,separating_fast,presolving_off,presolving_aggressive,heuristics_aggressive,heuristics_fast,separating_aggressive,emphasis_hardlp,emphasis_easycip,emphasis_optimality,emphasis_feasibility,heuristics_off
neos-933364,presolving_fast,default,separating_fast,presolving_aggressive,separating_aggressive,heuristics_aggressive,presolving_off,emphasis_hardlp,emphasis_feasibility,separating_off,emphasis_optimality,heuristics_fast,emphasis_easycip,heuristics_off
stp3d,separating_off,separating_fast,presolving_fast,presolving_off,presolving_aggressive,heuristics_aggressive,separating_aggressive,emphasis_feasibility,emphasis_hardlp,heuristics_fast,emphasis_easycip,default,emphasis_optimality,heuristics_off
neos-494568,presolving_fast,presolving_off,presolving_aggressive,heuristics_aggressive,emphasis_feasibility,default,separating_fast,separating_aggressive,separating_off,emphasis_hardlp,emphasis_easycip,heuristics_fast,heuristics_off,emphasis_optimality
Test3,emphasis_feasibility,default,presolving_aggressive,separating_off,separating_fast,heuristics_aggressive,separating_aggressive,heuristics_fast,emphasis_hardlp,presolving_fast,emphasis_optimality,emphasis_easycip,presolving_off,heuristics_off
neos-1367061,separating_off,separating_fast,presolving_fast,presolving_off,heuristics_aggressive,emphasis_optimality,separating_aggressive,presolving_aggressive,emphasis_feasibility,default,heuristics_fast,emphasis_easycip,heuristics_off,emphasis_hardlp
neos-935348,separating_off,presolving_fast,default,separating_fast,presolving_off,presolving_aggressive,heuristics_aggressive,separating_aggressive,emphasis_feasibility,emphasis_hardlp,emphasis_easycip,emphasis_optimality,heuristics_fast,heuristics_off
neos-807639,presolving_fast,emphasis_easycip,presolving_aggressive,emphasis_hardlp,presolving_off,separating_off,default,heuristics_aggressive,emphasis_feasibility,separating_aggressive,separating_fast,heuristics_off,heuristics_fast,emphasis_optimality
