bab5,separating_off,presolving_fast,separating_fast,presolving_off,presolving_aggressive,heuristics_aggressive,emphasis_hardlp,emphasis_feasibility,emphasis_easycip,separating_aggressive,default,heuristics_off,heuristics_fast,emphasis_optimality
markshare1,separating_fast,separating_aggressive,presolving_off,separating_off,presolving_fast,presolving_aggressive,heuristics_off,heuristics_fast,heuristics_aggressive,emphasis_optimality,emphasis_hardlp,emphasis_feasibility,emphasis_easycip,default
manna81,separating_fast,separating_aggressive,presolving_fast,presolving_off,presolving_aggressive,separating_off,emphasis_optimality,heuristics_off,heuristics_fast,emphasis_hardlp,default,heuristics_aggressive,emphasis_feasibility,emphasis_easycip
sct32,presolving_fast,separating_off,default,separating_fast,heuristics_aggressive,presolving_aggressive,separating_aggressive,heuristics_fast,presolving_off,emphasis_feasibility,emphasis_optimality,emphasis_hardlp,emphasis_easycip,heuristics_off
neos-856059,separating_off,heuristics_fast,separating_fast,presolving_off,presolving_fast,default,separating_aggressive,emphasis_easycip,presolving_aggressive,heuristics_aggressive,emphasis_hardlp,heuristics_off,emphasis_feasibility,emphasis_optimality
neos-829552,separating_off,separating_fast,presolving_off,presolving_fast,presolving_aggressive,heuristics_aggressive,separating_aggressive,emphasis_feasibility,default,heuristics_fast,emphasis_hardlp,heuristics_off,emphasis_easycip,emphasis_optimality
neos-1223462,separating_off,emphasis_feasibility,presolving_fast,presolving_off,heuristics_aggressive,separating_fast,separating_aggressive,emphasis_hardlp,presolving_aggressive,default,emphasis_easycip,heuristics_fast,heuristics_off,emphasis_optimality
air05,separating_fast,heuristics_aggressive,presolving_fast,emphasis_feasibility,default,presolving_aggressive,presolving_off,emphasis_hardlp,emphasis_easycip,separating_off,separating_aggressive,heuristics_fast,emphasis_optimality,heuristics_off
mining,separating_off,presolving_off,presolving_fast,heuristics_fast,separating_fast,heuristics_aggressive,emphasis_hardlp,emphasis_feasibility,presolving_aggressive,separating_aggressive,emphasis_optimality,emphasis_easycip,default,heuristics_off
roy,default,presolving_fast,separating_fast,presolving_aggressive,heuristics_aggressive,heuristics_fast,emphasis_hardlp,emphasis_feasibility,separating_aggressive,separating_off,emphasis_easycip,presolving_off,emphasis_optimality,heuristics_off
ivu52,emphasis_hardlp,heuristics_fast,presolving_fast,separating_off,separating_fast,heuristics_aggressive,default,emphasis_easycip,emphasis_feasibility,separating_aggressive,presolving_aggressive,heuristics_off,presolving_off,emphasis_optimality
22433,separating_off,emphasis_hardlp,heuristics_off,emphasis_easycip,heuristics_fast,separating_fast,presolving_off,presolving_fast,presolving_aggressive,emphasis_feasibility,emphasis_optimality,default,separating_aggressive,heuristics_aggressive
hanoi5,presolving_aggressive,separating_off,default,heuristics_aggressive,separating_fast,separating_aggressive,heuristics_fast,emphasis_hardlp,presolving_off,presolving_fast,heuristics_off,emphasis_easycip,emphasis_optimality,emphasis_feasibility
ns1208400,separating_fast,separating_off,heuristics_aggressive,presolving_fast,presolving_aggressive,heuristics_fast,emphasis_feasibility,separating_aggressive,default,presolving_off,emphasis_hardlp,emphasis_easycip,heuristics_off,emphasis_optimality
mkc1,presolving_fast,separating_fast,presolving_off,separating_off,heuristics_aggressive,presolving_aggressive,emphasis_easycip,default,emphasis_hardlp,heuristics_fast,separating_aggressive,emphasis_feasibility,emphasis_optimality,heuristics_off
n9-3,presolving_off,separating_fast,presolving_fast,separating_off,heuristics_aggressive,presolving_aggressive,default,heuristics_fast,separating_aggressive,emphasis_hardlp,emphasis_easycip,emphasis_feasibility,emphasis_optimality,heuristics_off
core4872-1529,separating_off,emphasis_feasibility,separating_fast,heuristics_aggressive,presolving_aggressive,default,presolving_off,heuristics_fast,presolving_fast,separating_aggressive,emphasis_optimality,emphasis_easycip,heuristics_off,emphasis_hardlp
neos-933638,default,presolving_fast,heuristics_aggressive,separating_aggressive,separating_fast,emphasis_feasibility,separating_off,presolving_off,presolving_aggressive,emphasis_hardlp,heuristics_fast,emphasis_easycip,emphasis_optimality,heuristics_off
gesa2,default,separating_fast,presolving_fast,presolving_aggressive,separating_off,heuristics_aggressive,emphasis_feasibility,presolving_off,separating_aggressive,heuristics_fast,emphasis_optimality,emphasis_hardlp,emphasis_easycip,heuristics_off
n15-3,presolving_off,separating_off,separating_fast,presolving_fast,presolving_aggressive,heuristics_aggressive,separating_aggressive,heuristics_fast,default,emphasis_hardlp,emphasis_feasibility,emphasis_easycip,emphasis_optimality,heuristics_off
rococoC12-111000,separating_off,separating_fast,emphasis_feasibility,separating_aggressive,presolving_fast,presolving_aggressive,heuristics_aggressive,default,presolving_off,emphasis_optimality,heuristics_fast,emphasis_hardlp,heuristics_off,emphasis_easycip
neos-1420790,presolving_fast,separating_fast,default,emphasis_feasibility,presolving_aggressive,separating_off,presolving_off,heuristics_aggressive,separating_aggressive,emphasis_optimality,emphasis_easycip,heuristics_fast,emphasis_hardlp,heuristics_off
a1c1s1,presolving_fast,emphasis_hardlp,separating_off,presolving_aggressive,separating_fast,default,presolving_off,separating_aggressive,heuristics_fast,heuristics_aggressive,emphasis_easycip,emphasis_optimality,emphasis_feasibility,heuristics_off
neos-807705,emphasis_hardlp,heuristics_fast,heuristics_off,emphasis_easycip,separating_off,separating_fast,separating_aggressive,default,presolving_aggressive,presolving_fast,heuristics_aggressive,presolving_off,emphasis_feasibility,emphasis_optimality
neos-827015,separating_off,separating_fast,presolving_off,presolving_fast,heuristics_aggressive,separating_aggressive,presolving_aggressive,emphasis_feasibility,emphasis_hardlp,default,heuristics_off,heuristics_fast,emphasis_easycip,emphasis_optimality
neos-555424,separating_off,separating_fast,presolving_fast,heuristics_aggressive,emphasis_feasibility,presolving_aggressive,separating_aggressive,presolving_off,default,heuristics_off,emphasis_hardlp,heuristics_fast,emphasis_easycip,emphasis_optimality
germanrr,separating_fast,emphasis_optimality,separating_aggressive,separating_off,default,presolving_fast,heuristics_aggressive,presolving_aggressive,emphasis_feasibility,heuristics_fast,presolving_off,heuristics_off,emphasis_hardlp,emphasis_easycip
neos-983171,presolving_fast,separating_off,separating_fast,default,separating_aggressive,presolving_off,presolving_aggressive,emphasis_feasibility,heuristics_aggressive,emphasis_hardlp,emphasis_easycip,emphasis_optimality,heuristics_fast,heuristics_off
rvb-sub,separating_off,separating_fast,emphasis_hardlp,default,heuristics_fast,presolving_fast,emphasis_easycip,emphasis_feasibility,presolving_off,heuristics_aggressive,separating_aggressive,heuristics_off,presolving_aggressive,emphasis_optimality
enlight13,presolving_aggressive,default,presolving_fast,separating_aggressive,heuristics_fast,separating_fast,heuristics_aggressive,separating_off,emphasis_hardlp,presolving_off,emphasis_easycip,heuristics_off,emphasis_optimality,emphasis_feasibility
neos-942830,separating_fast,separating_aggressive,default,presolving_fast,presolving_aggressive,heuristics_aggressive,emphasis_feasibility,presolving_off,heuristics_fast,emphasis_hardlp,heuristics_off,emphasis_easycip,separating_off,emphasis_optimality
neos-1346382,separating_off,separating_fast,default,emphasis_feasibility,presolving_fast,presolving_aggressive,separating_aggressive,heuristics_aggressive,presolving_off,emphasis_optimality,emphasis_hardlp,heuristics_fast,emphasis_easycip,heuristics_off
csched010,presolving_aggressive,separating_fast,separating_off,separating_aggressive,emphasis_easycip,presolving_fast,default,heuristics_off,heuristics_fast,heuristics_aggressive,presolving_off,emphasis_hardlp,emphasis_feasibility,emphasis_optimality
lotsize,separating_aggressive,presolving_fast,default,heuristics_fast,emphasis_optimality,presolving_off,presolving_aggressive,heuristics_aggressive,separating_fast,emphasis_hardlp,separating_off,emphasis_easycip,emphasis_feasibility,heuristics_off
neos-631164,presolving_fast,emphasis_feasibility,presolving_aggressive,default,heuristics_aggressive,separating_fast,separating_aggressive,presolving_off,emphasis_optimality,separating_off,emphasis_hardlp,heuristics_fast,emphasis_easycip,heuristics_off
dano3_5,separating_fast,separating_off,presolving_off,presolving_aggressive,presolving_fast,heuristics_aggressive,separating_aggressive,default,emphasis_hardlp,heuristics_fast,emphasis_feasibility,emphasis_easycip,emphasis_optimality,heuristics_off
dano3_4,separating_fast,separating_off,presolving_off,presolving_aggressive,presolving_fast,heuristics_aggressive,separating_aggressive,default,emphasis_hardlp,emphasis_easycip,heuristics_fast,emphasis_feasibility,emphasis_optimality,heuristics_off
p2756,presolving_fast,separating_fast,separating_off,default,separating_aggressive,heuristics_aggressive,presolving_off,presolving_aggressive,heuristics_fast,emphasis_hardlp,emphasis_optimality,emphasis_feasibility,emphasis_easycip,heuristics_off
dc1c,presolving_aggressive,presolving_fast,default,presolving_off,heuristics_aggressive,separating_fast,separating_off,heuristics_fast,emphasis_feasibility,separating_aggressive,emphasis_hardlp,emphasis_easycip,heuristics_off,emphasis_optimality
beasleyC3,presolving_fast,separating_fast,presolving_aggressive,emphasis_hardlp,default,separating_aggressive,separating_off,emphasis_easycip,heuristics_aggressive,heuristics_fast,presolving_off,emphasis_feasibility,emphasis_optimality,heuristics_off
neos-937446,presolving_fast,separating_off,separating_fast,default,separating_aggressive,presolving_off,presolving_aggressive,emphasis_feasibility,heuristics_aggressive,emphasis_hardlp,emphasis_easycip,emphasis_optimality,heuristics_fast,heuristics_off
dg012142,default,heuristics_aggressive,emphasis_feasibility,separating_fast,emphasis_hardlp,presolving_aggressive,heuristics_fast,separating_aggressive,presolving_off,presolving_fast,separating_off,emphasis_optimality,emphasis_easycip,heuristics_off
neos-886822,separating_fast,presolving_fast,default,emphasis_feasibility,emphasis_hardlp,heuristics_aggressive,separating_off,presolving_aggressive,separating_aggressive,presolving_off,heuristics_fast,emphasis_easycip,emphasis_optimality,heuristics_off
shipsched,separating_off,separating_fast,presolving_fast,emphasis_easycip,separating_aggressive,default,presolving_aggressive,heuristics_fast,presolving_off,emphasis_optimality,heuristics_aggressive,heuristics_off,emphasis_hardlp,emphasis_feasibility
rmine21,separating_off,separating_fast,presolving_off,presolving_fast,presolving_aggressive,heuristics_fast,heuristics_aggressive,separating_aggressive,emphasis_hardlp,emphasis_feasibility,emphasis_easycip,default,heuristics_off,emphasis_optimality
neos-611838,presolving_off,presolving_fast,separating_fast,presolving_aggressive,emphasis_hardlp,default,emphasis_easycip,separating_off,heuristics_aggressive,separating_aggressive,emphasis_feasibility,heuristics_fast,emphasis_optimality,heuristics_off
swath,separating_fast,emphasis_feasibility,presolving_aggressive,presolving_fast,heuristics_aggressive,default,separating_aggressive,emphasis_optimality,separating_off,emphasis_easycip,presolving_off,heuristics_fast,emphasis_hardlp,heuristics_off
neos-691073,separating_fast,presolving_fast,presolving_aggressive,emphasis_feasibility,heuristics_aggressive,default,separating_aggressive,presolving_off,emphasis_hardlp,separating_off,heuristics_fast,emphasis_easycip,heuristics_off,emphasis_optimality
sing2,separating_off,separating_fast,presolving_off,presolving_fast,separating_aggressive,heuristics_aggressive,presolving_aggressive,emphasis_feasibility,heuristics_fast,emphasis_optimality,emphasis_hardlp,default,emphasis_easycip,heuristics_off
neos-655508,presolving_fast,separating_off,separating_fast,default,heuristics_aggressive,presolving_aggressive,emphasis_hardlp,separating_aggressive,presolving_off,emphasis_feasibility,heuristics_fast,emphasis_optimality,emphasis_easycip,heuristics_off
neos-916173,emphasis_hardlp,presolving_fast,separating_off,separating_fast,emphasis_easycip,default,heuristics_fast,separating_aggressive,presolving_aggressive,heuristics_aggressive,presolving_off,heuristics_off,emphasis_feasibility,emphasis_optimality
misc07,separating_off,emphasis_easycip,separating_fast,heuristics_fast,presolving_fast,heuristics_off,emphasis_feasibility,default,presolving_aggressive,heuristics_aggressive,emphasis_hardlp,separating_aggressive,presolving_off,emphasis_optimality
satellites3-40-fs,separating_off,separating_fast,presolving_off,presolving_fast,emphasis_feasibility,heuristics_aggressive,separating_aggressive,presolving_aggressive,emphasis_hardlp,heuristics_fast,default,emphasis_easycip,heuristics_off,emphasis_optimality
neos-548047,presolving_fast,separating_off,presolving_aggressive,default,separating_fast,separating_aggressive,heuristics_fast,heuristics_aggressive,emphasis_feasibility,presolving_off,heuristics_off,emphasis_hardlp,emphasis_easycip,emphasis_optimality
neos-803220,emphasis_hardlp,heuristics_fast,heuristics_off,emphasis_easycip,presolving_fast,default,presolving_aggressive,separating_fast,separating_aggressive,separating_off,presolving_off,emphasis_optimality,heuristics_aggressive,emphasis_feasibility
neos-1464762,separating_fast,presolving_fast,emphasis_feasibility,heuristics_aggressive,default,separating_aggressive,presolving_off,presolving_aggressive,separating_off,emphasis_optimality,heuristics_fast,emphasis_hardlp,emphasis_easycip,heuristics_off
neos-941698,separating_fast,separating_aggressive,default,presolving_fast,presolving_aggressive,heuristics_aggressive,emphasis_feasibility,heuristics_fast,presolving_off,heuristics_off,emphasis_hardlp,separating_off,emphasis_easycip,emphasis_optimality
momentum2,separating_fast,presolving_fast,default,presolving_aggressive,separating_off,emphasis_hardlp,heuristics_aggressive,separating_aggressive,presolving_off,emphasis_optimality,emphasis_feasibility,heuristics_fast,emphasis_easycip,heuristics_off
blp-ic97,separating_fast,heuristics_aggressive,presolving_off,presolving_fast,emphasis_feasibility,presolving_aggressive,emphasis_easycip,emphasis_hardlp,default,separating_off,separating_aggressive,heuristics_fast,emphasis_optimality,heuristics_off
neos-1442657,separating_off,separating_fast,emphasis_feasibility,presolving_fast,default,presolving_aggressive,separating_aggressive,heuristics_aggressive,presolving_off,emphasis_optimality,emphasis_hardlp,emphasis_easycip,heuristics_fast,heuristics_off
neos-826812,heuristics_aggressive,emphasis_feasibility,separating_off,separating_fast,presolving_fast,default,presolving_off,separating_aggressive,presolving_aggressive,heuristics_fast,emphasis_optimality,emphasis_hardlp,emphasis_easycip,heuristics_off
