neos-1441553,separating_fast,emphasis_hardlp,separating_off,emphasis_feasibility,presolving_fast,default,presolving_aggressive,heuristics_fast,heuristics_aggressive,separating_aggressive,emphasis_easycip,presolving_off,heuristics_off,emphasis_optimality
gmut-77-40,emphasis_feasibility,emphasis_hardlp,heuristics_aggressive,separating_fast,presolving_fast,heuristics_fast,emphasis_easycip,default,separating_off,presolving_off,presolving_aggressive,separating_aggressive,emphasis_optimality,heuristics_off
n3700,heuristics_aggressive,presolving_fast,presolving_aggressive,default,heuristics_fast,separating_aggressive,emphasis_optimality,emphasis_hardlp,emphasis_feasibility,separating_fast,presolving_off,emphasis_easycip,separating_off,heuristics_off
atm20-100,separating_fast,emphasis_feasibility,presolving_fast,presolving_aggressive,heuristics_aggressive,default,separating_off,presolving_off,separating_aggressive,emphasis_hardlp,heuristics_fast,emphasis_optimality,emphasis_easycip,heuristics_off
neos-810286,separating_fast,heuristics_aggressive,emphasis_feasibility,presolving_fast,default,separating_aggressive,presolving_aggressive,emphasis_easycip,heuristics_fast,separating_off,heuristics_off,emphasis_hardlp,presolving_off,emphasis_optimality
neos18,default,separating_fast,presolving_fast,separating_aggressive,presolving_aggressive,heuristics_aggressive,heuristics_fast,emphasis_feasibility,emphasis_easycip,separating_off,emphasis_hardlp,presolving_off,emphasis_optimality,heuristics_off
neos-598183,separating_off,separating_fast,emphasis_feasibility,presolving_aggressive,separating_aggressive,default,heuristics_aggressive,presolving_fast,emphasis_optimality,heuristics_fast,presolving_off,emphasis_easycip,heuristics_off,emphasis_hardlp
enigma,separating_fast,emphasis_hardlp,emphasis_easycip,separating_off,heuristics_fast,presolving_fast,presolving_aggressive,default,heuristics_aggressive,presolving_off,emphasis_feasibility,separating_aggressive,heuristics_off,emphasis_optimality
triptim3,presolving_aggressive,presolving_fast,separating_fast,default,emphasis_optimality,heuristics_aggressive,emphasis_feasibility,separating_off,separating_aggressive,emphasis_hardlp,emphasis_easycip,heuristics_fast,presolving_off,heuristics_off
bc1,separating_fast,presolving_off,separating_off,presolving_fast,presolving_aggressive,default,emphasis_optimality,emphasis_easycip,emphasis_feasibility,separating_aggressive,heuristics_fast,heuristics_aggressive,emphasis_hardlp,heuristics_off
opm2-z10-s2,presolving_fast,emphasis_hardlp,emphasis_easycip,separating_off,presolving_off,default,separating_fast,heuristics_aggressive,emphasis_feasibility,heuristics_fast,separating_aggressive,emphasis_optimality,heuristics_off,presolving_aggressive
neos-1420546,emphasis_feasibility,separating_off,separating_fast,heuristics_aggressive,presolving_fast,default,presolving_off,presolving_aggressive,separating_aggressive,emphasis_optimality,emphasis_hardlp,heuristics_fast,emphasis_easycip,heuristics_off
p100x588b,presolving_fast,default,presolving_aggressive,heuristics_aggressive,separating_aggressive,separating_fast,emphasis_optimality,emphasis_hardlp,presolving_off,heuristics_fast,emphasis_easycip,emphasis_feasibility,heuristics_off,separating_off
neos-1425699,presolving_off,separating_off,separating_fast,emphasis_hardlp,presolving_fast,presolving_aggressive,heuristics_fast,emphasis_easycip,default,emphasis_optimality,heuristics_off,emphasis_feasibility,heuristics_aggressive,separating_aggressive
misc07,emphasis_hardlp,separating_off,presolving_fast,separating_fast,emphasis_feasibility,emphasis_easycip,heuristics_fast,presolving_off,presolving_aggressive,heuristics_aggressive,default,heuristics_off,separating_aggressive,emphasis_optimality
sp98ar,heuristics_aggressive,emphasis_feasibility,default,presolving_aggressive,presolving_fast,separating_fast,separating_off,presolving_off,separating_aggressive,emphasis_optimality,emphasis_hardlp,emphasis_easycip,heuristics_fast,heuristics_off
bell5,separating_fast,separating_off,default,heuristics_fast,presolving_aggressive,separating_aggressive,emphasis_optimality,emphasis_hardlp,emphasis_easycip,presolving_fast,emphasis_feasibility,heuristics_aggressive,heuristics_off,presolving_off
rlp1,separating_fast,presolving_fast,emphasis_hardlp,separating_off,heuristics_fast,presolving_aggressive,default,presolving_off,separating_aggressive,emphasis_easycip,heuristics_aggressive,emphasis_optimality,emphasis_feasibility,heuristics_off
net12,separating_off,emphasis_feasibility,separating_fast,presolving_fast,default,presolving_aggressive,heuristics_aggressive,presolving_off,separating_aggressive,emphasis_hardlp,heuristics_fast,emphasis_optimality,emphasis_easycip,heuristics_off
ran16x16,presolving_fast,separating_aggressive,default,presolving_aggressive,heuristics_aggressive,heuristics_fast,presolving_off,emphasis_optimality,emphasis_hardlp,heuristics_off,separating_fast,emphasis_easycip,emphasis_feasibility,separating_off
neos-983171,separating_off,separating_fast,default,presolving_fast,presolving_aggressive,separating_aggressive,presolving_off,emphasis_feasibility,heuristics_aggressive,emphasis_hardlp,emphasis_easycip,emphasis_optimality,heuristics_fast,heuristics_off
set1ch,presolving_fast,default,presolving_aggressive,separating_aggressive,heuristics_aggressive,heuristics_fast,separating_fast,presolving_off,emphasis_hardlp,emphasis_optimality,emphasis_easycip,heuristics_off,emphasis_feasibility,separating_off
p0282,separating_fast,presolving_fast,default,emphasis_hardlp,presolving_aggressive,heuristics_fast,emphasis_easycip,separating_aggressive,heuristics_aggressive,presolving_off,heuristics_off,emphasis_optimality,emphasis_feasibility,separating_off
sp98ir,presolving_fast,emphasis_feasibility,presolving_aggressive,heuristics_aggressive,default,separating_fast,presolving_off,separating_off,separating_aggressive,emphasis_optimality,emphasis_hardlp,heuristics_fast,emphasis_easycip,heuristics_off
neos-1426662,separating_off,presolving_fast,separating_fast,default,presolving_off,separating_aggressive,presolving_aggressive,emphasis_feasibility,heuristics_aggressive,emphasis_optimality,emphasis_hardlp,heuristics_fast,emphasis_easycip,heuristics_off
neos-984165,separating_off,separating_fast,default,presolving_fast,presolving_aggressive,separating_aggressive,presolving_off,emphasis_feasibility,heuristics_aggressive,emphasis_hardlp,emphasis_easycip,emphasis_optimality,heuristics_fast,heuristics_off
neos-1430811,presolving_fast,default,separating_off,separating_fast,heuristics_aggressive,presolving_off,presolving_aggressive,emphasis_feasibility,emphasis_easycip,emphasis_hardlp,heuristics_fast,emphasis_optimality,separating_aggressive,heuristics_off
neos-957270,emphasis_hardlp,emphasis_easycip,presolving_fast,separating_off,separating_fast,heuristics_off,heuristics_fast,heuristics_aggressive,default,emphasis_feasibility,presolving_aggressive,separating_aggressive,presolving_off,emphasis_optimality
dcmulti,separating_fast,presolving_fast,emphasis_hardlp,default,presolving_aggressive,heuristics_fast,emphasis_easycip,separating_aggressive,presolving_off,heuristics_aggressive,separating_off,emphasis_optimality,heuristics_off,emphasis_feasibility
pigeon-13,presolving_aggressive,emphasis_easycip,separating_off,emphasis_hardlp,separating_aggressive,separating_fast,emphasis_feasibility,heuristics_aggressive,presolving_fast,default,presolving_off,heuristics_fast,emphasis_optimality,heuristics_off
neos-826841,emphasis_feasibility,heuristics_aggressive,separating_fast,presolving_fast,separating_off,presolving_aggressive,default,presolving_off,separating_aggressive,emphasis_hardlp,emphasis_easycip,emphasis_optimality,heuristics_fast,heuristics_off
neos-1420205,separating_fast,presolving_fast,emphasis_hardlp,separating_off,emphasis_easycip,default,presolving_off,presolving_aggressive,heuristics_fast,separating_aggressive,heuristics_off,emphasis_optimality,heuristics_aggressive,emphasis_feasibility
shs1023,presolving_fast,default,separating_off,separating_fast,heuristics_aggressive,emphasis_hardlp,emphasis_easycip,presolving_off,emphasis_optimality,emphasis_feasibility,heuristics_fast,presolving_aggressive,separating_aggressive,heuristics_off
neos-1616732,separating_fast,emphasis_easycip,presolving_fast,heuristics_fast,presolving_aggressive,default,separating_aggressive,heuristics_aggressive,heuristics_off,emphasis_optimality,presolving_off,emphasis_hardlp,separating_off,emphasis_feasibility
neos-1605061,emphasis_feasibility,heuristics_aggressive,separating_off,default,separating_fast,presolving_fast,presolving_aggressive,separating_aggressive,presolving_off,heuristics_fast,emphasis_easycip,emphasis_hardlp,heuristics_off,emphasis_optimality
satellites1-25,presolving_fast,heuristics_aggressive,separating_fast,emphasis_feasibility,default,separating_off,presolving_off,presolving_aggressive,separating_aggressive,emphasis_hardlp,emphasis_easycip,heuristics_fast,emphasis_optimality,heuristics_off
sing2,separating_off,emphasis_feasibility,presolving_fast,separating_fast,heuristics_aggressive,default,presolving_off,emphasis_hardlp,presolving_aggressive,emphasis_easycip,heuristics_fast,separating_aggressive,emphasis_optimality,heuristics_off
neos-538867,separating_off,presolving_fast,separating_fast,presolving_aggressive,default,separating_aggressive,emphasis_feasibility,emphasis_easycip,heuristics_fast,heuristics_aggressive,presolving_off,heuristics_off,emphasis_hardlp,emphasis_optimality
aflow40b,separating_fast,separating_off,heuristics_aggressive,emphasis_feasibility,default,presolving_fast,presolving_aggressive,separating_aggressive,presolving_off,emphasis_hardlp,heuristics_fast,emphasis_easycip,emphasis_optimality,heuristics_off
n3-3,presolving_aggressive,heuristics_fast,default,heuristics_aggressive,presolving_fast,presolving_off,separating_aggressive,separating_fast,emphasis_hardlp,emphasis_easycip,separating_off,emphasis_optimality,emphasis_feasibility,heuristics_off
neos-1228986,heuristics_off,presolving_aggressive,heuristics_fast,emphasis_hardlp,separating_fast,separating_off,default,emphasis_easycip,emphasis_feasibility,separating_aggressive,presolving_fast,heuristics_aggressive,emphasis_optimality,presolving_off
iis-100-0-cov,separating_off,heuristics_fast,emphasis_easycip,separating_fast,presolving_off,presolving_fast,presolving_aggressive,default,separating_aggressive,heuristics_aggressive,heuristics_off,emphasis_feasibility,emphasis_hardlp,emphasis_optimality
neos-847302,presolving_fast,emphasis_hardlp,emphasis_feasibility,default,presolving_aggressive,heuristics_fast,heuristics_aggressive,separating_fast,emphasis_easycip,separating_off,separating_aggressive,heuristics_off,presolving_off,emphasis_optimality
germany50-DBM,presolving_off,presolving_aggressive,heuristics_fast,separating_fast,presolving_fast,heuristics_aggressive,default,separating_aggressive,emphasis_hardlp,separating_off,emphasis_easycip,emphasis_feasibility,emphasis_optimality,heuristics_off
neos-686190,emphasis_feasibility,separating_off,heuristics_aggressive,default,separating_fast,presolving_fast,presolving_aggressive,emphasis_hardlp,separating_aggressive,presolving_off,heuristics_fast,emphasis_easycip,heuristics_off,emphasis_optimality
iis-pima-cov,separating_off,separating_fast,presolving_off,heuristics_fast,default,presolving_fast,presolving_aggressive,heuristics_aggressive,emphasis_easycip,separating_aggressive,emphasis_feasibility,emphasis_hardlp,emphasis_optimality,heuristics_off
disctom,separating_fast,emphasis_feasibility,heuristics_aggressive,default,presolving_fast,separating_off,presolving_aggressive,separating_aggressive,presolving_off,emphasis_hardlp,emphasis_easycip,heuristics_fast,emphasis_optimality,heuristics_off
noswot,separating_fast,emphasis_hardlp,heuristics_fast,default,separating_off,presolving_fast,presolving_aggressive,emphasis_easycip,separating_aggressive,presolving_off,heuristics_off,heuristics_aggressive,emphasis_optimality,emphasis_feasibility
gesa2,separating_off,separating_fast,presolving_fast,default,presolving_off,presolving_aggressive,separating_aggressive,emphasis_optimality,emphasis_hardlp,heuristics_fast,emphasis_easycip,heuristics_aggressive,emphasis_feasibility,heuristics_off
neos-1126860,presolving_off,presolving_fast,emphasis_hardlp,emphasis_easycip,separating_fast,default,heuristics_fast,separating_off,separating_aggressive,presolving_aggressive,emphasis_optimality,heuristics_aggressive,emphasis_feasibility,heuristics_off
neos-880324,separating_fast,emphasis_hardlp,separating_off,presolving_fast,default,presolving_aggressive,separating_aggressive,emphasis_feasibility,heuristics_fast,emphasis_easycip,presolving_off,heuristics_aggressive,heuristics_off,emphasis_optimality
neos-810326,emphasis_easycip,separating_fast,heuristics_fast,heuristics_off,heuristics_aggressive,separating_aggressive,emphasis_hardlp,presolving_fast,emphasis_feasibility,default,presolving_aggressive,emphasis_optimality,presolving_off,separating_off
lrn,presolving_off,separating_fast,separating_off,presolving_fast,emphasis_feasibility,presolving_aggressive,default,heuristics_aggressive,separating_aggressive,emphasis_optimality,emphasis_hardlp,emphasis_easycip,heuristics_fast,heuristics_off
protfold,separating_off,separating_fast,presolving_fast,default,presolving_aggressive,emphasis_feasibility,heuristics_fast,heuristics_aggressive,separating_aggressive,heuristics_off,emphasis_hardlp,emphasis_easycip,presolving_off,emphasis_optimality
enlight13,separating_fast,presolving_aggressive,heuristics_fast,emphasis_easycip,default,separating_off,emphasis_hardlp,presolving_off,presolving_fast,separating_aggressive,heuristics_aggressive,heuristics_off,emphasis_feasibility,emphasis_optimality
rail507,emphasis_feasibility,separating_fast,heuristics_aggressive,presolving_aggressive,default,separating_off,separating_aggressive,heuristics_fast,presolving_fast,presolving_off,emphasis_optimality,heuristics_off,emphasis_easycip,emphasis_hardlp
neos-937446,separating_off,presolving_fast,separating_aggressive,presolving_off,separating_fast,default,presolving_aggressive,heuristics_aggressive,emphasis_feasibility,emphasis_easycip,emphasis_hardlp,heuristics_fast,emphasis_optimality,heuristics_off
pg5_34,separating_fast,presolving_fast,default,presolving_aggressive,separating_aggressive,presolving_off,emphasis_hardlp,emphasis_easycip,emphasis_feasibility,heuristics_fast,heuristics_aggressive,emphasis_optimality,heuristics_off,separating_off
sts405,presolving_off,heuristics_fast,heuristics_aggressive,presolving_fast,default,separating_fast,presolving_aggressive,emphasis_hardlp,emphasis_feasibility,emphasis_easycip,separating_off,separating_aggressive,heuristics_off,emphasis_optimality
neos-941717,presolving_fast,default,emphasis_hardlp,emphasis_feasibility,separating_aggressive,separating_fast,presolving_aggressive,heuristics_aggressive,presolving_off,emphasis_easycip,heuristics_fast,heuristics_off,separating_off,emphasis_optimality
neos-1173026,presolving_off,separating_off,emphasis_feasibility,emphasis_hardlp,emphasis_easycip,default,separating_fast,separating_aggressive,presolving_aggressive,heuristics_off,presolving_fast,heuristics_fast,heuristics_aggressive,emphasis_optimality
