momentum3,separating_fast,presolving_off,presolving_fast,separating_off,presolving_aggressive,separating_aggressive,heuristics_aggressive,emphasis_feasibility,emphasis_optimality,heuristics_fast,emphasis_hardlp,emphasis_easycip,heuristics_off,default
g200x740i,heuristics_aggressive,presolving_fast,default,presolving_aggressive,separating_aggressive,heuristics_fast,emphasis_optimality,emphasis_hardlp,separating_fast,presolving_off,emphasis_easycip,emphasis_feasibility,heuristics_off,separating_off
neos-1112782,emphasis_feasibility,heuristics_aggressive,emphasis_optimality,emphasis_hardlp,default,presolving_aggressive,separating_off,separating_fast,presolving_fast,separating_aggressive,presolving_off,heuristics_fast,emphasis_easycip,heuristics_off
fast0507,separating_off,presolving_off,default,presolving_fast,separating_fast,presolving_aggressive,heuristics_fast,separating_aggressive,heuristics_aggressive,emphasis_easycip,emphasis_feasibility,emphasis_hardlp,emphasis_optimality,heuristics_off
neos-1171448,emphasis_feasibility,separating_off,separating_fast,presolving_fast,heuristics_aggressive,presolving_off,default,separating_aggressive,presolving_aggressive,emphasis_optimality,emphasis_hardlp,heuristics_fast,emphasis_easycip,heuristics_off
queens-30,separating_off,separating_fast,separating_aggressive,presolving_off,presolving_fast,presolving_aggressive,emphasis_feasibility,heuristics_off,heuristics_fast,heuristics_aggressive,emphasis_hardlp,emphasis_optimality,emphasis_easycip,default
neos-1426635,presolving_off,separating_fast,separating_off,presolving_fast,emphasis_feasibility,default,separating_aggressive,presolving_aggressive,heuristics_aggressive,emphasis_optimality,emphasis_hardlp,heuristics_fast,emphasis_easycip,heuristics_off
neos-1440460,separating_off,separating_fast,presolving_fast,default,emphasis_feasibility,presolving_aggressive,separating_aggressive,heuristics_aggressive,emphasis_optimality,heuristics_fast,presolving_off,emphasis_hardlp,emphasis_easycip,heuristics_off
p100x588b,heuristics_aggressive,default,presolving_aggressive,presolving_fast,separating_aggressive,heuristics_fast,presolving_off,emphasis_optimality,separating_fast,emphasis_hardlp,emphasis_easycip,emphasis_feasibility,separating_off,heuristics_off
neos-831188,presolving_fast,heuristics_aggressive,emphasis_feasibility,presolving_aggressive,default,presolving_off,separating_off,separating_fast,separating_aggressive,heuristics_fast,emphasis_optimality,emphasis_easycip,emphasis_hardlp,heuristics_off
neos-914441,separating_off,separating_fast,presolving_fast,default,presolving_off,separating_aggressive,presolving_aggressive,heuristics_aggressive,emphasis_feasibility,heuristics_fast,emphasis_hardlp,emphasis_optimality,emphasis_easycip,heuristics_off
opm2-z12-s14,presolving_off,presolving_fast,emphasis_hardlp,emphasis_easycip,separating_off,separating_fast,heuristics_aggressive,default,emphasis_feasibility,heuristics_fast,emphasis_optimality,separating_aggressive,presolving_aggressive,heuristics_off
neos-1601936,separating_fast,emphasis_feasibility,default,heuristics_aggressive,presolving_aggressive,presolving_fast,emphasis_hardlp,separating_aggressive,heuristics_fast,presolving_off,emphasis_easycip,separating_off,heuristics_off,emphasis_optimality
neos-935674,emphasis_feasibility,separating_fast,emphasis_hardlp,default,presolving_fast,presolving_aggressive,heuristics_aggressive,separating_off,separating_aggressive,heuristics_fast,presolving_off,emphasis_easycip,heuristics_off,emphasis_optimality
neos-827175,heuristics_aggressive,emphasis_feasibility,separating_off,separating_fast,presolving_fast,default,presolving_off,presolving_aggressive,separating_aggressive,emphasis_optimality,emphasis_hardlp,emphasis_easycip,heuristics_fast,heuristics_off
neos-825075,separating_aggressive,emphasis_hardlp,separating_fast,presolving_fast,heuristics_fast,presolving_aggressive,emphasis_easycip,default,heuristics_off,heuristics_aggressive,emphasis_feasibility,separating_off,presolving_off,emphasis_optimality
neos11,separating_off,presolving_aggressive,separating_fast,default,separating_aggressive,presolving_fast,presolving_off,heuristics_aggressive,emphasis_feasibility,heuristics_fast,heuristics_off,emphasis_hardlp,emphasis_optimality,emphasis_easycip
neos-1451294,separating_fast,emphasis_feasibility,default,presolving_aggressive,presolving_fast,heuristics_aggressive,emphasis_hardlp,separating_aggressive,heuristics_fast,presolving_off,emphasis_easycip,separating_off,heuristics_off,emphasis_optimality
bienst1,separating_off,emphasis_hardlp,presolving_fast,separating_fast,default,emphasis_feasibility,emphasis_easycip,presolving_aggressive,heuristics_aggressive,separating_aggressive,heuristics_fast,presolving_off,heuristics_off,emphasis_optimality
neos-957389,separating_off,presolving_fast,separating_fast,emphasis_easycip,heuristics_aggressive,emphasis_feasibility,separating_aggressive,emphasis_hardlp,presolving_aggressive,default,presolving_off,heuristics_fast,heuristics_off,emphasis_optimality
dg012142,presolving_fast,default,presolving_aggressive,heuristics_aggressive,presolving_off,separating_aggressive,heuristics_fast,emphasis_hardlp,separating_fast,heuristics_off,emphasis_optimality,emphasis_easycip,separating_off,emphasis_feasibility
neos-501474,presolving_aggressive,default,presolving_fast,heuristics_fast,separating_fast,separating_aggressive,separating_off,heuristics_aggressive,presolving_off,heuristics_off,emphasis_optimality,emphasis_feasibility,emphasis_easycip,emphasis_hardlp
egout,default,presolving_fast,presolving_aggressive,separating_fast,separating_aggressive,heuristics_fast,emphasis_hardlp,heuristics_aggressive,presolving_off,emphasis_optimality,emphasis_easycip,emphasis_feasibility,heuristics_off,separating_off
neos-1605075,emphasis_feasibility,default,separating_fast,emphasis_hardlp,presolving_aggressive,presolving_fast,heuristics_aggressive,heuristics_fast,separating_aggressive,presolving_off,emphasis_easycip,separating_off,heuristics_off,emphasis_optimality
reblock67,emphasis_hardlp,separating_off,separating_fast,presolving_fast,default,presolving_off,heuristics_aggressive,emphasis_feasibility,heuristics_fast,emphasis_easycip,separating_aggressive,heuristics_off,presolving_aggressive,emphasis_optimality
neos-826694,separating_off,separating_fast,emphasis_feasibility,separating_aggressive,presolving_off,presolving_fast,presolving_aggressive,heuristics_aggressive,heuristics_off,heuristics_fast,emphasis_optimality,emphasis_hardlp,emphasis_easycip,default
neos-830439,separating_fast,presolving_aggressive,separating_aggressive,presolving_fast,emphasis_hardlp,separating_off,emphasis_easycip,heuristics_aggressive,default,heuristics_fast,presolving_off,heuristics_off,emphasis_feasibility,emphasis_optimality
neos-1426662,separating_off,separating_fast,presolving_fast,default,presolving_aggressive,emphasis_feasibility,separating_aggressive,presolving_off,heuristics_aggressive,emphasis_optimality,emphasis_hardlp,heuristics_fast,emphasis_easycip,heuristics_off
neos-850681,emphasis_feasibility,heuristics_fast,emphasis_hardlp,heuristics_aggressive,emphasis_easycip,heuristics_off,presolving_fast,separating_fast,presolving_aggressive,default,separating_aggressive,presolving_off,separating_off,emphasis_optimality
neos-1324574,default,presolving_aggressive,separating_off,presolving_fast,separating_aggressive,heuristics_aggressive,emphasis_feasibility,separating_fast,heuristics_fast,presolving_off,emphasis_hardlp,emphasis_easycip,emphasis_optimality,heuristics_off
neos-957323,presolving_fast,separating_off,presolving_off,emphasis_feasibility,heuristics_aggressive,separating_fast,presolving_aggressive,default,separating_aggressive,emphasis_hardlp,emphasis_easycip,emphasis_optimality,heuristics_fast,heuristics_off
tw-myciel4,separating_off,emphasis_hardlp,separating_fast,presolving_fast,presolving_aggressive,emphasis_feasibility,heuristics_aggressive,emphasis_easycip,default,presolving_off,heuristics_fast,separating_aggressive,heuristics_off,emphasis_optimality
neos-960392,emphasis_feasibility,separating_off,separating_fast,separating_aggressive,presolving_off,heuristics_aggressive,presolving_fast,presolving_aggressive,heuristics_off,heuristics_fast,emphasis_optimality,emphasis_hardlp,emphasis_easycip,default
neos-1593097,emphasis_feasibility,separating_fast,emphasis_easycip,presolving_fast,heuristics_fast,heuristics_aggressive,emphasis_hardlp,presolving_aggressive,heuristics_off,presolving_off,default,separating_off,separating_aggressive,emphasis_optimality
ex1010-pi,separating_off,presolving_off,presolving_fast,heuristics_fast,separating_fast,presolving_aggressive,default,heuristics_aggressive,emphasis_easycip,separating_aggressive,emphasis_feasibility,emphasis_hardlp,emphasis_optimality,heuristics_off
n3700,heuristics_aggressive,presolving_fast,presolving_aggressive,default,heuristics_fast,separating_aggressive,emphasis_optimality,emphasis_hardlp,emphasis_feasibility,separating_fast,presolving_off,emphasis_easycip,separating_off,heuristics_off
d20200,separating_fast,separating_off,presolving_fast,separating_aggressive,emphasis_feasibility,heuristics_aggressive,presolving_off,presolving_aggressive,heuristics_fast,emphasis_hardlp,default,heuristics_off,emphasis_optimality,emphasis_easycip
neos-584866,separating_off,presolving_fast,emphasis_hardlp,separating_fast,separating_aggressive,presolving_aggressive,emphasis_easycip,default,heuristics_aggressive,presolving_off,heuristics_fast,emphasis_feasibility,emphasis_optimality,heuristics_off
flugpl,separating_fast,default,presolving_aggressive,presolving_fast,presolving_off,heuristics_fast,heuristics_aggressive,separating_off,separating_aggressive,emphasis_feasibility,emphasis_hardlp,heuristics_off,emphasis_easycip,emphasis_optimality
neos-916173,presolving_fast,separating_off,separating_fast,presolving_off,heuristics_aggressive,default,presolving_aggressive,separating_aggressive,emphasis_hardlp,emphasis_feasibility,heuristics_fast,emphasis_optimality,emphasis_easycip,heuristics_off
shs1023,separating_fast,presolving_fast,separating_aggressive,presolving_aggressive,separating_off,default,heuristics_aggressive,presolving_off,heuristics_off,heuristics_fast,emphasis_optimality,emphasis_feasibility,emphasis_hardlp,emphasis_easycip
neos-1109824,emphasis_hardlp,presolving_fast,emphasis_feasibility,separating_fast,emphasis_easycip,presolving_aggressive,default,heuristics_aggressive,separating_off,presolving_off,heuristics_off,heuristics_fast,separating_aggressive,emphasis_optimality
neos-691058,presolving_off,separating_fast,emphasis_feasibility,presolving_aggressive,presolving_fast,separating_aggressive,separating_off,default,heuristics_aggressive,emphasis_hardlp,emphasis_optimality,emphasis_easycip,heuristics_fast,heuristics_off
pp08aCUTS,default,presolving_fast,presolving_aggressive,heuristics_aggressive,heuristics_fast,separating_aggressive,presolving_off,separating_fast,emphasis_optimality,emphasis_hardlp,emphasis_easycip,heuristics_off,emphasis_feasibility,separating_off
neos-503737,default,separating_fast,presolving_aggressive,heuristics_aggressive,emphasis_feasibility,presolving_fast,emphasis_hardlp,separating_aggressive,presolving_off,heuristics_fast,emphasis_easycip,heuristics_off,separating_off,emphasis_optimality
rmatr200-p20,presolving_off,heuristics_aggressive,emphasis_feasibility,emphasis_hardlp,emphasis_easycip,heuristics_fast,presolving_fast,separating_off,default,separating_fast,presolving_aggressive,emphasis_optimality,separating_aggressive,heuristics_off
sp98ar,presolving_fast,separating_off,separating_fast,presolving_aggressive,default,presolving_off,emphasis_feasibility,emphasis_hardlp,separating_aggressive,heuristics_aggressive,heuristics_fast,emphasis_easycip,heuristics_off,emphasis_optimality
neos-595904,presolving_fast,default,presolving_aggressive,presolving_off,heuristics_fast,heuristics_aggressive,separating_aggressive,emphasis_optimality,separating_fast,emphasis_hardlp,heuristics_off,emphasis_feasibility,emphasis_easycip,separating_off
lseu,separating_fast,emphasis_hardlp,default,presolving_fast,emphasis_feasibility,emphasis_easycip,presolving_aggressive,heuristics_fast,presolving_off,heuristics_aggressive,separating_aggressive,separating_off,emphasis_optimality,heuristics_off
ns1663818,separating_off,separating_fast,separating_aggressive,presolving_off,presolving_fast,presolving_aggressive,heuristics_off,heuristics_fast,heuristics_aggressive,emphasis_optimality,emphasis_hardlp,emphasis_feasibility,emphasis_easycip,default
roy,default,separating_fast,presolving_fast,heuristics_aggressive,presolving_aggressive,separating_off,presolving_off,emphasis_hardlp,heuristics_fast,separating_aggressive,emphasis_feasibility,emphasis_easycip,heuristics_off,emphasis_optimality
neos-933364,presolving_fast,default,presolving_aggressive,heuristics_aggressive,separating_aggressive,separating_fast,emphasis_optimality,heuristics_fast,emphasis_hardlp,presolving_off,emphasis_feasibility,emphasis_easycip,heuristics_off,separating_off
methanosarcina,separating_off,separating_fast,presolving_off,heuristics_aggressive,presolving_fast,presolving_aggressive,emphasis_feasibility,default,heuristics_fast,emphasis_hardlp,emphasis_easycip,separating_aggressive,heuristics_off,emphasis_optimality
app1-2,presolving_aggressive,default,separating_aggressive,separating_fast,presolving_fast,heuristics_aggressive,presolving_off,separating_off,heuristics_fast,emphasis_hardlp,emphasis_optimality,emphasis_feasibility,emphasis_easycip,heuristics_off
ns4-pr9,heuristics_fast,separating_fast,presolving_off,presolving_aggressive,default,presolving_fast,emphasis_hardlp,separating_off,heuristics_aggressive,emphasis_easycip,separating_aggressive,emphasis_feasibility,heuristics_off,emphasis_optimality
neos-1223462,emphasis_feasibility,heuristics_aggressive,presolving_fast,emphasis_hardlp,emphasis_easycip,presolving_aggressive,separating_off,separating_fast,presolving_off,separating_aggressive,default,heuristics_fast,heuristics_off,emphasis_optimality
neos-1208135,separating_off,separating_aggressive,presolving_off,emphasis_feasibility,separating_fast,default,heuristics_off,presolving_fast,presolving_aggressive,heuristics_aggressive,heuristics_fast,emphasis_hardlp,emphasis_easycip,emphasis_optimality
co-100,heuristics_aggressive,presolving_fast,default,presolving_aggressive,separating_aggressive,emphasis_feasibility,separating_fast,emphasis_hardlp,heuristics_fast,emphasis_optimality,separating_off,presolving_off,emphasis_easycip,heuristics_off
a1c1s1,default,presolving_aggressive,presolving_fast,heuristics_aggressive,separating_aggressive,separating_fast,presolving_off,heuristics_fast,emphasis_optimality,emphasis_hardlp,emphasis_easycip,emphasis_feasibility,separating_off,heuristics_off
neos-1396125,separating_fast,separating_off,presolving_aggressive,separating_aggressive,presolving_off,presolving_fast,heuristics_aggressive,default,heuristics_fast,emphasis_feasibility,emphasis_optimality,emphasis_hardlp,emphasis_easycip,heuristics_off
atm20-100,presolving_aggressive,separating_fast,presolving_fast,default,separating_aggressive,presolving_off,heuristics_aggressive,separating_off,emphasis_easycip,emphasis_hardlp,heuristics_fast,emphasis_optimality,emphasis_feasibility,heuristics_off
