neos-504674,separating_aggressive,heuristics_fast,emphasis_easycip,separating_fast,default,presolving_aggressive,heuristics_off,emphasis_hardlp,separating_off,presolving_fast,heuristics_aggressive,presolving_off,emphasis_feasibility,emphasis_optimality
neos-1171448,presolving_fast,separating_fast,separating_aggressive,heuristics_aggressive,emphasis_feasibility,default,separating_off,presolving_off,presolving_aggressive,emphasis_optimality,emphasis_easycip,heuristics_fast,emphasis_hardlp,heuristics_off
22433,separating_off,emphasis_hardlp,presolving_off,presolving_fast,separating_fast,emphasis_feasibility,default,presolving_aggressive,heuristics_aggressive,emphasis_easycip,heuristics_off,heuristics_fast,separating_aggressive,emphasis_optimality
eilB101,separating_fast,separating_off,heuristics_fast,emphasis_easycip,presolving_fast,emphasis_hardlp,emphasis_feasibility,default,presolving_aggressive,heuristics_aggressive,presolving_off,separating_aggressive,heuristics_off,emphasis_optimality
dc1l,heuristics_fast,separating_off,default,separating_fast,presolving_aggressive,emphasis_hardlp,emphasis_feasibility,presolving_off,presolving_fast,heuristics_aggressive,emphasis_easycip,emphasis_optimality,separating_aggressive,heuristics_off
neos-1120495,presolving_aggressive,separating_off,emphasis_hardlp,emphasis_easycip,separating_fast,heuristics_off,emphasis_feasibility,default,presolving_fast,separating_aggressive,heuristics_fast,heuristics_aggressive,presolving_off,emphasis_optimality
gesa3,separating_fast,presolving_off,emphasis_hardlp,default,presolving_fast,presolving_aggressive,separating_off,heuristics_off,heuristics_aggressive,emphasis_easycip,separating_aggressive,heuristics_fast,emphasis_optimality,emphasis_feasibility
neos-881765,heuristics_fast,emphasis_hardlp,separating_off,emphasis_feasibility,separating_aggressive,presolving_fast,default,separating_fast,heuristics_aggressive,emphasis_easycip,presolving_aggressive,emphasis_optimality,presolving_off,heuristics_off
neos-498623,emphasis_feasibility,heuristics_aggressive,separating_fast,presolving_aggressive,default,presolving_fast,separating_off,separating_aggressive,presolving_off,emphasis_hardlp,heuristics_fast,heuristics_off,emphasis_optimality,emphasis_easycip
n3seq24,separating_off,presolving_fast,separating_fast,presolving_off,heuristics_aggressive,emphasis_hardlp,emphasis_easycip,separating_aggressive,presolving_aggressive,heuristics_off,heuristics_fast,default,emphasis_optimality,emphasis_feasibility
neos-693347,presolving_fast,separating_fast,separating_aggressive,default,presolving_aggressive,heuristics_off,emphasis_feasibility,separating_off,heuristics_aggressive,emphasis_easycip,presolving_off,heuristics_fast,emphasis_optimality,emphasis_hardlp
neos-1208069,emphasis_feasibility,heuristics_aggressive,emphasis_easycip,separating_off,default,separating_aggressive,heuristics_fast,separating_fast,emphasis_hardlp,presolving_fast,presolving_aggressive,heuristics_off,presolving_off,emphasis_optimality
ns894236,separating_off,separating_fast,separating_aggressive,presolving_fast,emphasis_feasibility,emphasis_hardlp,heuristics_aggressive,presolving_aggressive,heuristics_off,presolving_off,emphasis_easycip,default,heuristics_fast,emphasis_optimality
rentacar,presolving_fast,emphasis_hardlp,default,separating_off,presolving_off,presolving_aggressive,heuristics_fast,separating_aggressive,separating_fast,heuristics_off,emphasis_easycip,heuristics_aggressive,emphasis_feasibility,emphasis_optimality
neos-860244,separating_off,emphasis_feasibility,default,separating_fast,emphasis_hardlp,presolving_fast,emphasis_easycip,separating_aggressive,heuristics_aggressive,presolving_off,presolving_aggressive,heuristics_fast,heuristics_off,emphasis_optimality
neos-633273,separating_aggressive,emphasis_feasibility,heuristics_fast,emphasis_optimality,separating_fast,presolving_aggressive,separating_off,heuristics_off,default,presolving_fast,heuristics_aggressive,emphasis_easycip,emphasis_hardlp,presolving_off
dsbmip,emphasis_feasibility,separating_off,presolving_fast,separating_fast,presolving_off,emphasis_easycip,presolving_aggressive,separating_aggressive,heuristics_aggressive,default,heuristics_fast,heuristics_off,emphasis_optimality,emphasis_hardlp
ivu06-big,separating_fast,separating_aggressive,presolving_off,separating_off,presolving_fast,presolving_aggressive,heuristics_off,heuristics_fast,heuristics_aggressive,emphasis_optimality,emphasis_hardlp,emphasis_feasibility,emphasis_easycip,default
rocII-9-11,presolving_off,separating_off,separating_aggressive,separating_fast,presolving_aggressive,presolving_fast,heuristics_off,heuristics_aggressive,heuristics_fast,emphasis_optimality,emphasis_feasibility,emphasis_hardlp,default,emphasis_easycip
neos-937511,separating_off,presolving_off,separating_fast,default,presolving_fast,separating_aggressive,presolving_aggressive,emphasis_feasibility,heuristics_aggressive,emphasis_easycip,emphasis_hardlp,heuristics_fast,emphasis_optimality,heuristics_off
neos-1109824,presolving_aggressive,emphasis_hardlp,separating_off,heuristics_off,emphasis_feasibility,separating_fast,heuristics_fast,emphasis_easycip,default,presolving_fast,heuristics_aggressive,separating_aggressive,presolving_off,emphasis_optimality
mas74,emphasis_easycip,heuristics_fast,separating_off,emphasis_hardlp,separating_fast,presolving_off,presolving_fast,heuristics_aggressive,default,separating_aggressive,presolving_aggressive,emphasis_feasibility,heuristics_off,emphasis_optimality
tr12-30,presolving_aggressive,presolving_fast,default,separating_fast,separating_aggressive,presolving_off,heuristics_fast,heuristics_aggressive,emphasis_hardlp,emphasis_easycip,emphasis_feasibility,separating_off,heuristics_off,emphasis_optimality
neos-570431,presolving_fast,separating_fast,separating_aggressive,heuristics_fast,emphasis_feasibility,emphasis_easycip,heuristics_aggressive,presolving_aggressive,emphasis_hardlp,separating_off,presolving_off,default,heuristics_off,emphasis_optimality
neos-1439395,separating_off,separating_fast,presolving_fast,default,heuristics_fast,emphasis_feasibility,separating_aggressive,heuristics_off,presolving_aggressive,heuristics_aggressive,emphasis_optimality,emphasis_easycip,presolving_off,emphasis_hardlp
stein45,separating_fast,presolving_aggressive,separating_off,presolving_fast,heuristics_fast,emphasis_hardlp,default,emphasis_easycip,presolving_off,separating_aggressive,heuristics_aggressive,heuristics_off,emphasis_feasibility,emphasis_optimality
neos-520729,presolving_fast,separating_off,separating_fast,heuristics_aggressive,presolving_off,default,heuristics_fast,emphasis_feasibility,presolving_aggressive,heuristics_off,emphasis_easycip,separating_aggressive,emphasis_optimality,emphasis_hardlp
neos-476283,separating_off,separating_fast,presolving_fast,presolving_off,separating_aggressive,emphasis_feasibility,emphasis_hardlp,presolving_aggressive,heuristics_aggressive,heuristics_fast,emphasis_easycip,default,heuristics_off,emphasis_optimality
n9-3,presolving_fast,presolving_aggressive,heuristics_fast,emphasis_hardlp,default,separating_aggressive,heuristics_aggressive,presolving_off,separating_fast,emphasis_easycip,separating_off,heuristics_off,emphasis_optimality,emphasis_feasibility
neos-1427181,separating_off,default,presolving_fast,emphasis_feasibility,separating_fast,separating_aggressive,presolving_aggressive,presolving_off,heuristics_aggressive,emphasis_optimality,emphasis_hardlp,heuristics_fast,heuristics_off,emphasis_easycip
neos-1440460,separating_off,separating_fast,presolving_fast,default,presolving_aggressive,separating_aggressive,heuristics_fast,presolving_off,heuristics_aggressive,emphasis_optimality,emphasis_feasibility,heuristics_off,emphasis_easycip,emphasis_hardlp
neos-1489999,presolving_fast,separating_fast,separating_aggressive,default,heuristics_aggressive,emphasis_easycip,presolving_aggressive,heuristics_fast,emphasis_feasibility,emphasis_hardlp,presolving_off,heuristics_off,emphasis_optimality,separating_off
mod008,emphasis_hardlp,presolving_off,separating_off,presolving_fast,heuristics_fast,emphasis_easycip,separating_fast,presolving_aggressive,heuristics_aggressive,default,heuristics_off,separating_aggressive,emphasis_optimality,emphasis_feasibility
neos-1330635,presolving_off,presolving_fast,separating_off,presolving_aggressive,heuristics_aggressive,emphasis_feasibility,separating_aggressive,emphasis_easycip,emphasis_hardlp,default,separating_fast,heuristics_fast,emphasis_optimality,heuristics_off
momentum2,separating_off,presolving_fast,emphasis_hardlp,heuristics_aggressive,separating_fast,presolving_off,separating_aggressive,presolving_aggressive,emphasis_feasibility,heuristics_fast,default,heuristics_off,emphasis_optimality,emphasis_easycip
neos-954925,presolving_fast,presolving_off,separating_fast,separating_off,emphasis_feasibility,heuristics_aggressive,presolving_aggressive,emphasis_optimality,emphasis_hardlp,default,separating_aggressive,heuristics_off,emphasis_easycip,heuristics_fast
neos-935496,separating_fast,presolving_fast,heuristics_aggressive,default,presolving_aggressive,heuristics_fast,emphasis_hardlp,separating_off,separating_aggressive,heuristics_off,emphasis_easycip,emphasis_feasibility,presolving_off,emphasis_optimality
ns1688347,separating_fast,presolving_fast,separating_off,separating_aggressive,presolving_aggressive,heuristics_off,emphasis_feasibility,default,heuristics_aggressive,presolving_off,heuristics_fast,emphasis_hardlp,emphasis_easycip,emphasis_optimality
neos-538867,separating_fast,presolving_fast,separating_off,separating_aggressive,presolving_aggressive,emphasis_feasibility,emphasis_easycip,heuristics_fast,default,heuristics_aggressive,presolving_off,emphasis_optimality,emphasis_hardlp,heuristics_off
neos-1112782,heuristics_aggressive,emphasis_feasibility,emphasis_optimality,emphasis_hardlp,default,separating_fast,presolving_aggressive,separating_off,separating_aggressive,presolving_fast,heuristics_fast,presolving_off,emphasis_easycip,heuristics_off
seymour-disj-10,presolving_aggressive,presolving_off,separating_off,separating_fast,emphasis_feasibility,emphasis_easycip,default,presolving_fast,separating_aggressive,heuristics_fast,heuristics_aggressive,emphasis_hardlp,heuristics_off,emphasis_optimality
neos-1620807,separating_fast,separating_aggressive,presolving_fast,presolving_aggressive,heuristics_fast,default,heuristics_off,emphasis_easycip,heuristics_aggressive,emphasis_hardlp,emphasis_feasibility,separating_off,presolving_off,emphasis_optimality
ns1854840,separating_off,presolving_off,separating_fast,presolving_fast,presolving_aggressive,separating_aggressive,heuristics_fast,heuristics_off,heuristics_aggressive,default,emphasis_hardlp,emphasis_feasibility,emphasis_easycip,emphasis_optimality
neos-956971,presolving_fast,presolving_off,separating_off,heuristics_aggressive,emphasis_feasibility,default,separating_fast,presolving_aggressive,emphasis_optimality,emphasis_easycip,separating_aggressive,emphasis_hardlp,heuristics_fast,heuristics_off
sp98ir,presolving_aggressive,heuristics_aggressive,emphasis_feasibility,separating_aggressive,default,presolving_fast,separating_fast,presolving_off,emphasis_optimality,emphasis_hardlp,separating_off,heuristics_fast,emphasis_easycip,heuristics_off
prod1,separating_off,emphasis_easycip,emphasis_hardlp,separating_fast,presolving_fast,heuristics_fast,presolving_off,presolving_aggressive,heuristics_aggressive,emphasis_feasibility,default,separating_aggressive,emphasis_optimality,heuristics_off
neos-941262,separating_off,presolving_fast,presolving_off,separating_fast,separating_aggressive,presolving_aggressive,default,heuristics_aggressive,emphasis_feasibility,emphasis_optimality,emphasis_easycip,heuristics_fast,emphasis_hardlp,heuristics_off
neos-824661,separating_off,emphasis_feasibility,presolving_fast,default,separating_fast,heuristics_aggressive,presolving_off,presolving_aggressive,separating_aggressive,emphasis_optimality,heuristics_fast,heuristics_off,emphasis_hardlp,emphasis_easycip
rmatr200-p10,emphasis_easycip,emphasis_hardlp,heuristics_fast,heuristics_aggressive,emphasis_feasibility,presolving_off,presolving_fast,emphasis_optimality,presolving_aggressive,separating_off,separating_fast,default,separating_aggressive,heuristics_off
n3705,heuristics_aggressive,presolving_fast,presolving_aggressive,separating_aggressive,default,heuristics_fast,emphasis_feasibility,emphasis_optimality,emphasis_hardlp,separating_fast,presolving_off,emphasis_easycip,separating_off,heuristics_off
p0282,presolving_fast,heuristics_fast,emphasis_hardlp,default,presolving_aggressive,separating_fast,emphasis_easycip,separating_aggressive,heuristics_aggressive,separating_off,presolving_off,heuristics_off,emphasis_optimality,emphasis_feasibility
neos-960392,separating_off,separating_fast,presolving_fast,heuristics_aggressive,emphasis_feasibility,separating_aggressive,default,presolving_off,presolving_aggressive,emphasis_optimality,emphasis_easycip,heuristics_off,heuristics_fast,emphasis_hardlp
neos-555694,separating_fast,emphasis_feasibility,heuristics_aggressive,presolving_fast,emphasis_hardlp,presolving_aggressive,separating_off,default,separating_aggressive,emphasis_easycip,heuristics_fast,emphasis_optimality,presolving_off,heuristics_off
pigeon-12,separating_fast,presolving_aggressive,emphasis_easycip,separating_aggressive,separating_off,emphasis_hardlp,heuristics_aggressive,emphasis_optimality,emphasis_feasibility,default,presolving_fast,presolving_off,heuristics_fast,heuristics_off
noswot,heuristics_off,default,separating_off,separating_fast,separating_aggressive,presolving_fast,heuristics_fast,emphasis_feasibility,presolving_aggressive,emphasis_easycip,emphasis_hardlp,presolving_off,heuristics_aggressive,emphasis_optimality
neos-1445738,separating_fast,separating_off,emphasis_feasibility,default,presolving_fast,emphasis_hardlp,presolving_off,heuristics_aggressive,emphasis_easycip,heuristics_fast,separating_aggressive,presolving_aggressive,emphasis_optimality,heuristics_off
mcsched,default,heuristics_aggressive,separating_aggressive,presolving_fast,presolving_aggressive,emphasis_feasibility,separating_off,separating_fast,presolving_off,emphasis_hardlp,heuristics_fast,emphasis_optimality,emphasis_easycip,heuristics_off
sts405,heuristics_fast,presolving_off,presolving_fast,presolving_aggressive,heuristics_aggressive,separating_fast,emphasis_hardlp,default,separating_off,emphasis_easycip,emphasis_feasibility,separating_aggressive,heuristics_off,emphasis_optimality
neos-522351,separating_aggressive,presolving_fast,presolving_aggressive,default,separating_fast,heuristics_aggressive,separating_off,presolving_off,emphasis_feasibility,emphasis_optimality,emphasis_easycip,heuristics_fast,emphasis_hardlp,heuristics_off
aflow30a,default,presolving_aggressive,heuristics_aggressive,separating_fast,presolving_fast,separating_aggressive,separating_off,emphasis_feasibility,presolving_off,heuristics_fast,emphasis_optimality,emphasis_easycip,emphasis_hardlp,heuristics_off
neos-876808,separating_fast,separating_off,presolving_off,presolving_fast,heuristics_fast,emphasis_feasibility,presolving_aggressive,heuristics_aggressive,separating_aggressive,emphasis_hardlp,emphasis_easycip,emphasis_optimality,default,heuristics_off
