dano3_3,separating_fast,presolving_off,separating_off,presolving_aggressive,presolving_fast,heuristics_aggressive,separating_aggressive,default,heuristics_fast,emphasis_hardlp,emphasis_feasibility,emphasis_optimality,emphasis_easycip,heuristics_off
neos-957389,emphasis_hardlp,separating_off,separating_fast,presolving_fast,presolving_aggressive,heuristics_fast,emphasis_feasibility,separating_aggressive,default,heuristics_off,heuristics_aggressive,emphasis_easycip,presolving_off,emphasis_optimality
bab3,separating_off,presolving_aggressive,emphasis_hardlp,heuristics_fast,presolving_off,heuristics_off,emphasis_easycip,separating_fast,emphasis_feasibility,separating_aggressive,heuristics_aggressive,presolving_fast,emphasis_optimality,default
neos-1460641,presolving_fast,emphasis_feasibility,presolving_aggressive,heuristics_aggressive,separating_fast,separating_aggressive,default,presolving_off,separating_off,emphasis_optimality,heuristics_fast,emphasis_hardlp,emphasis_easycip,heuristics_off
neos-1620770,presolving_fast,separating_fast,separating_aggressive,presolving_aggressive,heuristics_aggressive,heuristics_fast,default,emphasis_feasibility,emphasis_easycip,separating_off,presolving_off,emphasis_hardlp,heuristics_off,emphasis_optimality
rd-rplusc-21,separating_off,separating_fast,presolving_fast,emphasis_feasibility,presolving_aggressive,heuristics_aggressive,heuristics_fast,emphasis_optimality,emphasis_hardlp,default,separating_aggressive,heuristics_off,presolving_off,emphasis_easycip
bell3a,emphasis_hardlp,default,separating_fast,presolving_fast,heuristics_fast,heuristics_aggressive,emphasis_easycip,separating_off,presolving_aggressive,emphasis_feasibility,heuristics_off,separating_aggressive,presolving_off,emphasis_optimality
van,presolving_fast,presolving_aggressive,default,emphasis_hardlp,separating_fast,separating_aggressive,emphasis_feasibility,heuristics_fast,heuristics_aggressive,separating_off,presolving_off,emphasis_easycip,emphasis_optimality,heuristics_off
neos-933562,separating_aggressive,separating_fast,presolving_aggressive,separating_off,emphasis_feasibility,default,heuristics_aggressive,presolving_fast,presolving_off,heuristics_fast,emphasis_optimality,emphasis_hardlp,heuristics_off,emphasis_easycip
misc07,separating_fast,separating_off,emphasis_feasibility,emphasis_easycip,default,presolving_fast,heuristics_aggressive,presolving_aggressive,heuristics_fast,heuristics_off,emphasis_hardlp,separating_aggressive,presolving_off,emphasis_optimality
fiball,separating_fast,separating_aggressive,default,separating_off,presolving_fast,presolving_aggressive,heuristics_aggressive,emphasis_feasibility,presolving_off,emphasis_optimality,heuristics_fast,emphasis_hardlp,heuristics_off,emphasis_easycip
n15-3,separating_off,presolving_off,separating_fast,presolving_fast,heuristics_aggressive,separating_aggressive,presolving_aggressive,emphasis_feasibility,heuristics_fast,default,emphasis_optimality,emphasis_easycip,emphasis_hardlp,heuristics_off
neos-916173,emphasis_hardlp,separating_off,separating_fast,presolving_fast,heuristics_fast,emphasis_easycip,heuristics_aggressive,default,presolving_aggressive,separating_aggressive,emphasis_feasibility,heuristics_off,presolving_off,emphasis_optimality
qnet1,separating_off,separating_fast,emphasis_feasibility,presolving_aggressive,default,presolving_fast,heuristics_aggressive,separating_aggressive,emphasis_hardlp,heuristics_fast,emphasis_easycip,emphasis_optimality,presolving_off,heuristics_off
markshare2,separating_fast,separating_aggressive,separating_off,presolving_off,presolving_fast,presolving_aggressive,heuristics_fast,emphasis_feasibility,heuristics_aggressive,heuristics_off,emphasis_optimality,emphasis_hardlp,emphasis_easycip,default
t1722,emphasis_feasibility,separating_fast,default,separating_off,separating_aggressive,presolving_aggressive,presolving_fast,heuristics_aggressive,emphasis_optimality,heuristics_off,heuristics_fast,emphasis_hardlp,emphasis_easycip,presolving_off
sct1,separating_off,heuristics_aggressive,default,separating_fast,presolving_fast,emphasis_feasibility,separating_aggressive,presolving_aggressive,heuristics_fast,presolving_off,emphasis_optimality,emphasis_hardlp,emphasis_easycip,heuristics_off
neos-941717,separating_fast,presolving_aggressive,separating_aggressive,presolving_fast,default,heuristics_aggressive,emphasis_feasibility,presolving_off,emphasis_hardlp,separating_off,heuristics_fast,emphasis_easycip,heuristics_off,emphasis_optimality
ns60-pr9,separating_off,presolving_off,separating_fast,presolving_fast,presolving_aggressive,heuristics_aggressive,default,separating_aggressive,heuristics_fast,emphasis_hardlp,emphasis_easycip,emphasis_feasibility,emphasis_optimality,heuristics_off
neos-1480121,separating_fast,emphasis_hardlp,heuristics_fast,presolving_fast,default,presolving_aggressive,emphasis_easycip,separating_off,separating_aggressive,heuristics_aggressive,emphasis_feasibility,presolving_off,heuristics_off,emphasis_optimality
iis-pima-cov,separating_off,presolving_off,presolving_fast,separating_fast,heuristics_fast,heuristics_aggressive,emphasis_easycip,default,presolving_aggressive,separating_aggressive,emphasis_hardlp,emphasis_feasibility,heuristics_off,emphasis_optimality
neos-810326,presolving_fast,separating_fast,presolving_off,emphasis_feasibility,heuristics_aggressive,default,presolving_aggressive,separating_aggressive,emphasis_hardlp,emphasis_easycip,heuristics_fast,separating_off,heuristics_off,emphasis_optimality
neos-693347,separating_fast,separating_aggressive,presolving_fast,presolving_off,presolving_aggressive,heuristics_aggressive,emphasis_hardlp,default,separating_off,emphasis_feasibility,heuristics_fast,heuristics_off,emphasis_easycip,emphasis_optimality
cap6000,emphasis_feasibility,heuristics_aggressive,emphasis_hardlp,separating_aggressive,heuristics_fast,emphasis_easycip,separating_fast,presolving_off,presolving_fast,default,separating_off,heuristics_off,emphasis_optimality,presolving_aggressive
dsbmip,separating_fast,separating_off,presolving_fast,presolving_aggressive,separating_aggressive,presolving_off,default,heuristics_aggressive,heuristics_fast,emphasis_hardlp,emphasis_optimality,emphasis_feasibility,heuristics_off,emphasis_easycip
neos-831188,presolving_fast,separating_off,separating_fast,presolving_aggressive,emphasis_hardlp,default,presolving_off,heuristics_aggressive,emphasis_easycip,separating_aggressive,emphasis_feasibility,heuristics_fast,heuristics_off,emphasis_optimality
neos-548047,separating_fast,presolving_fast,default,presolving_aggressive,heuristics_fast,separating_off,separating_aggressive,heuristics_aggressive,emphasis_hardlp,emphasis_feasibility,heuristics_off,emphasis_easycip,presolving_off,emphasis_optimality
neos-1420546,separating_off,presolving_fast,separating_fast,default,presolving_off,heuristics_aggressive,emphasis_feasibility,presolving_aggressive,separating_aggressive,emphasis_optimality,heuristics_fast,emphasis_hardlp,emphasis_easycip,heuristics_off
n4-3,separating_off,separating_fast,presolving_off,presolving_fast,heuristics_aggressive,presolving_aggressive,heuristics_fast,default,separating_aggressive,emphasis_hardlp,emphasis_easycip,emphasis_feasibility,emphasis_optimality,heuristics_off
toll-like,separating_off,separating_fast,presolving_fast,presolving_aggressive,default,heuristics_aggressive,presolving_off,separating_aggressive,emphasis_hardlp,emphasis_feasibility,heuristics_fast,emphasis_easycip,heuristics_off,emphasis_optimality
neos-906865,separating_off,presolving_fast,emphasis_hardlp,emphasis_easycip,default,presolving_aggressive,separating_fast,heuristics_aggressive,emphasis_feasibility,separating_aggressive,presolving_off,heuristics_off,heuristics_fast,emphasis_optimality
n3-3,separating_off,presolving_off,separating_fast,presolving_fast,presolving_aggressive,heuristics_aggressive,default,separating_aggressive,heuristics_fast,emphasis_hardlp,emphasis_easycip,emphasis_feasibility,emphasis_optimality,heuristics_off
tw-myciel4,separating_off,separating_fast,separating_aggressive,presolving_aggressive,presolving_fast,heuristics_aggressive,emphasis_hardlp,heuristics_fast,emphasis_easycip,presolving_off,heuristics_off,emphasis_feasibility,emphasis_optimality,default
neos-785899,presolving_fast,default,emphasis_hardlp,heuristics_aggressive,presolving_aggressive,emphasis_easycip,heuristics_fast,presolving_off,separating_fast,separating_aggressive,emphasis_feasibility,separating_off,emphasis_optimality,heuristics_off
neos16,presolving_aggressive,heuristics_fast,default,heuristics_aggressive,separating_off,separating_fast,emphasis_easycip,separating_aggressive,emphasis_feasibility,presolving_fast,emphasis_hardlp,presolving_off,heuristics_off,emphasis_optimality
atlanta-ip,presolving_off,presolving_fast,separating_off,separating_fast,separating_aggressive,presolving_aggressive,heuristics_aggressive,emphasis_hardlp,emphasis_feasibility,emphasis_easycip,heuristics_fast,emphasis_optimality,default,heuristics_off
ns4-pr9,separating_off,presolving_off,separating_fast,presolving_fast,presolving_aggressive,heuristics_aggressive,separating_aggressive,default,heuristics_fast,emphasis_hardlp,emphasis_easycip,emphasis_feasibility,emphasis_optimality,heuristics_off
set3-15,separating_off,separating_fast,presolving_off,presolving_fast,separating_aggressive,presolving_aggressive,heuristics_fast,emphasis_hardlp,emphasis_easycip,default,heuristics_aggressive,emphasis_optimality,emphasis_feasibility,heuristics_off
air03,presolving_aggressive,heuristics_aggressive,emphasis_feasibility,default,separating_off,separating_fast,heuristics_off,emphasis_hardlp,emphasis_easycip,presolving_fast,heuristics_fast,presolving_off,separating_aggressive,emphasis_optimality
gmut-77-40,emphasis_feasibility,separating_fast,presolving_off,heuristics_aggressive,presolving_aggressive,default,separating_off,presolving_fast,separating_aggressive,emphasis_easycip,heuristics_fast,emphasis_optimality,emphasis_hardlp,heuristics_off
neos-612143,presolving_off,presolving_fast,separating_fast,presolving_aggressive,default,emphasis_hardlp,separating_off,heuristics_aggressive,separating_aggressive,emphasis_easycip,emphasis_feasibility,heuristics_fast,emphasis_optimality,heuristics_off
mod011,separating_fast,presolving_fast,presolving_aggressive,default,heuristics_aggressive,separating_off,separating_aggressive,presolving_off,heuristics_fast,emphasis_feasibility,emphasis_hardlp,emphasis_easycip,emphasis_optimality,heuristics_off
rmine6,presolving_fast,presolving_off,separating_off,separating_fast,emphasis_hardlp,default,emphasis_easycip,separating_aggressive,presolving_aggressive,heuristics_aggressive,heuristics_fast,emphasis_feasibility,emphasis_optimality,heuristics_off
neos6,separating_aggressive,heuristics_aggressive,separating_fast,presolving_off,presolving_aggressive,presolving_fast,emphasis_feasibility,default,separating_off,heuristics_fast,emphasis_optimality,emphasis_easycip,emphasis_hardlp,heuristics_off
qnet1_o,separating_fast,separating_off,emphasis_feasibility,presolving_aggressive,presolving_fast,default,heuristics_aggressive,emphasis_hardlp,separating_aggressive,heuristics_fast,emphasis_easycip,presolving_off,heuristics_off,emphasis_optimality
methanosarcina,separating_off,presolving_fast,separating_fast,presolving_aggressive,heuristics_aggressive,presolving_off,separating_aggressive,emphasis_feasibility,emphasis_easycip,heuristics_fast,emphasis_hardlp,default,heuristics_off,emphasis_optimality
glass4,separating_fast,presolving_fast,heuristics_fast,presolving_aggressive,heuristics_aggressive,separating_aggressive,default,emphasis_hardlp,emphasis_feasibility,separating_off,heuristics_off,presolving_off,emphasis_optimality,emphasis_easycip
stockholm,emphasis_hardlp,separating_off,separating_fast,heuristics_off,separating_aggressive,heuristics_fast,emphasis_feasibility,emphasis_easycip,default,presolving_fast,heuristics_aggressive,presolving_aggressive,emphasis_optimality,presolving_off
shipsched,separating_fast,separating_off,emphasis_easycip,presolving_fast,default,separating_aggressive,presolving_aggressive,heuristics_fast,emphasis_hardlp,heuristics_aggressive,emphasis_feasibility,presolving_off,emphasis_optimality,heuristics_off
neos-931517,presolving_fast,default,separating_fast,presolving_aggressive,separating_aggressive,heuristics_aggressive,separating_off,presolving_off,emphasis_feasibility,emphasis_hardlp,heuristics_fast,emphasis_easycip,emphasis_optimality,heuristics_off
neos-1467467,presolving_fast,separating_fast,separating_aggressive,presolving_aggressive,presolving_off,heuristics_aggressive,default,emphasis_feasibility,separating_off,heuristics_fast,emphasis_optimality,emphasis_hardlp,emphasis_easycip,heuristics_off
neos-632335,separating_fast,default,separating_off,emphasis_feasibility,heuristics_aggressive,presolving_fast,heuristics_fast,presolving_aggressive,heuristics_off,emphasis_optimality,emphasis_hardlp,separating_aggressive,emphasis_easycip,presolving_off
neos-619167,separating_off,separating_fast,emphasis_hardlp,separating_aggressive,heuristics_fast,emphasis_feasibility,presolving_fast,heuristics_off,emphasis_easycip,default,heuristics_aggressive,presolving_aggressive,presolving_off,emphasis_optimality
neos-937815,presolving_fast,separating_fast,separating_off,default,presolving_off,presolving_aggressive,heuristics_aggressive,separating_aggressive,emphasis_feasibility,emphasis_hardlp,emphasis_easycip,heuristics_fast,emphasis_optimality,heuristics_off
neos-886822,presolving_fast,default,separating_fast,heuristics_aggressive,emphasis_feasibility,presolving_aggressive,separating_off,separating_aggressive,heuristics_fast,presolving_off,emphasis_hardlp,emphasis_optimality,emphasis_easycip,heuristics_off
neos-1171692,separating_off,separating_fast,presolving_off,presolving_fast,presolving_aggressive,emphasis_feasibility,separating_aggressive,heuristics_aggressive,default,emphasis_hardlp,emphasis_easycip,heuristics_fast,emphasis_optimality,heuristics_off
neos-935234,presolving_fast,separating_fast,default,separating_off,presolving_off,presolving_aggressive,heuristics_aggressive,separating_aggressive,emphasis_feasibility,emphasis_hardlp,emphasis_easycip,emphasis_optimality,heuristics_fast,heuristics_off
mine-90-10,presolving_fast,presolving_off,separating_fast,emphasis_hardlp,separating_off,default,emphasis_easycip,separating_aggressive,heuristics_fast,heuristics_aggressive,presolving_aggressive,emphasis_feasibility,emphasis_optimality,heuristics_off
opt1217,separating_fast,presolving_aggressive,presolving_fast,separating_aggressive,default,separating_off,emphasis_hardlp,emphasis_feasibility,heuristics_aggressive,presolving_off,heuristics_fast,emphasis_easycip,emphasis_optimality,heuristics_off
n3seq24,presolving_off,heuristics_aggressive,separating_off,emphasis_feasibility,separating_fast,presolving_aggressive,emphasis_hardlp,presolving_fast,heuristics_off,heuristics_fast,emphasis_easycip,default,separating_aggressive,emphasis_optimality
neos-791021,emphasis_hardlp,separating_off,emphasis_feasibility,separating_fast,presolving_off,heuristics_aggressive,presolving_fast,presolving_aggressive,emphasis_easycip,separating_aggressive,heuristics_fast,default,heuristics_off,emphasis_optimality
