neos-957270,emphasis_hardlp,emphasis_easycip,presolving_fast,separating_off,separating_fast,heuristics_off,heuristics_fast,default,heuristics_aggressive,presolving_aggressive,emphasis_feasibility,separating_aggressive,presolving_off,emphasis_optimality
neos-1330635,presolving_fast,default,separating_off,presolving_aggressive,separating_fast,emphasis_hardlp,emphasis_feasibility,separating_aggressive,heuristics_aggressive,presolving_off,emphasis_easycip,emphasis_optimality,heuristics_fast,heuristics_off
neos-956971,presolving_fast,presolving_off,separating_off,emphasis_feasibility,heuristics_aggressive,default,separating_fast,presolving_aggressive,emphasis_optimality,emphasis_easycip,separating_aggressive,emphasis_hardlp,heuristics_fast,heuristics_off
rocII-9-11,separating_off,presolving_off,separating_fast,emphasis_feasibility,presolving_aggressive,heuristics_aggressive,presolving_fast,default,separating_aggressive,emphasis_hardlp,heuristics_fast,emphasis_optimality,emphasis_easycip,heuristics_off
reblock354,separating_off,default,separating_fast,presolving_fast,emphasis_hardlp,heuristics_fast,heuristics_aggressive,emphasis_feasibility,presolving_off,separating_aggressive,emphasis_easycip,heuristics_off,presolving_aggressive,emphasis_optimality
neos-520729,separating_off,separating_fast,presolving_fast,default,presolving_off,emphasis_feasibility,presolving_aggressive,heuristics_aggressive,emphasis_hardlp,emphasis_easycip,heuristics_fast,emphasis_optimality,separating_aggressive,heuristics_off
neos-1053591,presolving_fast,default,separating_fast,presolving_aggressive,separating_aggressive,emphasis_hardlp,emphasis_easycip,separating_off,heuristics_aggressive,presolving_off,heuristics_fast,emphasis_optimality,emphasis_feasibility,heuristics_off
neos-584866,separating_off,presolving_fast,default,emphasis_feasibility,separating_fast,heuristics_aggressive,presolving_off,heuristics_fast,emphasis_hardlp,separating_aggressive,emphasis_easycip,presolving_aggressive,emphasis_optimality,heuristics_off
in,emphasis_hardlp,presolving_fast,emphasis_easycip,separating_off,separating_fast,presolving_off,default,heuristics_aggressive,heuristics_fast,emphasis_optimality,emphasis_feasibility,separating_aggressive,presolving_aggressive,heuristics_off
glass4,separating_fast,separating_off,presolving_fast,default,emphasis_easycip,presolving_off,emphasis_feasibility,presolving_aggressive,heuristics_fast,emphasis_hardlp,separating_aggressive,heuristics_aggressive,emphasis_optimality,heuristics_off
mkc,separating_fast,emphasis_feasibility,separating_off,presolving_fast,presolving_off,presolving_aggressive,heuristics_aggressive,default,emphasis_hardlp,heuristics_fast,separating_aggressive,emphasis_easycip,emphasis_optimality,heuristics_off
neos-631710,presolving_fast,presolving_off,emphasis_hardlp,emphasis_feasibility,separating_off,emphasis_easycip,default,separating_fast,heuristics_aggressive,emphasis_optimality,heuristics_fast,separating_aggressive,presolving_aggressive,heuristics_off
rococoC10-001000,default,emphasis_feasibility,separating_fast,heuristics_aggressive,presolving_aggressive,heuristics_fast,separating_off,presolving_fast,emphasis_easycip,separating_aggressive,emphasis_hardlp,presolving_off,emphasis_optimality,heuristics_off
n3-3,heuristics_fast,heuristics_aggressive,presolving_aggressive,presolving_off,presolving_fast,default,separating_aggressive,separating_fast,emphasis_hardlp,emphasis_easycip,separating_off,emphasis_optimality,emphasis_feasibility,heuristics_off
dsbmip,separating_fast,presolving_fast,emphasis_feasibility,separating_off,default,presolving_aggressive,heuristics_aggressive,presolving_off,emphasis_hardlp,separating_aggressive,emphasis_easycip,heuristics_fast,emphasis_optimality,heuristics_off
neos-1595230,heuristics_fast,presolving_fast,separating_aggressive,presolving_aggressive,emphasis_easycip,separating_fast,heuristics_aggressive,default,heuristics_off,emphasis_optimality,presolving_off,separating_off,emphasis_hardlp,emphasis_feasibility
neos-934531,emphasis_hardlp,presolving_fast,separating_fast,emphasis_feasibility,presolving_aggressive,emphasis_easycip,default,separating_off,heuristics_aggressive,separating_aggressive,presolving_off,heuristics_fast,heuristics_off,emphasis_optimality
neos-662469,separating_fast,presolving_fast,presolving_aggressive,default,separating_off,heuristics_aggressive,presolving_off,emphasis_feasibility,separating_aggressive,emphasis_hardlp,emphasis_easycip,heuristics_fast,emphasis_optimality,heuristics_off
neos-631709,separating_off,emphasis_feasibility,presolving_fast,heuristics_aggressive,emphasis_hardlp,presolving_off,default,separating_fast,presolving_aggressive,emphasis_optimality,emphasis_easycip,separating_aggressive,heuristics_fast,heuristics_off
neos-850681,emphasis_feasibility,emphasis_hardlp,separating_fast,presolving_aggressive,heuristics_aggressive,default,presolving_fast,presolving_off,heuristics_fast,separating_off,emphasis_easycip,separating_aggressive,heuristics_off,emphasis_optimality
pigeon-13,presolving_aggressive,emphasis_easycip,separating_off,emphasis_hardlp,separating_aggressive,separating_fast,emphasis_feasibility,heuristics_aggressive,presolving_fast,default,presolving_off,heuristics_fast,emphasis_optimality,heuristics_off
neos-824695,separating_off,emphasis_feasibility,heuristics_aggressive,presolving_fast,presolving_aggressive,separating_fast,default,separating_aggressive,emphasis_optimality,emphasis_hardlp,presolving_off,emphasis_easycip,heuristics_fast,heuristics_off
set3-15,default,separating_aggressive,presolving_fast,presolving_aggressive,heuristics_aggressive,separating_fast,presolving_off,emphasis_optimality,heuristics_fast,emphasis_hardlp,emphasis_easycip,emphasis_feasibility,separating_off,heuristics_off
bnatt400,separating_off,separating_fast,presolving_off,emphasis_hardlp,presolving_aggressive,presolving_fast,heuristics_aggressive,emphasis_feasibility,emphasis_easycip,heuristics_fast,default,separating_aggressive,heuristics_off,emphasis_optimality
sts405,heuristics_aggressive,presolving_fast,default,presolving_off,presolving_aggressive,heuristics_fast,separating_fast,emphasis_easycip,emphasis_feasibility,separating_aggressive,emphasis_hardlp,separating_off,heuristics_off,emphasis_optimality
neos-702280,separating_off,separating_fast,default,presolving_off,presolving_fast,presolving_aggressive,emphasis_hardlp,emphasis_feasibility,separating_aggressive,heuristics_aggressive,heuristics_fast,emphasis_easycip,emphasis_optimality,heuristics_off
neos-555884,emphasis_feasibility,heuristics_aggressive,presolving_fast,presolving_aggressive,separating_fast,default,separating_off,presolving_off,separating_aggressive,emphasis_hardlp,emphasis_easycip,heuristics_fast,heuristics_off,emphasis_optimality
gmu-35-40,separating_fast,emphasis_hardlp,emphasis_feasibility,separating_off,heuristics_aggressive,emphasis_easycip,default,presolving_off,presolving_fast,presolving_aggressive,heuristics_fast,separating_aggressive,emphasis_optimality,heuristics_off
fiball,emphasis_feasibility,separating_off,separating_fast,presolving_aggressive,heuristics_aggressive,default,presolving_fast,emphasis_hardlp,presolving_off,heuristics_fast,separating_aggressive,emphasis_easycip,emphasis_optimality,heuristics_off
neos-1109824,emphasis_hardlp,presolving_fast,emphasis_feasibility,separating_fast,presolving_aggressive,emphasis_easycip,default,heuristics_aggressive,separating_off,presolving_off,heuristics_fast,heuristics_off,separating_aggressive,emphasis_optimality
markshare2,emphasis_hardlp,heuristics_fast,emphasis_feasibility,emphasis_easycip,presolving_fast,default,separating_off,separating_fast,presolving_off,separating_aggressive,heuristics_off,heuristics_aggressive,emphasis_optimality,presolving_aggressive
neos-498623,emphasis_feasibility,presolving_aggressive,heuristics_aggressive,separating_fast,default,presolving_fast,separating_off,separating_aggressive,presolving_off,heuristics_fast,emphasis_optimality,emphasis_hardlp,emphasis_easycip,heuristics_off
ns4-pr9,presolving_off,separating_fast,emphasis_easycip,separating_off,separating_aggressive,presolving_fast,default,presolving_aggressive,heuristics_aggressive,heuristics_fast,heuristics_off,emphasis_feasibility,emphasis_hardlp,emphasis_optimality
neos-941262,separating_off,presolving_fast,presolving_off,presolving_aggressive,separating_aggressive,separating_fast,default,heuristics_aggressive,emphasis_feasibility,emphasis_easycip,emphasis_hardlp,emphasis_optimality,heuristics_fast,heuristics_off
leo1,heuristics_aggressive,separating_fast,presolving_off,presolving_fast,default,presolving_aggressive,emphasis_feasibility,separating_off,separating_aggressive,emphasis_easycip,heuristics_fast,emphasis_hardlp,emphasis_optimality,heuristics_off
prod1,separating_off,emphasis_hardlp,separating_fast,emphasis_easycip,presolving_off,heuristics_fast,presolving_fast,presolving_aggressive,default,emphasis_feasibility,separating_aggressive,heuristics_aggressive,emphasis_optimality,heuristics_off
vpphard,separating_off,emphasis_feasibility,presolving_fast,heuristics_aggressive,separating_fast,default,emphasis_hardlp,heuristics_fast,presolving_aggressive,emphasis_easycip,presolving_off,separating_aggressive,emphasis_optimality,heuristics_off
qnet1_o,separating_fast,heuristics_aggressive,emphasis_hardlp,separating_off,emphasis_feasibility,default,presolving_fast,presolving_aggressive,presolving_off,heuristics_fast,emphasis_easycip,separating_aggressive,heuristics_off,emphasis_optimality
ns1663818,presolving_fast,separating_off,emphasis_hardlp,emphasis_easycip,separating_fast,presolving_off,emphasis_feasibility,heuristics_fast,default,heuristics_aggressive,presolving_aggressive,emphasis_optimality,separating_aggressive,heuristics_off
timtab1,separating_fast,presolving_fast,separating_aggressive,emphasis_easycip,presolving_aggressive,heuristics_fast,default,heuristics_aggressive,emphasis_hardlp,emphasis_feasibility,separating_off,presolving_off,heuristics_off,emphasis_optimality
neos-1423785,separating_fast,presolving_fast,presolving_aggressive,default,separating_off,emphasis_feasibility,heuristics_aggressive,separating_aggressive,presolving_off,emphasis_hardlp,emphasis_easycip,heuristics_fast,emphasis_optimality,heuristics_off
neos-530627,presolving_fast,presolving_aggressive,heuristics_fast,separating_fast,presolving_off,default,emphasis_hardlp,emphasis_easycip,separating_aggressive,heuristics_off,separating_off,heuristics_aggressive,emphasis_optimality,emphasis_feasibility
neos-522351,presolving_fast,presolving_aggressive,separating_fast,separating_aggressive,default,separating_off,presolving_off,heuristics_aggressive,heuristics_fast,emphasis_hardlp,emphasis_feasibility,emphasis_easycip,emphasis_optimality,heuristics_off
neos-611135,separating_fast,presolving_fast,emphasis_feasibility,default,presolving_aggressive,heuristics_aggressive,emphasis_hardlp,separating_aggressive,separating_off,presolving_off,emphasis_easycip,heuristics_fast,emphasis_optimality,heuristics_off
mspp16,emphasis_feasibility,presolving_fast,emphasis_hardlp,separating_off,emphasis_easycip,default,separating_fast,heuristics_fast,heuristics_aggressive,presolving_aggressive,presolving_off,heuristics_off,separating_aggressive,emphasis_optimality
macrophage,presolving_aggressive,heuristics_aggressive,presolving_off,default,heuristics_fast,separating_fast,presolving_fast,separating_aggressive,emphasis_easycip,separating_off,emphasis_feasibility,emphasis_hardlp,emphasis_optimality,heuristics_off
germany50-DBM,presolving_off,presolving_aggressive,heuristics_fast,heuristics_aggressive,default,separating_fast,presolving_fast,separating_aggressive,separating_off,emphasis_hardlp,emphasis_easycip,emphasis_feasibility,emphasis_optimality,heuristics_off
iis-bupa-cov,heuristics_fast,presolving_fast,presolving_aggressive,default,presolving_off,separating_off,heuristics_aggressive,separating_fast,emphasis_easycip,separating_aggressive,heuristics_off,emphasis_hardlp,emphasis_feasibility,emphasis_optimality
fast0507,separating_fast,default,separating_off,presolving_aggressive,emphasis_feasibility,presolving_off,presolving_fast,separating_aggressive,heuristics_aggressive,heuristics_fast,emphasis_optimality,emphasis_hardlp,emphasis_easycip,heuristics_off
ns1208400,emphasis_feasibility,heuristics_aggressive,default,separating_aggressive,emphasis_easycip,separating_fast,emphasis_hardlp,presolving_aggressive,presolving_fast,heuristics_fast,separating_off,heuristics_off,presolving_off,emphasis_optimality
neos-595905,separating_fast,presolving_fast,default,presolving_aggressive,heuristics_aggressive,separating_aggressive,emphasis_optimality,emphasis_feasibility,heuristics_fast,separating_off,presolving_off,heuristics_off,emphasis_hardlp,emphasis_easycip
neos-1171692,presolving_fast,emphasis_feasibility,separating_fast,separating_off,heuristics_aggressive,default,presolving_aggressive,separating_aggressive,presolving_off,emphasis_optimality,emphasis_hardlp,emphasis_easycip,heuristics_fast,heuristics_off
ns1688347,separating_off,separating_fast,emphasis_hardlp,emphasis_feasibility,heuristics_aggressive,default,presolving_fast,presolving_aggressive,emphasis_easycip,heuristics_fast,presolving_off,separating_aggressive,heuristics_off,emphasis_optimality
tr12-30,presolving_fast,default,presolving_aggressive,heuristics_aggressive,separating_aggressive,presolving_off,emphasis_hardlp,separating_fast,heuristics_fast,emphasis_optimality,emphasis_feasibility,emphasis_easycip,separating_off,heuristics_off
maxgasflow,emphasis_feasibility,presolving_off,separating_fast,emphasis_hardlp,presolving_aggressive,presolving_fast,emphasis_easycip,heuristics_aggressive,default,separating_off,separating_aggressive,emphasis_optimality,heuristics_fast,heuristics_off
50v-10,presolving_fast,presolving_aggressive,default,presolving_off,heuristics_aggressive,separating_aggressive,heuristics_fast,separating_fast,emphasis_optimality,emphasis_hardlp,emphasis_easycip,emphasis_feasibility,heuristics_off,separating_off
neos-931538,separating_off,presolving_fast,presolving_aggressive,separating_fast,emphasis_feasibility,default,separating_aggressive,heuristics_aggressive,presolving_off,heuristics_fast,emphasis_hardlp,emphasis_optimality,emphasis_easycip,heuristics_off
neos-1460543,presolving_fast,emphasis_feasibility,presolving_off,heuristics_aggressive,separating_fast,default,separating_off,presolving_aggressive,separating_aggressive,emphasis_hardlp,emphasis_optimality,heuristics_fast,heuristics_off,emphasis_easycip
neos-948268,emphasis_feasibility,presolving_fast,separating_fast,heuristics_aggressive,default,separating_off,presolving_aggressive,presolving_off,separating_aggressive,emphasis_hardlp,heuristics_fast,emphasis_easycip,emphasis_optimality,heuristics_off
m100n500k4r1,emphasis_hardlp,separating_fast,presolving_off,presolving_aggressive,separating_off,emphasis_feasibility,default,presolving_fast,heuristics_fast,separating_aggressive,heuristics_aggressive,emphasis_easycip,heuristics_off,emphasis_optimality
rentacar,presolving_fast,default,presolving_off,presolving_aggressive,heuristics_fast,emphasis_hardlp,separating_fast,heuristics_aggressive,emphasis_easycip,separating_off,separating_aggressive,emphasis_optimality,emphasis_feasibility,heuristics_off
