neos-595925,separating_fast,separating_off,emphasis_feasibility,default,presolving_aggressive,presolving_fast,heuristics_aggressive,separating_aggressive,heuristics_fast,emphasis_optimality,presolving_off,heuristics_off,emphasis_easycip,emphasis_hardlp
ger50_17_trans,presolving_off,separating_aggressive,presolving_fast,presolving_aggressive,default,separating_fast,emphasis_optimality,separating_off,heuristics_off,heuristics_fast,heuristics_aggressive,emphasis_hardlp,emphasis_feasibility,emphasis_easycip
mine-90-10,presolving_fast,presolving_off,emphasis_hardlp,separating_fast,separating_off,default,emphasis_easycip,separating_aggressive,heuristics_fast,presolving_aggressive,heuristics_aggressive,emphasis_feasibility,heuristics_off,emphasis_optimality
neos-1437164,presolving_fast,heuristics_aggressive,separating_fast,separating_off,emphasis_feasibility,presolving_aggressive,emphasis_hardlp,separating_aggressive,default,presolving_off,heuristics_fast,heuristics_off,emphasis_optimality,emphasis_easycip
gesa2-o,presolving_fast,default,presolving_aggressive,separating_fast,emphasis_hardlp,separating_aggressive,heuristics_fast,separating_off,presolving_off,heuristics_aggressive,emphasis_easycip,emphasis_feasibility,heuristics_off,emphasis_optimality
misc07,separating_fast,default,separating_off,presolving_aggressive,emphasis_easycip,presolving_fast,heuristics_fast,heuristics_aggressive,emphasis_feasibility,separating_aggressive,heuristics_off,emphasis_hardlp,emphasis_optimality,presolving_off
neos-1467067,separating_fast,separating_off,presolving_fast,default,emphasis_feasibility,separating_aggressive,heuristics_aggressive,presolving_off,presolving_aggressive,heuristics_fast,emphasis_hardlp,emphasis_easycip,heuristics_off,emphasis_optimality
sing359,separating_off,separating_fast,separating_aggressive,presolving_off,presolving_fast,presolving_aggressive,heuristics_fast,heuristics_aggressive,emphasis_optimality,heuristics_off,emphasis_hardlp,emphasis_feasibility,default,emphasis_easycip
neos-1067731,presolving_fast,presolving_aggressive,separating_fast,heuristics_aggressive,default,presolving_off,separating_aggressive,emphasis_hardlp,heuristics_fast,emphasis_easycip,separating_off,heuristics_off,emphasis_feasibility,emphasis_optimality
neos-1171737,separating_off,presolving_off,separating_fast,presolving_fast,presolving_aggressive,emphasis_feasibility,separating_aggressive,heuristics_aggressive,default,emphasis_hardlp,emphasis_easycip,heuristics_fast,emphasis_optimality,heuristics_off
neos-555771,separating_fast,default,presolving_aggressive,emphasis_feasibility,presolving_fast,heuristics_aggressive,separating_off,presolving_off,emphasis_hardlp,separating_aggressive,emphasis_easycip,heuristics_fast,emphasis_optimality,heuristics_off
neos-826841,separating_fast,heuristics_aggressive,separating_off,default,presolving_aggressive,emphasis_feasibility,presolving_fast,separating_aggressive,presolving_off,emphasis_optimality,heuristics_fast,emphasis_hardlp,emphasis_easycip,heuristics_off
neos-799838,separating_off,presolving_fast,separating_fast,separating_aggressive,presolving_off,heuristics_fast,default,presolving_aggressive,heuristics_aggressive,emphasis_optimality,emphasis_hardlp,emphasis_easycip,emphasis_feasibility,heuristics_off
bienst2,presolving_fast,separating_fast,presolving_aggressive,default,emphasis_hardlp,separating_aggressive,separating_off,heuristics_fast,heuristics_aggressive,emphasis_easycip,emphasis_feasibility,presolving_off,heuristics_off,emphasis_optimality
mod011,presolving_aggressive,separating_fast,presolving_fast,default,presolving_off,heuristics_aggressive,separating_aggressive,emphasis_feasibility,separating_off,heuristics_fast,emphasis_hardlp,emphasis_easycip,emphasis_optimality,heuristics_off
rail507,separating_off,separating_fast,separating_aggressive,emphasis_feasibility,presolving_off,presolving_fast,presolving_aggressive,heuristics_aggressive,default,heuristics_fast,emphasis_easycip,emphasis_optimality,emphasis_hardlp,heuristics_off
rmatr200-p20,presolving_off,emphasis_hardlp,emphasis_feasibility,presolving_fast,separating_off,separating_fast,heuristics_aggressive,presolving_aggressive,default,separating_aggressive,emphasis_easycip,heuristics_fast,emphasis_optimality,heuristics_off
neos-827175,heuristics_aggressive,separating_off,separating_fast,emphasis_feasibility,presolving_aggressive,presolving_fast,default,separating_aggressive,presolving_off,emphasis_optimality,heuristics_fast,emphasis_hardlp,emphasis_easycip,heuristics_off
neos-892255,presolving_fast,separating_fast,separating_off,presolving_aggressive,separating_aggressive,heuristics_aggressive,default,emphasis_feasibility,presolving_off,emphasis_hardlp,heuristics_fast,emphasis_easycip,heuristics_off,emphasis_optimality
lseu,default,emphasis_easycip,emphasis_hardlp,presolving_fast,heuristics_fast,separating_fast,presolving_aggressive,heuristics_aggressive,emphasis_feasibility,presolving_off,heuristics_off,separating_aggressive,emphasis_optimality,separating_off
momentum2,presolving_off,presolving_fast,default,emphasis_hardlp,separating_fast,presolving_aggressive,separating_aggressive,heuristics_aggressive,emphasis_optimality,separating_off,emphasis_easycip,heuristics_fast,emphasis_feasibility,heuristics_off
neos-1112787,separating_off,separating_fast,presolving_fast,presolving_aggressive,heuristics_aggressive,separating_aggressive,default,emphasis_optimality,emphasis_feasibility,presolving_off,heuristics_fast,emphasis_hardlp,emphasis_easycip,heuristics_off
neos-941698,separating_aggressive,separating_fast,presolving_aggressive,emphasis_feasibility,default,presolving_fast,heuristics_aggressive,presolving_off,heuristics_fast,emphasis_hardlp,separating_off,heuristics_off,emphasis_optimality,emphasis_easycip
lrn,presolving_fast,separating_fast,separating_aggressive,presolving_off,presolving_aggressive,default,separating_off,emphasis_hardlp,emphasis_optimality,heuristics_off,heuristics_aggressive,heuristics_fast,emphasis_feasibility,emphasis_easycip
neos-1200887,separating_off,separating_fast,presolving_fast,default,presolving_aggressive,emphasis_feasibility,separating_aggressive,emphasis_hardlp,presolving_off,heuristics_aggressive,heuristics_fast,emphasis_easycip,emphasis_optimality,heuristics_off
triptim2,separating_off,separating_fast,presolving_off,presolving_fast,presolving_aggressive,heuristics_aggressive,heuristics_fast,separating_aggressive,heuristics_off,emphasis_hardlp,emphasis_feasibility,emphasis_easycip,emphasis_optimality,default
iis-pima-cov,separating_off,presolving_off,presolving_fast,heuristics_fast,emphasis_easycip,separating_fast,default,heuristics_aggressive,presolving_aggressive,emphasis_hardlp,emphasis_feasibility,separating_aggressive,emphasis_optimality,heuristics_off
neos-631784,separating_off,separating_fast,presolving_fast,separating_aggressive,presolving_aggressive,heuristics_aggressive,emphasis_feasibility,default,presolving_off,heuristics_fast,emphasis_hardlp,heuristics_off,emphasis_optimality,emphasis_easycip
toll-like,separating_off,presolving_fast,separating_fast,presolving_aggressive,default,heuristics_aggressive,emphasis_easycip,separating_aggressive,presolving_off,emphasis_hardlp,emphasis_feasibility,heuristics_fast,heuristics_off,emphasis_optimality
nsa,separating_off,separating_fast,separating_aggressive,default,presolving_aggressive,heuristics_off,heuristics_fast,emphasis_feasibility,heuristics_aggressive,presolving_fast,emphasis_hardlp,emphasis_easycip,emphasis_optimality,presolving_off
neos-1489999,separating_fast,presolving_fast,default,presolving_aggressive,heuristics_fast,separating_off,separating_aggressive,emphasis_easycip,heuristics_aggressive,emphasis_hardlp,presolving_off,emphasis_feasibility,heuristics_off,emphasis_optimality
rocII-9-11,separating_fast,emphasis_feasibility,separating_off,separating_aggressive,presolving_off,presolving_aggressive,presolving_fast,heuristics_aggressive,default,heuristics_off,heuristics_fast,emphasis_optimality,emphasis_hardlp,emphasis_easycip
neos-860244,emphasis_easycip,default,emphasis_hardlp,separating_off,presolving_off,presolving_fast,heuristics_fast,emphasis_feasibility,presolving_aggressive,separating_fast,heuristics_off,heuristics_aggressive,emphasis_optimality,separating_aggressive
sct5,separating_fast,separating_aggressive,presolving_fast,presolving_off,separating_off,heuristics_aggressive,presolving_aggressive,heuristics_off,heuristics_fast,emphasis_optimality,emphasis_hardlp,emphasis_feasibility,default,emphasis_easycip
neos-1436709,separating_off,separating_fast,presolving_fast,emphasis_feasibility,default,presolving_aggressive,separating_aggressive,heuristics_aggressive,presolving_off,emphasis_optimality,emphasis_hardlp,emphasis_easycip,heuristics_fast,heuristics_off
ran16x16,presolving_fast,default,emphasis_hardlp,heuristics_fast,heuristics_aggressive,emphasis_easycip,presolving_aggressive,separating_fast,separating_aggressive,presolving_off,emphasis_feasibility,emphasis_optimality,heuristics_off,separating_off
go19,default,separating_fast,presolving_fast,heuristics_aggressive,emphasis_easycip,heuristics_fast,separating_off,presolving_off,presolving_aggressive,emphasis_feasibility,emphasis_hardlp,separating_aggressive,emphasis_optimality,heuristics_off
modglob,presolving_fast,presolving_aggressive,default,separating_fast,presolving_off,emphasis_hardlp,emphasis_easycip,separating_aggressive,heuristics_aggressive,heuristics_fast,separating_off,emphasis_optimality,emphasis_feasibility,heuristics_off
momentum1,separating_fast,presolving_fast,separating_off,presolving_off,separating_aggressive,emphasis_feasibility,heuristics_fast,emphasis_optimality,default,heuristics_aggressive,emphasis_hardlp,presolving_aggressive,emphasis_easycip,heuristics_off
neos-953928,presolving_fast,separating_off,presolving_off,separating_fast,heuristics_aggressive,presolving_aggressive,default,separating_aggressive,emphasis_hardlp,emphasis_feasibility,emphasis_easycip,heuristics_fast,emphasis_optimality,heuristics_off
dolom1,presolving_fast,presolving_aggressive,presolving_off,separating_fast,default,heuristics_aggressive,separating_off,separating_aggressive,emphasis_hardlp,heuristics_fast,emphasis_feasibility,emphasis_easycip,emphasis_optimality,heuristics_off
n15-3,presolving_off,separating_off,separating_fast,presolving_fast,presolving_aggressive,heuristics_fast,heuristics_aggressive,separating_aggressive,default,emphasis_hardlp,emphasis_easycip,emphasis_optimality,emphasis_feasibility,heuristics_off
queens-30,separating_off,separating_fast,separating_aggressive,presolving_fast,presolving_off,presolving_aggressive,emphasis_hardlp,heuristics_fast,heuristics_aggressive,emphasis_easycip,default,heuristics_off,emphasis_feasibility,emphasis_optimality
gen,presolving_aggressive,default,presolving_fast,emphasis_hardlp,separating_fast,emphasis_easycip,separating_off,heuristics_fast,heuristics_aggressive,emphasis_feasibility,presolving_off,separating_aggressive,emphasis_optimality,heuristics_off
g200x740i,presolving_fast,default,heuristics_aggressive,separating_fast,presolving_aggressive,emphasis_hardlp,separating_aggressive,heuristics_fast,presolving_off,emphasis_easycip,separating_off,emphasis_optimality,emphasis_feasibility,heuristics_off
neos-555694,separating_fast,default,presolving_aggressive,emphasis_feasibility,presolving_fast,heuristics_aggressive,separating_off,presolving_off,emphasis_hardlp,separating_aggressive,emphasis_easycip,heuristics_fast,emphasis_optimality,heuristics_off
misc03,separating_fast,default,separating_off,emphasis_easycip,presolving_aggressive,presolving_fast,heuristics_fast,heuristics_aggressive,emphasis_feasibility,heuristics_off,separating_aggressive,emphasis_hardlp,emphasis_optimality,presolving_off
cov1075,emphasis_easycip,heuristics_fast,emphasis_hardlp,separating_fast,presolving_off,default,separating_off,presolving_fast,presolving_aggressive,heuristics_aggressive,separating_aggressive,emphasis_feasibility,heuristics_off,emphasis_optimality
opm2-z10-s2,separating_off,presolving_off,presolving_fast,separating_fast,separating_aggressive,emphasis_hardlp,emphasis_easycip,presolving_aggressive,default,heuristics_fast,heuristics_aggressive,emphasis_feasibility,heuristics_off,emphasis_optimality
fiber,presolving_fast,default,separating_fast,heuristics_aggressive,emphasis_hardlp,presolving_aggressive,separating_off,heuristics_fast,emphasis_easycip,separating_aggressive,presolving_off,emphasis_feasibility,emphasis_optimality,heuristics_off
neos-785899,presolving_fast,default,emphasis_hardlp,heuristics_aggressive,emphasis_easycip,presolving_aggressive,heuristics_fast,presolving_off,separating_fast,separating_aggressive,separating_off,emphasis_feasibility,emphasis_optimality,heuristics_off
p0033,emphasis_hardlp,emphasis_easycip,separating_fast,heuristics_fast,default,presolving_fast,presolving_aggressive,heuristics_aggressive,separating_off,heuristics_off,presolving_off,separating_aggressive,emphasis_feasibility,emphasis_optimality
tr12-30,presolving_fast,default,presolving_aggressive,separating_aggressive,emphasis_hardlp,heuristics_aggressive,heuristics_fast,separating_fast,presolving_off,emphasis_optimality,emphasis_easycip,emphasis_feasibility,heuristics_off,separating_off
neos-1429185,separating_off,separating_fast,emphasis_feasibility,presolving_fast,default,presolving_aggressive,separating_aggressive,heuristics_aggressive,presolving_off,emphasis_optimality,emphasis_hardlp,emphasis_easycip,heuristics_fast,heuristics_off
neos-611135,emphasis_feasibility,emphasis_hardlp,separating_fast,presolving_off,presolving_fast,heuristics_aggressive,default,heuristics_fast,emphasis_easycip,separating_off,separating_aggressive,presolving_aggressive,emphasis_optimality,heuristics_off
p0201,emphasis_hardlp,emphasis_easycip,presolving_fast,default,separating_fast,heuristics_fast,separating_off,presolving_aggressive,heuristics_aggressive,presolving_off,separating_aggressive,heuristics_off,emphasis_feasibility,emphasis_optimality
neos-525149,default,presolving_aggressive,emphasis_feasibility,separating_fast,heuristics_aggressive,emphasis_hardlp,separating_off,separating_aggressive,presolving_fast,heuristics_fast,emphasis_easycip,presolving_off,heuristics_off,emphasis_optimality
dcmulti,presolving_fast,presolving_off,presolving_aggressive,default,separating_fast,emphasis_hardlp,emphasis_easycip,separating_off,heuristics_fast,heuristics_aggressive,separating_aggressive,emphasis_feasibility,emphasis_optimality,heuristics_off
circ10-3,separating_off,separating_fast,separating_aggressive,presolving_off,presolving_fast,presolving_aggressive,heuristics_off,heuristics_fast,heuristics_aggressive,emphasis_hardlp,emphasis_feasibility,emphasis_optimality,emphasis_easycip,default
neos-775946,separating_fast,presolving_aggressive,default,emphasis_feasibility,separating_off,heuristics_aggressive,presolving_fast,separating_aggressive,presolving_off,emphasis_hardlp,heuristics_fast,emphasis_easycip,emphasis_optimality,heuristics_off
fixnet6,presolving_fast,separating_fast,presolving_aggressive,default,heuristics_fast,presolving_off,emphasis_easycip,separating_aggressive,emphasis_hardlp,heuristics_aggressive,separating_off,emphasis_optimality,emphasis_feasibility,heuristics_off
