neos-1215891,separating_off,separating_fast,presolving_fast,separating_aggressive,presolving_aggressive,emphasis_hardlp,emphasis_feasibility,presolving_off,emphasis_easycip,default,heuristics_fast,heuristics_aggressive,heuristics_off,emphasis_optimality
neos-933364,heuristics_aggressive,separating_off,presolving_fast,default,emphasis_hardlp,presolving_aggressive,heuristics_fast,emphasis_easycip,separating_aggressive,emphasis_feasibility,emphasis_optimality,separating_fast,presolving_off,heuristics_off
mzzv42z,emphasis_feasibility,separating_off,heuristics_aggressive,presolving_fast,heuristics_fast,separating_fast,presolving_aggressive,default,separating_aggressive,emphasis_easycip,presolving_off,heuristics_off,emphasis_optimality,emphasis_hardlp
ds,separating_fast,separating_off,heuristics_aggressive,separating_aggressive,presolving_fast,presolving_off,presolving_aggressive,default,heuristics_off,emphasis_hardlp,emphasis_feasibility,heuristics_fast,emphasis_optimality,emphasis_easycip
momentum2,separating_fast,separating_off,presolving_fast,heuristics_aggressive,emphasis_feasibility,presolving_off,emphasis_hardlp,emphasis_easycip,separating_aggressive,presolving_aggressive,heuristics_fast,default,heuristics_off,emphasis_optimality
air04,heuristics_aggressive,presolving_aggressive,separating_fast,default,emphasis_feasibility,separating_off,separating_aggressive,presolving_fast,presolving_off,heuristics_off,emphasis_optimality,heuristics_fast,emphasis_hardlp,emphasis_easycip
neos-495307,emphasis_easycip,presolving_fast,separating_off,presolving_off,heuristics_fast,heuristics_aggressive,emphasis_hardlp,default,separating_fast,separating_aggressive,heuristics_off,emphasis_optimality,presolving_aggressive,emphasis_feasibility
neos-955215,separating_aggressive,presolving_fast,heuristics_aggressive,default,presolving_aggressive,emphasis_hardlp,emphasis_easycip,separating_off,presolving_off,emphasis_optimality,separating_fast,emphasis_feasibility,heuristics_fast,heuristics_off
mod008,presolving_fast,emphasis_easycip,presolving_off,emphasis_hardlp,heuristics_fast,separating_off,separating_aggressive,heuristics_aggressive,default,separating_fast,presolving_aggressive,heuristics_off,emphasis_optimality,emphasis_feasibility
dfn-gwin-UUM,presolving_aggressive,presolving_off,default,separating_fast,presolving_fast,heuristics_aggressive,emphasis_hardlp,emphasis_feasibility,separating_aggressive,heuristics_fast,emphasis_easycip,emphasis_optimality,separating_off,heuristics_off
neos-1460246,separating_fast,presolving_aggressive,default,emphasis_hardlp,separating_aggressive,presolving_fast,heuristics_aggressive,emphasis_easycip,separating_off,heuristics_fast,emphasis_feasibility,presolving_off,heuristics_off,emphasis_optimality
neos-791021,separating_off,separating_fast,heuristics_aggressive,emphasis_feasibility,separating_aggressive,presolving_fast,presolving_aggressive,default,presolving_off,heuristics_fast,emphasis_easycip,heuristics_off,emphasis_optimality,emphasis_hardlp
neos-933815,heuristics_aggressive,presolving_fast,presolving_aggressive,default,separating_off,separating_aggressive,heuristics_fast,emphasis_hardlp,separating_fast,presolving_off,emphasis_easycip,emphasis_optimality,emphasis_feasibility,heuristics_off
cov1075,presolving_off,separating_off,separating_fast,emphasis_easycip,presolving_fast,heuristics_fast,default,presolving_aggressive,emphasis_hardlp,separating_aggressive,heuristics_off,heuristics_aggressive,emphasis_optimality,emphasis_feasibility
ns930473,separating_fast,separating_off,presolving_off,presolving_aggressive,separating_aggressive,presolving_fast,heuristics_fast,emphasis_hardlp,emphasis_feasibility,heuristics_off,heuristics_aggressive,emphasis_easycip,default,emphasis_optimality
l152lav,emphasis_easycip,separating_off,default,heuristics_fast,separating_fast,heuristics_off,presolving_off,separating_aggressive,emphasis_hardlp,emphasis_feasibility,presolving_fast,presolving_aggressive,heuristics_aggressive,emphasis_optimality
nug08,separating_fast,presolving_aggressive,separating_aggressive,heuristics_aggressive,default,separating_off,presolving_off,heuristics_off,emphasis_feasibility,presolving_fast,heuristics_fast,emphasis_easycip,emphasis_optimality,emphasis_hardlp
neos-506428,separating_fast,presolving_off,presolving_fast,separating_off,heuristics_fast,separating_aggressive,presolving_aggressive,emphasis_hardlp,emphasis_feasibility,heuristics_aggressive,emphasis_easycip,heuristics_off,default,emphasis_optimality
stein45,separating_off,separating_fast,presolving_aggressive,presolving_fast,emphasis_easycip,emphasis_hardlp,default,heuristics_fast,heuristics_off,emphasis_feasibility,separating_aggressive,presolving_off,heuristics_aggressive,emphasis_optimality
vpm2,presolving_fast,presolving_aggressive,default,emphasis_hardlp,separating_fast,heuristics_fast,separating_off,separating_aggressive,presolving_off,emphasis_optimality,emphasis_easycip,heuristics_aggressive,emphasis_feasibility,heuristics_off
neos-1620807,separating_fast,presolving_fast,emphasis_easycip,default,presolving_aggressive,separating_aggressive,heuristics_fast,heuristics_off,heuristics_aggressive,emphasis_hardlp,separating_off,emphasis_optimality,presolving_off,emphasis_feasibility
reblock420,emphasis_hardlp,presolving_off,presolving_fast,emphasis_feasibility,separating_off,separating_fast,heuristics_aggressive,default,heuristics_fast,emphasis_easycip,separating_aggressive,presolving_aggressive,emphasis_optimality,heuristics_off
rmatr200-p10,emphasis_easycip,heuristics_fast,emphasis_hardlp,emphasis_feasibility,presolving_off,heuristics_aggressive,presolving_fast,presolving_aggressive,emphasis_optimality,default,separating_off,separating_fast,separating_aggressive,heuristics_off
binkar10_1,presolving_fast,separating_fast,default,presolving_aggressive,separating_aggressive,presolving_off,heuristics_fast,heuristics_aggressive,emphasis_optimality,emphasis_feasibility,heuristics_off,emphasis_hardlp,emphasis_easycip,separating_off
pigeon-19,separating_off,separating_aggressive,presolving_aggressive,separating_fast,presolving_fast,emphasis_feasibility,emphasis_easycip,emphasis_hardlp,presolving_off,emphasis_optimality,heuristics_aggressive,default,heuristics_off,heuristics_fast
neos-631709,separating_off,emphasis_feasibility,presolving_fast,heuristics_aggressive,separating_fast,presolving_off,presolving_aggressive,emphasis_hardlp,default,separating_aggressive,heuristics_fast,emphasis_optimality,emphasis_easycip,heuristics_off
n370a,heuristics_aggressive,separating_aggressive,presolving_fast,presolving_aggressive,default,heuristics_fast,emphasis_feasibility,separating_fast,emphasis_optimality,emphasis_hardlp,presolving_off,emphasis_easycip,separating_off,heuristics_off
iis-100-0-cov,separating_off,separating_fast,heuristics_fast,emphasis_easycip,presolving_off,presolving_fast,default,presolving_aggressive,separating_aggressive,heuristics_off,heuristics_aggressive,emphasis_hardlp,emphasis_feasibility,emphasis_optimality
triptim2,separating_off,separating_fast,separating_aggressive,presolving_off,presolving_fast,presolving_aggressive,heuristics_off,heuristics_fast,heuristics_aggressive,emphasis_optimality,emphasis_hardlp,emphasis_feasibility,emphasis_easycip,default
n15-3,presolving_fast,separating_fast,heuristics_aggressive,separating_off,separating_aggressive,presolving_aggressive,presolving_off,heuristics_fast,emphasis_hardlp,default,heuristics_off,emphasis_optimality,emphasis_feasibility,emphasis_easycip
neos-1442119,separating_off,presolving_fast,separating_fast,presolving_off,presolving_aggressive,emphasis_feasibility,separating_aggressive,default,emphasis_optimality,heuristics_fast,heuristics_aggressive,emphasis_hardlp,emphasis_easycip,heuristics_off
map20,separating_fast,presolving_aggressive,default,separating_off,emphasis_easycip,heuristics_fast,emphasis_feasibility,heuristics_aggressive,presolving_fast,separating_aggressive,emphasis_hardlp,emphasis_optimality,presolving_off,heuristics_off
neos-498623,heuristics_aggressive,presolving_fast,presolving_aggressive,separating_fast,emphasis_feasibility,default,separating_off,presolving_off,separating_aggressive,heuristics_fast,heuristics_off,emphasis_optimality,emphasis_hardlp,emphasis_easycip
rlp1,presolving_aggressive,separating_aggressive,heuristics_fast,emphasis_hardlp,separating_fast,presolving_off,presolving_fast,separating_off,emphasis_feasibility,emphasis_easycip,default,emphasis_optimality,heuristics_aggressive,heuristics_off
n3seq24,separating_off,separating_aggressive,presolving_fast,separating_fast,heuristics_aggressive,emphasis_optimality,presolving_off,presolving_aggressive,default,heuristics_off,emphasis_feasibility,emphasis_easycip,emphasis_hardlp,heuristics_fast
rococoC11-011100,default,presolving_aggressive,emphasis_feasibility,separating_aggressive,presolving_fast,separating_off,separating_fast,heuristics_aggressive,emphasis_easycip,heuristics_fast,emphasis_optimality,emphasis_hardlp,presolving_off,heuristics_off
neos-503737,default,separating_aggressive,separating_fast,presolving_fast,presolving_aggressive,emphasis_hardlp,emphasis_feasibility,heuristics_aggressive,emphasis_easycip,presolving_off,heuristics_fast,separating_off,emphasis_optimality,heuristics_off
neos-983171,separating_off,separating_fast,separating_aggressive,presolving_fast,default,presolving_off,presolving_aggressive,emphasis_feasibility,heuristics_aggressive,emphasis_hardlp,emphasis_easycip,emphasis_optimality,heuristics_fast,heuristics_off
p6b,presolving_fast,presolving_aggressive,emphasis_hardlp,emphasis_easycip,separating_off,heuristics_fast,separating_fast,presolving_off,heuristics_aggressive,emphasis_feasibility,default,separating_aggressive,heuristics_off,emphasis_optimality
neos-826694,separating_fast,emphasis_feasibility,separating_off,separating_aggressive,presolving_fast,default,heuristics_aggressive,presolving_off,presolving_aggressive,emphasis_hardlp,emphasis_optimality,heuristics_fast,emphasis_easycip,heuristics_off
neos-914441,emphasis_feasibility,heuristics_fast,presolving_fast,emphasis_optimality,emphasis_hardlp,separating_fast,separating_aggressive,heuristics_aggressive,emphasis_easycip,default,separating_off,presolving_off,heuristics_off,presolving_aggressive
mkc,separating_fast,separating_off,presolving_fast,emphasis_feasibility,default,presolving_off,heuristics_aggressive,emphasis_easycip,separating_aggressive,presolving_aggressive,heuristics_fast,emphasis_hardlp,emphasis_optimality,heuristics_off
neos-1208135,presolving_off,heuristics_aggressive,separating_off,emphasis_feasibility,heuristics_off,heuristics_fast,separating_aggressive,separating_fast,emphasis_easycip,presolving_aggressive,presolving_fast,default,emphasis_hardlp,emphasis_optimality
acc-tight5,separating_aggressive,presolving_aggressive,separating_fast,heuristics_off,heuristics_fast,default,separating_off,emphasis_feasibility,emphasis_hardlp,presolving_off,emphasis_easycip,heuristics_aggressive,presolving_fast,emphasis_optimality
neos-935627,presolving_fast,separating_aggressive,separating_fast,default,separating_off,presolving_aggressive,heuristics_aggressive,presolving_off,emphasis_feasibility,emphasis_hardlp,emphasis_easycip,heuristics_fast,emphasis_optimality,heuristics_off
neos16,separating_fast,separating_off,separating_aggressive,heuristics_fast,emphasis_feasibility,presolving_fast,heuristics_aggressive,presolving_aggressive,emphasis_optimality,emphasis_hardlp,presolving_off,emphasis_easycip,default,heuristics_off
shs1023,separating_off,separating_fast,presolving_fast,separating_aggressive,presolving_off,heuristics_off,emphasis_optimality,presolving_aggressive,heuristics_fast,heuristics_aggressive,emphasis_hardlp,emphasis_feasibility,emphasis_easycip,default
neos-1330346,separating_off,presolving_fast,separating_fast,heuristics_aggressive,default,separating_aggressive,emphasis_optimality,emphasis_hardlp,heuristics_fast,emphasis_easycip,presolving_off,presolving_aggressive,heuristics_off,emphasis_feasibility
neos-1415183,separating_off,presolving_fast,default,presolving_aggressive,emphasis_hardlp,presolving_off,emphasis_easycip,emphasis_optimality,separating_fast,separating_aggressive,heuristics_aggressive,heuristics_fast,emphasis_feasibility,heuristics_off
neos-825075,separating_fast,heuristics_aggressive,presolving_fast,heuristics_off,emphasis_hardlp,presolving_off,presolving_aggressive,default,heuristics_fast,separating_off,separating_aggressive,emphasis_easycip,emphasis_feasibility,emphasis_optimality
neos-826841,presolving_fast,emphasis_feasibility,presolving_off,presolving_aggressive,heuristics_aggressive,default,separating_aggressive,separating_off,separating_fast,heuristics_fast,emphasis_hardlp,emphasis_easycip,heuristics_off,emphasis_optimality
dcmulti,emphasis_hardlp,separating_fast,default,presolving_aggressive,heuristics_fast,separating_aggressive,presolving_off,presolving_fast,emphasis_easycip,separating_off,heuristics_off,heuristics_aggressive,emphasis_optimality,emphasis_feasibility
neos-504674,emphasis_easycip,separating_aggressive,separating_fast,heuristics_fast,emphasis_hardlp,presolving_aggressive,presolving_fast,heuristics_off,default,separating_off,heuristics_aggressive,presolving_off,emphasis_feasibility,emphasis_optimality
markshare1,separating_off,separating_fast,separating_aggressive,presolving_off,presolving_fast,presolving_aggressive,heuristics_off,heuristics_fast,heuristics_aggressive,emphasis_optimality,emphasis_hardlp,emphasis_feasibility,emphasis_easycip,default
in,separating_off,separating_aggressive,separating_fast,presolving_off,presolving_fast,heuristics_off,emphasis_hardlp,presolving_aggressive,emphasis_optimality,heuristics_fast,heuristics_aggressive,emphasis_feasibility,emphasis_easycip,default
qap10,presolving_aggressive,separating_fast,heuristics_aggressive,separating_off,presolving_off,default,separating_aggressive,emphasis_feasibility,presolving_fast,emphasis_hardlp,heuristics_off,emphasis_easycip,heuristics_fast,emphasis_optimality
n9-3,presolving_fast,default,presolving_aggressive,heuristics_aggressive,separating_aggressive,heuristics_fast,emphasis_hardlp,presolving_off,separating_fast,emphasis_easycip,separating_off,heuristics_off,emphasis_feasibility,emphasis_optimality
harp2,presolving_aggressive,presolving_fast,emphasis_feasibility,default,separating_fast,emphasis_easycip,separating_off,presolving_off,heuristics_fast,emphasis_hardlp,separating_aggressive,heuristics_aggressive,emphasis_optimality,heuristics_off
sct5,separating_off,default,presolving_aggressive,emphasis_feasibility,presolving_fast,separating_fast,emphasis_easycip,heuristics_aggressive,separating_aggressive,presolving_off,heuristics_off,heuristics_fast,emphasis_hardlp,emphasis_optimality
neos-631164,presolving_off,presolving_fast,separating_aggressive,heuristics_aggressive,presolving_aggressive,default,separating_fast,emphasis_optimality,heuristics_fast,emphasis_hardlp,emphasis_feasibility,emphasis_easycip,separating_off,heuristics_off
mining,separating_fast,separating_off,presolving_off,presolving_fast,separating_aggressive,presolving_aggressive,emphasis_hardlp,heuristics_off,heuristics_fast,emphasis_optimality,heuristics_aggressive,emphasis_easycip,emphasis_feasibility,default
