bab5,separating_fast,presolving_fast,presolving_aggressive,heuristics_aggressive,default,separating_off,separating_aggressive,heuristics_off,emphasis_optimality,presolving_off,heuristics_fast,emphasis_feasibility,emphasis_easycip,emphasis_hardlp
ivu52,separating_fast,presolving_fast,separating_off,presolving_aggressive,heuristics_aggressive,presolving_off,emphasis_optimality,heuristics_off,emphasis_feasibility,separating_aggressive,default,emphasis_easycip,emphasis_hardlp,heuristics_fast
neos-1112787,separating_fast,presolving_fast,emphasis_optimality,separating_off,presolving_aggressive,heuristics_fast,default,emphasis_easycip,separating_aggressive,emphasis_feasibility,heuristics_aggressive,emphasis_hardlp,heuristics_off,presolving_off
ns2137859,heuristics_aggressive,presolving_fast,default,emphasis_feasibility,separating_off,separating_fast,presolving_aggressive,separating_aggressive,presolving_off,emphasis_hardlp,emphasis_easycip,heuristics_fast,emphasis_optimality,heuristics_off
neos-942323,emphasis_hardlp,separating_off,separating_fast,heuristics_aggressive,default,presolving_fast,presolving_aggressive,heuristics_fast,emphasis_feasibility,emphasis_easycip,separating_aggressive,heuristics_off,presolving_off,emphasis_optimality
qnet1_o,separating_fast,heuristics_aggressive,emphasis_feasibility,emphasis_hardlp,separating_off,heuristics_fast,default,presolving_aggressive,presolving_off,emphasis_easycip,presolving_fast,separating_aggressive,heuristics_off,emphasis_optimality
neos-570431,separating_aggressive,separating_fast,presolving_off,presolving_fast,presolving_aggressive,heuristics_fast,emphasis_easycip,separating_off,heuristics_aggressive,emphasis_hardlp,emphasis_feasibility,default,heuristics_off,emphasis_optimality
enigma,emphasis_hardlp,separating_fast,presolving_aggressive,heuristics_fast,separating_aggressive,emphasis_easycip,default,emphasis_feasibility,separating_off,presolving_off,presolving_fast,heuristics_aggressive,emphasis_optimality,heuristics_off
neos-709469,presolving_aggressive,heuristics_fast,separating_fast,heuristics_aggressive,emphasis_hardlp,separating_off,heuristics_off,separating_aggressive,emphasis_feasibility,default,presolving_fast,emphasis_easycip,presolving_off,emphasis_optimality
neos-829552,heuristics_off,emphasis_hardlp,separating_off,separating_fast,presolving_off,emphasis_easycip,presolving_aggressive,heuristics_aggressive,emphasis_feasibility,presolving_fast,separating_aggressive,heuristics_fast,default,emphasis_optimality
opm2-z12-s7,presolving_fast,emphasis_hardlp,emphasis_easycip,default,heuristics_aggressive,separating_off,heuristics_fast,presolving_off,emphasis_feasibility,separating_fast,separating_aggressive,presolving_aggressive,heuristics_off,emphasis_optimality
satellites3-40-fs,separating_off,separating_fast,separating_aggressive,presolving_off,presolving_fast,heuristics_aggressive,presolving_aggressive,heuristics_fast,emphasis_hardlp,emphasis_optimality,heuristics_off,emphasis_feasibility,default,emphasis_easycip
neos-1215259,separating_aggressive,heuristics_aggressive,emphasis_feasibility,default,separating_fast,presolving_fast,emphasis_hardlp,emphasis_easycip,separating_off,heuristics_fast,presolving_off,presolving_aggressive,heuristics_off,emphasis_optimality
iis-100-0-cov,separating_off,heuristics_fast,separating_fast,presolving_off,presolving_aggressive,emphasis_easycip,default,separating_aggressive,presolving_fast,heuristics_aggressive,emphasis_hardlp,heuristics_off,emphasis_feasibility,emphasis_optimality
23588,presolving_aggressive,heuristics_fast,separating_off,emphasis_hardlp,separating_aggressive,default,separating_fast,presolving_fast,heuristics_aggressive,emphasis_feasibility,presolving_off,emphasis_easycip,heuristics_off,emphasis_optimality
neos-881765,presolving_fast,heuristics_fast,emphasis_hardlp,emphasis_feasibility,heuristics_aggressive,emphasis_easycip,separating_aggressive,presolving_off,heuristics_off,default,presolving_aggressive,emphasis_optimality,separating_off,separating_fast
neos-555927,heuristics_aggressive,emphasis_feasibility,presolving_fast,presolving_aggressive,separating_off,separating_aggressive,default,separating_fast,presolving_off,heuristics_fast,emphasis_hardlp,emphasis_easycip,heuristics_off,emphasis_optimality
22433,heuristics_fast,presolving_aggressive,emphasis_feasibility,separating_off,separating_aggressive,emphasis_hardlp,separating_fast,presolving_fast,default,presolving_off,emphasis_easycip,heuristics_aggressive,heuristics_off,emphasis_optimality
neos-803219,emphasis_hardlp,emphasis_easycip,separating_fast,heuristics_fast,separating_aggressive,default,separating_off,presolving_aggressive,presolving_fast,heuristics_off,presolving_off,heuristics_aggressive,emphasis_optimality,emphasis_feasibility
neos-1620807,heuristics_fast,presolving_aggressive,separating_fast,separating_aggressive,presolving_fast,separating_off,heuristics_off,emphasis_hardlp,emphasis_feasibility,emphasis_easycip,default,heuristics_aggressive,emphasis_optimality,presolving_off
nag,heuristics_aggressive,emphasis_feasibility,presolving_fast,default,separating_off,presolving_aggressive,separating_fast,separating_aggressive,presolving_off,heuristics_fast,emphasis_hardlp,heuristics_off,emphasis_optimality,emphasis_easycip
methanosarcina,separating_off,heuristics_fast,presolving_off,separating_fast,emphasis_feasibility,presolving_aggressive,heuristics_aggressive,emphasis_hardlp,default,presolving_fast,separating_aggressive,emphasis_easycip,heuristics_off,emphasis_optimality
neos-1467067,separating_fast,presolving_fast,separating_off,presolving_aggressive,default,separating_aggressive,heuristics_aggressive,emphasis_feasibility,presolving_off,emphasis_optimality,heuristics_fast,emphasis_hardlp,heuristics_off,emphasis_easycip
neos-738098,presolving_fast,separating_fast,emphasis_feasibility,separating_off,presolving_aggressive,heuristics_aggressive,emphasis_hardlp,separating_aggressive,presolving_off,heuristics_fast,default,heuristics_off,emphasis_optimality,emphasis_easycip
neos-931517,heuristics_aggressive,separating_fast,default,presolving_off,presolving_fast,separating_off,emphasis_feasibility,separating_aggressive,presolving_aggressive,emphasis_hardlp,heuristics_fast,emphasis_optimality,heuristics_off,emphasis_easycip
bell3a,default,separating_fast,separating_aggressive,heuristics_fast,presolving_aggressive,heuristics_aggressive,emphasis_optimality,presolving_fast,separating_off,heuristics_off,emphasis_hardlp,presolving_off,emphasis_feasibility,emphasis_easycip
nw04,separating_fast,presolving_aggressive,presolving_fast,heuristics_off,separating_off,emphasis_feasibility,heuristics_fast,heuristics_aggressive,emphasis_hardlp,default,presolving_off,emphasis_optimality,emphasis_easycip,separating_aggressive
neos-953928,separating_off,heuristics_aggressive,presolving_fast,default,presolving_off,separating_fast,emphasis_feasibility,emphasis_optimality,separating_aggressive,presolving_aggressive,heuristics_fast,emphasis_hardlp,emphasis_easycip,heuristics_off
neos-916173,separating_off,presolving_fast,separating_fast,presolving_aggressive,heuristics_aggressive,presolving_off,emphasis_feasibility,default,separating_aggressive,emphasis_optimality,emphasis_hardlp,heuristics_fast,emphasis_easycip,heuristics_off
neos-830439,emphasis_feasibility,separating_off,separating_fast,presolving_aggressive,emphasis_hardlp,default,separating_aggressive,heuristics_aggressive,presolving_off,presolving_fast,heuristics_off,heuristics_fast,emphasis_easycip,emphasis_optimality
gt2,presolving_aggressive,emphasis_easycip,separating_fast,heuristics_fast,default,separating_off,presolving_off,emphasis_hardlp,separating_aggressive,heuristics_off,emphasis_optimality,presolving_fast,heuristics_aggressive,emphasis_feasibility
net12,presolving_fast,separating_fast,presolving_aggressive,separating_off,emphasis_feasibility,heuristics_aggressive,separating_aggressive,heuristics_fast,default,presolving_off,emphasis_hardlp,emphasis_optimality,emphasis_easycip,heuristics_off
arki001,presolving_fast,separating_fast,presolving_aggressive,separating_off,default,heuristics_fast,emphasis_feasibility,separating_aggressive,heuristics_off,emphasis_hardlp,presolving_off,heuristics_aggressive,emphasis_optimality,emphasis_easycip
neos-693347,default,emphasis_feasibility,separating_aggressive,separating_fast,heuristics_aggressive,emphasis_hardlp,separating_off,presolving_fast,presolving_aggressive,heuristics_off,emphasis_easycip,presolving_off,heuristics_fast,emphasis_optimality
neos-862348,emphasis_feasibility,default,separating_fast,presolving_aggressive,heuristics_aggressive,separating_aggressive,presolving_off,presolving_fast,separating_off,emphasis_hardlp,emphasis_easycip,heuristics_off,heuristics_fast,emphasis_optimality
lrn,emphasis_feasibility,separating_fast,separating_off,presolving_off,presolving_fast,separating_aggressive,presolving_aggressive,heuristics_fast,default,heuristics_off,heuristics_aggressive,emphasis_optimality,emphasis_hardlp,emphasis_easycip
neos-691058,separating_fast,presolving_off,emphasis_feasibility,presolving_fast,separating_aggressive,presolving_aggressive,heuristics_aggressive,separating_off,default,emphasis_optimality,emphasis_hardlp,heuristics_fast,emphasis_easycip,heuristics_off
bab3,presolving_fast,separating_fast,separating_off,separating_aggressive,presolving_off,presolving_aggressive,heuristics_off,emphasis_optimality,heuristics_fast,emphasis_feasibility,emphasis_hardlp,emphasis_easycip,default,heuristics_aggressive
shipsched,separating_off,presolving_fast,emphasis_feasibility,presolving_off,default,separating_fast,emphasis_easycip,presolving_aggressive,separating_aggressive,emphasis_hardlp,heuristics_aggressive,heuristics_off,heuristics_fast,emphasis_optimality
aligninq,separating_off,presolving_fast,presolving_aggressive,separating_fast,heuristics_aggressive,emphasis_feasibility,default,separating_aggressive,presolving_off,emphasis_hardlp,emphasis_optimality,heuristics_off,heuristics_fast,emphasis_easycip
neos-578379,emphasis_feasibility,separating_off,separating_fast,presolving_fast,separating_aggressive,presolving_off,presolving_aggressive,heuristics_fast,heuristics_aggressive,heuristics_off,emphasis_optimality,default,emphasis_hardlp,emphasis_easycip
dano3_3,presolving_aggressive,emphasis_easycip,presolving_fast,heuristics_fast,default,separating_fast,separating_off,emphasis_hardlp,separating_aggressive,emphasis_optimality,presolving_off,heuristics_off,heuristics_aggressive,emphasis_feasibility
neos-787933,presolving_off,separating_off,separating_fast,presolving_fast,presolving_aggressive,emphasis_feasibility,separating_aggressive,heuristics_aggressive,emphasis_hardlp,heuristics_fast,default,heuristics_off,emphasis_easycip,emphasis_optimality
neos-775946,emphasis_feasibility,separating_fast,heuristics_aggressive,separating_off,emphasis_hardlp,default,presolving_off,separating_aggressive,presolving_aggressive,presolving_fast,emphasis_easycip,heuristics_off,heuristics_fast,emphasis_optimality
nsr8k,separating_off,presolving_fast,separating_fast,emphasis_feasibility,default,presolving_off,heuristics_aggressive,separating_aggressive,presolving_aggressive,emphasis_optimality,emphasis_easycip,heuristics_fast,emphasis_hardlp,heuristics_off
neos-841664,presolving_aggressive,separating_fast,presolving_fast,emphasis_easycip,presolving_off,emphasis_optimality,default,emphasis_hardlp,heuristics_aggressive,separating_aggressive,separating_off,heuristics_off,heuristics_fast,emphasis_feasibility
neos-935674,emphasis_feasibility,separating_fast,default,presolving_aggressive,heuristics_fast,separating_aggressive,heuristics_aggressive,presolving_off,presolving_fast,separating_off,heuristics_off,emphasis_easycip,emphasis_hardlp,emphasis_optimality
ds,separating_fast,separating_off,emphasis_feasibility,presolving_fast,default,separating_aggressive,presolving_aggressive,heuristics_fast,heuristics_off,heuristics_aggressive,presolving_off,emphasis_optimality,emphasis_hardlp,emphasis_easycip
neos-1595230,separating_off,heuristics_fast,heuristics_aggressive,presolving_fast,presolving_aggressive,heuristics_off,emphasis_hardlp,default,separating_fast,separating_aggressive,emphasis_optimality,emphasis_easycip,emphasis_feasibility,presolving_off
neos-957389,separating_off,emphasis_hardlp,presolving_fast,emphasis_easycip,emphasis_feasibility,separating_fast,separating_aggressive,heuristics_fast,default,heuristics_off,presolving_off,heuristics_aggressive,presolving_aggressive,emphasis_optimality
ns1853823,separating_aggressive,separating_off,presolving_off,separating_fast,presolving_fast,presolving_aggressive,heuristics_aggressive,heuristics_fast,emphasis_hardlp,heuristics_off,emphasis_optimality,emphasis_feasibility,emphasis_easycip,default
neos-548251,presolving_aggressive,separating_off,separating_fast,presolving_fast,heuristics_fast,emphasis_feasibility,presolving_off,separating_aggressive,heuristics_off,heuristics_aggressive,emphasis_easycip,emphasis_optimality,emphasis_hardlp,default
rmatr100-p5,presolving_fast,separating_fast,default,presolving_off,presolving_aggressive,separating_off,separating_aggressive,heuristics_aggressive,heuristics_fast,emphasis_hardlp,emphasis_easycip,emphasis_feasibility,heuristics_off,emphasis_optimality
neos-662469,default,presolving_aggressive,separating_fast,separating_aggressive,emphasis_hardlp,emphasis_easycip,separating_off,presolving_fast,heuristics_aggressive,presolving_off,emphasis_feasibility,heuristics_fast,emphasis_optimality,heuristics_off
neos-950242,separating_off,separating_fast,separating_aggressive,emphasis_feasibility,presolving_aggressive,heuristics_off,default,presolving_fast,heuristics_aggressive,emphasis_hardlp,emphasis_easycip,presolving_off,heuristics_fast,emphasis_optimality
neos-501474,presolving_aggressive,default,heuristics_fast,heuristics_off,emphasis_easycip,presolving_fast,separating_aggressive,heuristics_aggressive,emphasis_hardlp,separating_fast,presolving_off,emphasis_optimality,separating_off,emphasis_feasibility
rlp1,separating_off,presolving_aggressive,heuristics_fast,emphasis_hardlp,presolving_fast,default,emphasis_optimality,emphasis_easycip,presolving_off,emphasis_feasibility,separating_fast,separating_aggressive,heuristics_off,heuristics_aggressive
neos-935348,separating_off,separating_fast,separating_aggressive,default,presolving_fast,presolving_off,presolving_aggressive,emphasis_feasibility,heuristics_aggressive,emphasis_optimality,emphasis_easycip,emphasis_hardlp,heuristics_fast,heuristics_off
neos-1208069,emphasis_easycip,heuristics_aggressive,emphasis_feasibility,heuristics_fast,separating_off,separating_aggressive,default,separating_fast,presolving_aggressive,heuristics_off,emphasis_hardlp,presolving_off,emphasis_optimality,presolving_fast
mspp16,separating_off,emphasis_feasibility,presolving_fast,presolving_aggressive,heuristics_fast,separating_fast,separating_aggressive,emphasis_easycip,default,heuristics_aggressive,presolving_off,emphasis_hardlp,heuristics_off,emphasis_optimality
neos-1173026,separating_fast,presolving_off,emphasis_feasibility,separating_off,emphasis_hardlp,separating_aggressive,heuristics_off,presolving_aggressive,heuristics_fast,emphasis_easycip,default,presolving_fast,heuristics_aggressive,emphasis_optimality
