neos-633273,emphasis_feasibility,separating_aggressive,heuristics_fast,separating_fast,presolving_aggressive,emphasis_optimality,default,separating_off,heuristics_off,heuristics_aggressive,emphasis_easycip,presolving_off,presolving_fast,emphasis_hardlp
sp98ar,separating_fast,presolving_fast,emphasis_hardlp,emphasis_feasibility,default,separating_off,heuristics_aggressive,presolving_off,presolving_aggressive,heuristics_fast,emphasis_easycip,separating_aggressive,heuristics_off,emphasis_optimality
mspp16,presolving_fast,emphasis_feasibility,separating_off,separating_fast,separating_aggressive,heuristics_aggressive,presolving_off,heuristics_fast,emphasis_hardlp,presolving_aggressive,emphasis_easycip,heuristics_off,emphasis_optimality,default
neos-555298,heuristics_aggressive,presolving_fast,default,presolving_aggressive,emphasis_feasibility,separating_off,emphasis_hardlp,presolving_off,separating_fast,heuristics_fast,separating_aggressive,heuristics_off,emphasis_easycip,emphasis_optimality
bg512142,presolving_fast,separating_fast,emphasis_hardlp,presolving_aggressive,separating_aggressive,default,presolving_off,emphasis_optimality,separating_off,heuristics_aggressive,heuristics_fast,emphasis_feasibility,emphasis_easycip,heuristics_off
triptim2,separating_off,separating_fast,separating_aggressive,presolving_off,presolving_fast,presolving_aggressive,heuristics_off,heuristics_fast,heuristics_aggressive,emphasis_optimality,emphasis_hardlp,emphasis_feasibility,emphasis_easycip,default
reblock354,separating_off,default,separating_fast,emphasis_hardlp,heuristics_fast,emphasis_feasibility,heuristics_aggressive,presolving_off,emphasis_easycip,separating_aggressive,presolving_fast,heuristics_off,presolving_aggressive,emphasis_optimality
ger50_17_trans,separating_fast,presolving_off,presolving_aggressive,default,separating_off,presolving_fast,heuristics_fast,emphasis_hardlp,separating_aggressive,emphasis_feasibility,heuristics_off,heuristics_aggressive,emphasis_easycip,emphasis_optimality
neos-555343,emphasis_feasibility,heuristics_aggressive,separating_fast,presolving_off,default,separating_off,presolving_fast,presolving_aggressive,separating_aggressive,emphasis_hardlp,emphasis_easycip,heuristics_off,heuristics_fast,emphasis_optimality
n370a,separating_aggressive,presolving_fast,heuristics_aggressive,presolving_aggressive,default,heuristics_fast,emphasis_feasibility,emphasis_optimality,emphasis_hardlp,separating_fast,presolving_off,separating_off,emphasis_easycip,heuristics_off
sing359,separating_off,separating_fast,separating_aggressive,presolving_off,presolving_fast,presolving_aggressive,heuristics_off,heuristics_fast,heuristics_aggressive,emphasis_optimality,emphasis_hardlp,emphasis_feasibility,emphasis_easycip,default
neos-775946,separating_fast,emphasis_feasibility,default,presolving_aggressive,heuristics_aggressive,presolving_fast,emphasis_hardlp,emphasis_easycip,heuristics_fast,separating_off,separating_aggressive,heuristics_off,emphasis_optimality,presolving_off
bienst1,emphasis_easycip,separating_off,default,emphasis_hardlp,separating_fast,presolving_fast,heuristics_fast,emphasis_feasibility,heuristics_aggressive,presolving_off,presolving_aggressive,heuristics_off,emphasis_optimality,separating_aggressive
neos-847051,separating_fast,emphasis_feasibility,heuristics_aggressive,default,presolving_aggressive,separating_off,presolving_off,presolving_fast,emphasis_easycip,emphasis_hardlp,separating_aggressive,heuristics_fast,emphasis_optimality,heuristics_off
neos-916792,presolving_aggressive,heuristics_aggressive,default,separating_fast,presolving_fast,separating_off,presolving_off,separating_aggressive,emphasis_feasibility,emphasis_hardlp,heuristics_fast,heuristics_off,emphasis_optimality,emphasis_easycip
lectsched-1-obj,heuristics_aggressive,separating_fast,emphasis_feasibility,separating_off,presolving_aggressive,emphasis_easycip,presolving_fast,heuristics_fast,emphasis_optimality,default,separating_aggressive,presolving_off,heuristics_off,emphasis_hardlp
l152lav,separating_off,separating_fast,presolving_off,heuristics_off,emphasis_easycip,emphasis_hardlp,default,separating_aggressive,presolving_aggressive,presolving_fast,heuristics_fast,emphasis_feasibility,heuristics_aggressive,emphasis_optimality
neos-1439395,separating_off,presolving_fast,emphasis_feasibility,separating_fast,presolving_aggressive,default,separating_aggressive,heuristics_off,heuristics_fast,presolving_off,emphasis_easycip,heuristics_aggressive,emphasis_optimality,emphasis_hardlp
neos-808072,separating_fast,presolving_off,heuristics_fast,heuristics_off,emphasis_hardlp,default,heuristics_aggressive,emphasis_easycip,presolving_aggressive,separating_aggressive,presolving_fast,emphasis_feasibility,separating_off,emphasis_optimality
neos-826650,heuristics_aggressive,emphasis_feasibility,default,presolving_fast,separating_off,separating_aggressive,emphasis_easycip,presolving_off,presolving_aggressive,emphasis_hardlp,separating_fast,heuristics_fast,heuristics_off,emphasis_optimality
neos18,separating_aggressive,presolving_fast,emphasis_feasibility,default,presolving_aggressive,separating_off,separating_fast,emphasis_optimality,presolving_off,heuristics_aggressive,emphasis_easycip,heuristics_fast,heuristics_off,emphasis_hardlp
neos-1460543,presolving_off,emphasis_feasibility,presolving_aggressive,heuristics_aggressive,default,presolving_fast,separating_fast,separating_aggressive,emphasis_hardlp,separating_off,emphasis_easycip,heuristics_fast,emphasis_optimality,heuristics_off
neos-555884,presolving_aggressive,separating_off,heuristics_aggressive,emphasis_feasibility,presolving_off,default,separating_aggressive,presolving_fast,emphasis_hardlp,separating_fast,heuristics_off,emphasis_easycip,heuristics_fast,emphasis_optimality
swath,heuristics_aggressive,emphasis_feasibility,separating_fast,presolving_fast,presolving_aggressive,default,separating_off,separating_aggressive,presolving_off,emphasis_optimality,emphasis_hardlp,emphasis_easycip,heuristics_off,heuristics_fast
neos-522351,presolving_fast,separating_fast,separating_aggressive,presolving_aggressive,default,emphasis_easycip,emphasis_hardlp,separating_off,presolving_off,heuristics_aggressive,emphasis_optimality,emphasis_feasibility,heuristics_off,heuristics_fast
khb05250,emphasis_hardlp,presolving_aggressive,presolving_fast,default,presolving_off,separating_fast,heuristics_aggressive,separating_aggressive,heuristics_fast,separating_off,heuristics_off,emphasis_easycip,emphasis_optimality,emphasis_feasibility
stp3d,separating_off,separating_fast,presolving_fast,presolving_aggressive,default,presolving_off,heuristics_aggressive,separating_aggressive,heuristics_fast,heuristics_off,emphasis_optimality,emphasis_hardlp,emphasis_easycip,emphasis_feasibility
neos-826224,separating_off,separating_fast,presolving_fast,heuristics_aggressive,default,emphasis_hardlp,emphasis_feasibility,presolving_off,presolving_aggressive,emphasis_optimality,separating_aggressive,emphasis_easycip,heuristics_fast,heuristics_off
ns4-pr3,emphasis_hardlp,emphasis_easycip,heuristics_fast,presolving_fast,presolving_aggressive,default,presolving_off,separating_fast,separating_off,heuristics_aggressive,separating_aggressive,emphasis_optimality,emphasis_feasibility,heuristics_off
neos-1445755,separating_off,separating_fast,emphasis_feasibility,heuristics_fast,heuristics_aggressive,default,separating_aggressive,heuristics_off,emphasis_optimality,presolving_fast,presolving_off,emphasis_hardlp,emphasis_easycip,presolving_aggressive
neos-525149,default,emphasis_feasibility,heuristics_aggressive,separating_off,presolving_fast,presolving_aggressive,heuristics_fast,separating_fast,separating_aggressive,heuristics_off,emphasis_optimality,emphasis_hardlp,emphasis_easycip,presolving_off
neos-849702,presolving_off,emphasis_feasibility,heuristics_aggressive,heuristics_fast,emphasis_easycip,presolving_aggressive,presolving_fast,separating_off,heuristics_off,separating_aggressive,separating_fast,emphasis_hardlp,default,emphasis_optimality
msc98-ip,separating_off,separating_fast,presolving_fast,presolving_off,separating_aggressive,presolving_aggressive,emphasis_feasibility,heuristics_off,heuristics_fast,heuristics_aggressive,default,emphasis_easycip,emphasis_optimality,emphasis_hardlp
neos-885524,separating_off,presolving_off,default,presolving_fast,emphasis_feasibility,emphasis_easycip,heuristics_fast,heuristics_aggressive,separating_aggressive,presolving_aggressive,separating_fast,emphasis_hardlp,emphasis_optimality,heuristics_off
neos-1451294,separating_fast,presolving_fast,presolving_aggressive,default,heuristics_fast,emphasis_feasibility,separating_aggressive,heuristics_aggressive,emphasis_easycip,separating_off,presolving_off,heuristics_off,emphasis_hardlp,emphasis_optimality
rmatr100-p5,separating_fast,presolving_fast,default,presolving_off,presolving_aggressive,separating_off,separating_aggressive,heuristics_aggressive,emphasis_hardlp,emphasis_easycip,heuristics_fast,emphasis_feasibility,heuristics_off,emphasis_optimality
gesa2,separating_off,separating_fast,presolving_fast,default,presolving_off,presolving_aggressive,emphasis_optimality,separating_aggressive,emphasis_hardlp,heuristics_fast,emphasis_easycip,heuristics_aggressive,heuristics_off,emphasis_feasibility
n3705,heuristics_aggressive,separating_aggressive,presolving_fast,presolving_aggressive,default,heuristics_fast,emphasis_feasibility,emphasis_optimality,emphasis_hardlp,separating_fast,presolving_off,emphasis_easycip,separating_off,heuristics_off
neos-1582420,default,separating_off,separating_fast,heuristics_aggressive,emphasis_feasibility,presolving_off,emphasis_hardlp,separating_aggressive,presolving_fast,presolving_aggressive,heuristics_off,emphasis_easycip,heuristics_fast,emphasis_optimality
neos-1603518,separating_aggressive,heuristics_aggressive,separating_fast,emphasis_optimality,emphasis_easycip,presolving_fast,heuristics_fast,emphasis_hardlp,default,separating_off,presolving_off,presolving_aggressive,heuristics_off,emphasis_feasibility
roll3000,separating_fast,separating_off,presolving_aggressive,emphasis_feasibility,separating_aggressive,presolving_off,heuristics_fast,presolving_fast,heuristics_aggressive,emphasis_hardlp,default,emphasis_easycip,emphasis_optimality,heuristics_off
modglob,presolving_fast,presolving_aggressive,separating_aggressive,separating_fast,heuristics_aggressive,emphasis_hardlp,default,heuristics_fast,presolving_off,emphasis_feasibility,emphasis_easycip,emphasis_optimality,separating_off,heuristics_off
a1c1s1,presolving_aggressive,emphasis_hardlp,default,separating_fast,heuristics_aggressive,presolving_off,separating_aggressive,presolving_fast,emphasis_feasibility,emphasis_easycip,separating_off,heuristics_fast,emphasis_optimality,heuristics_off
neos-1062641,separating_aggressive,separating_fast,default,separating_off,presolving_aggressive,heuristics_aggressive,presolving_off,presolving_fast,heuristics_off,emphasis_feasibility,emphasis_easycip,emphasis_hardlp,heuristics_fast,emphasis_optimality
lseu,separating_fast,separating_off,presolving_aggressive,default,heuristics_fast,presolving_fast,emphasis_hardlp,emphasis_feasibility,emphasis_easycip,separating_aggressive,heuristics_off,heuristics_aggressive,presolving_off,emphasis_optimality
neos-631164,separating_aggressive,presolving_fast,heuristics_aggressive,presolving_off,default,presolving_aggressive,emphasis_optimality,separating_fast,heuristics_fast,emphasis_feasibility,separating_off,emphasis_hardlp,emphasis_easycip,heuristics_off
neos-1593097,presolving_fast,separating_off,separating_fast,heuristics_aggressive,separating_aggressive,emphasis_easycip,presolving_off,presolving_aggressive,heuristics_fast,emphasis_feasibility,emphasis_hardlp,default,heuristics_off,emphasis_optimality
mining,presolving_off,separating_fast,presolving_fast,emphasis_optimality,separating_off,heuristics_fast,heuristics_aggressive,separating_aggressive,presolving_aggressive,emphasis_hardlp,heuristics_off,emphasis_easycip,default,emphasis_feasibility
lrn,separating_off,separating_fast,presolving_aggressive,presolving_fast,heuristics_off,emphasis_feasibility,presolving_off,default,separating_aggressive,heuristics_aggressive,emphasis_optimality,emphasis_hardlp,heuristics_fast,emphasis_easycip
d10200,presolving_fast,emphasis_feasibility,separating_aggressive,default,separating_fast,heuristics_aggressive,separating_off,presolving_off,presolving_aggressive,emphasis_easycip,emphasis_hardlp,heuristics_off,heuristics_fast,emphasis_optimality
neos-810286,heuristics_fast,presolving_fast,heuristics_off,emphasis_hardlp,separating_fast,presolving_off,heuristics_aggressive,emphasis_easycip,default,separating_aggressive,presolving_aggressive,separating_off,emphasis_feasibility,emphasis_optimality
neos-1429212,separating_fast,separating_off,presolving_fast,presolving_aggressive,heuristics_fast,emphasis_hardlp,separating_aggressive,presolving_off,heuristics_aggressive,emphasis_feasibility,emphasis_easycip,heuristics_off,emphasis_optimality,default
neos-935496,separating_fast,presolving_fast,emphasis_feasibility,default,separating_off,separating_aggressive,presolving_off,presolving_aggressive,emphasis_hardlp,heuristics_off,heuristics_fast,heuristics_aggressive,emphasis_optimality,emphasis_easycip
neos-881765,emphasis_feasibility,separating_aggressive,emphasis_hardlp,presolving_fast,presolving_aggressive,heuristics_aggressive,emphasis_easycip,separating_fast,heuristics_fast,separating_off,presolving_off,heuristics_off,default,emphasis_optimality
neos-905856,separating_aggressive,presolving_aggressive,separating_fast,heuristics_off,heuristics_aggressive,default,separating_off,presolving_off,emphasis_easycip,presolving_fast,heuristics_fast,emphasis_hardlp,emphasis_feasibility,emphasis_optimality
neos-598183,emphasis_feasibility,separating_fast,separating_off,presolving_fast,separating_aggressive,presolving_off,emphasis_optimality,heuristics_aggressive,heuristics_fast,default,emphasis_hardlp,emphasis_easycip,presolving_aggressive,heuristics_off
neos-583731,presolving_fast,presolving_aggressive,separating_aggressive,emphasis_easycip,default,separating_fast,presolving_off,heuristics_aggressive,emphasis_hardlp,emphasis_optimality,separating_off,heuristics_fast,heuristics_off,emphasis_feasibility
neos-960392,separating_fast,separating_off,presolving_off,presolving_fast,heuristics_aggressive,emphasis_feasibility,default,presolving_aggressive,separating_aggressive,heuristics_off,emphasis_hardlp,emphasis_easycip,heuristics_fast,emphasis_optimality
neos-937815,presolving_fast,separating_off,separating_fast,default,separating_aggressive,presolving_off,presolving_aggressive,heuristics_aggressive,emphasis_feasibility,heuristics_fast,emphasis_easycip,emphasis_optimality,emphasis_hardlp,heuristics_off
neos-807705,separating_off,emphasis_hardlp,heuristics_fast,separating_fast,emphasis_easycip,separating_aggressive,heuristics_off,presolving_aggressive,heuristics_aggressive,default,presolving_fast,emphasis_feasibility,presolving_off,emphasis_optimality
air04,separating_fast,heuristics_aggressive,emphasis_feasibility,presolving_fast,presolving_aggressive,default,separating_aggressive,presolving_off,separating_off,emphasis_hardlp,heuristics_off,heuristics_fast,emphasis_optimality,emphasis_easycip
