neos-1603518,separating_aggressive,emphasis_hardlp,default,heuristics_aggressive,presolving_fast,emphasis_feasibility,separating_fast,heuristics_fast,presolving_aggressive,heuristics_off,emphasis_optimality,presolving_off,separating_off,emphasis_easycip
dano3_5,presolving_aggressive,presolving_fast,emphasis_easycip,default,heuristics_fast,separating_off,separating_fast,emphasis_hardlp,emphasis_optimality,separating_aggressive,presolving_off,emphasis_feasibility,heuristics_aggressive,heuristics_off
neos-693347,separating_fast,emphasis_feasibility,presolving_aggressive,default,heuristics_aggressive,presolving_fast,presolving_off,emphasis_hardlp,separating_aggressive,heuristics_fast,emphasis_easycip,separating_off,heuristics_off,emphasis_optimality
neos-1439395,separating_off,separating_fast,presolving_fast,default,presolving_aggressive,separating_aggressive,emphasis_feasibility,heuristics_aggressive,emphasis_optimality,presolving_off,heuristics_fast,emphasis_hardlp,emphasis_easycip,heuristics_off
reblock354,emphasis_hardlp,separating_off,presolving_off,presolving_fast,separating_fast,default,emphasis_feasibility,heuristics_aggressive,heuristics_fast,emphasis_easycip,separating_aggressive,presolving_aggressive,emphasis_optimality,heuristics_off
neos-691058,presolving_off,separating_fast,emphasis_feasibility,presolving_aggressive,presolving_fast,separating_aggressive,separating_off,default,heuristics_aggressive,emphasis_hardlp,emphasis_optimality,emphasis_easycip,heuristics_fast,heuristics_off
iis-pima-cov,separating_off,heuristics_fast,separating_fast,presolving_off,presolving_fast,emphasis_easycip,presolving_aggressive,default,heuristics_aggressive,separating_aggressive,emphasis_feasibility,heuristics_off,emphasis_hardlp,emphasis_optimality
neos-847302,emphasis_feasibility,presolving_fast,separating_fast,heuristics_aggressive,presolving_aggressive,default,separating_aggressive,presolving_off,separating_off,emphasis_optimality,emphasis_hardlp,emphasis_easycip,heuristics_fast,heuristics_off
neos-1441553,separating_off,separating_fast,separating_aggressive,presolving_fast,presolving_off,presolving_aggressive,heuristics_fast,heuristics_aggressive,emphasis_hardlp,emphasis_feasibility,heuristics_off,emphasis_optimality,emphasis_easycip,default
neos-1437164,separating_fast,heuristics_fast,default,presolving_fast,heuristics_aggressive,separating_aggressive,presolving_aggressive,emphasis_feasibility,separating_off,emphasis_hardlp,heuristics_off,emphasis_easycip,presolving_off,emphasis_optimality
neos-955800,separating_off,emphasis_hardlp,separating_fast,presolving_fast,presolving_aggressive,separating_aggressive,heuristics_aggressive,emphasis_easycip,default,heuristics_fast,emphasis_feasibility,presolving_off,heuristics_off,emphasis_optimality
n9-3,presolving_aggressive,default,heuristics_fast,heuristics_aggressive,emphasis_hardlp,presolving_fast,separating_aggressive,presolving_off,separating_fast,emphasis_easycip,separating_off,emphasis_feasibility,heuristics_off,emphasis_optimality
neos-738098,separating_off,separating_fast,presolving_fast,presolving_aggressive,emphasis_feasibility,heuristics_aggressive,default,separating_aggressive,presolving_off,heuristics_fast,emphasis_optimality,emphasis_hardlp,emphasis_easycip,heuristics_off
neos-950242,emphasis_hardlp,separating_off,separating_fast,emphasis_easycip,presolving_fast,presolving_aggressive,separating_aggressive,heuristics_off,heuristics_fast,emphasis_feasibility,default,presolving_off,heuristics_aggressive,emphasis_optimality
neos-785914,presolving_fast,default,separating_off,presolving_aggressive,separating_fast,heuristics_off,heuristics_fast,heuristics_aggressive,presolving_off,emphasis_hardlp,emphasis_feasibility,emphasis_easycip,separating_aggressive,emphasis_optimality
manna81,presolving_fast,separating_off,separating_fast,emphasis_feasibility,default,heuristics_aggressive,presolving_aggressive,separating_aggressive,presolving_off,emphasis_hardlp,emphasis_easycip,heuristics_fast,emphasis_optimality,heuristics_off
neos-905856,separating_aggressive,emphasis_hardlp,emphasis_feasibility,separating_off,emphasis_easycip,separating_fast,heuristics_off,heuristics_fast,heuristics_aggressive,presolving_fast,presolving_aggressive,default,presolving_off,emphasis_optimality
van,separating_fast,presolving_fast,presolving_aggressive,default,separating_off,separating_aggressive,heuristics_fast,presolving_off,heuristics_aggressive,emphasis_hardlp,emphasis_optimality,emphasis_feasibility,emphasis_easycip,heuristics_off
bab5,separating_fast,presolving_fast,separating_off,separating_aggressive,presolving_aggressive,emphasis_hardlp,emphasis_feasibility,default,heuristics_fast,heuristics_aggressive,presolving_off,heuristics_off,emphasis_easycip,emphasis_optimality
ns1208400,default,emphasis_feasibility,separating_off,separating_fast,heuristics_aggressive,emphasis_hardlp,separating_aggressive,presolving_fast,heuristics_fast,presolving_off,presolving_aggressive,emphasis_easycip,heuristics_off,emphasis_optimality
neos-808214,separating_aggressive,emphasis_hardlp,separating_fast,heuristics_aggressive,presolving_fast,presolving_aggressive,emphasis_feasibility,default,heuristics_fast,emphasis_easycip,separating_off,heuristics_off,presolving_off,emphasis_optimality
khb05250,presolving_fast,default,presolving_aggressive,presolving_off,heuristics_fast,emphasis_hardlp,heuristics_aggressive,separating_aggressive,emphasis_optimality,heuristics_off,separating_fast,emphasis_easycip,separating_off,emphasis_feasibility
neos-1430701,separating_off,separating_fast,default,presolving_fast,separating_aggressive,emphasis_feasibility,presolving_aggressive,heuristics_aggressive,heuristics_fast,emphasis_optimality,presolving_off,emphasis_hardlp,emphasis_easycip,heuristics_off
neos-538916,emphasis_optimality,default,presolving_fast,presolving_aggressive,presolving_off,separating_aggressive,separating_fast,heuristics_aggressive,heuristics_off,heuristics_fast,emphasis_easycip,separating_off,emphasis_feasibility,emphasis_hardlp
neos-1593097,separating_fast,emphasis_feasibility,presolving_fast,emphasis_easycip,heuristics_fast,heuristics_aggressive,presolving_aggressive,separating_aggressive,default,emphasis_hardlp,separating_off,presolving_off,heuristics_off,emphasis_optimality
sing2,separating_fast,separating_off,presolving_aggressive,presolving_fast,separating_aggressive,presolving_off,emphasis_feasibility,default,heuristics_aggressive,heuristics_fast,emphasis_optimality,emphasis_hardlp,emphasis_easycip,heuristics_off
Test3,emphasis_feasibility,separating_off,presolving_fast,separating_fast,default,presolving_aggressive,heuristics_aggressive,separating_aggressive,presolving_off,emphasis_optimality,emphasis_hardlp,heuristics_fast,emphasis_easycip,heuristics_off
modglob,heuristics_aggressive,default,presolving_aggressive,presolving_fast,separating_aggressive,presolving_off,separating_fast,heuristics_fast,emphasis_hardlp,emphasis_optimality,emphasis_feasibility,emphasis_easycip,separating_off,heuristics_off
neos-1429212,separating_fast,presolving_fast,separating_off,heuristics_aggressive,separating_aggressive,presolving_off,presolving_aggressive,emphasis_feasibility,heuristics_fast,default,emphasis_hardlp,emphasis_optimality,emphasis_easycip,heuristics_off
egout,presolving_fast,default,presolving_aggressive,heuristics_aggressive,emphasis_hardlp,heuristics_fast,separating_aggressive,separating_fast,presolving_off,emphasis_optimality,emphasis_easycip,heuristics_off,emphasis_feasibility,separating_off
pg,separating_fast,presolving_fast,presolving_off,heuristics_fast,default,presolving_aggressive,heuristics_aggressive,separating_aggressive,emphasis_hardlp,emphasis_feasibility,emphasis_optimality,separating_off,emphasis_easycip,heuristics_off
neos-1440225,emphasis_feasibility,separating_fast,default,separating_off,heuristics_aggressive,presolving_aggressive,presolving_fast,emphasis_hardlp,separating_aggressive,presolving_off,emphasis_easycip,heuristics_fast,emphasis_optimality,heuristics_off
neos-941698,emphasis_feasibility,separating_fast,default,presolving_aggressive,heuristics_aggressive,emphasis_hardlp,presolving_fast,separating_aggressive,heuristics_fast,presolving_off,emphasis_easycip,heuristics_off,separating_off,emphasis_optimality
neos-1120495,presolving_aggressive,emphasis_easycip,presolving_fast,separating_fast,emphasis_hardlp,heuristics_off,heuristics_fast,default,emphasis_feasibility,separating_aggressive,heuristics_aggressive,emphasis_optimality,separating_off,presolving_off
sct1,emphasis_feasibility,presolving_fast,separating_off,separating_fast,default,presolving_aggressive,presolving_off,heuristics_aggressive,separating_aggressive,heuristics_fast,emphasis_hardlp,emphasis_optimality,emphasis_easycip,heuristics_off
go19,heuristics_fast,separating_off,separating_fast,presolving_aggressive,presolving_fast,default,presolving_off,heuristics_aggressive,emphasis_easycip,separating_aggressive,emphasis_feasibility,heuristics_off,emphasis_hardlp,emphasis_optimality
probportfolio,separating_off,emphasis_hardlp,emphasis_feasibility,default,presolving_off,presolving_fast,heuristics_fast,emphasis_easycip,separating_fast,heuristics_aggressive,separating_aggressive,presolving_aggressive,emphasis_optimality,heuristics_off
stein27,heuristics_fast,separating_off,presolving_off,separating_fast,presolving_fast,emphasis_hardlp,emphasis_easycip,default,presolving_aggressive,separating_aggressive,heuristics_aggressive,heuristics_off,emphasis_feasibility,emphasis_optimality
neos-1489999,separating_aggressive,presolving_fast,presolving_aggressive,default,separating_fast,separating_off,heuristics_fast,heuristics_aggressive,emphasis_feasibility,emphasis_easycip,presolving_off,heuristics_off,emphasis_hardlp,emphasis_optimality
neos-799838,presolving_fast,separating_fast,heuristics_aggressive,emphasis_feasibility,separating_off,default,separating_aggressive,presolving_aggressive,presolving_off,emphasis_hardlp,emphasis_easycip,heuristics_off,heuristics_fast,emphasis_optimality
neos-1346382,presolving_off,separating_off,separating_fast,presolving_fast,emphasis_feasibility,default,separating_aggressive,heuristics_aggressive,presolving_aggressive,emphasis_optimality,emphasis_hardlp,heuristics_fast,emphasis_easycip,heuristics_off
neos-551991,separating_aggressive,heuristics_aggressive,emphasis_feasibility,default,emphasis_hardlp,presolving_off,presolving_fast,presolving_aggressive,separating_fast,separating_off,emphasis_optimality,heuristics_fast,emphasis_easycip,heuristics_off
neos-480878,presolving_fast,presolving_off,default,presolving_aggressive,heuristics_fast,heuristics_aggressive,separating_aggressive,emphasis_hardlp,separating_fast,emphasis_optimality,heuristics_off,emphasis_easycip,emphasis_feasibility,separating_off
neos-912023,emphasis_hardlp,separating_off,separating_aggressive,presolving_fast,emphasis_feasibility,emphasis_easycip,heuristics_fast,separating_fast,default,presolving_aggressive,heuristics_aggressive,presolving_off,heuristics_off,emphasis_optimality
neos-941313,presolving_aggressive,emphasis_feasibility,separating_fast,presolving_fast,heuristics_aggressive,default,separating_off,heuristics_fast,separating_aggressive,presolving_off,emphasis_hardlp,emphasis_easycip,heuristics_off,emphasis_optimality
neos-933638,separating_off,separating_fast,default,presolving_fast,separating_aggressive,presolving_off,presolving_aggressive,heuristics_aggressive,emphasis_feasibility,emphasis_hardlp,emphasis_easycip,emphasis_optimality,heuristics_fast,heuristics_off
pigeon-12,separating_fast,presolving_aggressive,emphasis_easycip,separating_off,separating_aggressive,emphasis_hardlp,emphasis_feasibility,emphasis_optimality,presolving_off,heuristics_aggressive,default,presolving_fast,heuristics_fast,heuristics_off
siena1,presolving_aggressive,separating_fast,presolving_fast,default,separating_off,emphasis_feasibility,heuristics_aggressive,separating_aggressive,presolving_off,heuristics_fast,emphasis_optimality,emphasis_easycip,emphasis_hardlp,heuristics_off
neos-1112787,separating_fast,presolving_fast,heuristics_fast,separating_off,default,presolving_aggressive,emphasis_optimality,separating_aggressive,emphasis_easycip,emphasis_feasibility,heuristics_aggressive,heuristics_off,emphasis_hardlp,presolving_off
ns903616,separating_off,separating_fast,separating_aggressive,presolving_off,presolving_fast,presolving_aggressive,heuristics_off,heuristics_fast,heuristics_aggressive,emphasis_feasibility,emphasis_optimality,emphasis_hardlp,emphasis_easycip,default
neos-1440460,separating_off,separating_fast,presolving_fast,default,presolving_aggressive,separating_aggressive,emphasis_feasibility,heuristics_aggressive,emphasis_optimality,presolving_off,heuristics_fast,emphasis_hardlp,emphasis_easycip,heuristics_off
neos-1061020,presolving_fast,presolving_aggressive,separating_off,separating_fast,heuristics_aggressive,presolving_off,emphasis_hardlp,emphasis_feasibility,default,separating_aggressive,heuristics_fast,emphasis_optimality,heuristics_off,emphasis_easycip
splan1,separating_off,separating_fast,presolving_off,presolving_fast,presolving_aggressive,separating_aggressive,heuristics_off,heuristics_fast,heuristics_aggressive,emphasis_feasibility,emphasis_optimality,emphasis_hardlp,emphasis_easycip,default
opm2-z7-s2,emphasis_hardlp,separating_off,presolving_off,presolving_fast,separating_fast,emphasis_feasibility,default,heuristics_aggressive,heuristics_fast,emphasis_easycip,separating_aggressive,presolving_aggressive,emphasis_optimality,heuristics_off
set3-15,default,separating_aggressive,presolving_fast,presolving_aggressive,heuristics_aggressive,separating_fast,presolving_off,emphasis_optimality,heuristics_fast,emphasis_hardlp,emphasis_easycip,emphasis_feasibility,separating_off,heuristics_off
ic97_potential,separating_fast,separating_off,presolving_fast,emphasis_feasibility,default,presolving_aggressive,presolving_off,heuristics_aggressive,separating_aggressive,heuristics_fast,emphasis_hardlp,emphasis_optimality,emphasis_easycip,heuristics_off
neos-935769,separating_off,presolving_fast,separating_fast,presolving_off,default,separating_aggressive,presolving_aggressive,emphasis_feasibility,heuristics_aggressive,emphasis_easycip,emphasis_hardlp,emphasis_optimality,heuristics_fast,heuristics_off
ns1456591,presolving_fast,default,presolving_aggressive,heuristics_fast,presolving_off,heuristics_aggressive,separating_aggressive,emphasis_hardlp,emphasis_optimality,heuristics_off,separating_fast,emphasis_easycip,separating_off,emphasis_feasibility
air03,separating_fast,default,presolving_aggressive,heuristics_aggressive,separating_off,presolving_fast,presolving_off,emphasis_feasibility,separating_aggressive,emphasis_hardlp,heuristics_fast,emphasis_easycip,emphasis_optimality,heuristics_off
lseu,separating_fast,emphasis_feasibility,default,emphasis_hardlp,emphasis_easycip,presolving_aggressive,heuristics_fast,presolving_fast,presolving_off,heuristics_aggressive,separating_aggressive,separating_off,emphasis_optimality,heuristics_off
gesa3_o,separating_fast,presolving_fast,default,separating_aggressive,emphasis_easycip,emphasis_optimality,separating_off,emphasis_hardlp,presolving_aggressive,presolving_off,heuristics_fast,heuristics_aggressive,heuristics_off,emphasis_feasibility
