neos12,separating_off,separating_aggressive,presolving_fast,separating_fast,default,heuristics_aggressive,presolving_aggressive,emphasis_feasibility,presolving_off,heuristics_fast,emphasis_hardlp,emphasis_easycip,emphasis_optimality,heuristics_off
mod011,presolving_fast,default,separating_fast,presolving_aggressive,heuristics_aggressive,separating_off,presolving_off,heuristics_fast,separating_aggressive,emphasis_feasibility,emphasis_hardlp,emphasis_easycip,emphasis_optimality,heuristics_off
neos-584866,separating_off,separating_fast,presolving_fast,emphasis_feasibility,emphasis_hardlp,default,presolving_off,heuristics_aggressive,separating_aggressive,heuristics_fast,emphasis_easycip,presolving_aggressive,emphasis_optimality,heuristics_off
neos-1330635,presolving_fast,separating_fast,separating_off,default,separating_aggressive,presolving_aggressive,presolving_off,heuristics_aggressive,emphasis_hardlp,emphasis_feasibility,emphasis_optimality,emphasis_easycip,heuristics_fast,heuristics_off
glass4,separating_fast,presolving_fast,emphasis_easycip,separating_off,presolving_aggressive,default,presolving_off,heuristics_fast,emphasis_feasibility,emphasis_hardlp,separating_aggressive,heuristics_aggressive,emphasis_optimality,heuristics_off
neos-582605,presolving_fast,presolving_aggressive,default,separating_aggressive,separating_fast,heuristics_aggressive,separating_off,presolving_off,emphasis_hardlp,emphasis_feasibility,heuristics_fast,emphasis_easycip,emphasis_optimality,heuristics_off
bg512142,default,presolving_fast,presolving_aggressive,separating_fast,separating_aggressive,presolving_off,heuristics_aggressive,emphasis_hardlp,emphasis_easycip,heuristics_fast,emphasis_optimality,separating_off,heuristics_off,emphasis_feasibility
tanglegram2,presolving_aggressive,heuristics_fast,separating_fast,default,heuristics_aggressive,presolving_fast,emphasis_easycip,presolving_off,separating_aggressive,separating_off,emphasis_feasibility,emphasis_hardlp,emphasis_optimality,heuristics_off
neos-785914,separating_off,emphasis_hardlp,default,heuristics_fast,presolving_fast,presolving_aggressive,heuristics_off,separating_fast,emphasis_easycip,emphasis_feasibility,heuristics_aggressive,presolving_off,separating_aggressive,emphasis_optimality
ns894786,emphasis_feasibility,separating_off,separating_fast,heuristics_aggressive,default,presolving_fast,presolving_aggressive,separating_aggressive,presolving_off,emphasis_hardlp,emphasis_easycip,emphasis_optimality,heuristics_fast,heuristics_off
air05,separating_fast,heuristics_aggressive,emphasis_feasibility,separating_off,default,presolving_aggressive,separating_aggressive,emphasis_hardlp,heuristics_fast,presolving_fast,emphasis_easycip,presolving_off,emphasis_optimality,heuristics_off
unitcal_7,separating_fast,separating_off,presolving_fast,default,presolving_aggressive,emphasis_feasibility,separating_aggressive,presolving_off,heuristics_aggressive,emphasis_optimality,emphasis_hardlp,emphasis_easycip,heuristics_fast,heuristics_off
usAbbrv-8-25_70,emphasis_feasibility,default,presolving_aggressive,presolving_fast,separating_off,separating_aggressive,separating_fast,heuristics_aggressive,presolving_off,emphasis_easycip,emphasis_optimality,emphasis_hardlp,heuristics_fast,heuristics_off
neos-1058477,presolving_aggressive,separating_aggressive,presolving_off,default,separating_fast,emphasis_hardlp,presolving_fast,emphasis_feasibility,heuristics_aggressive,heuristics_fast,emphasis_optimality,emphasis_easycip,separating_off,heuristics_off
go19,heuristics_fast,separating_off,presolving_fast,presolving_off,emphasis_easycip,default,separating_fast,presolving_aggressive,heuristics_aggressive,separating_aggressive,emphasis_hardlp,emphasis_feasibility,heuristics_off,emphasis_optimality
10teams,separating_fast,default,emphasis_hardlp,presolving_aggressive,presolving_fast,heuristics_aggressive,emphasis_feasibility,separating_aggressive,separating_off,heuristics_fast,presolving_off,emphasis_easycip,heuristics_off,emphasis_optimality
neos-565815,presolving_fast,default,separating_fast,emphasis_hardlp,emphasis_feasibility,separating_off,presolving_aggressive,presolving_off,heuristics_aggressive,emphasis_easycip,heuristics_fast,separating_aggressive,heuristics_off,emphasis_optimality
rentacar,presolving_fast,default,presolving_off,presolving_aggressive,emphasis_hardlp,separating_fast,heuristics_fast,separating_aggressive,separating_off,heuristics_aggressive,emphasis_easycip,emphasis_optimality,emphasis_feasibility,heuristics_off
opm2-z12-s7,presolving_fast,emphasis_hardlp,emphasis_easycip,default,heuristics_aggressive,separating_off,heuristics_fast,presolving_off,emphasis_feasibility,separating_fast,emphasis_optimality,separating_aggressive,presolving_aggressive,heuristics_off
neos-1439395,separating_off,separating_fast,presolving_fast,presolving_aggressive,emphasis_feasibility,separating_aggressive,heuristics_fast,default,presolving_off,emphasis_easycip,emphasis_optimality,emphasis_hardlp,heuristics_aggressive,heuristics_off
ns25-pr9,presolving_fast,emphasis_easycip,default,heuristics_fast,presolving_aggressive,emphasis_hardlp,presolving_off,heuristics_aggressive,separating_off,separating_aggressive,emphasis_optimality,separating_fast,emphasis_feasibility,heuristics_off
ns2122603,presolving_off,presolving_fast,default,separating_fast,separating_off,separating_aggressive,presolving_aggressive,emphasis_hardlp,emphasis_feasibility,heuristics_aggressive,emphasis_easycip,heuristics_fast,emphasis_optimality,heuristics_off
neos-911880,separating_aggressive,heuristics_aggressive,default,presolving_aggressive,emphasis_optimality,presolving_fast,presolving_off,heuristics_fast,separating_fast,emphasis_hardlp,emphasis_feasibility,separating_off,heuristics_off,emphasis_easycip
tr12-30,presolving_fast,default,presolving_aggressive,heuristics_aggressive,presolving_off,separating_aggressive,separating_fast,emphasis_hardlp,heuristics_fast,emphasis_optimality,emphasis_easycip,emphasis_feasibility,heuristics_off,separating_off
neos-538867,presolving_aggressive,emphasis_hardlp,presolving_fast,emphasis_feasibility,separating_fast,heuristics_fast,default,separating_aggressive,emphasis_easycip,heuristics_aggressive,separating_off,presolving_off,heuristics_off,emphasis_optimality
neos-1200887,separating_off,separating_fast,heuristics_fast,default,presolving_fast,presolving_aggressive,emphasis_feasibility,emphasis_easycip,separating_aggressive,heuristics_off,emphasis_hardlp,heuristics_aggressive,emphasis_optimality,presolving_off
t1722,emphasis_feasibility,separating_fast,default,separating_off,presolving_aggressive,presolving_fast,emphasis_hardlp,separating_aggressive,heuristics_aggressive,presolving_off,emphasis_easycip,heuristics_fast,emphasis_optimality,heuristics_off
mzzv42z,emphasis_feasibility,heuristics_aggressive,default,separating_off,separating_fast,presolving_fast,separating_aggressive,presolving_aggressive,presolving_off,heuristics_fast,emphasis_easycip,emphasis_hardlp,heuristics_off,emphasis_optimality
lectsched-4-obj,emphasis_feasibility,separating_off,presolving_fast,separating_fast,separating_aggressive,heuristics_aggressive,presolving_aggressive,default,presolving_off,emphasis_hardlp,emphasis_easycip,emphasis_optimality,heuristics_fast,heuristics_off
rmatr200-p5,presolving_off,heuristics_aggressive,emphasis_feasibility,emphasis_hardlp,emphasis_easycip,heuristics_fast,presolving_fast,separating_off,default,separating_fast,presolving_aggressive,emphasis_optimality,separating_aggressive,heuristics_off
neos-538916,presolving_aggressive,emphasis_hardlp,presolving_fast,separating_fast,emphasis_easycip,emphasis_feasibility,heuristics_fast,default,separating_aggressive,heuristics_aggressive,separating_off,heuristics_off,presolving_off,emphasis_optimality
neos-1173026,presolving_aggressive,presolving_off,separating_aggressive,emphasis_hardlp,default,emphasis_feasibility,separating_off,separating_fast,presolving_fast,heuristics_fast,heuristics_aggressive,emphasis_optimality,emphasis_easycip,heuristics_off
disctom,default,separating_fast,heuristics_aggressive,emphasis_feasibility,presolving_fast,separating_off,presolving_aggressive,separating_aggressive,presolving_off,emphasis_hardlp,heuristics_fast,emphasis_easycip,emphasis_optimality,heuristics_off
transportmoment,separating_fast,default,separating_off,separating_aggressive,presolving_off,presolving_aggressive,emphasis_feasibility,heuristics_aggressive,presolving_fast,emphasis_optimality,emphasis_hardlp,emphasis_easycip,heuristics_fast,heuristics_off
neos-548047,separating_aggressive,emphasis_hardlp,heuristics_aggressive,emphasis_feasibility,default,presolving_fast,heuristics_fast,separating_fast,emphasis_easycip,presolving_aggressive,emphasis_optimality,separating_off,presolving_off,heuristics_off
rococoC11-011100,default,emphasis_feasibility,separating_fast,presolving_aggressive,heuristics_aggressive,separating_off,presolving_fast,separating_aggressive,heuristics_fast,emphasis_hardlp,presolving_off,emphasis_easycip,emphasis_optimality,heuristics_off
ger50_17_trans,presolving_aggressive,default,presolving_off,presolving_fast,heuristics_fast,heuristics_aggressive,separating_fast,emphasis_hardlp,emphasis_easycip,separating_off,emphasis_feasibility,separating_aggressive,emphasis_optimality,heuristics_off
neos-941262,separating_off,presolving_fast,presolving_aggressive,separating_aggressive,presolving_off,separating_fast,default,heuristics_aggressive,emphasis_feasibility,emphasis_easycip,emphasis_hardlp,emphasis_optimality,heuristics_fast,heuristics_off
neos-1429461,separating_off,separating_fast,presolving_fast,presolving_aggressive,separating_aggressive,presolving_off,default,emphasis_optimality,heuristics_fast,emphasis_feasibility,heuristics_aggressive,emphasis_hardlp,emphasis_easycip,heuristics_off
neos-611135,presolving_fast,separating_fast,emphasis_hardlp,emphasis_feasibility,default,presolving_aggressive,heuristics_aggressive,presolving_off,separating_off,separating_aggressive,emphasis_easycip,heuristics_fast,emphasis_optimality,heuristics_off
rmine14,presolving_off,emphasis_hardlp,presolving_fast,emphasis_easycip,default,heuristics_aggressive,separating_off,separating_fast,emphasis_feasibility,heuristics_fast,emphasis_optimality,separating_aggressive,heuristics_off,presolving_aggressive
qiu,presolving_fast,default,presolving_aggressive,separating_aggressive,emphasis_hardlp,heuristics_fast,heuristics_aggressive,separating_fast,emphasis_easycip,separating_off,presolving_off,emphasis_feasibility,emphasis_optimality,heuristics_off
neos-960392,separating_off,presolving_fast,emphasis_feasibility,separating_fast,heuristics_aggressive,default,presolving_off,presolving_aggressive,emphasis_hardlp,separating_aggressive,emphasis_optimality,emphasis_easycip,heuristics_fast,heuristics_off
toll-like,default,presolving_aggressive,presolving_off,heuristics_aggressive,separating_aggressive,presolving_fast,heuristics_fast,separating_fast,emphasis_feasibility,emphasis_easycip,separating_off,emphasis_optimality,emphasis_hardlp,heuristics_off
ex9,separating_off,separating_fast,default,heuristics_off,emphasis_hardlp,emphasis_easycip,heuristics_fast,heuristics_aggressive,emphasis_optimality,emphasis_feasibility,presolving_off,presolving_fast,presolving_aggressive,separating_aggressive
neos-595904,separating_fast,emphasis_feasibility,presolving_fast,separating_off,presolving_aggressive,default,heuristics_aggressive,separating_aggressive,presolving_off,emphasis_hardlp,heuristics_fast,emphasis_optimality,emphasis_easycip,heuristics_off
stein45,separating_fast,presolving_fast,emphasis_easycip,separating_off,presolving_aggressive,heuristics_fast,default,emphasis_hardlp,presolving_off,separating_aggressive,heuristics_off,heuristics_aggressive,emphasis_feasibility,emphasis_optimality
neos-826224,separating_off,heuristics_aggressive,presolving_fast,emphasis_feasibility,separating_fast,default,presolving_aggressive,emphasis_hardlp,emphasis_easycip,presolving_off,heuristics_fast,separating_aggressive,emphasis_optimality,heuristics_off
atm20-100,separating_fast,presolving_fast,presolving_aggressive,emphasis_feasibility,separating_off,heuristics_aggressive,default,separating_aggressive,presolving_off,emphasis_hardlp,heuristics_fast,emphasis_optimality,emphasis_easycip,heuristics_off
neos-504674,separating_aggressive,emphasis_easycip,separating_fast,presolving_aggressive,heuristics_fast,default,emphasis_hardlp,heuristics_off,heuristics_aggressive,presolving_fast,separating_off,presolving_off,emphasis_feasibility,emphasis_optimality
p0548,presolving_fast,separating_fast,emphasis_hardlp,default,presolving_aggressive,emphasis_easycip,presolving_off,heuristics_fast,heuristics_aggressive,emphasis_feasibility,separating_aggressive,separating_off,emphasis_optimality,heuristics_off
bienst2,separating_off,emphasis_hardlp,heuristics_fast,emphasis_feasibility,presolving_fast,default,presolving_aggressive,heuristics_off,emphasis_optimality,separating_aggressive,heuristics_aggressive,separating_fast,emphasis_easycip,presolving_off
reblock420,emphasis_hardlp,presolving_fast,separating_off,presolving_off,separating_fast,default,heuristics_aggressive,emphasis_feasibility,separating_aggressive,heuristics_fast,emphasis_easycip,emphasis_optimality,heuristics_off,presolving_aggressive
cov1075,separating_off,presolving_off,emphasis_easycip,heuristics_fast,separating_fast,presolving_fast,default,presolving_aggressive,separating_aggressive,heuristics_aggressive,emphasis_hardlp,heuristics_off,emphasis_feasibility,emphasis_optimality
sp98ar,presolving_fast,presolving_aggressive,separating_off,separating_fast,default,presolving_off,heuristics_aggressive,emphasis_feasibility,separating_aggressive,emphasis_hardlp,emphasis_easycip,heuristics_fast,emphasis_optimality,heuristics_off
neos-885524,separating_off,separating_fast,presolving_off,default,emphasis_easycip,presolving_fast,presolving_aggressive,heuristics_aggressive,heuristics_fast,emphasis_hardlp,emphasis_feasibility,separating_aggressive,emphasis_optimality,heuristics_off
rocII-7-11,emphasis_feasibility,separating_fast,separating_off,heuristics_aggressive,presolving_fast,default,presolving_aggressive,separating_aggressive,emphasis_hardlp,presolving_off,heuristics_fast,emphasis_easycip,heuristics_off,emphasis_optimality
stp3d,presolving_fast,default,separating_off,separating_fast,emphasis_feasibility,presolving_off,heuristics_aggressive,emphasis_hardlp,emphasis_easycip,heuristics_fast,presolving_aggressive,emphasis_optimality,separating_aggressive,heuristics_off
biella1,presolving_fast,presolving_aggressive,separating_fast,presolving_off,default,separating_off,separating_aggressive,emphasis_feasibility,heuristics_aggressive,emphasis_optimality,emphasis_easycip,heuristics_fast,emphasis_hardlp,heuristics_off
aflow40b,separating_fast,heuristics_aggressive,presolving_fast,emphasis_feasibility,default,separating_off,presolving_aggressive,separating_aggressive,emphasis_hardlp,presolving_off,heuristics_fast,emphasis_easycip,emphasis_optimality,heuristics_off
map18,default,presolving_aggressive,separating_fast,separating_off,presolving_fast,separating_aggressive,heuristics_aggressive,emphasis_feasibility,heuristics_fast,emphasis_easycip,emphasis_hardlp,presolving_off,emphasis_optimality,heuristics_off
