neos-631784,presolving_fast,separating_off,separating_fast,separating_aggressive,presolving_aggressive,emphasis_feasibility,heuristics_aggressive,default,presolving_off,heuristics_fast,emphasis_hardlp,emphasis_easycip,heuristics_off,emphasis_optimality
sing161,separating_off,separating_fast,separating_aggressive,presolving_off,presolving_fast,presolving_aggressive,heuristics_fast,heuristics_aggressive,emphasis_optimality,heuristics_off,emphasis_hardlp,emphasis_feasibility,emphasis_easycip,default
sp98ar,presolving_off,presolving_fast,separating_fast,default,separating_aggressive,separating_off,presolving_aggressive,heuristics_fast,heuristics_aggressive,emphasis_optimality,emphasis_hardlp,emphasis_feasibility,emphasis_easycip,heuristics_off
rococoC11-011100,presolving_fast,presolving_aggressive,heuristics_aggressive,separating_fast,separating_aggressive,default,separating_off,emphasis_optimality,emphasis_hardlp,emphasis_feasibility,heuristics_fast,emphasis_easycip,presolving_off,heuristics_off
rmatr100-p10,presolving_off,emphasis_hardlp,emphasis_feasibility,presolving_fast,separating_off,separating_fast,heuristics_aggressive,emphasis_easycip,default,separating_aggressive,presolving_aggressive,heuristics_fast,emphasis_optimality,heuristics_off
net12,separating_off,separating_fast,presolving_off,separating_aggressive,presolving_fast,emphasis_feasibility,heuristics_aggressive,presolving_aggressive,emphasis_hardlp,heuristics_off,heuristics_fast,emphasis_optimality,emphasis_easycip,default
core4872-1529,separating_off,heuristics_aggressive,emphasis_feasibility,separating_fast,default,presolving_off,presolving_fast,presolving_aggressive,separating_aggressive,heuristics_fast,emphasis_optimality,emphasis_easycip,emphasis_hardlp,heuristics_off
mining,separating_off,presolving_off,presolving_fast,separating_fast,heuristics_fast,heuristics_aggressive,emphasis_hardlp,heuristics_off,presolving_aggressive,emphasis_feasibility,emphasis_optimality,separating_aggressive,emphasis_easycip,default
siena1,presolving_off,presolving_fast,presolving_aggressive,separating_fast,heuristics_aggressive,default,separating_off,emphasis_hardlp,heuristics_fast,emphasis_feasibility,separating_aggressive,emphasis_easycip,emphasis_optimality,heuristics_off
eilA101-2,separating_off,emphasis_hardlp,heuristics_off,emphasis_easycip,separating_fast,presolving_off,presolving_fast,heuristics_fast,default,presolving_aggressive,heuristics_aggressive,emphasis_optimality,separating_aggressive,emphasis_feasibility
a1c1s1,emphasis_hardlp,presolving_fast,separating_fast,presolving_aggressive,default,separating_off,presolving_off,emphasis_easycip,separating_aggressive,heuristics_fast,heuristics_aggressive,emphasis_optimality,emphasis_feasibility,heuristics_off
neos-1460641,emphasis_feasibility,presolving_fast,heuristics_aggressive,presolving_off,presolving_aggressive,separating_fast,separating_aggressive,default,separating_off,heuristics_fast,emphasis_optimality,emphasis_hardlp,emphasis_easycip,heuristics_off
triptim1,separating_off,separating_fast,presolving_off,separating_aggressive,presolving_fast,presolving_aggressive,heuristics_off,heuristics_fast,heuristics_aggressive,emphasis_hardlp,emphasis_optimality,emphasis_feasibility,emphasis_easycip,default
neos-941717,separating_aggressive,separating_fast,default,presolving_fast,presolving_aggressive,heuristics_aggressive,emphasis_feasibility,separating_off,presolving_off,heuristics_fast,emphasis_hardlp,heuristics_off,emphasis_optimality,emphasis_easycip
neos-856059,separating_off,presolving_off,presolving_fast,default,separating_fast,heuristics_fast,separating_aggressive,heuristics_aggressive,emphasis_easycip,presolving_aggressive,emphasis_hardlp,heuristics_off,emphasis_feasibility,emphasis_optimality
ns894786,separating_off,separating_fast,separating_aggressive,emphasis_feasibility,presolving_off,presolving_fast,presolving_aggressive,heuristics_off,heuristics_fast,heuristics_aggressive,default,emphasis_optimality,emphasis_hardlp,emphasis_easycip
csched010,presolving_aggressive,separating_fast,separating_off,default,emphasis_easycip,separating_aggressive,presolving_fast,heuristics_aggressive,presolving_off,heuristics_off,heuristics_fast,emphasis_hardlp,emphasis_feasibility,emphasis_optimality
mkc1,separating_off,presolving_fast,separating_fast,presolving_off,heuristics_aggressive,presolving_aggressive,emphasis_easycip,default,emphasis_hardlp,heuristics_fast,separating_aggressive,emphasis_feasibility,emphasis_optimality,heuristics_off
neos-1430701,separating_off,separating_fast,presolving_fast,emphasis_feasibility,default,presolving_aggressive,separating_aggressive,heuristics_aggressive,presolving_off,emphasis_hardlp,emphasis_easycip,heuristics_fast,emphasis_optimality,heuristics_off
neos-1436713,separating_off,separating_fast,presolving_fast,emphasis_feasibility,default,separating_aggressive,presolving_aggressive,presolving_off,heuristics_aggressive,emphasis_optimality,emphasis_hardlp,heuristics_fast,emphasis_easycip,heuristics_off
rail02,separating_off,separating_fast,presolving_fast,separating_aggressive,presolving_aggressive,heuristics_aggressive,emphasis_feasibility,presolving_off,heuristics_off,heuristics_fast,emphasis_optimality,default,emphasis_hardlp,emphasis_easycip
pk1,default,presolving_aggressive,presolving_fast,emphasis_hardlp,separating_aggressive,heuristics_fast,separating_fast,heuristics_aggressive,emphasis_feasibility,emphasis_easycip,separating_off,heuristics_off,emphasis_optimality,presolving_off
neos-1445755,separating_off,separating_fast,emphasis_feasibility,heuristics_fast,default,separating_aggressive,heuristics_aggressive,heuristics_off,emphasis_optimality,presolving_off,presolving_fast,emphasis_hardlp,emphasis_easycip,presolving_aggressive
neos-826650,separating_off,heuristics_aggressive,separating_fast,emphasis_feasibility,presolving_fast,presolving_aggressive,default,separating_aggressive,presolving_off,emphasis_hardlp,emphasis_easycip,heuristics_fast,emphasis_optimality,heuristics_off
bley_xl1,separating_off,separating_fast,separating_aggressive,emphasis_feasibility,heuristics_off,heuristics_fast,emphasis_optimality,heuristics_aggressive,default,presolving_aggressive,presolving_fast,presolving_off,emphasis_hardlp,emphasis_easycip
neos-1171737,separating_off,presolving_off,separating_fast,presolving_fast,presolving_aggressive,emphasis_feasibility,default,separating_aggressive,heuristics_aggressive,emphasis_hardlp,emphasis_easycip,emphasis_optimality,heuristics_fast,heuristics_off
dsbmip,separating_off,separating_fast,presolving_fast,default,presolving_aggressive,presolving_off,heuristics_aggressive,separating_aggressive,heuristics_fast,emphasis_optimality,emphasis_hardlp,emphasis_feasibility,emphasis_easycip,heuristics_off
neos-1441553,separating_off,separating_fast,separating_aggressive,presolving_fast,heuristics_fast,heuristics_aggressive,presolving_aggressive,emphasis_optimality,emphasis_hardlp,heuristics_off,emphasis_feasibility,presolving_off,emphasis_easycip,default
neos-1593097,emphasis_feasibility,separating_off,separating_fast,presolving_off,presolving_fast,separating_aggressive,heuristics_aggressive,presolving_aggressive,default,heuristics_off,heuristics_fast,emphasis_optimality,emphasis_hardlp,emphasis_easycip
neos-1337489,separating_off,separating_fast,default,emphasis_feasibility,presolving_fast,presolving_aggressive,heuristics_aggressive,separating_aggressive,emphasis_hardlp,heuristics_fast,emphasis_easycip,presolving_off,emphasis_optimality,heuristics_off
neos13,separating_off,separating_fast,presolving_off,emphasis_feasibility,presolving_fast,separating_aggressive,heuristics_fast,heuristics_aggressive,emphasis_hardlp,presolving_aggressive,emphasis_optimality,emphasis_easycip,default,heuristics_off
10teams,presolving_fast,emphasis_hardlp,separating_fast,default,presolving_aggressive,emphasis_feasibility,presolving_off,heuristics_aggressive,separating_aggressive,heuristics_fast,separating_off,heuristics_off,emphasis_easycip,emphasis_optimality
van,presolving_fast,separating_fast,separating_aggressive,presolving_aggressive,separating_off,emphasis_feasibility,emphasis_hardlp,default,presolving_off,emphasis_easycip,heuristics_fast,heuristics_aggressive,emphasis_optimality,heuristics_off
modglob,presolving_fast,default,presolving_aggressive,separating_aggressive,emphasis_hardlp,separating_fast,presolving_off,heuristics_aggressive,emphasis_easycip,separating_off,heuristics_fast,emphasis_optimality,emphasis_feasibility,heuristics_off
gmu-35-40,emphasis_feasibility,separating_fast,default,heuristics_aggressive,presolving_aggressive,presolving_fast,separating_off,presolving_off,emphasis_easycip,heuristics_fast,separating_aggressive,emphasis_hardlp,heuristics_off,emphasis_optimality
vpm2,default,presolving_aggressive,emphasis_hardlp,separating_aggressive,presolving_fast,separating_fast,heuristics_fast,emphasis_feasibility,emphasis_easycip,separating_off,heuristics_aggressive,emphasis_optimality,presolving_off,heuristics_off
neos-932721,presolving_fast,emphasis_feasibility,separating_fast,separating_aggressive,presolving_aggressive,default,heuristics_aggressive,separating_off,presolving_off,heuristics_fast,emphasis_optimality,emphasis_hardlp,heuristics_off,emphasis_easycip
timtab2,presolving_aggressive,default,separating_aggressive,heuristics_fast,heuristics_aggressive,separating_fast,heuristics_off,separating_off,presolving_fast,emphasis_easycip,presolving_off,emphasis_optimality,emphasis_hardlp,emphasis_feasibility
neos-1437164,presolving_fast,heuristics_aggressive,separating_fast,presolving_aggressive,separating_off,heuristics_fast,separating_aggressive,emphasis_feasibility,emphasis_optimality,emphasis_hardlp,emphasis_easycip,default,presolving_off,heuristics_off
opm2-z10-s2,separating_off,presolving_off,presolving_fast,separating_fast,separating_aggressive,emphasis_hardlp,presolving_aggressive,default,heuristics_aggressive,emphasis_easycip,heuristics_fast,emphasis_feasibility,heuristics_off,emphasis_optimality
ns1856153,emphasis_feasibility,separating_off,presolving_fast,separating_fast,separating_aggressive,presolving_off,heuristics_aggressive,presolving_aggressive,heuristics_off,emphasis_hardlp,heuristics_fast,emphasis_optimality,emphasis_easycip,default
neos-525149,presolving_aggressive,emphasis_feasibility,default,separating_fast,separating_aggressive,heuristics_aggressive,presolving_fast,emphasis_hardlp,emphasis_easycip,separating_off,heuristics_fast,presolving_off,heuristics_off,emphasis_optimality
sct5,presolving_fast,separating_off,separating_fast,presolving_off,separating_aggressive,heuristics_aggressive,presolving_aggressive,heuristics_off,heuristics_fast,emphasis_optimality,emphasis_hardlp,emphasis_feasibility,emphasis_easycip,default
neos-955215,presolving_fast,presolving_aggressive,default,separating_aggressive,separating_fast,heuristics_aggressive,presolving_off,emphasis_hardlp,emphasis_optimality,emphasis_easycip,separating_off,heuristics_fast,emphasis_feasibility,heuristics_off
neos-1429212,separating_off,presolving_fast,separating_fast,presolving_aggressive,emphasis_hardlp,heuristics_fast,separating_aggressive,heuristics_aggressive,emphasis_feasibility,emphasis_easycip,default,presolving_off,emphasis_optimality,heuristics_off
map18,separating_off,separating_fast,separating_aggressive,emphasis_feasibility,default,presolving_aggressive,presolving_fast,heuristics_aggressive,heuristics_fast,emphasis_hardlp,presolving_off,emphasis_easycip,emphasis_optimality,heuristics_off
opm2-z12-s7,separating_off,presolving_off,presolving_fast,separating_fast,separating_aggressive,emphasis_hardlp,presolving_aggressive,heuristics_aggressive,emphasis_easycip,default,heuristics_fast,emphasis_feasibility,heuristics_off,emphasis_optimality
iis-pima-cov,separating_off,presolving_off,presolving_fast,heuristics_fast,separating_fast,default,heuristics_aggressive,emphasis_easycip,presolving_aggressive,emphasis_hardlp,emphasis_feasibility,separating_aggressive,heuristics_off,emphasis_optimality
ivu06-big,separating_off,heuristics_off,separating_fast,separating_aggressive,presolving_off,presolving_aggressive,presolving_fast,emphasis_hardlp,heuristics_fast,heuristics_aggressive,emphasis_optimality,default,emphasis_easycip,emphasis_feasibility
pigeon-19,separating_off,separating_fast,presolving_fast,presolving_aggressive,emphasis_hardlp,emphasis_feasibility,separating_aggressive,presolving_off,heuristics_aggressive,emphasis_easycip,default,heuristics_fast,heuristics_off,emphasis_optimality
neos-1053591,presolving_fast,default,presolving_off,presolving_aggressive,separating_fast,emphasis_hardlp,separating_off,separating_aggressive,heuristics_fast,emphasis_easycip,heuristics_aggressive,emphasis_feasibility,emphasis_optimality,heuristics_off
markshare2,separating_fast,separating_aggressive,separating_off,presolving_off,presolving_fast,presolving_aggressive,heuristics_off,heuristics_fast,heuristics_aggressive,emphasis_optimality,emphasis_feasibility,emphasis_hardlp,emphasis_easycip,default
neos-555001,separating_off,separating_fast,presolving_fast,separating_aggressive,heuristics_fast,emphasis_hardlp,presolving_aggressive,emphasis_feasibility,default,heuristics_aggressive,emphasis_easycip,presolving_off,heuristics_off,emphasis_optimality
neos-501453,separating_fast,separating_off,heuristics_fast,default,heuristics_off,separating_aggressive,emphasis_optimality,presolving_aggressive,emphasis_feasibility,heuristics_aggressive,emphasis_hardlp,presolving_fast,emphasis_easycip,presolving_off
eilB101,default,separating_fast,emphasis_hardlp,separating_off,emphasis_easycip,heuristics_fast,presolving_aggressive,heuristics_off,emphasis_feasibility,presolving_fast,heuristics_aggressive,presolving_off,separating_aggressive,emphasis_optimality
lectsched-1-obj,separating_off,presolving_aggressive,heuristics_aggressive,emphasis_feasibility,separating_fast,separating_aggressive,presolving_fast,default,heuristics_off,emphasis_optimality,presolving_off,heuristics_fast,emphasis_easycip,emphasis_hardlp
lectsched-4-obj,presolving_aggressive,heuristics_aggressive,separating_off,emphasis_feasibility,default,separating_fast,separating_aggressive,presolving_fast,heuristics_off,heuristics_fast,emphasis_optimality,emphasis_easycip,presolving_off,emphasis_hardlp
swath,separating_fast,emphasis_feasibility,presolving_aggressive,heuristics_aggressive,default,presolving_fast,separating_off,separating_aggressive,presolving_off,emphasis_optimality,emphasis_easycip,heuristics_fast,emphasis_hardlp,heuristics_off
neos-1440457,separating_off,separating_fast,presolving_fast,emphasis_feasibility,default,separating_aggressive,presolving_aggressive,presolving_off,heuristics_aggressive,emphasis_optimality,emphasis_hardlp,emphasis_easycip,heuristics_fast,heuristics_off
aflow40b,presolving_fast,default,separating_fast,presolving_aggressive,emphasis_hardlp,heuristics_aggressive,separating_aggressive,separating_off,emphasis_easycip,presolving_off,emphasis_feasibility,heuristics_fast,emphasis_optimality,heuristics_off
d10200,separating_off,separating_fast,separating_aggressive,presolving_fast,heuristics_fast,presolving_off,presolving_aggressive,heuristics_aggressive,heuristics_off,emphasis_optimality,emphasis_hardlp,default,emphasis_easycip,emphasis_feasibility
