neos-631784,separating_off,heuristics_aggressive,default,separating_aggressive,presolving_fast,emphasis_feasibility,separating_fast,presolving_aggressive,emphasis_hardlp,presolving_off,heuristics_fast,emphasis_easycip,emphasis_optimality,heuristics_off
sing161,separating_off,separating_fast,separating_aggressive,presolving_off,presolving_fast,presolving_aggressive,heuristics_off,heuristics_fast,heuristics_aggressive,emphasis_optimality,emphasis_hardlp,emphasis_feasibility,emphasis_easycip,default
sp98ar,presolving_fast,separating_off,separating_fast,presolving_aggressive,default,presolving_off,emphasis_feasibility,emphasis_hardlp,separating_aggressive,heuristics_aggressive,heuristics_fast,emphasis_easycip,heuristics_off,emphasis_optimality
rococoC11-011100,separating_fast,heuristics_aggressive,separating_off,presolving_aggressive,default,emphasis_feasibility,presolving_fast,separating_aggressive,emphasis_hardlp,emphasis_easycip,presolving_off,heuristics_fast,emphasis_optimality,heuristics_off
rmatr100-p10,separating_off,default,separating_fast,presolving_fast,presolving_aggressive,emphasis_hardlp,separating_aggressive,heuristics_aggressive,presolving_off,emphasis_feasibility,heuristics_fast,emphasis_easycip,emphasis_optimality,heuristics_off
net12,separating_off,separating_fast,emphasis_feasibility,presolving_fast,presolving_aggressive,heuristics_aggressive,separating_aggressive,default,presolving_off,emphasis_optimality,heuristics_fast,emphasis_hardlp,heuristics_off,emphasis_easycip
core4872-1529,emphasis_feasibility,presolving_aggressive,heuristics_aggressive,separating_fast,default,separating_off,separating_aggressive,presolving_fast,presolving_off,emphasis_optimality,heuristics_fast,emphasis_easycip,emphasis_hardlp,heuristics_off
mining,presolving_off,presolving_fast,emphasis_hardlp,separating_off,separating_fast,heuristics_aggressive,emphasis_feasibility,emphasis_easycip,default,separating_aggressive,heuristics_fast,presolving_aggressive,emphasis_optimality,heuristics_off
siena1,presolving_aggressive,presolving_fast,emphasis_feasibility,separating_fast,default,separating_off,heuristics_aggressive,presolving_off,separating_aggressive,emphasis_easycip,heuristics_fast,emphasis_optimality,emphasis_hardlp,heuristics_off
eilA101-2,separating_off,default,separating_fast,heuristics_off,presolving_aggressive,heuristics_fast,presolving_fast,emphasis_hardlp,emphasis_easycip,heuristics_aggressive,emphasis_feasibility,presolving_off,separating_aggressive,emphasis_optimality
a1c1s1,heuristics_aggressive,default,presolving_fast,presolving_aggressive,separating_aggressive,separating_fast,presolving_off,emphasis_hardlp,emphasis_optimality,emphasis_feasibility,heuristics_fast,emphasis_easycip,separating_off,heuristics_off
neos-1460641,emphasis_feasibility,presolving_fast,separating_fast,presolving_off,heuristics_aggressive,separating_aggressive,presolving_aggressive,default,emphasis_optimality,separating_off,emphasis_hardlp,emphasis_easycip,heuristics_fast,heuristics_off
triptim1,separating_off,separating_fast,separating_aggressive,presolving_off,presolving_fast,presolving_aggressive,heuristics_off,heuristics_fast,heuristics_aggressive,emphasis_optimality,emphasis_hardlp,emphasis_feasibility,emphasis_easycip,default
neos-941717,presolving_fast,default,emphasis_hardlp,emphasis_feasibility,separating_fast,presolving_aggressive,heuristics_aggressive,separating_aggressive,heuristics_fast,emphasis_easycip,presolving_off,separating_off,heuristics_off,emphasis_optimality
neos-856059,presolving_fast,presolving_aggressive,heuristics_fast,presolving_off,separating_off,separating_fast,default,separating_aggressive,heuristics_aggressive,emphasis_easycip,heuristics_off,emphasis_hardlp,emphasis_feasibility,emphasis_optimality
ns894786,separating_off,separating_fast,separating_aggressive,presolving_off,presolving_fast,presolving_aggressive,heuristics_off,heuristics_fast,heuristics_aggressive,emphasis_optimality,emphasis_feasibility,emphasis_hardlp,emphasis_easycip,default
csched010,separating_fast,presolving_aggressive,presolving_fast,default,emphasis_feasibility,separating_off,heuristics_aggressive,separating_aggressive,presolving_off,emphasis_hardlp,heuristics_fast,emphasis_easycip,heuristics_off,emphasis_optimality
mkc1,separating_off,presolving_aggressive,separating_fast,presolving_fast,presolving_off,heuristics_aggressive,emphasis_feasibility,default,separating_aggressive,emphasis_hardlp,emphasis_easycip,heuristics_fast,emphasis_optimality,heuristics_off
neos-1430701,separating_off,separating_fast,presolving_fast,default,emphasis_feasibility,presolving_aggressive,separating_aggressive,heuristics_aggressive,heuristics_fast,emphasis_optimality,presolving_off,emphasis_hardlp,emphasis_easycip,heuristics_off
neos-1436713,separating_off,separating_fast,presolving_fast,emphasis_feasibility,separating_aggressive,heuristics_aggressive,default,presolving_aggressive,presolving_off,emphasis_optimality,emphasis_hardlp,heuristics_fast,emphasis_easycip,heuristics_off
rail02,separating_off,separating_fast,separating_aggressive,presolving_off,presolving_fast,presolving_aggressive,heuristics_off,heuristics_fast,heuristics_aggressive,emphasis_optimality,emphasis_hardlp,emphasis_feasibility,emphasis_easycip,default
pk1,presolving_fast,separating_fast,separating_off,presolving_aggressive,default,separating_aggressive,heuristics_fast,emphasis_hardlp,emphasis_feasibility,emphasis_easycip,heuristics_aggressive,heuristics_off,presolving_off,emphasis_optimality
neos-1445755,separating_off,separating_fast,emphasis_feasibility,heuristics_fast,default,heuristics_aggressive,separating_aggressive,emphasis_optimality,heuristics_off,presolving_fast,presolving_off,emphasis_easycip,emphasis_hardlp,presolving_aggressive
neos-826650,heuristics_aggressive,emphasis_feasibility,separating_off,separating_fast,presolving_aggressive,default,presolving_fast,separating_aggressive,heuristics_fast,emphasis_hardlp,presolving_off,emphasis_easycip,emphasis_optimality,heuristics_off
bley_xl1,separating_off,separating_fast,emphasis_hardlp,presolving_fast,presolving_off,presolving_aggressive,heuristics_fast,heuristics_aggressive,emphasis_easycip,separating_aggressive,heuristics_off,default,emphasis_feasibility,emphasis_optimality
neos-1171737,separating_off,separating_fast,presolving_fast,emphasis_feasibility,presolving_off,heuristics_aggressive,default,separating_aggressive,presolving_aggressive,emphasis_optimality,emphasis_hardlp,heuristics_fast,emphasis_easycip,heuristics_off
dsbmip,separating_fast,default,separating_aggressive,presolving_fast,presolving_aggressive,presolving_off,heuristics_aggressive,separating_off,emphasis_optimality,emphasis_hardlp,heuristics_fast,emphasis_easycip,emphasis_feasibility,heuristics_off
neos-1441553,separating_off,separating_fast,separating_aggressive,presolving_fast,presolving_off,presolving_aggressive,heuristics_fast,heuristics_off,heuristics_aggressive,emphasis_hardlp,emphasis_optimality,emphasis_feasibility,emphasis_easycip,default
neos-1593097,separating_fast,emphasis_feasibility,presolving_fast,emphasis_easycip,heuristics_fast,heuristics_aggressive,presolving_aggressive,separating_aggressive,default,emphasis_hardlp,separating_off,presolving_off,heuristics_off,emphasis_optimality
neos-1337489,heuristics_off,presolving_aggressive,heuristics_fast,separating_fast,emphasis_hardlp,separating_off,default,emphasis_easycip,emphasis_feasibility,separating_aggressive,presolving_fast,heuristics_aggressive,emphasis_optimality,presolving_off
neos13,separating_off,separating_fast,presolving_fast,presolving_aggressive,separating_aggressive,emphasis_hardlp,emphasis_easycip,heuristics_aggressive,default,presolving_off,heuristics_fast,emphasis_feasibility,emphasis_optimality,heuristics_off
10teams,emphasis_hardlp,heuristics_off,heuristics_fast,separating_off,separating_fast,presolving_aggressive,presolving_fast,emphasis_easycip,default,presolving_off,emphasis_feasibility,separating_aggressive,heuristics_aggressive,emphasis_optimality
van,presolving_fast,separating_fast,presolving_aggressive,default,separating_aggressive,heuristics_fast,presolving_off,heuristics_aggressive,separating_off,emphasis_hardlp,emphasis_easycip,emphasis_optimality,emphasis_feasibility,heuristics_off
modglob,heuristics_aggressive,default,presolving_aggressive,presolving_fast,separating_aggressive,presolving_off,separating_fast,heuristics_fast,emphasis_hardlp,emphasis_optimality,emphasis_feasibility,emphasis_easycip,separating_off,heuristics_off
gmu-35-40,presolving_off,emphasis_feasibility,presolving_fast,heuristics_aggressive,default,separating_fast,presolving_aggressive,emphasis_hardlp,emphasis_easycip,separating_aggressive,separating_off,heuristics_fast,emphasis_optimality,heuristics_off
vpm2,presolving_fast,presolving_aggressive,emphasis_hardlp,default,separating_fast,heuristics_fast,heuristics_aggressive,emphasis_easycip,separating_aggressive,presolving_off,emphasis_optimality,heuristics_off,emphasis_feasibility,separating_off
neos-932721,separating_off,separating_fast,default,presolving_fast,presolving_aggressive,separating_aggressive,heuristics_aggressive,presolving_off,emphasis_feasibility,emphasis_hardlp,emphasis_easycip,emphasis_optimality,heuristics_fast,heuristics_off
timtab2,heuristics_aggressive,default,heuristics_fast,separating_aggressive,heuristics_off,presolving_aggressive,separating_off,separating_fast,emphasis_easycip,presolving_fast,presolving_off,emphasis_hardlp,emphasis_feasibility,emphasis_optimality
neos-1437164,separating_fast,default,heuristics_fast,presolving_fast,presolving_aggressive,separating_off,separating_aggressive,heuristics_aggressive,emphasis_feasibility,emphasis_hardlp,emphasis_easycip,presolving_off,heuristics_off,emphasis_optimality
opm2-z10-s2,emphasis_hardlp,separating_off,presolving_fast,default,separating_fast,emphasis_easycip,presolving_off,heuristics_aggressive,emphasis_feasibility,heuristics_fast,separating_aggressive,presolving_aggressive,heuristics_off,emphasis_optimality
ns1856153,separating_off,separating_fast,presolving_off,presolving_fast,emphasis_feasibility,presolving_aggressive,heuristics_aggressive,emphasis_hardlp,separating_aggressive,default,emphasis_easycip,heuristics_fast,heuristics_off,emphasis_optimality
neos-525149,separating_fast,presolving_aggressive,emphasis_feasibility,default,presolving_fast,heuristics_aggressive,separating_off,presolving_off,emphasis_hardlp,separating_aggressive,emphasis_easycip,heuristics_fast,heuristics_off,emphasis_optimality
sct5,separating_off,presolving_fast,separating_fast,emphasis_feasibility,default,presolving_aggressive,presolving_off,separating_aggressive,emphasis_easycip,heuristics_fast,heuristics_aggressive,heuristics_off,emphasis_hardlp,emphasis_optimality
neos-955215,presolving_fast,default,presolving_aggressive,heuristics_aggressive,separating_aggressive,emphasis_optimality,separating_fast,emphasis_hardlp,heuristics_fast,emphasis_feasibility,presolving_off,emphasis_easycip,heuristics_off,separating_off
neos-1429212,heuristics_aggressive,presolving_fast,presolving_aggressive,separating_off,default,emphasis_feasibility,separating_fast,presolving_off,separating_aggressive,heuristics_fast,emphasis_optimality,emphasis_hardlp,emphasis_easycip,heuristics_off
map18,default,presolving_aggressive,separating_fast,separating_off,presolving_fast,separating_aggressive,heuristics_aggressive,emphasis_feasibility,heuristics_fast,emphasis_easycip,emphasis_hardlp,presolving_off,emphasis_optimality,heuristics_off
opm2-z12-s7,presolving_fast,emphasis_hardlp,emphasis_easycip,default,heuristics_aggressive,separating_off,heuristics_fast,presolving_off,emphasis_feasibility,separating_fast,separating_aggressive,presolving_aggressive,heuristics_off,emphasis_optimality
iis-pima-cov,separating_off,heuristics_fast,emphasis_easycip,presolving_off,separating_fast,presolving_fast,presolving_aggressive,default,separating_aggressive,heuristics_aggressive,heuristics_off,emphasis_hardlp,emphasis_feasibility,emphasis_optimality
ivu06-big,separating_off,separating_fast,default,presolving_aggressive,heuristics_aggressive,presolving_off,presolving_fast,emphasis_feasibility,heuristics_fast,emphasis_hardlp,emphasis_easycip,separating_aggressive,heuristics_off,emphasis_optimality
pigeon-19,separating_fast,presolving_aggressive,separating_off,emphasis_easycip,separating_aggressive,emphasis_hardlp,emphasis_feasibility,heuristics_aggressive,presolving_fast,presolving_off,default,emphasis_optimality,heuristics_fast,heuristics_off
neos-1053591,separating_aggressive,default,separating_fast,presolving_aggressive,emphasis_hardlp,presolving_fast,heuristics_aggressive,presolving_off,heuristics_fast,emphasis_optimality,emphasis_easycip,separating_off,emphasis_feasibility,heuristics_off
markshare2,separating_off,separating_fast,separating_aggressive,presolving_off,presolving_fast,presolving_aggressive,heuristics_off,heuristics_fast,heuristics_aggressive,emphasis_optimality,emphasis_hardlp,emphasis_feasibility,emphasis_easycip,default
neos-555001,separating_fast,presolving_aggressive,emphasis_feasibility,separating_off,heuristics_aggressive,presolving_fast,default,presolving_off,emphasis_hardlp,separating_aggressive,emphasis_easycip,heuristics_off,heuristics_fast,emphasis_optimality
neos-501453,default,separating_off,separating_fast,presolving_fast,presolving_aggressive,separating_aggressive,heuristics_fast,emphasis_optimality,heuristics_aggressive,presolving_off,emphasis_feasibility,emphasis_hardlp,heuristics_off,emphasis_easycip
eilB101,default,separating_fast,separating_off,presolving_fast,heuristics_aggressive,presolving_aggressive,heuristics_off,heuristics_fast,emphasis_hardlp,presolving_off,emphasis_feasibility,emphasis_easycip,separating_aggressive,emphasis_optimality
lectsched-1-obj,separating_off,presolving_aggressive,separating_fast,heuristics_aggressive,default,emphasis_feasibility,separating_aggressive,presolving_off,presolving_fast,emphasis_hardlp,heuristics_off,heuristics_fast,emphasis_optimality,emphasis_easycip
lectsched-4-obj,presolving_aggressive,heuristics_aggressive,default,separating_off,separating_fast,emphasis_feasibility,separating_aggressive,presolving_off,presolving_fast,heuristics_fast,emphasis_hardlp,heuristics_off,emphasis_optimality,emphasis_easycip
swath,presolving_fast,heuristics_fast,default,presolving_aggressive,presolving_off,emphasis_hardlp,heuristics_aggressive,separating_fast,separating_aggressive,emphasis_optimality,separating_off,emphasis_easycip,heuristics_off,emphasis_feasibility
neos-1440457,separating_off,separating_fast,presolving_fast,presolving_off,emphasis_feasibility,default,heuristics_aggressive,separating_aggressive,presolving_aggressive,emphasis_optimality,emphasis_hardlp,heuristics_fast,emphasis_easycip,heuristics_off
aflow40b,heuristics_aggressive,presolving_fast,presolving_aggressive,default,separating_aggressive,heuristics_fast,presolving_off,emphasis_optimality,emphasis_hardlp,separating_fast,emphasis_easycip,emphasis_feasibility,heuristics_off,separating_off
d10200,separating_off,separating_fast,separating_aggressive,presolving_fast,presolving_off,presolving_aggressive,heuristics_fast,heuristics_aggressive,emphasis_hardlp,emphasis_feasibility,heuristics_off,emphasis_optimality,emphasis_easycip,default
