neos-504674,separating_fast,presolving_fast,separating_off,presolving_aggressive,default,emphasis_feasibility,separating_aggressive,heuristics_aggressive,emphasis_hardlp,heuristics_fast,presolving_off,emphasis_easycip,emphasis_optimality,heuristics_off
neos-1171448,separating_off,separating_fast,presolving_off,presolving_fast,presolving_aggressive,emphasis_feasibility,separating_aggressive,heuristics_aggressive,default,emphasis_optimality,emphasis_hardlp,emphasis_easycip,heuristics_fast,heuristics_off
22433,separating_off,emphasis_hardlp,emphasis_easycip,heuristics_fast,separating_fast,presolving_aggressive,heuristics_off,presolving_off,presolving_fast,emphasis_feasibility,default,heuristics_aggressive,emphasis_optimality,separating_aggressive
eilB101,default,separating_fast,emphasis_hardlp,emphasis_easycip,separating_off,presolving_aggressive,heuristics_off,heuristics_fast,emphasis_feasibility,presolving_fast,heuristics_aggressive,presolving_off,separating_aggressive,emphasis_optimality
dc1l,separating_fast,presolving_off,presolving_fast,presolving_aggressive,heuristics_aggressive,separating_aggressive,heuristics_fast,separating_off,emphasis_optimality,emphasis_feasibility,emphasis_hardlp,emphasis_easycip,default,heuristics_off
neos-1120495,emphasis_hardlp,emphasis_easycip,separating_off,separating_fast,presolving_fast,presolving_aggressive,heuristics_fast,heuristics_aggressive,default,separating_aggressive,emphasis_feasibility,presolving_off,heuristics_off,emphasis_optimality
gesa3,default,separating_fast,presolving_fast,presolving_aggressive,heuristics_aggressive,separating_off,emphasis_feasibility,separating_aggressive,presolving_off,emphasis_hardlp,heuristics_fast,emphasis_easycip,emphasis_optimality,heuristics_off
neos-881765,separating_fast,presolving_fast,emphasis_hardlp,emphasis_feasibility,presolving_aggressive,heuristics_fast,heuristics_off,emphasis_easycip,heuristics_aggressive,separating_off,default,separating_aggressive,presolving_off,emphasis_optimality
neos-498623,separating_fast,emphasis_feasibility,heuristics_aggressive,default,presolving_fast,presolving_aggressive,separating_off,separating_aggressive,presolving_off,emphasis_hardlp,heuristics_fast,emphasis_optimality,emphasis_easycip,heuristics_off
n3seq24,separating_off,separating_fast,separating_aggressive,presolving_off,presolving_fast,presolving_aggressive,heuristics_off,emphasis_feasibility,heuristics_aggressive,heuristics_fast,emphasis_hardlp,default,emphasis_optimality,emphasis_easycip
neos-693347,separating_fast,separating_aggressive,presolving_fast,presolving_aggressive,presolving_off,heuristics_aggressive,default,emphasis_hardlp,emphasis_feasibility,heuristics_off,heuristics_fast,emphasis_optimality,separating_off,emphasis_easycip
neos-1208069,separating_fast,presolving_aggressive,separating_aggressive,presolving_fast,separating_off,heuristics_aggressive,presolving_off,heuristics_fast,emphasis_feasibility,default,heuristics_off,emphasis_easycip,emphasis_optimality,emphasis_hardlp
ns894236,separating_off,separating_fast,separating_aggressive,presolving_fast,emphasis_feasibility,presolving_aggressive,heuristics_off,heuristics_aggressive,presolving_off,heuristics_fast,default,emphasis_optimality,emphasis_hardlp,emphasis_easycip
rentacar,separating_fast,heuristics_fast,presolving_aggressive,separating_off,presolving_fast,default,emphasis_hardlp,separating_aggressive,heuristics_aggressive,emphasis_feasibility,presolving_off,emphasis_easycip,emphasis_optimality,heuristics_off
neos-860244,emphasis_hardlp,presolving_off,emphasis_easycip,presolving_fast,separating_off,default,separating_fast,heuristics_fast,heuristics_aggressive,emphasis_feasibility,heuristics_off,presolving_aggressive,separating_aggressive,emphasis_optimality
neos-633273,separating_fast,separating_off,heuristics_fast,default,presolving_aggressive,presolving_fast,heuristics_off,heuristics_aggressive,emphasis_hardlp,emphasis_feasibility,separating_aggressive,emphasis_easycip,emphasis_optimality,presolving_off
dsbmip,separating_off,separating_fast,presolving_fast,presolving_aggressive,default,presolving_off,separating_aggressive,heuristics_fast,heuristics_aggressive,emphasis_hardlp,emphasis_feasibility,emphasis_optimality,emphasis_easycip,heuristics_off
ivu06-big,separating_fast,separating_aggressive,separating_off,presolving_fast,presolving_aggressive,heuristics_off,heuristics_aggressive,presolving_off,emphasis_optimality,default,emphasis_hardlp,heuristics_fast,emphasis_feasibility,emphasis_easycip
rocII-9-11,separating_fast,emphasis_feasibility,separating_off,separating_aggressive,presolving_off,presolving_fast,presolving_aggressive,heuristics_aggressive,default,heuristics_off,heuristics_fast,emphasis_optimality,emphasis_hardlp,emphasis_easycip
neos-937511,presolving_fast,separating_fast,separating_off,default,presolving_off,presolving_aggressive,separating_aggressive,heuristics_aggressive,emphasis_feasibility,emphasis_hardlp,emphasis_easycip,emphasis_optimality,heuristics_fast,heuristics_off
neos-1109824,emphasis_easycip,separating_off,presolving_aggressive,emphasis_hardlp,separating_fast,presolving_fast,separating_aggressive,heuristics_fast,heuristics_aggressive,default,emphasis_feasibility,presolving_off,heuristics_off,emphasis_optimality
mas74,separating_fast,presolving_aggressive,separating_aggressive,default,presolving_off,presolving_fast,heuristics_fast,heuristics_aggressive,emphasis_optimality,emphasis_easycip,emphasis_hardlp,emphasis_feasibility,heuristics_off,separating_off
tr12-30,presolving_fast,default,separating_aggressive,presolving_aggressive,emphasis_hardlp,heuristics_aggressive,heuristics_fast,separating_fast,presolving_off,emphasis_optimality,emphasis_easycip,emphasis_feasibility,heuristics_off,separating_off
neos-570431,presolving_fast,presolving_aggressive,default,separating_aggressive,separating_fast,separating_off,heuristics_fast,heuristics_aggressive,emphasis_hardlp,emphasis_feasibility,emphasis_easycip,heuristics_off,presolving_off,emphasis_optimality
neos-1439395,separating_off,separating_fast,default,emphasis_feasibility,presolving_fast,presolving_aggressive,separating_aggressive,heuristics_aggressive,presolving_off,emphasis_hardlp,emphasis_easycip,emphasis_optimality,heuristics_fast,heuristics_off
stein45,heuristics_fast,emphasis_hardlp,emphasis_easycip,default,presolving_fast,presolving_aggressive,separating_off,presolving_off,separating_fast,heuristics_aggressive,separating_aggressive,emphasis_feasibility,heuristics_off,emphasis_optimality
neos-520729,separating_fast,presolving_aggressive,separating_off,presolving_fast,separating_aggressive,heuristics_aggressive,presolving_off,heuristics_fast,default,emphasis_optimality,emphasis_feasibility,heuristics_off,emphasis_hardlp,emphasis_easycip
neos-476283,separating_off,separating_fast,presolving_fast,presolving_aggressive,emphasis_feasibility,separating_aggressive,heuristics_aggressive,presolving_off,default,emphasis_optimality,heuristics_fast,emphasis_hardlp,heuristics_off,emphasis_easycip
n9-3,presolving_off,separating_fast,presolving_fast,default,separating_off,presolving_aggressive,heuristics_fast,heuristics_aggressive,separating_aggressive,emphasis_hardlp,emphasis_easycip,emphasis_feasibility,emphasis_optimality,heuristics_off
neos-1427181,separating_off,separating_fast,emphasis_feasibility,presolving_fast,default,presolving_aggressive,separating_aggressive,heuristics_aggressive,presolving_off,emphasis_optimality,emphasis_hardlp,emphasis_easycip,heuristics_fast,heuristics_off
neos-1440460,separating_off,separating_fast,presolving_fast,emphasis_feasibility,default,presolving_aggressive,separating_aggressive,heuristics_aggressive,presolving_off,emphasis_hardlp,emphasis_easycip,emphasis_optimality,heuristics_fast,heuristics_off
neos-1489999,default,presolving_fast,presolving_aggressive,heuristics_fast,separating_fast,separating_aggressive,separating_off,heuristics_aggressive,emphasis_hardlp,emphasis_easycip,presolving_off,emphasis_feasibility,emphasis_optimality,heuristics_off
mod008,default,presolving_aggressive,separating_fast,presolving_fast,heuristics_fast,presolving_off,emphasis_easycip,separating_aggressive,emphasis_hardlp,separating_off,heuristics_aggressive,emphasis_feasibility,emphasis_optimality,heuristics_off
neos-1330635,separating_off,separating_fast,presolving_fast,default,separating_aggressive,presolving_off,emphasis_feasibility,presolving_aggressive,heuristics_aggressive,heuristics_fast,emphasis_hardlp,emphasis_easycip,emphasis_optimality,heuristics_off
momentum2,presolving_off,presolving_fast,default,emphasis_hardlp,separating_off,separating_fast,presolving_aggressive,heuristics_aggressive,emphasis_feasibility,emphasis_easycip,separating_aggressive,heuristics_fast,emphasis_optimality,heuristics_off
neos-954925,separating_off,presolving_off,separating_fast,presolving_fast,emphasis_feasibility,heuristics_aggressive,presolving_aggressive,default,separating_aggressive,emphasis_hardlp,emphasis_easycip,heuristics_fast,emphasis_optimality,heuristics_off
neos-935496,separating_off,separating_fast,separating_aggressive,presolving_fast,presolving_aggressive,default,heuristics_fast,heuristics_aggressive,emphasis_feasibility,emphasis_optimality,emphasis_hardlp,presolving_off,emphasis_easycip,heuristics_off
ns1688347,separating_off,separating_fast,presolving_fast,presolving_aggressive,presolving_off,separating_aggressive,heuristics_fast,emphasis_hardlp,heuristics_aggressive,emphasis_feasibility,heuristics_off,default,emphasis_easycip,emphasis_optimality
neos-538867,emphasis_hardlp,emphasis_easycip,presolving_fast,presolving_aggressive,separating_fast,heuristics_fast,default,heuristics_aggressive,heuristics_off,presolving_off,separating_off,separating_aggressive,emphasis_feasibility,emphasis_optimality
neos-1112782,emphasis_optimality,separating_off,separating_fast,heuristics_aggressive,emphasis_feasibility,presolving_fast,presolving_aggressive,separating_aggressive,presolving_off,default,emphasis_hardlp,heuristics_fast,emphasis_easycip,heuristics_off
seymour-disj-10,presolving_off,separating_off,separating_fast,emphasis_feasibility,presolving_fast,heuristics_fast,heuristics_aggressive,default,presolving_aggressive,emphasis_easycip,emphasis_hardlp,separating_aggressive,emphasis_optimality,heuristics_off
neos-1620807,presolving_fast,default,separating_aggressive,emphasis_hardlp,separating_fast,presolving_aggressive,emphasis_easycip,heuristics_off,heuristics_fast,heuristics_aggressive,emphasis_feasibility,separating_off,presolving_off,emphasis_optimality
ns1854840,separating_off,emphasis_feasibility,separating_fast,presolving_fast,heuristics_aggressive,presolving_off,separating_aggressive,presolving_aggressive,default,heuristics_fast,emphasis_hardlp,heuristics_off,emphasis_optimality,emphasis_easycip
neos-956971,presolving_off,separating_off,separating_fast,presolving_fast,emphasis_feasibility,heuristics_aggressive,default,presolving_aggressive,separating_aggressive,emphasis_hardlp,emphasis_easycip,heuristics_fast,emphasis_optimality,heuristics_off
sp98ir,presolving_fast,separating_aggressive,default,presolving_off,separating_fast,presolving_aggressive,heuristics_aggressive,heuristics_fast,emphasis_optimality,emphasis_hardlp,separating_off,emphasis_feasibility,emphasis_easycip,heuristics_off
prod1,separating_fast,presolving_aggressive,heuristics_fast,separating_off,emphasis_easycip,presolving_off,presolving_fast,emphasis_hardlp,separating_aggressive,emphasis_optimality,default,heuristics_aggressive,heuristics_off,emphasis_feasibility
neos-941262,presolving_fast,separating_fast,default,separating_off,presolving_off,presolving_aggressive,heuristics_aggressive,separating_aggressive,emphasis_feasibility,emphasis_hardlp,emphasis_easycip,emphasis_optimality,heuristics_fast,heuristics_off
neos-824661,separating_off,separating_fast,emphasis_feasibility,presolving_aggressive,default,presolving_fast,presolving_off,heuristics_aggressive,separating_aggressive,heuristics_fast,emphasis_optimality,emphasis_hardlp,emphasis_easycip,heuristics_off
rmatr200-p10,presolving_off,presolving_fast,separating_fast,default,emphasis_feasibility,separating_off,presolving_aggressive,heuristics_aggressive,emphasis_hardlp,separating_aggressive,emphasis_easycip,heuristics_fast,emphasis_optimality,heuristics_off
n3705,presolving_fast,heuristics_aggressive,separating_fast,default,separating_off,presolving_aggressive,separating_aggressive,presolving_off,emphasis_feasibility,emphasis_hardlp,heuristics_fast,emphasis_optimality,emphasis_easycip,heuristics_off
p0282,presolving_fast,emphasis_hardlp,default,emphasis_easycip,presolving_aggressive,heuristics_fast,heuristics_aggressive,separating_fast,separating_aggressive,presolving_off,emphasis_optimality,emphasis_feasibility,heuristics_off,separating_off
neos-960392,separating_off,separating_fast,separating_aggressive,presolving_off,presolving_fast,presolving_aggressive,heuristics_aggressive,emphasis_feasibility,heuristics_fast,heuristics_off,emphasis_optimality,default,emphasis_hardlp,emphasis_easycip
neos-555694,separating_fast,emphasis_feasibility,default,heuristics_aggressive,presolving_fast,presolving_aggressive,emphasis_hardlp,separating_off,separating_aggressive,heuristics_fast,emphasis_easycip,presolving_off,emphasis_optimality,heuristics_off
pigeon-12,separating_off,separating_fast,emphasis_hardlp,presolving_fast,presolving_aggressive,emphasis_feasibility,default,presolving_off,emphasis_easycip,separating_aggressive,heuristics_fast,heuristics_aggressive,heuristics_off,emphasis_optimality
noswot,default,emphasis_feasibility,presolving_aggressive,heuristics_aggressive,separating_off,separating_fast,heuristics_fast,presolving_fast,heuristics_off,emphasis_hardlp,emphasis_easycip,separating_aggressive,presolving_off,emphasis_optimality
neos-1445738,separating_fast,presolving_fast,presolving_aggressive,separating_aggressive,presolving_off,default,heuristics_fast,heuristics_aggressive,separating_off,emphasis_easycip,emphasis_hardlp,emphasis_optimality,emphasis_feasibility,heuristics_off
mcsched,heuristics_aggressive,presolving_fast,default,separating_aggressive,emphasis_feasibility,separating_off,separating_fast,presolving_aggressive,heuristics_fast,emphasis_optimality,emphasis_hardlp,heuristics_off,emphasis_easycip,presolving_off
sts405,separating_off,presolving_fast,presolving_off,heuristics_fast,default,separating_fast,heuristics_aggressive,emphasis_easycip,separating_aggressive,presolving_aggressive,emphasis_hardlp,emphasis_feasibility,heuristics_off,emphasis_optimality
neos-522351,presolving_fast,emphasis_hardlp,default,separating_aggressive,presolving_aggressive,heuristics_aggressive,separating_fast,presolving_off,heuristics_fast,emphasis_optimality,emphasis_feasibility,emphasis_easycip,separating_off,heuristics_off
aflow30a,presolving_fast,default,emphasis_hardlp,heuristics_aggressive,presolving_aggressive,separating_aggressive,separating_fast,heuristics_fast,emphasis_easycip,emphasis_feasibility,presolving_off,separating_off,emphasis_optimality,heuristics_off
neos-876808,separating_off,separating_fast,presolving_off,presolving_fast,separating_aggressive,emphasis_feasibility,heuristics_off,heuristics_aggressive,emphasis_hardlp,presolving_aggressive,heuristics_fast,emphasis_optimality,emphasis_easycip,default
