shs1023,separating_off,presolving_off,separating_fast,separating_aggressive,presolving_fast,presolving_aggressive,heuristics_off,heuristics_fast,heuristics_aggressive,emphasis_optimality,emphasis_feasibility,default,emphasis_hardlp,emphasis_easycip
neos-501474,separating_off,separating_fast,heuristics_fast,presolving_off,presolving_aggressive,default,separating_aggressive,presolving_fast,heuristics_off,emphasis_easycip,heuristics_aggressive,emphasis_optimality,emphasis_hardlp,emphasis_feasibility
d10200,separating_off,separating_fast,separating_aggressive,presolving_off,presolving_fast,heuristics_aggressive,heuristics_fast,presolving_aggressive,emphasis_optimality,emphasis_feasibility,emphasis_hardlp,default,heuristics_off,emphasis_easycip
mkc,separating_off,emphasis_easycip,separating_fast,heuristics_fast,emphasis_hardlp,default,presolving_aggressive,heuristics_off,emphasis_feasibility,presolving_fast,heuristics_aggressive,presolving_off,separating_aggressive,emphasis_optimality
neos-881765,separating_fast,presolving_fast,presolving_aggressive,emphasis_feasibility,heuristics_aggressive,emphasis_hardlp,default,separating_aggressive,heuristics_off,heuristics_fast,separating_off,emphasis_easycip,presolving_off,emphasis_optimality
neos-1223462,emphasis_feasibility,presolving_fast,separating_off,presolving_off,separating_fast,heuristics_aggressive,emphasis_hardlp,separating_aggressive,default,presolving_aggressive,emphasis_easycip,heuristics_fast,heuristics_off,emphasis_optimality
l152lav,default,emphasis_hardlp,separating_fast,heuristics_aggressive,emphasis_feasibility,emphasis_easycip,separating_off,presolving_fast,presolving_aggressive,heuristics_fast,presolving_off,heuristics_off,separating_aggressive,emphasis_optimality
rococoC10-001000,separating_fast,emphasis_feasibility,default,separating_off,presolving_fast,presolving_aggressive,heuristics_aggressive,separating_aggressive,heuristics_fast,emphasis_hardlp,presolving_off,emphasis_optimality,emphasis_easycip,heuristics_off
neos-1480121,separating_fast,heuristics_fast,emphasis_hardlp,default,presolving_aggressive,presolving_fast,emphasis_easycip,separating_aggressive,separating_off,emphasis_feasibility,heuristics_aggressive,emphasis_optimality,heuristics_off,presolving_off
dsbmip,separating_fast,separating_off,presolving_fast,presolving_aggressive,default,separating_aggressive,presolving_off,heuristics_fast,heuristics_aggressive,emphasis_optimality,emphasis_hardlp,emphasis_easycip,emphasis_feasibility,heuristics_off
lrn,separating_fast,presolving_fast,presolving_off,presolving_aggressive,separating_off,separating_aggressive,emphasis_hardlp,default,heuristics_fast,emphasis_optimality,heuristics_off,heuristics_aggressive,emphasis_feasibility,emphasis_easycip
neos-1208135,separating_fast,presolving_aggressive,separating_aggressive,presolving_fast,separating_off,heuristics_aggressive,presolving_off,heuristics_fast,default,emphasis_feasibility,heuristics_off,emphasis_hardlp,emphasis_optimality,emphasis_easycip
mcf2,presolving_fast,separating_fast,presolving_aggressive,separating_off,emphasis_hardlp,default,heuristics_fast,emphasis_easycip,heuristics_aggressive,separating_aggressive,emphasis_feasibility,presolving_off,heuristics_off,emphasis_optimality
ns60-pr9,presolving_off,separating_fast,presolving_fast,separating_off,heuristics_fast,default,presolving_aggressive,heuristics_aggressive,emphasis_hardlp,emphasis_easycip,separating_aggressive,emphasis_feasibility,emphasis_optimality,heuristics_off
neos-885086,separating_off,presolving_off,separating_fast,presolving_fast,presolving_aggressive,emphasis_feasibility,separating_aggressive,heuristics_aggressive,default,emphasis_optimality,emphasis_hardlp,emphasis_easycip,heuristics_fast,heuristics_off
n4-3,separating_fast,presolving_fast,presolving_off,default,presolving_aggressive,separating_off,heuristics_fast,heuristics_aggressive,emphasis_easycip,separating_aggressive,emphasis_hardlp,emphasis_feasibility,emphasis_optimality,heuristics_off
rmatr100-p5,presolving_off,emphasis_hardlp,presolving_fast,emphasis_feasibility,separating_fast,default,presolving_aggressive,heuristics_aggressive,separating_off,separating_aggressive,emphasis_easycip,heuristics_fast,emphasis_optimality,heuristics_off
n9-3,presolving_off,separating_fast,separating_off,presolving_fast,presolving_aggressive,default,heuristics_fast,heuristics_aggressive,emphasis_easycip,separating_aggressive,emphasis_hardlp,emphasis_feasibility,emphasis_optimality,heuristics_off
neos-1429212,separating_off,separating_fast,presolving_fast,presolving_aggressive,emphasis_hardlp,emphasis_feasibility,heuristics_fast,heuristics_aggressive,emphasis_easycip,separating_aggressive,default,presolving_off,emphasis_optimality,heuristics_off
neos-1208069,separating_fast,presolving_aggressive,separating_off,separating_aggressive,presolving_fast,presolving_off,heuristics_fast,heuristics_aggressive,emphasis_feasibility,default,heuristics_off,emphasis_hardlp,emphasis_optimality,emphasis_easycip
ns1830653,separating_fast,default,separating_aggressive,separating_off,presolving_fast,presolving_aggressive,heuristics_aggressive,emphasis_feasibility,emphasis_hardlp,presolving_off,heuristics_fast,heuristics_off,emphasis_optimality,emphasis_easycip
ns2124243,separating_off,separating_fast,emphasis_feasibility,presolving_fast,heuristics_aggressive,presolving_aggressive,default,separating_aggressive,emphasis_hardlp,presolving_off,emphasis_optimality,heuristics_fast,emphasis_easycip,heuristics_off
neos-578379,separating_off,separating_fast,emphasis_feasibility,default,separating_aggressive,heuristics_fast,heuristics_aggressive,presolving_fast,presolving_aggressive,heuristics_off,emphasis_optimality,presolving_off,emphasis_hardlp,emphasis_easycip
pigeon-12,separating_fast,separating_off,emphasis_hardlp,presolving_fast,presolving_aggressive,emphasis_feasibility,default,separating_aggressive,heuristics_fast,presolving_off,heuristics_aggressive,emphasis_easycip,heuristics_off,emphasis_optimality
23588,separating_off,separating_fast,heuristics_fast,presolving_fast,presolving_aggressive,heuristics_off,emphasis_feasibility,presolving_off,default,emphasis_hardlp,heuristics_aggressive,separating_aggressive,emphasis_optimality,emphasis_easycip
probportfolio,separating_fast,presolving_aggressive,heuristics_fast,presolving_off,default,separating_aggressive,presolving_fast,heuristics_off,emphasis_easycip,separating_off,heuristics_aggressive,emphasis_hardlp,emphasis_feasibility,emphasis_optimality
neos-935769,presolving_fast,separating_off,separating_fast,default,presolving_off,presolving_aggressive,separating_aggressive,heuristics_aggressive,emphasis_feasibility,emphasis_hardlp,emphasis_easycip,heuristics_fast,emphasis_optimality,heuristics_off
map20,separating_off,separating_fast,emphasis_feasibility,default,separating_aggressive,presolving_fast,presolving_aggressive,heuristics_aggressive,heuristics_fast,emphasis_hardlp,emphasis_easycip,presolving_off,emphasis_optimality,heuristics_off
mod008,default,presolving_aggressive,separating_fast,presolving_fast,presolving_off,heuristics_fast,emphasis_easycip,separating_aggressive,emphasis_hardlp,separating_off,heuristics_aggressive,emphasis_feasibility,heuristics_off,emphasis_optimality
mas76,separating_fast,presolving_aggressive,default,presolving_off,presolving_fast,separating_aggressive,heuristics_fast,emphasis_easycip,heuristics_aggressive,emphasis_optimality,separating_off,heuristics_off,emphasis_hardlp,emphasis_feasibility
vpm2,default,presolving_aggressive,emphasis_hardlp,separating_aggressive,presolving_fast,heuristics_fast,separating_fast,emphasis_easycip,emphasis_feasibility,separating_off,heuristics_aggressive,presolving_off,emphasis_optimality,heuristics_off
neos-603073,separating_fast,default,emphasis_feasibility,presolving_aggressive,heuristics_aggressive,presolving_fast,separating_off,separating_aggressive,emphasis_optimality,heuristics_fast,presolving_off,emphasis_hardlp,heuristics_off,emphasis_easycip
lotsize,presolving_fast,default,presolving_aggressive,heuristics_aggressive,separating_aggressive,presolving_off,heuristics_fast,emphasis_optimality,emphasis_hardlp,separating_fast,emphasis_feasibility,emphasis_easycip,separating_off,heuristics_off
qnet1,separating_off,separating_fast,emphasis_feasibility,default,presolving_fast,presolving_aggressive,heuristics_aggressive,separating_aggressive,heuristics_fast,emphasis_optimality,emphasis_hardlp,emphasis_easycip,presolving_off,heuristics_off
ns894786,separating_off,separating_fast,separating_aggressive,emphasis_feasibility,presolving_off,presolving_fast,presolving_aggressive,heuristics_off,heuristics_fast,heuristics_aggressive,emphasis_optimality,emphasis_hardlp,emphasis_easycip,default
atlanta-ip,separating_fast,separating_off,presolving_off,presolving_fast,presolving_aggressive,heuristics_aggressive,separating_aggressive,emphasis_feasibility,emphasis_hardlp,heuristics_fast,emphasis_optimality,emphasis_easycip,default,heuristics_off
misc07,separating_fast,separating_off,emphasis_feasibility,presolving_fast,heuristics_fast,default,presolving_aggressive,emphasis_easycip,heuristics_aggressive,emphasis_hardlp,separating_aggressive,heuristics_off,presolving_off,emphasis_optimality
neos-1516309,emphasis_feasibility,heuristics_aggressive,presolving_fast,default,presolving_off,separating_fast,presolving_aggressive,separating_aggressive,emphasis_hardlp,emphasis_easycip,separating_off,heuristics_fast,emphasis_optimality,heuristics_off
neos-942830,separating_aggressive,separating_fast,presolving_fast,default,emphasis_feasibility,presolving_aggressive,heuristics_aggressive,heuristics_off,separating_off,presolving_off,heuristics_fast,emphasis_hardlp,emphasis_optimality,emphasis_easycip
neos-941313,separating_off,emphasis_feasibility,separating_fast,separating_aggressive,presolving_off,presolving_aggressive,heuristics_aggressive,default,presolving_fast,heuristics_off,heuristics_fast,emphasis_optimality,emphasis_hardlp,emphasis_easycip
neos-585192,default,separating_fast,presolving_aggressive,separating_off,heuristics_fast,emphasis_feasibility,heuristics_off,heuristics_aggressive,separating_aggressive,presolving_fast,emphasis_optimality,emphasis_easycip,emphasis_hardlp,presolving_off
nu120-pr3,presolving_fast,heuristics_aggressive,default,separating_fast,presolving_off,presolving_aggressive,emphasis_hardlp,separating_off,emphasis_easycip,emphasis_feasibility,heuristics_fast,separating_aggressive,emphasis_optimality,heuristics_off
rmine10,presolving_fast,separating_off,presolving_off,separating_fast,heuristics_aggressive,presolving_aggressive,emphasis_hardlp,emphasis_easycip,default,separating_aggressive,heuristics_fast,emphasis_feasibility,heuristics_off,emphasis_optimality
liu,separating_off,separating_fast,emphasis_feasibility,presolving_aggressive,presolving_fast,separating_aggressive,presolving_off,heuristics_aggressive,default,heuristics_fast,emphasis_optimality,heuristics_off,emphasis_hardlp,emphasis_easycip
neos-501453,separating_fast,separating_off,heuristics_fast,default,separating_aggressive,heuristics_off,presolving_aggressive,emphasis_feasibility,heuristics_aggressive,emphasis_optimality,presolving_fast,emphasis_hardlp,emphasis_easycip,presolving_off
in,separating_off,separating_fast,presolving_fast,presolving_off,presolving_aggressive,heuristics_aggressive,separating_aggressive,emphasis_hardlp,emphasis_feasibility,default,heuristics_off,heuristics_fast,emphasis_easycip,emphasis_optimality
sct1,separating_off,heuristics_aggressive,separating_fast,presolving_fast,separating_aggressive,default,presolving_aggressive,emphasis_feasibility,presolving_off,heuristics_fast,emphasis_optimality,emphasis_hardlp,emphasis_easycip,heuristics_off
rentacar,separating_fast,presolving_fast,presolving_aggressive,heuristics_fast,separating_off,default,heuristics_aggressive,separating_aggressive,emphasis_hardlp,emphasis_feasibility,presolving_off,emphasis_easycip,emphasis_optimality,heuristics_off
neos-631710,separating_off,separating_fast,emphasis_feasibility,presolving_fast,heuristics_aggressive,separating_aggressive,presolving_aggressive,default,presolving_off,heuristics_fast,emphasis_hardlp,heuristics_off,emphasis_optimality,emphasis_easycip
dano3_3,separating_off,separating_fast,presolving_off,presolving_aggressive,presolving_fast,default,heuristics_fast,heuristics_aggressive,emphasis_easycip,emphasis_hardlp,separating_aggressive,emphasis_feasibility,emphasis_optimality,heuristics_off
stp3d,separating_off,separating_fast,presolving_fast,presolving_off,heuristics_aggressive,separating_aggressive,presolving_aggressive,emphasis_feasibility,emphasis_hardlp,default,heuristics_fast,emphasis_easycip,heuristics_off,emphasis_optimality
rocII-7-11,separating_fast,emphasis_feasibility,separating_off,separating_aggressive,presolving_off,presolving_aggressive,heuristics_aggressive,presolving_fast,heuristics_fast,default,heuristics_off,emphasis_optimality,emphasis_hardlp,emphasis_easycip
bnatt350,emphasis_feasibility,separating_fast,presolving_fast,separating_off,separating_aggressive,presolving_aggressive,heuristics_aggressive,heuristics_fast,emphasis_hardlp,presolving_off,default,heuristics_off,emphasis_optimality,emphasis_easycip
neos-826250,separating_fast,heuristics_aggressive,emphasis_feasibility,separating_off,presolving_off,default,presolving_fast,separating_aggressive,presolving_aggressive,emphasis_hardlp,heuristics_fast,heuristics_off,emphasis_optimality,emphasis_easycip
set1ch,presolving_fast,default,emphasis_hardlp,presolving_aggressive,separating_aggressive,heuristics_aggressive,heuristics_fast,separating_fast,emphasis_feasibility,emphasis_easycip,presolving_off,emphasis_optimality,heuristics_off,separating_off
neos-787933,emphasis_feasibility,separating_off,heuristics_aggressive,separating_fast,emphasis_optimality,presolving_aggressive,presolving_fast,separating_aggressive,default,presolving_off,heuristics_fast,emphasis_hardlp,emphasis_easycip,heuristics_off
neos-810286,presolving_fast,heuristics_aggressive,emphasis_feasibility,separating_fast,presolving_off,emphasis_easycip,default,separating_off,emphasis_hardlp,heuristics_fast,separating_aggressive,presolving_aggressive,emphasis_optimality,heuristics_off
neos-1442657,separating_off,separating_fast,presolving_fast,emphasis_feasibility,default,presolving_aggressive,separating_aggressive,heuristics_aggressive,presolving_off,emphasis_optimality,emphasis_hardlp,emphasis_easycip,heuristics_fast,heuristics_off
neos-430149,presolving_aggressive,separating_fast,presolving_fast,separating_aggressive,emphasis_hardlp,default,heuristics_fast,emphasis_easycip,separating_off,emphasis_feasibility,heuristics_aggressive,presolving_off,emphasis_optimality,heuristics_off
neos-826812,separating_fast,default,presolving_off,presolving_fast,heuristics_aggressive,emphasis_feasibility,separating_off,separating_aggressive,presolving_aggressive,heuristics_fast,emphasis_optimality,emphasis_hardlp,emphasis_easycip,heuristics_off
neos-957389,separating_off,separating_fast,separating_aggressive,emphasis_feasibility,presolving_aggressive,presolving_fast,heuristics_aggressive,emphasis_hardlp,heuristics_fast,presolving_off,heuristics_off,emphasis_optimality,default,emphasis_easycip
