neos-1605075,emphasis_feasibility,separating_fast,presolving_aggressive,emphasis_hardlp,default,presolving_fast,heuristics_aggressive,separating_aggressive,heuristics_fast,presolving_off,emphasis_easycip,separating_off,heuristics_off,emphasis_optimality
neos-785914,presolving_fast,separating_off,default,presolving_aggressive,heuristics_fast,heuristics_off,separating_fast,heuristics_aggressive,emphasis_hardlp,emphasis_easycip,presolving_off,emphasis_feasibility,separating_aggressive,emphasis_optimality
ns4-pr3,emphasis_hardlp,heuristics_fast,separating_fast,presolving_fast,presolving_aggressive,emphasis_easycip,default,heuristics_aggressive,presolving_off,separating_off,separating_aggressive,emphasis_feasibility,heuristics_off,emphasis_optimality
neos-839894,presolving_fast,heuristics_aggressive,emphasis_hardlp,default,separating_fast,emphasis_feasibility,heuristics_fast,separating_aggressive,presolving_aggressive,emphasis_easycip,separating_off,emphasis_optimality,presolving_off,heuristics_off
neos-881765,emphasis_hardlp,presolving_fast,presolving_aggressive,heuristics_fast,separating_off,default,separating_aggressive,heuristics_off,separating_fast,emphasis_feasibility,emphasis_easycip,heuristics_aggressive,presolving_off,emphasis_optimality
neos-911880,default,presolving_aggressive,separating_aggressive,separating_fast,presolving_fast,emphasis_feasibility,heuristics_aggressive,presolving_off,heuristics_fast,emphasis_hardlp,separating_off,emphasis_easycip,heuristics_off,emphasis_optimality
mine-166-5,emphasis_hardlp,presolving_fast,emphasis_feasibility,separating_off,heuristics_aggressive,default,separating_fast,heuristics_fast,emphasis_easycip,presolving_off,separating_aggressive,heuristics_off,presolving_aggressive,emphasis_optimality
l152lav,heuristics_aggressive,emphasis_feasibility,separating_fast,default,separating_off,presolving_aggressive,presolving_fast,separating_aggressive,presolving_off,emphasis_hardlp,heuristics_fast,emphasis_easycip,heuristics_off,emphasis_optimality
mod010,heuristics_aggressive,emphasis_feasibility,separating_fast,default,separating_off,presolving_aggressive,presolving_fast,separating_aggressive,emphasis_hardlp,presolving_off,heuristics_fast,emphasis_easycip,heuristics_off,emphasis_optimality
neos-1425699,separating_fast,default,presolving_aggressive,separating_off,heuristics_fast,heuristics_off,heuristics_aggressive,emphasis_feasibility,presolving_fast,emphasis_hardlp,emphasis_easycip,presolving_off,separating_aggressive,emphasis_optimality
blend2,separating_fast,presolving_fast,default,heuristics_aggressive,separating_off,presolving_off,presolving_aggressive,emphasis_feasibility,emphasis_hardlp,separating_aggressive,heuristics_fast,emphasis_easycip,heuristics_off,emphasis_optimality
neos-810326,emphasis_feasibility,emphasis_easycip,separating_fast,heuristics_aggressive,presolving_fast,heuristics_fast,emphasis_hardlp,separating_aggressive,presolving_aggressive,heuristics_off,default,separating_off,presolving_off,emphasis_optimality
manna81,presolving_fast,emphasis_feasibility,separating_off,separating_fast,heuristics_aggressive,default,separating_aggressive,presolving_aggressive,presolving_off,emphasis_hardlp,emphasis_optimality,heuristics_fast,emphasis_easycip,heuristics_off
neos-1122047,presolving_fast,presolving_aggressive,default,separating_fast,separating_off,emphasis_hardlp,emphasis_easycip,separating_aggressive,presolving_off,heuristics_fast,heuristics_aggressive,emphasis_feasibility,heuristics_off,emphasis_optimality
cap6000,heuristics_aggressive,emphasis_feasibility,separating_fast,default,presolving_fast,presolving_off,presolving_aggressive,separating_aggressive,heuristics_fast,separating_off,emphasis_hardlp,emphasis_easycip,emphasis_optimality,heuristics_off
binkar10_1,presolving_fast,presolving_off,default,presolving_aggressive,heuristics_fast,separating_fast,heuristics_aggressive,separating_aggressive,emphasis_hardlp,emphasis_optimality,separating_off,emphasis_easycip,heuristics_off,emphasis_feasibility
opm2-z7-s2,emphasis_hardlp,presolving_fast,separating_off,heuristics_aggressive,emphasis_feasibility,default,separating_fast,presolving_off,emphasis_easycip,heuristics_fast,separating_aggressive,presolving_aggressive,emphasis_optimality,heuristics_off
neos-1423785,separating_off,separating_fast,presolving_fast,presolving_aggressive,heuristics_aggressive,emphasis_feasibility,separating_aggressive,default,presolving_off,heuristics_fast,emphasis_optimality,heuristics_off,emphasis_hardlp,emphasis_easycip
disctom,separating_aggressive,presolving_off,presolving_fast,separating_off,emphasis_hardlp,emphasis_easycip,default,separating_fast,presolving_aggressive,heuristics_fast,heuristics_aggressive,emphasis_optimality,emphasis_feasibility,heuristics_off
neos-1601936,emphasis_feasibility,separating_fast,presolving_aggressive,default,heuristics_aggressive,presolving_fast,emphasis_hardlp,separating_aggressive,heuristics_fast,presolving_off,emphasis_easycip,separating_off,heuristics_off,emphasis_optimality
neos-555771,emphasis_feasibility,heuristics_aggressive,default,presolving_aggressive,separating_fast,emphasis_hardlp,presolving_fast,separating_off,presolving_off,heuristics_fast,separating_aggressive,emphasis_easycip,emphasis_optimality,heuristics_off
pigeon-19,separating_fast,presolving_aggressive,emphasis_easycip,separating_off,separating_aggressive,emphasis_hardlp,emphasis_feasibility,heuristics_aggressive,presolving_fast,default,presolving_off,emphasis_optimality,heuristics_fast,heuristics_off
ns25-pr9,emphasis_hardlp,heuristics_fast,emphasis_easycip,presolving_fast,presolving_aggressive,default,separating_fast,heuristics_aggressive,separating_off,separating_aggressive,presolving_off,heuristics_off,emphasis_feasibility,emphasis_optimality
mkc1,separating_off,separating_fast,presolving_fast,presolving_aggressive,heuristics_aggressive,presolving_off,emphasis_feasibility,separating_aggressive,default,emphasis_hardlp,emphasis_easycip,heuristics_fast,emphasis_optimality,heuristics_off
bab5,presolving_fast,separating_fast,emphasis_feasibility,separating_off,presolving_aggressive,emphasis_hardlp,emphasis_easycip,default,separating_aggressive,heuristics_aggressive,presolving_off,heuristics_off,heuristics_fast,emphasis_optimality
neos-1211578,heuristics_off,presolving_aggressive,heuristics_fast,emphasis_hardlp,separating_fast,separating_off,default,emphasis_feasibility,emphasis_easycip,separating_aggressive,presolving_fast,heuristics_aggressive,emphasis_optimality,presolving_off
neos-1595230,presolving_fast,heuristics_fast,separating_aggressive,presolving_aggressive,emphasis_easycip,separating_off,default,emphasis_hardlp,separating_fast,presolving_off,heuristics_off,heuristics_aggressive,emphasis_optimality,emphasis_feasibility
neos-1330346,separating_aggressive,separating_off,presolving_fast,emphasis_hardlp,separating_fast,heuristics_aggressive,presolving_aggressive,default,emphasis_feasibility,presolving_off,heuristics_fast,emphasis_optimality,emphasis_easycip,heuristics_off
vpphard2,separating_off,separating_fast,presolving_fast,presolving_aggressive,heuristics_fast,emphasis_hardlp,separating_aggressive,heuristics_off,heuristics_aggressive,emphasis_feasibility,emphasis_easycip,presolving_off,default,emphasis_optimality
nsa,emphasis_easycip,separating_fast,presolving_aggressive,emphasis_hardlp,presolving_fast,separating_off,separating_aggressive,heuristics_aggressive,heuristics_fast,default,emphasis_feasibility,presolving_off,emphasis_optimality,heuristics_off
neos-916173,presolving_fast,separating_off,separating_fast,default,presolving_off,heuristics_aggressive,presolving_aggressive,separating_aggressive,emphasis_hardlp,emphasis_feasibility,heuristics_fast,emphasis_optimality,emphasis_easycip,heuristics_off
atm20-100,presolving_aggressive,separating_fast,presolving_fast,default,separating_aggressive,presolving_off,heuristics_aggressive,separating_off,emphasis_easycip,emphasis_hardlp,heuristics_fast,emphasis_optimality,emphasis_feasibility,heuristics_off
neos-807639,presolving_fast,separating_off,separating_fast,default,presolving_aggressive,separating_aggressive,heuristics_aggressive,presolving_off,emphasis_feasibility,emphasis_hardlp,heuristics_fast,emphasis_easycip,heuristics_off,emphasis_optimality
ns4-pr9,emphasis_hardlp,heuristics_fast,separating_fast,presolving_fast,presolving_aggressive,emphasis_easycip,default,heuristics_aggressive,presolving_off,separating_off,separating_aggressive,emphasis_feasibility,heuristics_off,emphasis_optimality
rmine14,presolving_off,emphasis_hardlp,separating_off,presolving_fast,separating_fast,default,heuristics_aggressive,emphasis_feasibility,emphasis_easycip,heuristics_fast,separating_aggressive,emphasis_optimality,presolving_aggressive,heuristics_off
toll-like,presolving_aggressive,presolving_fast,heuristics_aggressive,default,separating_fast,presolving_off,heuristics_fast,separating_aggressive,emphasis_easycip,separating_off,emphasis_feasibility,emphasis_hardlp,heuristics_off,emphasis_optimality
neos-631784,separating_off,heuristics_aggressive,emphasis_feasibility,default,separating_aggressive,separating_fast,presolving_fast,presolving_aggressive,emphasis_hardlp,presolving_off,heuristics_fast,emphasis_easycip,emphasis_optimality,heuristics_off
sct5,separating_off,separating_fast,presolving_fast,emphasis_feasibility,default,presolving_aggressive,presolving_off,separating_aggressive,emphasis_easycip,heuristics_fast,heuristics_aggressive,heuristics_off,emphasis_hardlp,emphasis_optimality
neos-1151496,separating_aggressive,separating_fast,separating_off,presolving_aggressive,presolving_fast,heuristics_fast,heuristics_off,presolving_off,emphasis_hardlp,default,heuristics_aggressive,emphasis_easycip,emphasis_optimality,emphasis_feasibility
triptim3,separating_off,separating_fast,separating_aggressive,presolving_off,presolving_fast,presolving_aggressive,heuristics_off,heuristics_fast,heuristics_aggressive,emphasis_optimality,emphasis_hardlp,emphasis_feasibility,emphasis_easycip,default
neos-803219,presolving_fast,separating_fast,emphasis_hardlp,default,separating_off,separating_aggressive,presolving_aggressive,heuristics_aggressive,emphasis_easycip,heuristics_fast,presolving_off,emphasis_feasibility,heuristics_off,emphasis_optimality
net12,separating_fast,emphasis_feasibility,separating_off,presolving_fast,presolving_aggressive,heuristics_aggressive,default,presolving_off,separating_aggressive,emphasis_optimality,heuristics_fast,emphasis_hardlp,emphasis_easycip,heuristics_off
satellites2-60,separating_off,presolving_fast,separating_fast,separating_aggressive,emphasis_feasibility,presolving_off,presolving_aggressive,heuristics_aggressive,heuristics_off,heuristics_fast,emphasis_hardlp,default,emphasis_optimality,emphasis_easycip
tanglegram2,heuristics_fast,presolving_fast,heuristics_aggressive,presolving_aggressive,separating_fast,default,emphasis_easycip,presolving_off,separating_aggressive,separating_off,emphasis_feasibility,emphasis_hardlp,emphasis_optimality,heuristics_off
neos-686190,emphasis_feasibility,default,separating_fast,separating_off,presolving_aggressive,presolving_fast,heuristics_aggressive,separating_aggressive,emphasis_easycip,heuristics_fast,presolving_off,emphasis_hardlp,heuristics_off,emphasis_optimality
neos-631517,presolving_off,presolving_fast,separating_aggressive,heuristics_aggressive,presolving_aggressive,default,emphasis_optimality,separating_fast,heuristics_fast,emphasis_hardlp,emphasis_feasibility,emphasis_easycip,separating_off,heuristics_off
biella1,presolving_fast,presolving_aggressive,separating_fast,default,presolving_off,separating_off,separating_aggressive,heuristics_aggressive,emphasis_feasibility,emphasis_optimality,emphasis_easycip,heuristics_fast,emphasis_hardlp,heuristics_off
bley_xl1,separating_off,separating_fast,emphasis_hardlp,presolving_fast,presolving_off,presolving_aggressive,heuristics_fast,heuristics_aggressive,emphasis_easycip,separating_aggressive,heuristics_off,default,emphasis_feasibility,emphasis_optimality
maxgasflow,presolving_off,presolving_fast,separating_fast,presolving_aggressive,separating_aggressive,emphasis_hardlp,heuristics_aggressive,default,separating_off,heuristics_fast,emphasis_optimality,emphasis_easycip,emphasis_feasibility,heuristics_off
p0033,emphasis_hardlp,presolving_fast,emphasis_easycip,heuristics_fast,separating_fast,default,presolving_aggressive,separating_off,presolving_off,heuristics_aggressive,separating_aggressive,heuristics_off,emphasis_feasibility,emphasis_optimality
nsr8k,presolving_aggressive,separating_fast,separating_off,presolving_fast,default,heuristics_aggressive,emphasis_feasibility,presolving_off,separating_aggressive,heuristics_fast,emphasis_optimality,emphasis_hardlp,emphasis_easycip,heuristics_off
neos-1112782,emphasis_feasibility,heuristics_aggressive,emphasis_optimality,emphasis_hardlp,default,presolving_aggressive,separating_off,separating_fast,presolving_fast,separating_aggressive,presolving_off,heuristics_fast,emphasis_easycip,heuristics_off
neos-803220,presolving_fast,separating_fast,emphasis_hardlp,default,separating_off,separating_aggressive,presolving_aggressive,heuristics_aggressive,emphasis_easycip,heuristics_fast,presolving_off,emphasis_feasibility,heuristics_off,emphasis_optimality
neos-931538,separating_off,emphasis_feasibility,presolving_fast,presolving_aggressive,separating_aggressive,heuristics_aggressive,default,presolving_off,separating_fast,heuristics_off,heuristics_fast,emphasis_hardlp,emphasis_easycip,emphasis_optimality
rococoB10-011000,separating_fast,heuristics_aggressive,separating_off,emphasis_feasibility,presolving_fast,presolving_aggressive,default,separating_aggressive,heuristics_fast,emphasis_hardlp,presolving_off,emphasis_easycip,emphasis_optimality,heuristics_off
neos-932816,separating_fast,default,presolving_aggressive,heuristics_aggressive,presolving_fast,emphasis_feasibility,separating_off,separating_aggressive,presolving_off,emphasis_hardlp,heuristics_fast,emphasis_optimality,emphasis_easycip,heuristics_off
iis-pima-cov,separating_off,heuristics_fast,emphasis_easycip,presolving_off,separating_fast,presolving_fast,presolving_aggressive,default,separating_aggressive,heuristics_aggressive,heuristics_off,emphasis_hardlp,emphasis_feasibility,emphasis_optimality
rocII-9-11,presolving_off,separating_off,separating_fast,separating_aggressive,presolving_fast,presolving_aggressive,heuristics_aggressive,heuristics_off,emphasis_feasibility,heuristics_fast,default,emphasis_optimality,emphasis_hardlp,emphasis_easycip
neos-1593097,separating_fast,emphasis_feasibility,presolving_fast,emphasis_easycip,heuristics_aggressive,heuristics_fast,default,presolving_aggressive,separating_off,emphasis_hardlp,separating_aggressive,presolving_off,heuristics_off,emphasis_optimality
neos-501453,default,separating_off,separating_fast,presolving_fast,presolving_aggressive,separating_aggressive,heuristics_fast,emphasis_optimality,heuristics_aggressive,presolving_off,emphasis_feasibility,emphasis_hardlp,heuristics_off,emphasis_easycip
rmine6,emphasis_hardlp,presolving_fast,separating_off,heuristics_aggressive,emphasis_feasibility,default,separating_fast,emphasis_easycip,heuristics_fast,presolving_off,separating_aggressive,presolving_aggressive,heuristics_off,emphasis_optimality
