stp3d,separating_off,separating_fast,presolving_fast,presolving_off,presolving_aggressive,heuristics_aggressive,separating_aggressive,emphasis_feasibility,emphasis_hardlp,heuristics_fast,emphasis_easycip,heuristics_off,default,emphasis_optimality
mspp16,separating_off,separating_aggressive,separating_fast,presolving_fast,presolving_aggressive,heuristics_aggressive,emphasis_feasibility,heuristics_fast,heuristics_off,emphasis_easycip,presolving_off,default,emphasis_optimality,emphasis_hardlp
tanglegram1,separating_off,presolving_fast,presolving_aggressive,separating_fast,separating_aggressive,presolving_off,emphasis_feasibility,default,heuristics_aggressive,emphasis_hardlp,heuristics_fast,heuristics_off,emphasis_easycip,emphasis_optimality
neos-1426662,separating_off,separating_fast,emphasis_feasibility,presolving_fast,default,presolving_aggressive,separating_aggressive,heuristics_aggressive,presolving_off,heuristics_fast,emphasis_optimality,emphasis_hardlp,emphasis_easycip,heuristics_off
satellites3-40,separating_off,separating_fast,presolving_off,emphasis_feasibility,presolving_fast,separating_aggressive,heuristics_aggressive,presolving_aggressive,heuristics_fast,heuristics_off,emphasis_optimality,emphasis_hardlp,emphasis_easycip,default
neos-1425699,heuristics_off,emphasis_easycip,presolving_off,separating_off,presolving_aggressive,separating_fast,presolving_fast,heuristics_fast,heuristics_aggressive,emphasis_optimality,emphasis_feasibility,separating_aggressive,default,emphasis_hardlp
neos-1311124,separating_off,separating_fast,emphasis_feasibility,default,presolving_fast,presolving_aggressive,separating_aggressive,heuristics_aggressive,presolving_off,emphasis_optimality,heuristics_fast,emphasis_hardlp,emphasis_easycip,heuristics_off
neos-1062641,separating_fast,default,separating_off,heuristics_aggressive,presolving_fast,separating_aggressive,emphasis_feasibility,presolving_aggressive,emphasis_hardlp,heuristics_fast,emphasis_optimality,presolving_off,emphasis_easycip,heuristics_off
t1717,emphasis_feasibility,heuristics_aggressive,separating_fast,separating_off,default,separating_aggressive,emphasis_optimality,presolving_fast,presolving_aggressive,presolving_off,heuristics_fast,heuristics_off,emphasis_hardlp,emphasis_easycip
gen,default,presolving_aggressive,separating_fast,presolving_fast,emphasis_hardlp,separating_off,heuristics_fast,heuristics_aggressive,separating_aggressive,emphasis_feasibility,emphasis_easycip,presolving_off,emphasis_optimality,heuristics_off
neos-595905,separating_fast,default,presolving_fast,presolving_aggressive,separating_off,heuristics_aggressive,separating_aggressive,emphasis_optimality,emphasis_feasibility,heuristics_fast,presolving_off,emphasis_easycip,heuristics_off,emphasis_hardlp
opm2-z10-s2,separating_off,presolving_off,presolving_fast,separating_fast,separating_aggressive,presolving_aggressive,heuristics_aggressive,emphasis_hardlp,emphasis_easycip,default,heuristics_fast,emphasis_feasibility,heuristics_off,emphasis_optimality
iis-pima-cov,separating_off,presolving_fast,presolving_off,default,separating_fast,heuristics_fast,presolving_aggressive,heuristics_aggressive,emphasis_easycip,emphasis_feasibility,separating_aggressive,emphasis_hardlp,emphasis_optimality,heuristics_off
reblock67,presolving_fast,presolving_off,separating_fast,default,separating_off,emphasis_hardlp,emphasis_easycip,separating_aggressive,heuristics_fast,heuristics_aggressive,presolving_aggressive,emphasis_feasibility,emphasis_optimality,heuristics_off
neos13,emphasis_feasibility,separating_off,separating_fast,presolving_off,presolving_fast,emphasis_hardlp,heuristics_aggressive,separating_aggressive,heuristics_fast,default,presolving_aggressive,emphasis_easycip,heuristics_off,emphasis_optimality
p100x588b,presolving_fast,separating_fast,default,heuristics_aggressive,presolving_aggressive,separating_off,separating_aggressive,emphasis_hardlp,presolving_off,heuristics_fast,emphasis_easycip,emphasis_feasibility,emphasis_optimality,heuristics_off
momentum2,presolving_fast,separating_fast,presolving_off,default,presolving_aggressive,heuristics_aggressive,emphasis_hardlp,emphasis_feasibility,separating_off,separating_aggressive,heuristics_fast,emphasis_optimality,emphasis_easycip,heuristics_off
neos-934441,default,presolving_fast,presolving_aggressive,separating_fast,heuristics_aggressive,separating_aggressive,emphasis_feasibility,presolving_off,separating_off,emphasis_hardlp,heuristics_fast,emphasis_easycip,emphasis_optimality,heuristics_off
neos-1440457,separating_off,separating_fast,emphasis_feasibility,presolving_fast,default,presolving_aggressive,separating_aggressive,heuristics_aggressive,presolving_off,heuristics_fast,emphasis_optimality,emphasis_hardlp,emphasis_easycip,heuristics_off
opm2-z7-s2,presolving_fast,separating_off,presolving_off,separating_fast,default,separating_aggressive,heuristics_aggressive,presolving_aggressive,emphasis_hardlp,emphasis_easycip,heuristics_fast,emphasis_feasibility,emphasis_optimality,heuristics_off
neos-950242,separating_off,separating_fast,separating_aggressive,presolving_fast,presolving_aggressive,emphasis_feasibility,heuristics_off,heuristics_aggressive,heuristics_fast,presolving_off,emphasis_optimality,emphasis_hardlp,emphasis_easycip,default
eilA101-2,separating_off,heuristics_off,presolving_off,presolving_fast,separating_fast,emphasis_easycip,heuristics_fast,emphasis_hardlp,separating_aggressive,heuristics_aggressive,presolving_aggressive,emphasis_optimality,emphasis_feasibility,default
stein27,emphasis_easycip,default,emphasis_hardlp,presolving_fast,heuristics_fast,heuristics_aggressive,presolving_aggressive,presolving_off,separating_fast,separating_aggressive,emphasis_feasibility,separating_off,heuristics_off,emphasis_optimality
neos-1436709,separating_off,separating_fast,emphasis_feasibility,presolving_fast,default,presolving_aggressive,separating_aggressive,heuristics_aggressive,presolving_off,heuristics_fast,emphasis_optimality,emphasis_hardlp,emphasis_easycip,heuristics_off
neos-662469,presolving_fast,default,presolving_aggressive,heuristics_aggressive,separating_fast,presolving_off,separating_aggressive,heuristics_off,heuristics_fast,emphasis_feasibility,separating_off,emphasis_optimality,emphasis_hardlp,emphasis_easycip
neos-780889,separating_off,separating_fast,separating_aggressive,presolving_off,presolving_fast,presolving_aggressive,heuristics_off,heuristics_fast,heuristics_aggressive,emphasis_optimality,emphasis_hardlp,emphasis_feasibility,emphasis_easycip,default
markshare2,separating_fast,separating_aggressive,separating_off,presolving_off,presolving_fast,presolving_aggressive,heuristics_fast,heuristics_off,heuristics_aggressive,emphasis_optimality,emphasis_feasibility,emphasis_hardlp,emphasis_easycip,default
neos-595925,separating_fast,presolving_fast,emphasis_feasibility,default,separating_off,presolving_aggressive,separating_aggressive,heuristics_aggressive,emphasis_optimality,heuristics_fast,presolving_off,emphasis_easycip,heuristics_off,emphasis_hardlp
rmatr200-p10,presolving_off,separating_off,separating_fast,presolving_fast,presolving_aggressive,emphasis_hardlp,heuristics_aggressive,emphasis_feasibility,default,separating_aggressive,heuristics_fast,emphasis_optimality,emphasis_easycip,heuristics_off
neos-948268,presolving_fast,separating_off,separating_fast,heuristics_aggressive,default,presolving_aggressive,emphasis_hardlp,emphasis_feasibility,separating_aggressive,presolving_off,heuristics_fast,emphasis_easycip,heuristics_off,emphasis_optimality
n3700,presolving_fast,separating_fast,separating_off,heuristics_aggressive,default,presolving_aggressive,presolving_off,separating_aggressive,heuristics_fast,emphasis_feasibility,emphasis_optimality,emphasis_hardlp,emphasis_easycip,heuristics_off
manna81,separating_fast,separating_aggressive,presolving_off,presolving_fast,presolving_aggressive,emphasis_optimality,separating_off,heuristics_fast,emphasis_hardlp,default,heuristics_off,heuristics_aggressive,emphasis_feasibility,emphasis_easycip
sp98ic,presolving_off,separating_fast,presolving_fast,emphasis_feasibility,default,presolving_aggressive,heuristics_aggressive,separating_aggressive,separating_off,emphasis_hardlp,emphasis_easycip,heuristics_fast,emphasis_optimality,heuristics_off
neos-1603518,separating_fast,presolving_aggressive,separating_off,separating_aggressive,presolving_fast,heuristics_aggressive,heuristics_fast,presolving_off,emphasis_feasibility,default,heuristics_off,emphasis_hardlp,emphasis_optimality,emphasis_easycip
neos-1460246,emphasis_feasibility,heuristics_aggressive,separating_fast,presolving_off,presolving_fast,default,separating_off,separating_aggressive,presolving_aggressive,emphasis_hardlp,emphasis_easycip,emphasis_optimality,heuristics_fast,heuristics_off
mod010,heuristics_aggressive,separating_fast,emphasis_feasibility,default,presolving_aggressive,emphasis_hardlp,presolving_fast,emphasis_easycip,separating_off,heuristics_fast,presolving_off,separating_aggressive,heuristics_off,emphasis_optimality
n3705,presolving_fast,separating_fast,separating_off,heuristics_aggressive,default,presolving_aggressive,presolving_off,separating_aggressive,heuristics_fast,emphasis_feasibility,emphasis_optimality,emphasis_hardlp,emphasis_easycip,heuristics_off
ns25-pr9,presolving_fast,separating_fast,presolving_off,presolving_aggressive,heuristics_fast,heuristics_aggressive,default,separating_off,emphasis_hardlp,separating_aggressive,emphasis_easycip,emphasis_feasibility,heuristics_off,emphasis_optimality
neos-935234,presolving_fast,separating_fast,presolving_off,default,presolving_aggressive,separating_off,heuristics_aggressive,emphasis_feasibility,separating_aggressive,emphasis_hardlp,emphasis_easycip,emphasis_optimality,heuristics_fast,heuristics_off
net12,separating_off,separating_fast,presolving_off,separating_aggressive,presolving_fast,presolving_aggressive,heuristics_aggressive,emphasis_feasibility,emphasis_hardlp,heuristics_off,heuristics_fast,emphasis_optimality,emphasis_easycip,default
neos-860244,emphasis_easycip,default,presolving_off,emphasis_hardlp,separating_off,separating_fast,presolving_fast,heuristics_fast,heuristics_aggressive,emphasis_optimality,emphasis_feasibility,heuristics_off,separating_aggressive,presolving_aggressive
nw04,separating_off,separating_fast,heuristics_off,presolving_aggressive,separating_aggressive,presolving_off,heuristics_fast,heuristics_aggressive,presolving_fast,emphasis_feasibility,default,emphasis_optimality,emphasis_hardlp,emphasis_easycip
gt2,presolving_fast,presolving_off,emphasis_optimality,emphasis_hardlp,emphasis_easycip,separating_fast,presolving_aggressive,separating_aggressive,default,heuristics_aggressive,emphasis_feasibility,separating_off,heuristics_off,heuristics_fast
neos-1605061,separating_fast,presolving_off,presolving_fast,emphasis_feasibility,separating_off,separating_aggressive,heuristics_aggressive,presolving_aggressive,heuristics_fast,default,emphasis_hardlp,emphasis_easycip,heuristics_off,emphasis_optimality
neos-585192,default,separating_fast,presolving_aggressive,separating_off,heuristics_fast,heuristics_off,emphasis_feasibility,heuristics_aggressive,separating_aggressive,emphasis_optimality,presolving_fast,emphasis_easycip,emphasis_hardlp,presolving_off
neos-913984,separating_fast,separating_aggressive,presolving_off,separating_off,presolving_fast,presolving_aggressive,heuristics_off,heuristics_fast,emphasis_optimality,heuristics_aggressive,emphasis_hardlp,default,emphasis_feasibility,emphasis_easycip
dcmulti,presolving_fast,separating_fast,presolving_off,presolving_aggressive,default,emphasis_hardlp,heuristics_aggressive,separating_off,heuristics_fast,emphasis_easycip,separating_aggressive,emphasis_feasibility,emphasis_optimality,heuristics_off
neos-522351,presolving_fast,presolving_aggressive,default,separating_aggressive,heuristics_aggressive,separating_fast,presolving_off,emphasis_hardlp,emphasis_optimality,separating_off,heuristics_fast,emphasis_feasibility,emphasis_easycip,heuristics_off
neos-839859,presolving_fast,emphasis_hardlp,separating_fast,heuristics_aggressive,default,presolving_off,emphasis_feasibility,separating_off,presolving_aggressive,heuristics_fast,separating_aggressive,emphasis_optimality,emphasis_easycip,heuristics_off
rmine14,separating_off,presolving_off,presolving_fast,separating_fast,presolving_aggressive,heuristics_aggressive,separating_aggressive,emphasis_hardlp,emphasis_feasibility,emphasis_easycip,default,heuristics_fast,heuristics_off,emphasis_optimality
flugpl,separating_fast,default,presolving_aggressive,separating_aggressive,heuristics_aggressive,emphasis_easycip,presolving_fast,emphasis_hardlp,presolving_off,heuristics_fast,emphasis_optimality,emphasis_feasibility,separating_off,heuristics_off
neos-936660,presolving_fast,separating_fast,default,separating_off,presolving_aggressive,presolving_off,separating_aggressive,heuristics_aggressive,emphasis_feasibility,emphasis_hardlp,emphasis_easycip,emphasis_optimality,heuristics_fast,heuristics_off
neos-847302,emphasis_feasibility,default,separating_fast,heuristics_aggressive,presolving_fast,presolving_aggressive,separating_aggressive,emphasis_hardlp,presolving_off,heuristics_fast,emphasis_easycip,separating_off,heuristics_off,emphasis_optimality
neos-631517,presolving_fast,default,presolving_aggressive,heuristics_aggressive,separating_fast,separating_aggressive,emphasis_feasibility,presolving_off,separating_off,emphasis_optimality,emphasis_hardlp,emphasis_easycip,heuristics_fast,heuristics_off
bab3,heuristics_fast,emphasis_hardlp,emphasis_easycip,separating_off,presolving_fast,presolving_aggressive,default,separating_fast,presolving_off,heuristics_off,emphasis_feasibility,heuristics_aggressive,separating_aggressive,emphasis_optimality
neos-1415183,presolving_fast,heuristics_aggressive,separating_off,separating_fast,emphasis_feasibility,presolving_aggressive,default,separating_aggressive,presolving_off,heuristics_fast,emphasis_hardlp,emphasis_easycip,heuristics_off,emphasis_optimality
30n20b8,emphasis_feasibility,separating_off,heuristics_aggressive,default,separating_fast,separating_aggressive,presolving_fast,presolving_aggressive,heuristics_off,presolving_off,heuristics_fast,emphasis_optimality,emphasis_easycip,emphasis_hardlp
satellites3-40-fs,separating_off,separating_fast,presolving_off,emphasis_feasibility,presolving_fast,heuristics_aggressive,separating_aggressive,presolving_aggressive,heuristics_fast,emphasis_hardlp,emphasis_easycip,emphasis_optimality,default,heuristics_off
n3-3,presolving_off,presolving_fast,separating_fast,separating_off,presolving_aggressive,heuristics_fast,heuristics_aggressive,default,separating_aggressive,emphasis_hardlp,emphasis_easycip,emphasis_feasibility,emphasis_optimality,heuristics_off
neos-584866,presolving_fast,separating_off,heuristics_aggressive,presolving_aggressive,separating_fast,separating_aggressive,emphasis_feasibility,default,heuristics_fast,presolving_off,emphasis_hardlp,heuristics_off,emphasis_easycip,emphasis_optimality
mine-166-5,presolving_fast,separating_off,separating_fast,default,separating_aggressive,presolving_off,emphasis_hardlp,heuristics_fast,heuristics_aggressive,emphasis_easycip,presolving_aggressive,emphasis_feasibility,heuristics_off,emphasis_optimality
