neos-1121679,separating_off,separating_fast,separating_aggressive,presolving_off,presolving_fast,presolving_aggressive,heuristics_off,heuristics_fast,heuristics_aggressive,emphasis_optimality,emphasis_hardlp,emphasis_feasibility,emphasis_easycip,default
neos-934531,separating_off,presolving_fast,emphasis_hardlp,separating_fast,separating_aggressive,emphasis_easycip,heuristics_aggressive,presolving_off,presolving_aggressive,default,emphasis_feasibility,heuristics_off,heuristics_fast,emphasis_optimality
neos-848198,presolving_fast,presolving_aggressive,default,heuristics_fast,presolving_off,heuristics_aggressive,emphasis_hardlp,separating_aggressive,separating_fast,emphasis_optimality,heuristics_off,emphasis_easycip,separating_off,emphasis_feasibility
a1c1s1,default,presolving_fast,presolving_aggressive,heuristics_aggressive,separating_aggressive,separating_fast,presolving_off,emphasis_optimality,emphasis_hardlp,heuristics_fast,emphasis_easycip,emphasis_feasibility,separating_off,heuristics_off
rmine25,presolving_off,presolving_fast,emphasis_hardlp,emphasis_easycip,separating_off,heuristics_aggressive,separating_fast,default,emphasis_feasibility,heuristics_fast,separating_aggressive,emphasis_optimality,presolving_aggressive,heuristics_off
neos-912015,presolving_aggressive,separating_aggressive,heuristics_off,presolving_off,separating_fast,default,heuristics_aggressive,emphasis_feasibility,emphasis_hardlp,heuristics_fast,presolving_fast,emphasis_easycip,emphasis_optimality,separating_off
neos-826694,separating_off,separating_fast,emphasis_feasibility,separating_aggressive,presolving_off,presolving_fast,presolving_aggressive,heuristics_aggressive,heuristics_off,heuristics_fast,emphasis_optimality,emphasis_hardlp,emphasis_easycip,default
ns60-pr3,emphasis_hardlp,emphasis_easycip,presolving_off,heuristics_fast,separating_fast,presolving_aggressive,default,separating_off,presolving_fast,heuristics_aggressive,separating_aggressive,emphasis_feasibility,heuristics_off,emphasis_optimality
neos-584866,separating_off,presolving_fast,emphasis_hardlp,separating_fast,separating_aggressive,presolving_aggressive,emphasis_easycip,default,heuristics_aggressive,presolving_off,heuristics_fast,emphasis_feasibility,emphasis_optimality,heuristics_off
dano3_3,presolving_aggressive,separating_fast,presolving_fast,emphasis_easycip,default,separating_off,heuristics_fast,presolving_off,emphasis_hardlp,separating_aggressive,emphasis_optimality,emphasis_feasibility,heuristics_aggressive,heuristics_off
bnatt350,separating_off,emphasis_hardlp,presolving_off,separating_fast,presolving_fast,emphasis_feasibility,emphasis_easycip,default,presolving_aggressive,heuristics_aggressive,separating_aggressive,heuristics_off,heuristics_fast,emphasis_optimality
rd-rplusc-21,separating_off,separating_fast,presolving_fast,presolving_aggressive,heuristics_aggressive,emphasis_feasibility,default,separating_aggressive,presolving_off,emphasis_optimality,emphasis_hardlp,heuristics_off,heuristics_fast,emphasis_easycip
mkc,separating_off,presolving_fast,presolving_aggressive,separating_fast,presolving_off,emphasis_easycip,emphasis_feasibility,emphasis_hardlp,heuristics_aggressive,default,separating_aggressive,heuristics_fast,emphasis_optimality,heuristics_off
eilB101,default,separating_fast,separating_off,presolving_fast,heuristics_aggressive,presolving_aggressive,heuristics_off,heuristics_fast,emphasis_hardlp,presolving_off,emphasis_feasibility,emphasis_easycip,separating_aggressive,emphasis_optimality
neos-935348,separating_off,separating_fast,presolving_fast,default,presolving_aggressive,separating_aggressive,presolving_off,emphasis_feasibility,heuristics_aggressive,emphasis_easycip,emphasis_hardlp,emphasis_optimality,heuristics_fast,heuristics_off
ns1904248,separating_off,separating_fast,presolving_fast,separating_aggressive,presolving_aggressive,presolving_off,heuristics_aggressive,heuristics_fast,default,emphasis_feasibility,emphasis_optimality,emphasis_hardlp,emphasis_easycip,heuristics_off
neos-582605,separating_off,separating_fast,presolving_fast,separating_aggressive,presolving_aggressive,heuristics_aggressive,presolving_off,heuristics_fast,default,emphasis_feasibility,emphasis_hardlp,heuristics_off,emphasis_optimality,emphasis_easycip
rmatr100-p10,separating_off,default,separating_fast,presolving_fast,presolving_aggressive,emphasis_hardlp,separating_aggressive,heuristics_aggressive,presolving_off,emphasis_feasibility,heuristics_fast,emphasis_easycip,emphasis_optimality,heuristics_off
ns1208400,default,separating_fast,separating_aggressive,presolving_aggressive,emphasis_feasibility,separating_off,heuristics_aggressive,presolving_fast,heuristics_off,heuristics_fast,presolving_off,emphasis_easycip,emphasis_hardlp,emphasis_optimality
bell3a,presolving_aggressive,default,separating_aggressive,separating_fast,presolving_fast,heuristics_fast,emphasis_optimality,separating_off,heuristics_aggressive,emphasis_hardlp,presolving_off,emphasis_easycip,heuristics_off,emphasis_feasibility
iis-pima-cov,separating_off,heuristics_fast,emphasis_easycip,presolving_off,separating_fast,presolving_fast,presolving_aggressive,default,separating_aggressive,heuristics_aggressive,heuristics_off,emphasis_hardlp,emphasis_feasibility,emphasis_optimality
neos-1426662,separating_off,presolving_fast,separating_fast,presolving_off,default,presolving_aggressive,emphasis_feasibility,separating_aggressive,heuristics_aggressive,emphasis_optimality,heuristics_fast,emphasis_hardlp,emphasis_easycip,heuristics_off
gt2,heuristics_fast,default,presolving_aggressive,separating_fast,separating_off,presolving_fast,heuristics_aggressive,emphasis_hardlp,emphasis_easycip,separating_aggressive,presolving_off,heuristics_off,emphasis_optimality,emphasis_feasibility
tr12-30,presolving_fast,heuristics_aggressive,separating_fast,presolving_off,presolving_aggressive,emphasis_hardlp,default,separating_aggressive,heuristics_fast,emphasis_easycip,emphasis_optimality,emphasis_feasibility,heuristics_off,separating_off
eilA101-2,separating_off,default,separating_fast,heuristics_off,presolving_aggressive,heuristics_fast,presolving_fast,emphasis_hardlp,emphasis_easycip,heuristics_aggressive,emphasis_feasibility,presolving_off,separating_aggressive,emphasis_optimality
qnet1,separating_fast,heuristics_aggressive,emphasis_feasibility,separating_off,presolving_aggressive,presolving_fast,default,heuristics_fast,emphasis_hardlp,separating_aggressive,emphasis_easycip,presolving_off,emphasis_optimality,heuristics_off
acc-tight5,presolving_fast,default,separating_fast,separating_off,separating_aggressive,presolving_aggressive,emphasis_hardlp,heuristics_aggressive,emphasis_feasibility,heuristics_fast,presolving_off,emphasis_easycip,heuristics_off,emphasis_optimality
neos-1330635,separating_off,separating_fast,presolving_fast,presolving_aggressive,emphasis_hardlp,separating_aggressive,default,presolving_off,heuristics_fast,heuristics_aggressive,emphasis_easycip,emphasis_feasibility,emphasis_optimality,heuristics_off
neos-880324,separating_fast,presolving_fast,emphasis_easycip,default,separating_off,separating_aggressive,presolving_aggressive,emphasis_hardlp,presolving_off,heuristics_fast,heuristics_aggressive,emphasis_feasibility,heuristics_off,emphasis_optimality
neos-1109824,emphasis_hardlp,presolving_fast,emphasis_feasibility,separating_fast,emphasis_easycip,presolving_aggressive,default,heuristics_aggressive,separating_off,presolving_off,heuristics_off,heuristics_fast,separating_aggressive,emphasis_optimality
b2c1s1,presolving_fast,heuristics_aggressive,default,presolving_aggressive,separating_fast,presolving_off,separating_off,emphasis_hardlp,emphasis_feasibility,separating_aggressive,heuristics_fast,emphasis_optimality,emphasis_easycip,heuristics_off
neos-935496,emphasis_feasibility,separating_off,separating_fast,presolving_fast,separating_aggressive,emphasis_hardlp,presolving_aggressive,default,heuristics_fast,heuristics_aggressive,presolving_off,emphasis_easycip,heuristics_off,emphasis_optimality
50v-10,separating_off,emphasis_feasibility,default,separating_fast,heuristics_aggressive,presolving_aggressive,emphasis_easycip,emphasis_hardlp,presolving_fast,separating_aggressive,presolving_off,heuristics_off,heuristics_fast,emphasis_optimality
neos-1427261,separating_off,presolving_fast,separating_fast,default,presolving_aggressive,emphasis_feasibility,separating_aggressive,presolving_off,heuristics_aggressive,emphasis_optimality,emphasis_hardlp,heuristics_fast,emphasis_easycip,heuristics_off
neos-585192,separating_off,separating_fast,presolving_off,presolving_aggressive,emphasis_feasibility,presolving_fast,separating_aggressive,emphasis_hardlp,emphasis_easycip,default,heuristics_aggressive,heuristics_off,heuristics_fast,emphasis_optimality
roll3000,default,separating_off,separating_fast,presolving_aggressive,presolving_fast,heuristics_fast,separating_aggressive,emphasis_hardlp,heuristics_aggressive,emphasis_feasibility,presolving_off,heuristics_off,emphasis_easycip,emphasis_optimality
ivu06-big,separating_off,separating_fast,presolving_fast,presolving_aggressive,default,heuristics_aggressive,separating_aggressive,presolving_off,heuristics_off,heuristics_fast,emphasis_feasibility,emphasis_hardlp,emphasis_easycip,emphasis_optimality
neos-548047,separating_aggressive,emphasis_hardlp,heuristics_aggressive,emphasis_feasibility,default,presolving_fast,heuristics_fast,separating_fast,emphasis_easycip,presolving_aggressive,emphasis_optimality,separating_off,presolving_off,heuristics_off
rocII-9-11,presolving_off,separating_off,separating_fast,separating_aggressive,presolving_fast,presolving_aggressive,emphasis_feasibility,heuristics_aggressive,heuristics_fast,heuristics_off,default,emphasis_optimality,emphasis_hardlp,emphasis_easycip
neos-612162,heuristics_fast,presolving_fast,presolving_off,default,presolving_aggressive,emphasis_hardlp,heuristics_aggressive,separating_aggressive,emphasis_optimality,heuristics_off,emphasis_easycip,separating_fast,separating_off,emphasis_feasibility
neos-808072,emphasis_feasibility,presolving_fast,heuristics_fast,presolving_aggressive,emphasis_easycip,separating_off,separating_fast,heuristics_off,emphasis_hardlp,presolving_off,heuristics_aggressive,default,separating_aggressive,emphasis_optimality
arki001,emphasis_feasibility,separating_off,separating_fast,separating_aggressive,default,presolving_fast,presolving_aggressive,heuristics_aggressive,presolving_off,emphasis_hardlp,heuristics_fast,emphasis_optimality,emphasis_easycip,heuristics_off
harp2,emphasis_feasibility,separating_fast,default,separating_off,emphasis_hardlp,presolving_aggressive,presolving_fast,heuristics_aggressive,emphasis_easycip,presolving_off,heuristics_fast,heuristics_off,separating_aggressive,emphasis_optimality
neos-876808,emphasis_feasibility,separating_off,separating_fast,presolving_fast,heuristics_aggressive,separating_aggressive,emphasis_hardlp,default,presolving_off,presolving_aggressive,heuristics_fast,heuristics_off,emphasis_optimality,emphasis_easycip
dfn-gwin-UUM,separating_aggressive,presolving_off,presolving_fast,presolving_aggressive,default,separating_off,separating_fast,heuristics_aggressive,emphasis_hardlp,heuristics_fast,emphasis_optimality,emphasis_feasibility,emphasis_easycip,heuristics_off
neos-1603512,separating_aggressive,emphasis_hardlp,emphasis_easycip,separating_fast,presolving_fast,default,presolving_aggressive,emphasis_optimality,heuristics_off,heuristics_fast,separating_off,heuristics_aggressive,presolving_off,emphasis_feasibility
mitre,separating_fast,presolving_aggressive,default,heuristics_fast,heuristics_aggressive,separating_aggressive,presolving_fast,emphasis_hardlp,presolving_off,emphasis_feasibility,emphasis_easycip,separating_off,heuristics_off,emphasis_optimality
neos-1426635,presolving_off,separating_fast,separating_off,presolving_fast,emphasis_feasibility,default,separating_aggressive,presolving_aggressive,heuristics_aggressive,emphasis_optimality,emphasis_hardlp,heuristics_fast,emphasis_easycip,heuristics_off
fiball,separating_aggressive,presolving_fast,heuristics_aggressive,default,presolving_aggressive,separating_fast,heuristics_fast,emphasis_feasibility,separating_off,presolving_off,emphasis_optimality,emphasis_hardlp,emphasis_easycip,heuristics_off
triptim3,separating_off,separating_fast,separating_aggressive,presolving_off,presolving_fast,presolving_aggressive,heuristics_off,heuristics_fast,heuristics_aggressive,emphasis_optimality,emphasis_hardlp,emphasis_feasibility,emphasis_easycip,default
neos-847051,presolving_fast,heuristics_aggressive,default,presolving_aggressive,separating_fast,separating_aggressive,presolving_off,emphasis_hardlp,heuristics_fast,emphasis_optimality,emphasis_feasibility,emphasis_easycip,separating_off,heuristics_off
neos12,separating_aggressive,default,separating_off,presolving_fast,separating_fast,presolving_aggressive,heuristics_fast,heuristics_aggressive,emphasis_hardlp,emphasis_easycip,emphasis_feasibility,presolving_off,emphasis_optimality,heuristics_off
neos-937511,separating_off,presolving_off,default,presolving_fast,separating_fast,separating_aggressive,presolving_aggressive,heuristics_aggressive,emphasis_feasibility,emphasis_easycip,emphasis_hardlp,heuristics_fast,emphasis_optimality,heuristics_off
dc1l,heuristics_aggressive,separating_off,separating_fast,default,presolving_aggressive,presolving_fast,presolving_off,emphasis_feasibility,emphasis_easycip,separating_aggressive,heuristics_fast,emphasis_optimality,emphasis_hardlp,heuristics_off
neos-1445765,separating_fast,separating_off,emphasis_feasibility,heuristics_aggressive,default,emphasis_optimality,heuristics_fast,separating_aggressive,heuristics_off,emphasis_hardlp,presolving_off,presolving_fast,emphasis_easycip,presolving_aggressive
neos-585467,separating_off,presolving_off,emphasis_feasibility,separating_fast,presolving_fast,default,presolving_aggressive,emphasis_hardlp,emphasis_easycip,separating_aggressive,heuristics_aggressive,heuristics_fast,emphasis_optimality,heuristics_off
n3700,heuristics_aggressive,presolving_fast,presolving_aggressive,default,heuristics_fast,separating_aggressive,emphasis_optimality,emphasis_hardlp,emphasis_feasibility,separating_fast,presolving_off,emphasis_easycip,separating_off,heuristics_off
satellites2-60,separating_off,presolving_fast,separating_fast,separating_aggressive,presolving_off,presolving_aggressive,emphasis_feasibility,heuristics_off,heuristics_fast,heuristics_aggressive,emphasis_hardlp,emphasis_optimality,default,emphasis_easycip
neos-850681,emphasis_feasibility,presolving_aggressive,heuristics_aggressive,emphasis_hardlp,heuristics_fast,heuristics_off,separating_off,emphasis_easycip,separating_fast,presolving_fast,presolving_off,default,separating_aggressive,emphasis_optimality
neos-785899,presolving_fast,presolving_off,separating_fast,emphasis_easycip,separating_off,presolving_aggressive,heuristics_fast,emphasis_hardlp,default,heuristics_aggressive,emphasis_feasibility,separating_aggressive,heuristics_off,emphasis_optimality
neos-935674,emphasis_hardlp,emphasis_feasibility,default,separating_fast,separating_aggressive,presolving_aggressive,heuristics_aggressive,heuristics_fast,presolving_fast,separating_off,emphasis_easycip,heuristics_off,presolving_off,emphasis_optimality
