neos-826841,heuristics_aggressive,separating_off,separating_fast,presolving_fast,default,presolving_aggressive,emphasis_feasibility,separating_aggressive,presolving_off,emphasis_optimality,heuristics_fast,emphasis_hardlp,emphasis_easycip,heuristics_off
transportmoment,default,separating_fast,separating_aggressive,heuristics_aggressive,presolving_off,presolving_fast,presolving_aggressive,emphasis_feasibility,separating_off,heuristics_fast,emphasis_optimality,emphasis_hardlp,heuristics_off,emphasis_easycip
neos-1437164,presolving_fast,heuristics_aggressive,separating_off,separating_fast,separating_aggressive,emphasis_feasibility,presolving_aggressive,default,emphasis_hardlp,presolving_off,heuristics_fast,emphasis_optimality,emphasis_easycip,heuristics_off
neos-932816,default,separating_fast,emphasis_feasibility,presolving_fast,presolving_aggressive,heuristics_aggressive,emphasis_hardlp,heuristics_fast,separating_off,separating_aggressive,emphasis_easycip,presolving_off,emphasis_optimality,heuristics_off
neos-957143,presolving_off,separating_off,separating_fast,presolving_fast,emphasis_feasibility,heuristics_aggressive,presolving_aggressive,emphasis_hardlp,default,separating_aggressive,emphasis_easycip,heuristics_fast,emphasis_optimality,heuristics_off
neos-1605061,separating_fast,presolving_off,presolving_fast,emphasis_feasibility,separating_off,presolving_aggressive,separating_aggressive,heuristics_aggressive,default,heuristics_fast,emphasis_hardlp,emphasis_easycip,heuristics_off,emphasis_optimality
fiball,separating_aggressive,separating_fast,presolving_fast,presolving_aggressive,heuristics_aggressive,emphasis_optimality,default,emphasis_feasibility,separating_off,presolving_off,heuristics_fast,emphasis_hardlp,heuristics_off,emphasis_easycip
rocII-7-11,separating_fast,emphasis_feasibility,separating_off,separating_aggressive,presolving_off,heuristics_aggressive,presolving_fast,heuristics_off,heuristics_fast,default,presolving_aggressive,emphasis_hardlp,emphasis_optimality,emphasis_easycip
timtab2,default,separating_aggressive,presolving_aggressive,heuristics_aggressive,separating_fast,heuristics_fast,presolving_fast,heuristics_off,emphasis_easycip,separating_off,presolving_off,emphasis_optimality,emphasis_feasibility,emphasis_hardlp
khb05250,presolving_fast,default,presolving_aggressive,presolving_off,emphasis_hardlp,separating_aggressive,heuristics_fast,heuristics_aggressive,separating_fast,emphasis_easycip,emphasis_optimality,separating_off,heuristics_off,emphasis_feasibility
neos-1171448,separating_off,separating_fast,presolving_off,presolving_fast,presolving_aggressive,emphasis_feasibility,separating_aggressive,heuristics_aggressive,default,emphasis_hardlp,emphasis_easycip,heuristics_fast,emphasis_optimality,heuristics_off
toll-like,separating_off,presolving_aggressive,separating_fast,presolving_fast,presolving_off,heuristics_aggressive,default,separating_aggressive,emphasis_hardlp,emphasis_feasibility,emphasis_easycip,heuristics_fast,heuristics_off,emphasis_optimality
neos-633273,separating_fast,default,presolving_aggressive,heuristics_aggressive,emphasis_feasibility,separating_off,heuristics_fast,presolving_fast,heuristics_off,separating_aggressive,emphasis_optimality,emphasis_hardlp,emphasis_easycip,presolving_off
neos-593853,presolving_off,presolving_fast,default,separating_fast,separating_aggressive,presolving_aggressive,separating_off,heuristics_fast,heuristics_aggressive,emphasis_optimality,emphasis_easycip,heuristics_off,emphasis_hardlp,emphasis_feasibility
neos-584146,presolving_fast,separating_fast,presolving_aggressive,separating_off,default,separating_aggressive,heuristics_fast,heuristics_aggressive,presolving_off,emphasis_hardlp,emphasis_easycip,emphasis_feasibility,heuristics_off,emphasis_optimality
rvb-sub,separating_off,separating_fast,heuristics_fast,emphasis_hardlp,presolving_fast,emphasis_easycip,default,heuristics_aggressive,emphasis_feasibility,presolving_off,heuristics_off,separating_aggressive,presolving_aggressive,emphasis_optimality
neos-1311124,separating_off,separating_fast,emphasis_feasibility,default,presolving_fast,presolving_aggressive,separating_aggressive,heuristics_aggressive,presolving_off,emphasis_optimality,heuristics_fast,emphasis_hardlp,emphasis_easycip,heuristics_off
neos-827175,heuristics_aggressive,separating_off,separating_fast,presolving_fast,presolving_aggressive,default,emphasis_feasibility,separating_aggressive,presolving_off,emphasis_optimality,heuristics_fast,emphasis_hardlp,emphasis_easycip,heuristics_off
neos-1460543,presolving_fast,emphasis_feasibility,presolving_off,separating_off,heuristics_aggressive,separating_fast,separating_aggressive,default,presolving_aggressive,emphasis_hardlp,emphasis_easycip,emphasis_optimality,heuristics_fast,heuristics_off
n3seq24,separating_fast,separating_off,presolving_off,presolving_fast,heuristics_aggressive,emphasis_hardlp,emphasis_feasibility,separating_aggressive,presolving_aggressive,default,heuristics_off,heuristics_fast,emphasis_easycip,emphasis_optimality
neos-548047,presolving_fast,separating_off,separating_fast,separating_aggressive,default,presolving_aggressive,heuristics_fast,heuristics_aggressive,emphasis_feasibility,heuristics_off,emphasis_hardlp,emphasis_easycip,presolving_off,emphasis_optimality
neos-941698,separating_fast,separating_aggressive,default,presolving_aggressive,presolving_fast,heuristics_aggressive,emphasis_feasibility,heuristics_fast,heuristics_off,presolving_off,emphasis_hardlp,separating_off,emphasis_easycip,emphasis_optimality
pigeon-13,separating_off,emphasis_hardlp,separating_fast,presolving_fast,presolving_aggressive,emphasis_feasibility,presolving_off,emphasis_easycip,default,heuristics_fast,separating_aggressive,heuristics_aggressive,heuristics_off,emphasis_optimality
neos-912015,separating_fast,presolving_fast,presolving_aggressive,emphasis_hardlp,heuristics_fast,heuristics_off,heuristics_aggressive,separating_aggressive,emphasis_feasibility,default,emphasis_easycip,separating_off,presolving_off,emphasis_optimality
prod1,separating_fast,presolving_off,presolving_fast,presolving_aggressive,separating_off,emphasis_hardlp,emphasis_easycip,heuristics_fast,default,separating_aggressive,heuristics_off,heuristics_aggressive,emphasis_optimality,emphasis_feasibility
dfn-gwin-UUM,presolving_off,presolving_fast,presolving_aggressive,separating_aggressive,default,separating_fast,heuristics_aggressive,separating_off,heuristics_fast,emphasis_optimality,emphasis_hardlp,emphasis_feasibility,emphasis_easycip,heuristics_off
pigeon-12,separating_off,emphasis_hardlp,separating_fast,presolving_fast,presolving_aggressive,emphasis_feasibility,emphasis_easycip,default,presolving_off,heuristics_fast,separating_aggressive,heuristics_aggressive,heuristics_off,emphasis_optimality
ns60-pr9,presolving_fast,heuristics_aggressive,default,presolving_off,separating_off,separating_fast,presolving_aggressive,heuristics_fast,separating_aggressive,emphasis_hardlp,emphasis_easycip,emphasis_feasibility,emphasis_optimality,heuristics_off
neos-506422,presolving_fast,separating_off,heuristics_aggressive,presolving_off,separating_fast,default,presolving_aggressive,emphasis_hardlp,emphasis_easycip,emphasis_feasibility,heuristics_fast,separating_aggressive,emphasis_optimality,heuristics_off
satellites3-40,separating_off,separating_fast,presolving_off,emphasis_feasibility,presolving_fast,separating_aggressive,heuristics_aggressive,presolving_aggressive,heuristics_fast,emphasis_hardlp,heuristics_off,emphasis_easycip,emphasis_optimality,default
a1c1s1,emphasis_hardlp,presolving_fast,separating_off,presolving_aggressive,separating_fast,default,separating_aggressive,emphasis_easycip,presolving_off,heuristics_fast,heuristics_aggressive,emphasis_optimality,emphasis_feasibility,heuristics_off
neos-820879,presolving_fast,separating_fast,presolving_off,heuristics_aggressive,default,separating_off,presolving_aggressive,separating_aggressive,emphasis_feasibility,heuristics_fast,emphasis_easycip,emphasis_hardlp,emphasis_optimality,heuristics_off
neos-1456979,separating_off,emphasis_feasibility,separating_fast,presolving_fast,presolving_aggressive,heuristics_aggressive,default,separating_aggressive,presolving_off,emphasis_hardlp,emphasis_easycip,heuristics_fast,emphasis_optimality,heuristics_off
newdano,presolving_fast,default,separating_fast,presolving_aggressive,separating_aggressive,heuristics_fast,heuristics_aggressive,emphasis_hardlp,separating_off,presolving_off,emphasis_easycip,emphasis_feasibility,heuristics_off,emphasis_optimality
neos-826812,heuristics_aggressive,separating_off,separating_fast,presolving_fast,default,presolving_aggressive,emphasis_feasibility,separating_aggressive,presolving_off,emphasis_optimality,heuristics_fast,emphasis_hardlp,emphasis_easycip,heuristics_off
opm2-z7-s2,presolving_fast,separating_off,presolving_off,emphasis_hardlp,separating_fast,emphasis_easycip,default,heuristics_fast,heuristics_aggressive,emphasis_feasibility,separating_aggressive,presolving_aggressive,heuristics_off,emphasis_optimality
neos-631784,separating_off,separating_fast,presolving_fast,separating_aggressive,presolving_aggressive,heuristics_aggressive,emphasis_feasibility,default,presolving_off,heuristics_fast,heuristics_off,emphasis_hardlp,emphasis_optimality,emphasis_easycip
mzzv11,emphasis_feasibility,separating_off,separating_fast,separating_aggressive,presolving_off,heuristics_aggressive,presolving_fast,default,presolving_aggressive,emphasis_hardlp,heuristics_off,heuristics_fast,emphasis_easycip,emphasis_optimality
bg512142,default,presolving_fast,presolving_aggressive,heuristics_aggressive,emphasis_hardlp,separating_fast,heuristics_fast,separating_aggressive,presolving_off,emphasis_easycip,emphasis_feasibility,separating_off,emphasis_optimality,heuristics_off
l152lav,heuristics_aggressive,emphasis_hardlp,default,separating_fast,emphasis_feasibility,emphasis_easycip,presolving_fast,separating_off,presolving_aggressive,heuristics_fast,presolving_off,heuristics_off,separating_aggressive,emphasis_optimality
neos-848845,emphasis_feasibility,separating_fast,presolving_fast,heuristics_aggressive,emphasis_hardlp,default,presolving_aggressive,presolving_off,separating_aggressive,emphasis_easycip,heuristics_fast,separating_off,heuristics_off,emphasis_optimality
neos-1224597,emphasis_feasibility,emphasis_hardlp,separating_off,presolving_fast,separating_fast,presolving_off,heuristics_off,presolving_aggressive,separating_aggressive,heuristics_fast,heuristics_aggressive,default,emphasis_easycip,emphasis_optimality
mitre,separating_fast,default,presolving_aggressive,separating_aggressive,separating_off,heuristics_aggressive,emphasis_feasibility,heuristics_fast,emphasis_optimality,presolving_fast,presolving_off,emphasis_easycip,heuristics_off,emphasis_hardlp
neos-983171,presolving_fast,separating_fast,separating_off,default,separating_aggressive,presolving_off,presolving_aggressive,emphasis_feasibility,heuristics_aggressive,emphasis_hardlp,emphasis_easycip,emphasis_optimality,heuristics_fast,heuristics_off
neos-807639,presolving_fast,presolving_aggressive,separating_off,presolving_off,emphasis_easycip,emphasis_hardlp,separating_fast,heuristics_aggressive,default,separating_aggressive,emphasis_feasibility,heuristics_off,heuristics_fast,emphasis_optimality
neos-525149,default,emphasis_hardlp,emphasis_feasibility,emphasis_easycip,presolving_aggressive,heuristics_fast,separating_fast,heuristics_aggressive,separating_off,separating_aggressive,presolving_fast,heuristics_off,emphasis_optimality,presolving_off
ns1853823,emphasis_feasibility,separating_off,separating_fast,presolving_off,heuristics_aggressive,presolving_fast,separating_aggressive,presolving_aggressive,default,emphasis_optimality,heuristics_fast,emphasis_hardlp,heuristics_off,emphasis_easycip
sp97ar,presolving_off,separating_fast,presolving_fast,presolving_aggressive,emphasis_feasibility,heuristics_aggressive,default,separating_off,separating_aggressive,emphasis_hardlp,emphasis_easycip,heuristics_fast,emphasis_optimality,heuristics_off
neos-583731,presolving_fast,presolving_off,heuristics_aggressive,emphasis_feasibility,emphasis_hardlp,separating_off,separating_fast,presolving_aggressive,emphasis_easycip,default,separating_aggressive,heuristics_fast,heuristics_off,emphasis_optimality
triptim2,separating_off,separating_fast,presolving_off,presolving_fast,presolving_aggressive,separating_aggressive,heuristics_fast,heuristics_off,heuristics_aggressive,emphasis_hardlp,emphasis_feasibility,emphasis_optimality,default,emphasis_easycip
ds,heuristics_aggressive,separating_fast,presolving_fast,presolving_off,emphasis_feasibility,separating_off,presolving_aggressive,emphasis_hardlp,default,emphasis_easycip,separating_aggressive,heuristics_fast,emphasis_optimality,heuristics_off
neos-885524,separating_fast,separating_off,presolving_off,presolving_aggressive,presolving_fast,default,separating_aggressive,emphasis_feasibility,heuristics_aggressive,emphasis_optimality,heuristics_fast,emphasis_hardlp,emphasis_easycip,heuristics_off
ns4-pr3,presolving_fast,heuristics_aggressive,separating_off,separating_fast,presolving_off,default,presolving_aggressive,heuristics_fast,separating_aggressive,emphasis_hardlp,emphasis_easycip,emphasis_feasibility,emphasis_optimality,heuristics_off
rmine25,separating_off,separating_fast,presolving_fast,presolving_off,heuristics_fast,separating_aggressive,heuristics_aggressive,presolving_aggressive,emphasis_feasibility,emphasis_hardlp,emphasis_easycip,default,heuristics_off,emphasis_optimality
set3-10,separating_off,separating_fast,presolving_fast,separating_aggressive,presolving_off,presolving_aggressive,heuristics_fast,emphasis_hardlp,default,emphasis_easycip,heuristics_aggressive,emphasis_optimality,emphasis_feasibility,heuristics_off
tanglegram1,separating_off,separating_fast,presolving_fast,presolving_aggressive,presolving_off,separating_aggressive,heuristics_aggressive,emphasis_feasibility,default,emphasis_hardlp,heuristics_fast,emphasis_easycip,heuristics_off,emphasis_optimality
ivu52,separating_off,emphasis_hardlp,separating_fast,heuristics_fast,heuristics_aggressive,default,presolving_fast,emphasis_easycip,separating_aggressive,presolving_off,presolving_aggressive,heuristics_off,emphasis_feasibility,emphasis_optimality
fiber,presolving_fast,default,separating_fast,heuristics_aggressive,emphasis_hardlp,presolving_aggressive,heuristics_fast,separating_off,emphasis_easycip,separating_aggressive,presolving_off,emphasis_feasibility,emphasis_optimality,heuristics_off
neos-787933,separating_off,separating_fast,presolving_fast,emphasis_feasibility,presolving_aggressive,heuristics_aggressive,separating_aggressive,presolving_off,emphasis_optimality,default,heuristics_fast,emphasis_hardlp,emphasis_easycip,heuristics_off
gesa2,separating_fast,default,presolving_fast,presolving_aggressive,heuristics_aggressive,separating_off,separating_aggressive,emphasis_feasibility,presolving_off,emphasis_optimality,emphasis_hardlp,heuristics_fast,emphasis_easycip,heuristics_off
map18,separating_off,separating_fast,emphasis_feasibility,default,separating_aggressive,presolving_aggressive,presolving_fast,heuristics_aggressive,emphasis_hardlp,heuristics_fast,emphasis_easycip,presolving_off,heuristics_off,emphasis_optimality
