neos-826650,heuristics_aggressive,separating_fast,default,separating_off,presolving_fast,presolving_aggressive,emphasis_feasibility,separating_aggressive,emphasis_easycip,emphasis_hardlp,presolving_off,heuristics_fast,emphasis_optimality,heuristics_off
sts729,separating_off,presolving_fast,heuristics_fast,separating_fast,presolving_off,default,separating_aggressive,presolving_aggressive,emphasis_easycip,heuristics_aggressive,emphasis_feasibility,heuristics_off,emphasis_hardlp,emphasis_optimality
neos-476283,separating_off,separating_fast,presolving_fast,emphasis_feasibility,presolving_aggressive,heuristics_aggressive,default,separating_aggressive,presolving_off,heuristics_fast,emphasis_optimality,emphasis_hardlp,emphasis_easycip,heuristics_off
mkc1,presolving_fast,separating_off,separating_fast,presolving_off,presolving_aggressive,heuristics_aggressive,default,emphasis_easycip,emphasis_hardlp,heuristics_fast,emphasis_feasibility,separating_aggressive,emphasis_optimality,heuristics_off
r80x800,presolving_fast,separating_fast,default,separating_off,heuristics_aggressive,presolving_aggressive,emphasis_hardlp,separating_aggressive,presolving_off,heuristics_fast,emphasis_feasibility,emphasis_easycip,emphasis_optimality,heuristics_off
rmine25,separating_off,separating_fast,presolving_fast,presolving_off,separating_aggressive,presolving_aggressive,heuristics_fast,heuristics_aggressive,emphasis_feasibility,emphasis_optimality,emphasis_hardlp,heuristics_off,emphasis_easycip,default
lseu,default,emphasis_easycip,emphasis_hardlp,emphasis_feasibility,presolving_fast,heuristics_fast,separating_fast,presolving_aggressive,heuristics_aggressive,presolving_off,heuristics_off,separating_aggressive,emphasis_optimality,separating_off
neos-934441,default,presolving_fast,separating_fast,heuristics_aggressive,emphasis_feasibility,separating_aggressive,presolving_aggressive,separating_off,presolving_off,emphasis_hardlp,heuristics_fast,emphasis_easycip,emphasis_optimality,heuristics_off
pg5_34,separating_fast,separating_off,presolving_fast,presolving_aggressive,default,presolving_off,emphasis_hardlp,separating_aggressive,emphasis_easycip,heuristics_aggressive,emphasis_feasibility,heuristics_fast,emphasis_optimality,heuristics_off
neos-1208135,separating_fast,presolving_aggressive,separating_off,separating_aggressive,presolving_fast,presolving_off,heuristics_fast,heuristics_aggressive,emphasis_feasibility,default,heuristics_off,emphasis_hardlp,emphasis_optimality,emphasis_easycip
ns2124243,separating_fast,separating_off,presolving_fast,default,presolving_aggressive,heuristics_aggressive,emphasis_feasibility,separating_aggressive,emphasis_hardlp,emphasis_optimality,heuristics_fast,presolving_off,emphasis_easycip,heuristics_off
neos-1058477,presolving_fast,separating_fast,separating_off,emphasis_feasibility,default,presolving_aggressive,heuristics_aggressive,separating_aggressive,emphasis_hardlp,presolving_off,emphasis_optimality,heuristics_off,heuristics_fast,emphasis_easycip
neos-1456979,separating_off,presolving_aggressive,separating_fast,heuristics_aggressive,emphasis_feasibility,default,presolving_fast,separating_aggressive,presolving_off,emphasis_hardlp,heuristics_fast,emphasis_optimality,emphasis_easycip,heuristics_off
neos-555343,separating_off,separating_fast,presolving_aggressive,presolving_fast,emphasis_hardlp,separating_aggressive,emphasis_feasibility,default,heuristics_fast,emphasis_easycip,presolving_off,heuristics_aggressive,heuristics_off,emphasis_optimality
neos-691058,separating_fast,presolving_fast,presolving_aggressive,presolving_off,separating_aggressive,emphasis_feasibility,heuristics_aggressive,emphasis_hardlp,separating_off,default,heuristics_off,heuristics_fast,emphasis_easycip,emphasis_optimality
rmatr200-p20,presolving_off,presolving_fast,heuristics_aggressive,emphasis_feasibility,emphasis_hardlp,separating_off,separating_fast,presolving_aggressive,default,separating_aggressive,emphasis_easycip,heuristics_fast,emphasis_optimality,heuristics_off
disctom,heuristics_aggressive,default,presolving_fast,presolving_aggressive,emphasis_hardlp,presolving_off,separating_aggressive,heuristics_fast,emphasis_feasibility,emphasis_easycip,separating_fast,emphasis_optimality,separating_off,heuristics_off
neos-565815,presolving_fast,emphasis_feasibility,separating_off,separating_fast,emphasis_hardlp,heuristics_aggressive,default,separating_aggressive,presolving_off,heuristics_fast,emphasis_easycip,presolving_aggressive,heuristics_off,emphasis_optimality
neos-494568,separating_fast,heuristics_aggressive,emphasis_feasibility,presolving_fast,default,presolving_aggressive,presolving_off,separating_aggressive,separating_off,emphasis_hardlp,emphasis_easycip,heuristics_fast,emphasis_optimality,heuristics_off
co-100,heuristics_aggressive,separating_fast,emphasis_feasibility,separating_off,default,presolving_aggressive,presolving_fast,emphasis_optimality,emphasis_hardlp,presolving_off,heuristics_fast,separating_aggressive,emphasis_easycip,heuristics_off
d10200,separating_off,separating_fast,separating_aggressive,presolving_fast,presolving_off,heuristics_fast,presolving_aggressive,heuristics_off,heuristics_aggressive,emphasis_optimality,emphasis_feasibility,emphasis_hardlp,emphasis_easycip,default
neos-827175,heuristics_aggressive,emphasis_feasibility,separating_off,separating_fast,default,presolving_fast,presolving_aggressive,presolving_off,separating_aggressive,emphasis_optimality,emphasis_hardlp,heuristics_fast,emphasis_easycip,heuristics_off
neos-956971,presolving_off,separating_fast,presolving_fast,emphasis_feasibility,heuristics_aggressive,separating_off,default,presolving_aggressive,emphasis_hardlp,separating_aggressive,emphasis_easycip,heuristics_fast,emphasis_optimality,heuristics_off
neos-1436709,separating_off,separating_fast,emphasis_feasibility,presolving_fast,default,presolving_aggressive,separating_aggressive,heuristics_aggressive,presolving_off,emphasis_optimality,emphasis_hardlp,emphasis_easycip,heuristics_fast,heuristics_off
neos-954925,presolving_off,separating_off,separating_fast,presolving_fast,heuristics_aggressive,emphasis_feasibility,presolving_aggressive,emphasis_hardlp,default,separating_aggressive,emphasis_easycip,heuristics_fast,emphasis_optimality,heuristics_off
ds,heuristics_aggressive,separating_fast,presolving_aggressive,presolving_off,presolving_fast,separating_off,emphasis_feasibility,default,emphasis_hardlp,separating_aggressive,heuristics_fast,emphasis_easycip,heuristics_off,emphasis_optimality
neos-506422,separating_off,separating_fast,presolving_fast,presolving_off,heuristics_aggressive,presolving_aggressive,default,emphasis_feasibility,emphasis_easycip,emphasis_hardlp,heuristics_fast,separating_aggressive,emphasis_optimality,heuristics_off
sts405,separating_off,presolving_fast,heuristics_fast,separating_fast,emphasis_easycip,presolving_off,default,presolving_aggressive,separating_aggressive,heuristics_aggressive,emphasis_feasibility,heuristics_off,emphasis_hardlp,emphasis_optimality
leo2,emphasis_feasibility,heuristics_aggressive,separating_off,separating_fast,default,presolving_aggressive,separating_aggressive,emphasis_optimality,presolving_fast,heuristics_fast,emphasis_hardlp,presolving_off,emphasis_easycip,heuristics_off
tanglegram2,separating_off,presolving_fast,separating_fast,presolving_aggressive,default,heuristics_fast,emphasis_easycip,separating_aggressive,heuristics_aggressive,presolving_off,emphasis_feasibility,emphasis_hardlp,heuristics_off,emphasis_optimality
ns1688347,separating_off,separating_fast,presolving_fast,presolving_off,presolving_aggressive,separating_aggressive,heuristics_off,heuristics_fast,heuristics_aggressive,emphasis_hardlp,emphasis_feasibility,emphasis_easycip,default,emphasis_optimality
n4-3,presolving_fast,presolving_off,default,separating_fast,presolving_aggressive,heuristics_fast,heuristics_aggressive,separating_off,separating_aggressive,emphasis_hardlp,emphasis_easycip,emphasis_optimality,emphasis_feasibility,heuristics_off
neos-936660,presolving_fast,separating_fast,default,separating_off,presolving_off,presolving_aggressive,separating_aggressive,heuristics_aggressive,emphasis_feasibility,emphasis_hardlp,emphasis_easycip,heuristics_fast,emphasis_optimality,heuristics_off
sp97ic,presolving_fast,separating_fast,default,separating_aggressive,presolving_aggressive,presolving_off,heuristics_aggressive,heuristics_fast,separating_off,emphasis_optimality,emphasis_feasibility,emphasis_easycip,emphasis_hardlp,heuristics_off
ns60-pr3,presolving_fast,presolving_off,default,separating_fast,presolving_aggressive,heuristics_fast,heuristics_aggressive,separating_off,separating_aggressive,emphasis_hardlp,emphasis_easycip,emphasis_feasibility,emphasis_optimality,heuristics_off
rocII-4-11,separating_fast,separating_off,separating_aggressive,emphasis_feasibility,default,presolving_fast,presolving_aggressive,heuristics_fast,presolving_off,heuristics_off,heuristics_aggressive,emphasis_optimality,emphasis_hardlp,emphasis_easycip
neos-881765,separating_fast,emphasis_hardlp,presolving_aggressive,presolving_fast,emphasis_feasibility,heuristics_off,emphasis_easycip,default,heuristics_aggressive,separating_aggressive,heuristics_fast,separating_off,presolving_off,emphasis_optimality
neos-1330635,separating_off,separating_fast,presolving_fast,default,separating_aggressive,presolving_off,presolving_aggressive,emphasis_feasibility,heuristics_aggressive,emphasis_hardlp,heuristics_fast,emphasis_easycip,emphasis_optimality,heuristics_off
neos-584146,presolving_fast,separating_fast,default,presolving_aggressive,separating_off,separating_aggressive,heuristics_fast,emphasis_easycip,presolving_off,heuristics_aggressive,emphasis_hardlp,emphasis_feasibility,heuristics_off,emphasis_optimality
ns903616,separating_off,separating_fast,separating_aggressive,presolving_fast,presolving_aggressive,emphasis_feasibility,heuristics_aggressive,presolving_off,heuristics_off,heuristics_fast,default,emphasis_optimality,emphasis_hardlp,emphasis_easycip
neos-957143,presolving_off,separating_fast,presolving_fast,emphasis_feasibility,heuristics_aggressive,separating_off,default,presolving_aggressive,emphasis_hardlp,separating_aggressive,emphasis_easycip,heuristics_fast,emphasis_optimality,heuristics_off
neos-1445765,separating_off,separating_fast,emphasis_feasibility,default,heuristics_fast,separating_aggressive,heuristics_aggressive,heuristics_off,emphasis_optimality,emphasis_hardlp,presolving_off,presolving_fast,emphasis_easycip,presolving_aggressive
enlight13,presolving_aggressive,default,presolving_fast,emphasis_hardlp,separating_aggressive,heuristics_fast,heuristics_aggressive,emphasis_easycip,separating_fast,heuristics_off,separating_off,presolving_off,emphasis_optimality,emphasis_feasibility
neos-1053234,presolving_fast,separating_off,separating_fast,separating_aggressive,emphasis_feasibility,default,heuristics_aggressive,presolving_aggressive,presolving_off,emphasis_optimality,emphasis_hardlp,heuristics_off,heuristics_fast,emphasis_easycip
stp3d,separating_off,separating_fast,presolving_fast,heuristics_aggressive,presolving_off,presolving_aggressive,separating_aggressive,emphasis_feasibility,default,heuristics_fast,emphasis_hardlp,heuristics_off,emphasis_optimality,emphasis_easycip
mzzv42z,emphasis_feasibility,separating_off,separating_fast,heuristics_aggressive,separating_aggressive,presolving_off,presolving_fast,presolving_aggressive,emphasis_hardlp,default,heuristics_fast,emphasis_easycip,heuristics_off,emphasis_optimality
rmine14,separating_off,separating_fast,presolving_off,presolving_fast,presolving_aggressive,heuristics_aggressive,separating_aggressive,emphasis_hardlp,emphasis_feasibility,heuristics_fast,default,emphasis_easycip,heuristics_off,emphasis_optimality
neos-693347,separating_aggressive,separating_fast,presolving_fast,presolving_aggressive,presolving_off,default,heuristics_aggressive,emphasis_hardlp,emphasis_feasibility,heuristics_off,heuristics_fast,separating_off,emphasis_optimality,emphasis_easycip
rococoC11-011100,presolving_fast,presolving_aggressive,heuristics_aggressive,separating_aggressive,default,separating_fast,separating_off,emphasis_hardlp,emphasis_optimality,presolving_off,emphasis_feasibility,heuristics_fast,emphasis_easycip,heuristics_off
neos-1173026,presolving_fast,separating_fast,separating_off,presolving_off,emphasis_feasibility,default,separating_aggressive,presolving_aggressive,emphasis_hardlp,heuristics_aggressive,emphasis_optimality,emphasis_easycip,heuristics_fast,heuristics_off
neos-1460265,emphasis_feasibility,separating_fast,default,heuristics_aggressive,separating_aggressive,presolving_fast,presolving_aggressive,separating_off,presolving_off,heuristics_fast,emphasis_optimality,emphasis_hardlp,emphasis_easycip,heuristics_off
neos-1445738,presolving_aggressive,presolving_fast,default,separating_fast,presolving_off,separating_aggressive,heuristics_aggressive,heuristics_fast,separating_off,emphasis_hardlp,emphasis_easycip,emphasis_optimality,emphasis_feasibility,heuristics_off
pg,presolving_aggressive,heuristics_aggressive,default,separating_fast,presolving_fast,emphasis_hardlp,heuristics_fast,presolving_off,separating_aggressive,emphasis_easycip,emphasis_optimality,separating_off,emphasis_feasibility,heuristics_off
neos-631694,presolving_fast,presolving_aggressive,default,separating_off,separating_fast,separating_aggressive,emphasis_feasibility,heuristics_aggressive,emphasis_hardlp,presolving_off,heuristics_fast,emphasis_easycip,emphasis_optimality,heuristics_off
neos-738098,separating_off,presolving_fast,separating_fast,separating_aggressive,heuristics_aggressive,emphasis_feasibility,presolving_off,presolving_aggressive,emphasis_hardlp,heuristics_fast,default,emphasis_easycip,heuristics_off,emphasis_optimality
neos-801834,presolving_fast,emphasis_hardlp,presolving_aggressive,default,separating_fast,heuristics_fast,heuristics_aggressive,separating_off,emphasis_easycip,presolving_off,emphasis_feasibility,separating_aggressive,heuristics_off,emphasis_optimality
neos-775946,separating_fast,presolving_aggressive,default,emphasis_feasibility,separating_off,presolving_fast,heuristics_aggressive,separating_aggressive,presolving_off,emphasis_hardlp,emphasis_easycip,heuristics_fast,emphasis_optimality,heuristics_off
neos-1440460,separating_off,separating_fast,presolving_fast,emphasis_feasibility,default,presolving_aggressive,separating_aggressive,heuristics_aggressive,presolving_off,emphasis_hardlp,emphasis_easycip,heuristics_fast,emphasis_optimality,heuristics_off
neos-555884,separating_off,separating_fast,presolving_off,presolving_fast,separating_aggressive,presolving_aggressive,emphasis_feasibility,heuristics_aggressive,heuristics_fast,emphasis_hardlp,default,emphasis_easycip,heuristics_off,emphasis_optimality
neos-1420790,separating_fast,presolving_fast,default,presolving_aggressive,separating_off,presolving_off,emphasis_feasibility,heuristics_aggressive,separating_aggressive,emphasis_optimality,heuristics_fast,emphasis_easycip,emphasis_hardlp,heuristics_off
neos-1427181,separating_off,separating_fast,emphasis_feasibility,presolving_fast,default,presolving_aggressive,separating_aggressive,heuristics_aggressive,presolving_off,emphasis_optimality,emphasis_hardlp,emphasis_easycip,heuristics_fast,heuristics_off
