neos-1516309,presolving_off,default,separating_fast,presolving_fast,presolving_aggressive,emphasis_feasibility,heuristics_aggressive,separating_aggressive,emphasis_optimality,emphasis_hardlp,emphasis_easycip,separating_off,heuristics_fast,heuristics_off
neos-1109824,emphasis_hardlp,presolving_fast,emphasis_feasibility,separating_fast,emphasis_easycip,presolving_aggressive,default,heuristics_aggressive,separating_off,presolving_off,heuristics_off,heuristics_fast,separating_aggressive,emphasis_optimality
misc07,emphasis_hardlp,separating_off,presolving_fast,emphasis_easycip,separating_fast,emphasis_feasibility,heuristics_fast,heuristics_aggressive,default,presolving_aggressive,heuristics_off,separating_aggressive,presolving_off,emphasis_optimality
siena1,presolving_fast,presolving_aggressive,separating_fast,default,separating_off,emphasis_feasibility,heuristics_aggressive,presolving_off,separating_aggressive,emphasis_optimality,emphasis_easycip,heuristics_fast,emphasis_hardlp,heuristics_off
t1717,emphasis_feasibility,separating_fast,heuristics_aggressive,separating_off,default,presolving_aggressive,separating_aggressive,emphasis_optimality,presolving_fast,presolving_off,heuristics_fast,emphasis_hardlp,emphasis_easycip,heuristics_off
hanoi5,presolving_aggressive,default,separating_fast,heuristics_aggressive,presolving_fast,heuristics_fast,separating_off,separating_aggressive,presolving_off,emphasis_feasibility,emphasis_easycip,emphasis_hardlp,emphasis_optimality,heuristics_off
haprp,presolving_off,default,presolving_aggressive,separating_aggressive,presolving_fast,separating_off,separating_fast,emphasis_hardlp,heuristics_fast,heuristics_aggressive,emphasis_easycip,emphasis_optimality,emphasis_feasibility,heuristics_off
noswot,separating_fast,default,emphasis_hardlp,separating_off,presolving_fast,presolving_aggressive,heuristics_fast,emphasis_easycip,heuristics_off,separating_aggressive,presolving_off,heuristics_aggressive,emphasis_optimality,emphasis_feasibility
neos-738098,emphasis_feasibility,separating_off,presolving_fast,separating_fast,heuristics_aggressive,default,presolving_aggressive,presolving_off,separating_aggressive,emphasis_hardlp,emphasis_easycip,heuristics_fast,emphasis_optimality,heuristics_off
stein45,presolving_fast,emphasis_hardlp,default,separating_fast,presolving_aggressive,separating_off,heuristics_fast,emphasis_easycip,separating_aggressive,presolving_off,heuristics_aggressive,heuristics_off,emphasis_feasibility,emphasis_optimality
neos-808072,presolving_off,heuristics_fast,heuristics_off,emphasis_easycip,separating_fast,emphasis_hardlp,default,presolving_fast,presolving_aggressive,heuristics_aggressive,emphasis_feasibility,separating_off,separating_aggressive,emphasis_optimality
Test3,separating_off,emphasis_feasibility,separating_fast,emphasis_hardlp,presolving_fast,emphasis_easycip,default,presolving_aggressive,emphasis_optimality,presolving_off,heuristics_aggressive,separating_aggressive,heuristics_fast,heuristics_off
neos-595904,separating_fast,emphasis_feasibility,presolving_fast,presolving_off,presolving_aggressive,default,separating_off,heuristics_aggressive,separating_aggressive,heuristics_fast,emphasis_optimality,emphasis_hardlp,emphasis_easycip,heuristics_off
neos-538916,default,presolving_fast,presolving_aggressive,separating_aggressive,presolving_off,emphasis_optimality,separating_fast,heuristics_aggressive,emphasis_easycip,heuristics_off,heuristics_fast,separating_off,emphasis_feasibility,emphasis_hardlp
ic97_potential,separating_fast,presolving_fast,presolving_aggressive,emphasis_easycip,default,separating_aggressive,heuristics_aggressive,presolving_off,heuristics_fast,separating_off,heuristics_off,emphasis_feasibility,emphasis_hardlp,emphasis_optimality
transportmoment,presolving_fast,presolving_aggressive,default,heuristics_aggressive,presolving_off,separating_fast,separating_aggressive,separating_off,emphasis_hardlp,emphasis_feasibility,emphasis_optimality,emphasis_easycip,heuristics_fast,heuristics_off
egout,emphasis_hardlp,separating_fast,emphasis_easycip,presolving_fast,heuristics_fast,presolving_aggressive,default,presolving_off,separating_aggressive,heuristics_aggressive,emphasis_optimality,separating_off,heuristics_off,emphasis_feasibility
iis-bupa-cov,heuristics_fast,presolving_fast,presolving_aggressive,separating_off,default,presolving_off,separating_fast,heuristics_aggressive,emphasis_easycip,separating_aggressive,heuristics_off,emphasis_hardlp,emphasis_feasibility,emphasis_optimality
liu,separating_fast,emphasis_feasibility,presolving_fast,default,separating_off,presolving_off,heuristics_aggressive,presolving_aggressive,separating_aggressive,emphasis_optimality,emphasis_easycip,emphasis_hardlp,heuristics_fast,heuristics_off
bc1,presolving_off,separating_fast,presolving_fast,separating_off,default,emphasis_hardlp,emphasis_feasibility,presolving_aggressive,emphasis_optimality,emphasis_easycip,heuristics_aggressive,heuristics_fast,separating_aggressive,heuristics_off
neos-1053591,default,separating_off,presolving_fast,separating_fast,separating_aggressive,presolving_aggressive,emphasis_hardlp,emphasis_easycip,heuristics_aggressive,presolving_off,emphasis_optimality,heuristics_fast,emphasis_feasibility,heuristics_off
enigma,emphasis_hardlp,emphasis_easycip,separating_fast,presolving_fast,separating_off,presolving_aggressive,heuristics_fast,presolving_off,default,heuristics_aggressive,emphasis_feasibility,separating_aggressive,heuristics_off,emphasis_optimality
germanrr,emphasis_feasibility,presolving_fast,separating_fast,default,heuristics_aggressive,separating_off,presolving_aggressive,presolving_off,emphasis_hardlp,separating_aggressive,heuristics_fast,emphasis_easycip,emphasis_optimality,heuristics_off
neos-1126860,presolving_off,emphasis_hardlp,emphasis_easycip,presolving_fast,default,separating_fast,heuristics_fast,separating_off,separating_aggressive,presolving_aggressive,emphasis_optimality,heuristics_aggressive,emphasis_feasibility,heuristics_off
leo1,heuristics_aggressive,separating_aggressive,default,separating_fast,emphasis_feasibility,presolving_fast,presolving_aggressive,emphasis_optimality,separating_off,presolving_off,heuristics_fast,emphasis_easycip,emphasis_hardlp,heuristics_off
set1ch,presolving_fast,default,presolving_aggressive,separating_aggressive,heuristics_aggressive,heuristics_fast,separating_fast,presolving_off,emphasis_hardlp,emphasis_easycip,emphasis_optimality,emphasis_feasibility,heuristics_off,separating_off
dsbmip,separating_fast,separating_off,presolving_aggressive,emphasis_feasibility,default,presolving_fast,heuristics_aggressive,separating_aggressive,presolving_off,emphasis_optimality,emphasis_hardlp,emphasis_easycip,heuristics_fast,heuristics_off
ex9,separating_off,emphasis_hardlp,emphasis_easycip,separating_fast,heuristics_off,presolving_fast,heuristics_fast,default,emphasis_feasibility,presolving_off,heuristics_aggressive,emphasis_optimality,separating_aggressive,presolving_aggressive
neos-916792,separating_off,default,presolving_fast,separating_fast,presolving_off,presolving_aggressive,heuristics_aggressive,separating_aggressive,emphasis_feasibility,emphasis_optimality,heuristics_fast,emphasis_hardlp,heuristics_off,emphasis_easycip
neos-931538,separating_off,presolving_fast,presolving_aggressive,default,separating_aggressive,emphasis_feasibility,separating_fast,presolving_off,heuristics_aggressive,emphasis_optimality,emphasis_hardlp,heuristics_fast,emphasis_easycip,heuristics_off
leo2,heuristics_aggressive,separating_fast,presolving_fast,emphasis_easycip,default,separating_aggressive,separating_off,emphasis_feasibility,presolving_off,emphasis_hardlp,heuristics_fast,presolving_aggressive,emphasis_optimality,heuristics_off
neos-1460265,heuristics_aggressive,separating_aggressive,presolving_fast,emphasis_feasibility,presolving_off,presolving_aggressive,separating_fast,default,separating_off,emphasis_optimality,emphasis_hardlp,emphasis_easycip,heuristics_fast,heuristics_off
23588,presolving_fast,presolving_off,separating_off,emphasis_feasibility,separating_fast,emphasis_hardlp,default,presolving_aggressive,heuristics_aggressive,separating_aggressive,emphasis_optimality,emphasis_easycip,heuristics_off,heuristics_fast
p0033,emphasis_hardlp,emphasis_easycip,separating_fast,presolving_fast,presolving_off,heuristics_fast,default,presolving_aggressive,separating_off,heuristics_aggressive,heuristics_off,separating_aggressive,emphasis_feasibility,emphasis_optimality
rmatr200-p20,presolving_off,heuristics_aggressive,emphasis_feasibility,emphasis_hardlp,emphasis_easycip,heuristics_fast,presolving_fast,separating_off,default,separating_fast,presolving_aggressive,emphasis_optimality,separating_aggressive,heuristics_off
ns60-pr3,heuristics_fast,separating_fast,presolving_off,presolving_aggressive,default,separating_aggressive,separating_off,heuristics_aggressive,emphasis_hardlp,presolving_fast,emphasis_easycip,emphasis_feasibility,emphasis_optimality,heuristics_off
neos-1215891,emphasis_feasibility,presolving_fast,separating_off,presolving_aggressive,emphasis_hardlp,separating_fast,separating_aggressive,heuristics_aggressive,default,presolving_off,emphasis_easycip,heuristics_fast,emphasis_optimality,heuristics_off
neos-593853,presolving_fast,separating_fast,presolving_off,default,presolving_aggressive,heuristics_aggressive,emphasis_feasibility,separating_off,emphasis_optimality,separating_aggressive,emphasis_hardlp,emphasis_easycip,heuristics_fast,heuristics_off
neos-806323,presolving_fast,separating_off,default,separating_fast,presolving_aggressive,heuristics_aggressive,separating_aggressive,presolving_off,heuristics_fast,emphasis_feasibility,emphasis_hardlp,emphasis_easycip,heuristics_off,emphasis_optimality
neos-1096528,emphasis_hardlp,presolving_fast,emphasis_feasibility,separating_fast,presolving_off,emphasis_easycip,separating_off,presolving_aggressive,heuristics_aggressive,default,heuristics_fast,emphasis_optimality,heuristics_off,separating_aggressive
reblock67,emphasis_hardlp,separating_off,presolving_fast,emphasis_feasibility,separating_fast,heuristics_fast,heuristics_aggressive,default,emphasis_easycip,presolving_off,heuristics_off,separating_aggressive,presolving_aggressive,emphasis_optimality
sct1,emphasis_feasibility,separating_off,default,separating_fast,presolving_fast,presolving_aggressive,heuristics_aggressive,presolving_off,separating_aggressive,emphasis_optimality,emphasis_hardlp,heuristics_fast,emphasis_easycip,heuristics_off
neos-565815,presolving_fast,default,separating_off,separating_fast,presolving_off,presolving_aggressive,emphasis_feasibility,heuristics_aggressive,emphasis_hardlp,emphasis_easycip,separating_aggressive,heuristics_fast,heuristics_off,emphasis_optimality
neos6,default,presolving_aggressive,heuristics_aggressive,separating_fast,presolving_fast,emphasis_feasibility,presolving_off,separating_aggressive,separating_off,emphasis_easycip,heuristics_fast,emphasis_optimality,emphasis_hardlp,heuristics_off
aligninq,separating_fast,default,presolving_off,presolving_fast,presolving_aggressive,heuristics_aggressive,emphasis_feasibility,separating_off,emphasis_hardlp,separating_aggressive,heuristics_fast,emphasis_easycip,emphasis_optimality,heuristics_off
neos-544324,separating_off,separating_fast,default,presolving_fast,presolving_aggressive,separating_aggressive,heuristics_aggressive,emphasis_hardlp,presolving_off,emphasis_feasibility,heuristics_fast,heuristics_off,emphasis_optimality,emphasis_easycip
maxgasflow,presolving_fast,default,presolving_aggressive,heuristics_aggressive,presolving_off,separating_fast,separating_aggressive,separating_off,emphasis_feasibility,emphasis_optimality,emphasis_hardlp,emphasis_easycip,heuristics_fast,heuristics_off
neos-611838,heuristics_fast,presolving_off,presolving_fast,default,presolving_aggressive,heuristics_aggressive,emphasis_hardlp,separating_aggressive,emphasis_optimality,heuristics_off,emphasis_easycip,separating_fast,separating_off,emphasis_feasibility
neos-631164,presolving_off,presolving_fast,heuristics_aggressive,separating_aggressive,presolving_aggressive,default,emphasis_optimality,separating_fast,heuristics_fast,emphasis_hardlp,emphasis_feasibility,emphasis_easycip,separating_off,heuristics_off
nb10tb,presolving_fast,separating_off,separating_fast,default,emphasis_hardlp,emphasis_feasibility,presolving_off,emphasis_easycip,presolving_aggressive,heuristics_aggressive,separating_aggressive,heuristics_fast,emphasis_optimality,heuristics_off
markshare1,emphasis_hardlp,heuristics_fast,separating_fast,emphasis_easycip,emphasis_feasibility,heuristics_aggressive,separating_off,separating_aggressive,presolving_off,presolving_fast,default,presolving_aggressive,heuristics_off,emphasis_optimality
m100n500k4r1,presolving_off,emphasis_hardlp,separating_fast,emphasis_easycip,presolving_fast,presolving_aggressive,default,heuristics_fast,emphasis_feasibility,separating_off,separating_aggressive,heuristics_off,heuristics_aggressive,emphasis_optimality
neos-1208135,emphasis_feasibility,heuristics_off,separating_off,presolving_off,default,heuristics_fast,heuristics_aggressive,emphasis_easycip,separating_fast,presolving_aggressive,emphasis_hardlp,separating_aggressive,presolving_fast,emphasis_optimality
neos-1597104,emphasis_hardlp,presolving_off,presolving_fast,emphasis_easycip,separating_fast,default,presolving_aggressive,emphasis_feasibility,separating_off,heuristics_fast,heuristics_aggressive,emphasis_optimality,separating_aggressive,heuristics_off
ns25-pr3,heuristics_fast,separating_fast,presolving_off,presolving_aggressive,default,separating_aggressive,separating_off,heuristics_aggressive,emphasis_hardlp,presolving_fast,emphasis_easycip,emphasis_feasibility,emphasis_optimality,heuristics_off
neos-934531,presolving_fast,separating_fast,emphasis_hardlp,emphasis_easycip,emphasis_feasibility,separating_off,heuristics_aggressive,default,presolving_off,presolving_aggressive,heuristics_fast,separating_aggressive,heuristics_off,emphasis_optimality
neos-1311124,separating_off,separating_fast,presolving_fast,default,presolving_aggressive,emphasis_feasibility,separating_aggressive,presolving_off,heuristics_aggressive,emphasis_optimality,emphasis_hardlp,heuristics_fast,emphasis_easycip,heuristics_off
neos-848845,emphasis_feasibility,separating_off,default,separating_fast,presolving_fast,emphasis_easycip,heuristics_aggressive,heuristics_off,emphasis_hardlp,presolving_aggressive,heuristics_fast,separating_aggressive,presolving_off,emphasis_optimality
rococoC11-011100,default,separating_fast,presolving_aggressive,heuristics_aggressive,emphasis_feasibility,presolving_fast,separating_off,separating_aggressive,heuristics_fast,presolving_off,emphasis_hardlp,emphasis_easycip,emphasis_optimality,heuristics_off
neos-709469,emphasis_hardlp,separating_fast,separating_off,heuristics_fast,emphasis_easycip,presolving_fast,default,presolving_aggressive,emphasis_feasibility,heuristics_aggressive,separating_aggressive,heuristics_off,presolving_off,emphasis_optimality
neos15,presolving_fast,presolving_aggressive,separating_fast,separating_aggressive,default,heuristics_aggressive,presolving_off,emphasis_easycip,heuristics_fast,emphasis_hardlp,emphasis_optimality,emphasis_feasibility,separating_off,heuristics_off
