mod008,presolving_aggressive,default,presolving_off,heuristics_fast,emphasis_easycip,separating_fast,presolving_fast,emphasis_hardlp,separating_off,heuristics_aggressive,separating_aggressive,emphasis_feasibility,emphasis_optimality,heuristics_off
tr12-30,presolving_fast,default,presolving_aggressive,separating_aggressive,heuristics_aggressive,emphasis_hardlp,heuristics_fast,separating_fast,emphasis_easycip,presolving_off,emphasis_optimality,emphasis_feasibility,heuristics_off,separating_off
neos-506422,presolving_fast,presolving_off,separating_off,separating_fast,heuristics_aggressive,emphasis_feasibility,presolving_aggressive,default,emphasis_hardlp,emphasis_easycip,separating_aggressive,emphasis_optimality,heuristics_fast,heuristics_off
neos-612125,presolving_off,presolving_fast,separating_fast,presolving_aggressive,emphasis_hardlp,default,heuristics_aggressive,separating_off,separating_aggressive,emphasis_easycip,emphasis_feasibility,heuristics_fast,emphasis_optimality,heuristics_off
mas74,separating_fast,presolving_aggressive,default,presolving_fast,heuristics_fast,presolving_off,emphasis_easycip,separating_aggressive,heuristics_aggressive,separating_off,emphasis_hardlp,emphasis_optimality,emphasis_feasibility,heuristics_off
neos-1171737,separating_off,presolving_off,separating_fast,presolving_fast,presolving_aggressive,emphasis_feasibility,separating_aggressive,heuristics_aggressive,default,emphasis_hardlp,emphasis_easycip,heuristics_fast,emphasis_optimality,heuristics_off
neos-1451294,presolving_fast,separating_fast,presolving_aggressive,heuristics_aggressive,default,separating_aggressive,separating_off,presolving_off,emphasis_feasibility,emphasis_hardlp,heuristics_fast,emphasis_easycip,heuristics_off,emphasis_optimality
neos-863472,presolving_off,presolving_fast,emphasis_easycip,presolving_aggressive,emphasis_hardlp,default,separating_fast,heuristics_fast,heuristics_aggressive,separating_off,separating_aggressive,emphasis_feasibility,emphasis_optimality,heuristics_off
neos-1467371,presolving_fast,separating_fast,default,emphasis_feasibility,separating_aggressive,presolving_aggressive,heuristics_aggressive,presolving_off,separating_off,heuristics_fast,emphasis_optimality,emphasis_hardlp,emphasis_easycip,heuristics_off
neos-1445738,presolving_aggressive,separating_fast,default,presolving_off,presolving_fast,separating_off,separating_aggressive,heuristics_aggressive,heuristics_fast,emphasis_hardlp,emphasis_easycip,heuristics_off,emphasis_optimality,emphasis_feasibility
janos-us-DDM,separating_aggressive,separating_fast,presolving_off,presolving_fast,presolving_aggressive,default,heuristics_fast,heuristics_aggressive,separating_off,emphasis_feasibility,heuristics_off,emphasis_optimality,emphasis_hardlp,emphasis_easycip
neos-934278,default,presolving_fast,presolving_aggressive,separating_fast,emphasis_feasibility,separating_aggressive,heuristics_aggressive,emphasis_hardlp,presolving_off,heuristics_fast,separating_off,emphasis_easycip,emphasis_optimality,heuristics_off
neos-912015,separating_fast,emphasis_hardlp,presolving_fast,presolving_aggressive,heuristics_fast,heuristics_aggressive,emphasis_feasibility,separating_aggressive,emphasis_easycip,default,separating_off,heuristics_off,presolving_off,emphasis_optimality
reblock354,presolving_fast,separating_off,presolving_off,separating_fast,default,separating_aggressive,presolving_aggressive,heuristics_aggressive,emphasis_hardlp,emphasis_easycip,heuristics_fast,emphasis_feasibility,emphasis_optimality,heuristics_off
neos-584866,presolving_fast,separating_off,heuristics_aggressive,presolving_aggressive,default,separating_fast,separating_aggressive,emphasis_feasibility,heuristics_fast,emphasis_hardlp,presolving_off,emphasis_easycip,heuristics_off,emphasis_optimality
ns60-pr9,presolving_off,presolving_fast,separating_fast,heuristics_aggressive,separating_off,default,presolving_aggressive,heuristics_fast,separating_aggressive,emphasis_hardlp,emphasis_easycip,emphasis_feasibility,heuristics_off,emphasis_optimality
neos-1605061,separating_fast,presolving_off,presolving_fast,presolving_aggressive,emphasis_feasibility,separating_off,separating_aggressive,heuristics_fast,heuristics_aggressive,emphasis_hardlp,default,emphasis_easycip,heuristics_off,emphasis_optimality
neos-810326,presolving_fast,emphasis_feasibility,separating_fast,heuristics_aggressive,default,presolving_aggressive,emphasis_hardlp,emphasis_easycip,presolving_off,heuristics_fast,separating_aggressive,separating_off,heuristics_off,emphasis_optimality
fiball,separating_fast,separating_aggressive,presolving_fast,presolving_aggressive,default,heuristics_aggressive,separating_off,emphasis_feasibility,presolving_off,emphasis_optimality,heuristics_fast,emphasis_hardlp,heuristics_off,emphasis_easycip
enigma,separating_fast,presolving_fast,emphasis_hardlp,presolving_off,emphasis_easycip,default,presolving_aggressive,emphasis_feasibility,separating_aggressive,heuristics_aggressive,heuristics_fast,heuristics_off,emphasis_optimality,separating_off
zib54-UUE,presolving_fast,presolving_aggressive,separating_fast,default,separating_aggressive,presolving_off,emphasis_hardlp,heuristics_fast,heuristics_aggressive,emphasis_easycip,separating_off,emphasis_feasibility,heuristics_off,emphasis_optimality
dano3_3,presolving_off,presolving_aggressive,separating_fast,presolving_fast,heuristics_aggressive,separating_off,default,separating_aggressive,emphasis_hardlp,emphasis_feasibility,emphasis_easycip,heuristics_fast,emphasis_optimality,heuristics_off
enlight13,presolving_aggressive,default,separating_aggressive,separating_fast,presolving_fast,heuristics_aggressive,emphasis_hardlp,heuristics_fast,separating_off,emphasis_easycip,presolving_off,heuristics_off,emphasis_optimality,emphasis_feasibility
neos-847302,emphasis_feasibility,separating_fast,default,presolving_fast,presolving_aggressive,heuristics_aggressive,separating_aggressive,emphasis_hardlp,heuristics_fast,separating_off,presolving_off,emphasis_easycip,heuristics_off,emphasis_optimality
neos-934441,default,presolving_fast,presolving_aggressive,separating_fast,emphasis_feasibility,separating_aggressive,heuristics_aggressive,emphasis_hardlp,presolving_off,heuristics_fast,separating_off,emphasis_easycip,emphasis_optimality,heuristics_off
core2536-691,separating_off,separating_fast,default,presolving_aggressive,heuristics_aggressive,emphasis_feasibility,presolving_off,heuristics_fast,separating_aggressive,presolving_fast,emphasis_optimality,emphasis_easycip,heuristics_off,emphasis_hardlp
maxgasflow,emphasis_feasibility,separating_fast,presolving_off,presolving_fast,emphasis_hardlp,heuristics_aggressive,presolving_aggressive,emphasis_easycip,default,separating_off,separating_aggressive,heuristics_off,heuristics_fast,emphasis_optimality
neos-892255,presolving_fast,separating_fast,presolving_aggressive,separating_off,default,heuristics_aggressive,separating_aggressive,emphasis_feasibility,presolving_off,emphasis_hardlp,heuristics_fast,emphasis_easycip,emphasis_optimality,heuristics_off
neos-841664,presolving_fast,presolving_aggressive,separating_fast,default,separating_aggressive,heuristics_aggressive,emphasis_hardlp,separating_off,emphasis_optimality,heuristics_fast,emphasis_feasibility,presolving_off,emphasis_easycip,heuristics_off
gt2,presolving_fast,presolving_off,presolving_aggressive,separating_fast,emphasis_hardlp,emphasis_optimality,default,separating_aggressive,heuristics_aggressive,emphasis_easycip,heuristics_off,emphasis_feasibility,heuristics_fast,separating_off
neos-1058477,presolving_fast,emphasis_feasibility,separating_aggressive,presolving_off,heuristics_aggressive,default,presolving_aggressive,separating_fast,emphasis_hardlp,separating_off,heuristics_fast,emphasis_optimality,emphasis_easycip,heuristics_off
neos-948268,presolving_fast,heuristics_aggressive,default,separating_off,separating_fast,presolving_aggressive,emphasis_feasibility,presolving_off,emphasis_hardlp,separating_aggressive,heuristics_fast,emphasis_easycip,heuristics_off,emphasis_optimality
rmatr100-p5,presolving_off,emphasis_hardlp,presolving_fast,emphasis_feasibility,separating_fast,default,presolving_aggressive,heuristics_aggressive,emphasis_easycip,separating_off,separating_aggressive,heuristics_fast,emphasis_optimality,heuristics_off
m100n500k4r1,default,presolving_fast,emphasis_feasibility,separating_fast,emphasis_hardlp,presolving_aggressive,emphasis_easycip,heuristics_aggressive,presolving_off,heuristics_fast,separating_off,separating_aggressive,emphasis_optimality,heuristics_off
dano3mip,separating_fast,separating_off,presolving_off,presolving_fast,presolving_aggressive,separating_aggressive,default,heuristics_aggressive,heuristics_fast,emphasis_optimality,emphasis_hardlp,emphasis_feasibility,emphasis_easycip,heuristics_off
ns1208400,separating_fast,separating_off,presolving_fast,presolving_aggressive,heuristics_fast,heuristics_aggressive,emphasis_feasibility,default,separating_aggressive,emphasis_easycip,presolving_off,heuristics_off,emphasis_hardlp,emphasis_optimality
neos-1603965,separating_fast,presolving_aggressive,presolving_fast,separating_off,heuristics_off,presolving_off,heuristics_fast,emphasis_easycip,emphasis_hardlp,default,heuristics_aggressive,emphasis_feasibility,separating_aggressive,emphasis_optimality
n3705,presolving_fast,separating_fast,heuristics_aggressive,default,separating_off,presolving_aggressive,presolving_off,separating_aggressive,emphasis_feasibility,heuristics_fast,emphasis_hardlp,emphasis_optimality,emphasis_easycip,heuristics_off
berlin_5_8_0,presolving_fast,emphasis_easycip,default,separating_fast,presolving_aggressive,emphasis_hardlp,heuristics_fast,separating_off,presolving_off,separating_aggressive,heuristics_aggressive,emphasis_feasibility,heuristics_off,emphasis_optimality
dfn-gwin-UUM,separating_aggressive,presolving_off,presolving_aggressive,separating_fast,presolving_fast,default,heuristics_aggressive,separating_off,emphasis_optimality,emphasis_feasibility,heuristics_fast,emphasis_hardlp,heuristics_off,emphasis_easycip
toll-like,separating_off,presolving_fast,presolving_aggressive,separating_fast,heuristics_aggressive,separating_aggressive,emphasis_hardlp,emphasis_easycip,default,presolving_off,emphasis_feasibility,heuristics_fast,heuristics_off,emphasis_optimality
neos-1173026,presolving_off,presolving_fast,separating_fast,emphasis_hardlp,default,presolving_aggressive,separating_off,separating_aggressive,emphasis_feasibility,heuristics_aggressive,emphasis_optimality,heuristics_fast,emphasis_easycip,heuristics_off
neos-1441553,separating_off,separating_aggressive,separating_fast,presolving_fast,heuristics_aggressive,emphasis_hardlp,heuristics_fast,presolving_aggressive,heuristics_off,emphasis_feasibility,emphasis_optimality,presolving_off,emphasis_easycip,default
neos-937446,presolving_fast,separating_off,separating_fast,default,presolving_off,presolving_aggressive,separating_aggressive,heuristics_aggressive,emphasis_feasibility,emphasis_hardlp,emphasis_easycip,emphasis_optimality,heuristics_fast,heuristics_off
opm2-z12-s14,separating_off,presolving_off,presolving_fast,separating_fast,separating_aggressive,presolving_aggressive,heuristics_aggressive,emphasis_hardlp,emphasis_easycip,heuristics_fast,emphasis_feasibility,default,heuristics_off,emphasis_optimality
rmine6,presolving_fast,presolving_off,separating_off,separating_fast,emphasis_hardlp,default,separating_aggressive,emphasis_easycip,presolving_aggressive,heuristics_aggressive,heuristics_fast,emphasis_feasibility,emphasis_optimality,heuristics_off
sp98ic,presolving_off,separating_fast,presolving_fast,emphasis_feasibility,default,presolving_aggressive,heuristics_aggressive,separating_aggressive,separating_off,emphasis_hardlp,emphasis_easycip,heuristics_fast,emphasis_optimality,heuristics_off
neos-933966,default,presolving_fast,emphasis_feasibility,separating_fast,presolving_aggressive,separating_aggressive,heuristics_aggressive,presolving_off,emphasis_hardlp,separating_off,heuristics_fast,emphasis_easycip,emphasis_optimality,heuristics_off
neos-555694,separating_fast,emphasis_feasibility,heuristics_aggressive,default,presolving_aggressive,emphasis_hardlp,presolving_fast,separating_off,separating_aggressive,emphasis_easycip,heuristics_fast,heuristics_off,presolving_off,emphasis_optimality
neos-544324,separating_fast,presolving_aggressive,default,separating_aggressive,heuristics_fast,presolving_fast,heuristics_aggressive,separating_off,emphasis_hardlp,emphasis_easycip,heuristics_off,emphasis_feasibility,presolving_off,emphasis_optimality
neos-955800,emphasis_hardlp,separating_fast,separating_off,separating_aggressive,presolving_fast,emphasis_feasibility,heuristics_off,presolving_aggressive,presolving_off,heuristics_fast,heuristics_aggressive,emphasis_easycip,default,emphasis_optimality
neos-948126,presolving_fast,separating_off,separating_fast,default,presolving_off,presolving_aggressive,separating_aggressive,emphasis_feasibility,heuristics_aggressive,emphasis_hardlp,emphasis_easycip,heuristics_fast,emphasis_optimality,heuristics_off
usAbbrv-8-25_70,presolving_fast,separating_fast,presolving_aggressive,heuristics_fast,emphasis_hardlp,emphasis_easycip,default,separating_off,separating_aggressive,presolving_off,heuristics_aggressive,emphasis_feasibility,heuristics_off,emphasis_optimality
mine-90-10,presolving_fast,presolving_off,separating_fast,emphasis_hardlp,separating_off,default,separating_aggressive,emphasis_easycip,presolving_aggressive,heuristics_fast,heuristics_aggressive,emphasis_feasibility,heuristics_off,emphasis_optimality
n9-3,presolving_off,separating_fast,presolving_fast,heuristics_aggressive,separating_off,presolving_aggressive,default,heuristics_fast,separating_aggressive,emphasis_hardlp,emphasis_easycip,emphasis_feasibility,emphasis_optimality,heuristics_off
neos-1620807,presolving_fast,default,presolving_aggressive,separating_fast,emphasis_hardlp,separating_aggressive,heuristics_aggressive,heuristics_fast,emphasis_easycip,emphasis_feasibility,heuristics_off,separating_off,presolving_off,emphasis_optimality
methanosarcina,separating_off,presolving_fast,separating_fast,presolving_aggressive,presolving_off,heuristics_aggressive,emphasis_feasibility,separating_aggressive,emphasis_easycip,heuristics_fast,emphasis_hardlp,default,heuristics_off,emphasis_optimality
neos-932816,default,separating_fast,emphasis_feasibility,presolving_fast,heuristics_aggressive,emphasis_hardlp,presolving_aggressive,heuristics_fast,separating_off,separating_aggressive,emphasis_easycip,presolving_off,emphasis_optimality,heuristics_off
neos-738098,separating_off,presolving_fast,separating_fast,heuristics_aggressive,emphasis_feasibility,separating_aggressive,presolving_off,presolving_aggressive,emphasis_hardlp,heuristics_fast,emphasis_easycip,heuristics_off,emphasis_optimality,default
timtab2,presolving_aggressive,default,separating_aggressive,heuristics_fast,heuristics_aggressive,separating_fast,separating_off,presolving_fast,heuristics_off,emphasis_easycip,presolving_off,emphasis_optimality,emphasis_feasibility,emphasis_hardlp
aflow30a,presolving_fast,default,emphasis_hardlp,separating_aggressive,presolving_aggressive,heuristics_aggressive,separating_fast,emphasis_easycip,heuristics_fast,presolving_off,emphasis_feasibility,emphasis_optimality,separating_off,heuristics_off
