mzzv42z,emphasis_feasibility,separating_off,separating_fast,separating_aggressive,presolving_off,presolving_fast,presolving_aggressive,heuristics_aggressive,heuristics_fast,heuristics_off,emphasis_optimality,default,emphasis_hardlp,emphasis_easycip
neos-584851,presolving_fast,separating_fast,presolving_aggressive,separating_off,separating_aggressive,emphasis_hardlp,default,heuristics_aggressive,emphasis_easycip,presolving_off,heuristics_fast,emphasis_feasibility,heuristics_off,emphasis_optimality
neos-1396125,presolving_fast,separating_fast,separating_off,presolving_off,presolving_aggressive,default,separating_aggressive,heuristics_aggressive,emphasis_hardlp,heuristics_fast,emphasis_optimality,emphasis_feasibility,emphasis_easycip,heuristics_off
triptim1,separating_off,separating_fast,presolving_off,separating_aggressive,presolving_fast,presolving_aggressive,heuristics_off,heuristics_fast,heuristics_aggressive,emphasis_optimality,emphasis_hardlp,emphasis_feasibility,emphasis_easycip,default
neos-1200887,separating_off,separating_fast,presolving_fast,default,presolving_aggressive,emphasis_hardlp,emphasis_feasibility,heuristics_aggressive,presolving_off,separating_aggressive,emphasis_easycip,heuristics_fast,emphasis_optimality,heuristics_off
neos-1426635,separating_off,separating_fast,default,emphasis_feasibility,presolving_fast,presolving_aggressive,separating_aggressive,heuristics_aggressive,emphasis_optimality,presolving_off,emphasis_hardlp,heuristics_fast,emphasis_easycip,heuristics_off
neos-1599274,presolving_fast,heuristics_aggressive,emphasis_feasibility,default,presolving_off,separating_fast,presolving_aggressive,separating_aggressive,emphasis_easycip,emphasis_hardlp,separating_off,heuristics_fast,emphasis_optimality,heuristics_off
neos-826694,separating_off,separating_fast,presolving_fast,presolving_aggressive,emphasis_feasibility,heuristics_aggressive,default,separating_aggressive,presolving_off,emphasis_hardlp,heuristics_fast,emphasis_easycip,emphasis_optimality,heuristics_off
neos-941262,presolving_fast,separating_off,default,separating_fast,presolving_off,separating_aggressive,presolving_aggressive,heuristics_aggressive,emphasis_feasibility,emphasis_hardlp,emphasis_easycip,emphasis_optimality,heuristics_fast,heuristics_off
tr12-30,presolving_fast,default,presolving_aggressive,separating_aggressive,heuristics_aggressive,emphasis_hardlp,heuristics_fast,separating_fast,presolving_off,emphasis_easycip,emphasis_optimality,emphasis_feasibility,heuristics_off,separating_off
gesa2,separating_fast,default,presolving_aggressive,presolving_fast,heuristics_aggressive,separating_off,presolving_off,separating_aggressive,emphasis_feasibility,heuristics_fast,emphasis_optimality,emphasis_hardlp,emphasis_easycip,heuristics_off
rvb-sub,separating_off,separating_fast,presolving_fast,heuristics_fast,emphasis_hardlp,emphasis_easycip,default,presolving_off,heuristics_aggressive,presolving_aggressive,emphasis_feasibility,separating_aggressive,heuristics_off,emphasis_optimality
pb-simp-nonunif,separating_off,emphasis_feasibility,separating_fast,default,presolving_aggressive,heuristics_aggressive,separating_aggressive,presolving_fast,heuristics_fast,emphasis_easycip,heuristics_off,presolving_off,emphasis_hardlp,emphasis_optimality
neos-1215891,emphasis_feasibility,separating_fast,heuristics_aggressive,presolving_fast,default,separating_aggressive,presolving_off,separating_off,presolving_aggressive,heuristics_fast,emphasis_hardlp,emphasis_easycip,emphasis_optimality,heuristics_off
neos-1467467,presolving_fast,presolving_aggressive,separating_fast,separating_aggressive,default,heuristics_aggressive,emphasis_feasibility,presolving_off,separating_off,emphasis_hardlp,heuristics_fast,emphasis_optimality,emphasis_easycip,heuristics_off
usAbbrv-8-25_70,presolving_aggressive,separating_fast,presolving_fast,heuristics_fast,default,separating_off,emphasis_hardlp,separating_aggressive,presolving_off,emphasis_easycip,heuristics_aggressive,emphasis_feasibility,heuristics_off,emphasis_optimality
enlight13,presolving_aggressive,default,separating_fast,separating_aggressive,presolving_fast,emphasis_hardlp,heuristics_fast,heuristics_aggressive,presolving_off,emphasis_easycip,separating_off,heuristics_off,emphasis_optimality,emphasis_feasibility
mik-250-1-100-1,presolving_fast,separating_fast,presolving_off,default,presolving_aggressive,separating_aggressive,emphasis_optimality,separating_off,heuristics_aggressive,emphasis_hardlp,emphasis_feasibility,emphasis_easycip,heuristics_off,heuristics_fast
neos-933638,default,presolving_fast,separating_aggressive,heuristics_aggressive,separating_fast,presolving_aggressive,emphasis_feasibility,separating_off,presolving_off,emphasis_hardlp,heuristics_fast,emphasis_optimality,emphasis_easycip,heuristics_off
neos-686190,heuristics_aggressive,emphasis_feasibility,separating_off,default,separating_fast,presolving_fast,separating_aggressive,presolving_aggressive,presolving_off,emphasis_hardlp,heuristics_fast,emphasis_easycip,emphasis_optimality,heuristics_off
zib54-UUE,presolving_fast,presolving_aggressive,emphasis_hardlp,separating_fast,presolving_off,default,separating_aggressive,heuristics_fast,heuristics_aggressive,emphasis_easycip,emphasis_optimality,separating_off,emphasis_feasibility,heuristics_off
neos-1112787,separating_fast,presolving_fast,heuristics_aggressive,separating_off,default,presolving_aggressive,separating_aggressive,emphasis_optimality,emphasis_feasibility,heuristics_fast,emphasis_hardlp,presolving_off,emphasis_easycip,heuristics_off
flugpl,default,separating_fast,presolving_aggressive,separating_aggressive,presolving_fast,presolving_off,heuristics_aggressive,emphasis_optimality,emphasis_hardlp,emphasis_feasibility,heuristics_fast,emphasis_easycip,separating_off,heuristics_off
pigeon-12,separating_off,emphasis_hardlp,separating_fast,presolving_fast,presolving_aggressive,default,emphasis_feasibility,presolving_off,heuristics_aggressive,separating_aggressive,emphasis_easycip,heuristics_fast,heuristics_off,emphasis_optimality
mine-166-5,presolving_fast,separating_off,separating_fast,default,presolving_off,emphasis_hardlp,separating_aggressive,heuristics_fast,heuristics_aggressive,emphasis_easycip,presolving_aggressive,emphasis_feasibility,emphasis_optimality,heuristics_off
neos-595904,emphasis_feasibility,presolving_aggressive,separating_fast,heuristics_aggressive,default,emphasis_easycip,heuristics_fast,separating_off,separating_aggressive,presolving_off,presolving_fast,emphasis_optimality,emphasis_hardlp,heuristics_off
neos-574665,presolving_aggressive,heuristics_aggressive,default,heuristics_fast,presolving_fast,emphasis_feasibility,separating_off,separating_fast,emphasis_easycip,presolving_off,separating_aggressive,heuristics_off,emphasis_optimality,emphasis_hardlp
unitcal_7,separating_off,separating_fast,separating_aggressive,presolving_off,presolving_fast,presolving_aggressive,heuristics_aggressive,default,emphasis_feasibility,heuristics_fast,emphasis_optimality,heuristics_off,emphasis_hardlp,emphasis_easycip
neos-584146,presolving_fast,separating_fast,presolving_aggressive,separating_off,separating_aggressive,default,heuristics_fast,emphasis_hardlp,presolving_off,heuristics_aggressive,emphasis_easycip,emphasis_feasibility,heuristics_off,emphasis_optimality
neos-1445532,presolving_aggressive,separating_off,separating_fast,presolving_off,presolving_fast,default,separating_aggressive,emphasis_hardlp,emphasis_feasibility,heuristics_aggressive,emphasis_easycip,heuristics_fast,emphasis_optimality,heuristics_off
n4-3,presolving_fast,separating_fast,heuristics_aggressive,default,presolving_off,presolving_aggressive,heuristics_fast,separating_off,separating_aggressive,emphasis_hardlp,emphasis_easycip,emphasis_feasibility,emphasis_optimality,heuristics_off
neos-504674,separating_fast,presolving_fast,separating_off,presolving_aggressive,default,separating_aggressive,emphasis_feasibility,heuristics_aggressive,emphasis_hardlp,presolving_off,heuristics_fast,emphasis_easycip,emphasis_optimality,heuristics_off
neos-880324,separating_fast,separating_aggressive,presolving_fast,presolving_aggressive,default,separating_off,emphasis_hardlp,heuristics_aggressive,emphasis_easycip,heuristics_fast,presolving_off,emphasis_feasibility,heuristics_off,emphasis_optimality
neos-839838,presolving_fast,separating_off,separating_fast,presolving_off,emphasis_hardlp,emphasis_feasibility,default,heuristics_aggressive,presolving_aggressive,heuristics_fast,separating_aggressive,emphasis_optimality,emphasis_easycip,heuristics_off
sp98ir,presolving_fast,separating_aggressive,default,separating_fast,presolving_off,presolving_aggressive,heuristics_fast,heuristics_aggressive,emphasis_optimality,emphasis_hardlp,emphasis_feasibility,emphasis_easycip,separating_off,heuristics_off
satellites1-25,separating_off,separating_fast,presolving_off,presolving_fast,separating_aggressive,emphasis_feasibility,presolving_aggressive,heuristics_fast,heuristics_aggressive,emphasis_hardlp,heuristics_off,emphasis_optimality,default,emphasis_easycip
qiu,presolving_fast,emphasis_hardlp,default,presolving_aggressive,separating_fast,heuristics_fast,emphasis_easycip,separating_aggressive,heuristics_aggressive,presolving_off,emphasis_optimality,emphasis_feasibility,separating_off,heuristics_off
neos-785914,presolving_fast,default,heuristics_aggressive,emphasis_hardlp,presolving_aggressive,heuristics_fast,emphasis_feasibility,emphasis_easycip,separating_fast,separating_aggressive,presolving_off,separating_off,emphasis_optimality,heuristics_off
rout,presolving_fast,presolving_aggressive,separating_fast,default,separating_off,heuristics_aggressive,emphasis_easycip,separating_aggressive,heuristics_fast,presolving_off,emphasis_optimality,emphasis_hardlp,emphasis_feasibility,heuristics_off
rococoB10-011000,separating_fast,separating_off,heuristics_aggressive,emphasis_feasibility,default,presolving_aggressive,presolving_fast,separating_aggressive,heuristics_fast,presolving_off,emphasis_optimality,emphasis_hardlp,emphasis_easycip,heuristics_off
gmut-75-50,presolving_off,emphasis_feasibility,presolving_aggressive,separating_off,separating_fast,presolving_fast,heuristics_aggressive,default,separating_aggressive,emphasis_easycip,heuristics_fast,emphasis_optimality,emphasis_hardlp,heuristics_off
neos-1603512,separating_fast,presolving_aggressive,emphasis_feasibility,default,separating_off,separating_aggressive,heuristics_aggressive,heuristics_fast,presolving_fast,heuristics_off,emphasis_easycip,presolving_off,emphasis_hardlp,emphasis_optimality
hanoi5,separating_off,separating_aggressive,separating_fast,presolving_aggressive,heuristics_fast,default,presolving_fast,presolving_off,heuristics_aggressive,emphasis_hardlp,heuristics_off,emphasis_easycip,emphasis_optimality,emphasis_feasibility
neos-603073,separating_fast,emphasis_feasibility,default,presolving_aggressive,heuristics_aggressive,presolving_fast,emphasis_optimality,separating_aggressive,heuristics_fast,presolving_off,separating_off,emphasis_hardlp,heuristics_off,emphasis_easycip
markshare1,separating_fast,separating_aggressive,presolving_off,separating_off,presolving_fast,presolving_aggressive,heuristics_fast,heuristics_aggressive,heuristics_off,emphasis_optimality,emphasis_hardlp,emphasis_feasibility,emphasis_easycip,default
22433,separating_off,emphasis_easycip,emphasis_hardlp,heuristics_off,heuristics_fast,separating_fast,presolving_off,presolving_aggressive,presolving_fast,emphasis_optimality,separating_aggressive,emphasis_feasibility,default,heuristics_aggressive
opm2-z10-s2,separating_off,presolving_off,presolving_fast,separating_fast,separating_aggressive,presolving_aggressive,emphasis_hardlp,default,heuristics_aggressive,emphasis_easycip,heuristics_fast,emphasis_feasibility,emphasis_optimality,heuristics_off
ex1010-pi,separating_off,heuristics_aggressive,separating_fast,presolving_off,presolving_aggressive,default,separating_aggressive,presolving_fast,emphasis_feasibility,heuristics_fast,emphasis_optimality,emphasis_easycip,heuristics_off,emphasis_hardlp
opt1217,presolving_fast,separating_fast,presolving_aggressive,default,emphasis_feasibility,separating_off,presolving_off,separating_aggressive,heuristics_aggressive,emphasis_hardlp,emphasis_easycip,emphasis_optimality,heuristics_fast,heuristics_off
ns1111636,separating_off,separating_fast,presolving_fast,separating_aggressive,presolving_off,presolving_aggressive,heuristics_aggressive,emphasis_optimality,emphasis_feasibility,default,emphasis_hardlp,emphasis_easycip,heuristics_fast,heuristics_off
ns4-pr9,presolving_fast,separating_fast,presolving_aggressive,heuristics_aggressive,separating_off,presolving_off,default,heuristics_fast,separating_aggressive,emphasis_hardlp,emphasis_easycip,emphasis_feasibility,emphasis_optimality,heuristics_off
aligninq,separating_fast,emphasis_easycip,presolving_off,separating_aggressive,presolving_fast,heuristics_fast,separating_off,presolving_aggressive,heuristics_off,emphasis_hardlp,default,emphasis_optimality,heuristics_aggressive,emphasis_feasibility
neos-1467371,presolving_fast,presolving_aggressive,separating_fast,separating_aggressive,default,heuristics_aggressive,emphasis_feasibility,presolving_off,separating_off,emphasis_hardlp,heuristics_fast,emphasis_optimality,emphasis_easycip,heuristics_off
neos-1460265,heuristics_aggressive,separating_aggressive,presolving_fast,emphasis_feasibility,separating_fast,separating_off,default,presolving_off,presolving_aggressive,emphasis_optimality,emphasis_hardlp,heuristics_fast,emphasis_easycip,heuristics_off
co-100,separating_fast,emphasis_feasibility,separating_off,heuristics_aggressive,default,presolving_aggressive,presolving_fast,presolving_off,emphasis_optimality,separating_aggressive,heuristics_fast,emphasis_hardlp,heuristics_off,emphasis_easycip
lseu,default,emphasis_easycip,emphasis_hardlp,presolving_aggressive,separating_fast,heuristics_fast,emphasis_feasibility,presolving_fast,heuristics_aggressive,separating_aggressive,presolving_off,separating_off,heuristics_off,emphasis_optimality
neos-585467,default,separating_fast,separating_off,presolving_aggressive,heuristics_aggressive,heuristics_fast,emphasis_feasibility,separating_aggressive,heuristics_off,presolving_fast,emphasis_optimality,emphasis_hardlp,emphasis_easycip,presolving_off
neos-1429185,separating_off,separating_fast,emphasis_feasibility,default,presolving_fast,presolving_aggressive,separating_aggressive,heuristics_aggressive,presolving_off,emphasis_optimality,heuristics_fast,emphasis_hardlp,emphasis_easycip,heuristics_off
satellites2-60,separating_off,separating_fast,presolving_off,presolving_fast,emphasis_feasibility,presolving_aggressive,separating_aggressive,heuristics_aggressive,heuristics_fast,heuristics_off,emphasis_hardlp,emphasis_optimality,emphasis_easycip,default
neos-933966,default,presolving_fast,separating_aggressive,heuristics_aggressive,separating_fast,presolving_aggressive,emphasis_feasibility,separating_off,presolving_off,emphasis_hardlp,heuristics_fast,emphasis_optimality,emphasis_easycip,heuristics_off
neos-691073,separating_fast,presolving_fast,presolving_aggressive,emphasis_feasibility,heuristics_aggressive,default,emphasis_hardlp,presolving_off,separating_off,separating_aggressive,heuristics_fast,emphasis_easycip,heuristics_off,emphasis_optimality
