neos-1605075,separating_fast,presolving_off,presolving_fast,presolving_aggressive,heuristics_aggressive,separating_off,emphasis_feasibility,separating_aggressive,default,heuristics_fast,emphasis_optimality,emphasis_hardlp,heuristics_off,emphasis_easycip
neos-785914,presolving_fast,default,emphasis_hardlp,heuristics_aggressive,presolving_aggressive,heuristics_fast,emphasis_easycip,separating_fast,presolving_off,emphasis_feasibility,separating_aggressive,separating_off,emphasis_optimality,heuristics_off
ns4-pr3,presolving_fast,heuristics_aggressive,separating_off,presolving_off,presolving_aggressive,heuristics_fast,default,separating_fast,separating_aggressive,emphasis_hardlp,emphasis_easycip,emphasis_feasibility,emphasis_optimality,heuristics_off
neos-839894,presolving_fast,presolving_off,heuristics_aggressive,separating_fast,separating_off,emphasis_feasibility,emphasis_hardlp,default,separating_aggressive,presolving_aggressive,heuristics_fast,emphasis_optimality,emphasis_easycip,heuristics_off
neos-881765,separating_fast,emphasis_hardlp,emphasis_feasibility,presolving_fast,presolving_aggressive,default,heuristics_aggressive,emphasis_easycip,separating_off,heuristics_fast,heuristics_off,presolving_off,separating_aggressive,emphasis_optimality
neos-911880,separating_fast,presolving_fast,presolving_aggressive,default,presolving_off,heuristics_aggressive,emphasis_feasibility,separating_off,separating_aggressive,emphasis_hardlp,emphasis_optimality,emphasis_easycip,heuristics_fast,heuristics_off
mine-166-5,presolving_fast,separating_off,separating_fast,default,emphasis_hardlp,separating_aggressive,presolving_off,heuristics_fast,heuristics_aggressive,emphasis_easycip,presolving_aggressive,emphasis_feasibility,heuristics_off,emphasis_optimality
l152lav,heuristics_aggressive,emphasis_hardlp,emphasis_feasibility,default,separating_fast,presolving_aggressive,emphasis_easycip,separating_off,presolving_fast,heuristics_fast,presolving_off,heuristics_off,separating_aggressive,emphasis_optimality
mod010,heuristics_aggressive,emphasis_feasibility,default,emphasis_hardlp,separating_fast,presolving_aggressive,presolving_fast,separating_off,emphasis_easycip,heuristics_fast,presolving_off,separating_aggressive,heuristics_off,emphasis_optimality
neos-1425699,heuristics_off,separating_off,separating_fast,presolving_aggressive,heuristics_fast,emphasis_easycip,presolving_off,presolving_fast,default,heuristics_aggressive,emphasis_optimality,emphasis_feasibility,separating_aggressive,emphasis_hardlp
blend2,separating_fast,default,presolving_fast,presolving_aggressive,separating_aggressive,separating_off,heuristics_aggressive,presolving_off,emphasis_easycip,heuristics_fast,emphasis_hardlp,emphasis_feasibility,emphasis_optimality,heuristics_off
neos-810326,presolving_fast,emphasis_feasibility,heuristics_aggressive,separating_fast,default,presolving_off,presolving_aggressive,emphasis_hardlp,emphasis_easycip,separating_aggressive,heuristics_fast,separating_off,heuristics_off,emphasis_optimality
manna81,separating_fast,presolving_fast,separating_aggressive,presolving_off,presolving_aggressive,emphasis_optimality,separating_off,emphasis_hardlp,heuristics_off,heuristics_fast,default,emphasis_easycip,heuristics_aggressive,emphasis_feasibility
neos-1122047,presolving_aggressive,emphasis_hardlp,emphasis_easycip,default,separating_off,presolving_fast,heuristics_fast,separating_fast,separating_aggressive,presolving_off,heuristics_off,heuristics_aggressive,emphasis_feasibility,emphasis_optimality
cap6000,emphasis_feasibility,heuristics_aggressive,separating_fast,heuristics_fast,emphasis_hardlp,default,separating_aggressive,separating_off,presolving_fast,heuristics_off,presolving_aggressive,emphasis_easycip,presolving_off,emphasis_optimality
binkar10_1,presolving_fast,emphasis_hardlp,separating_fast,presolving_aggressive,default,heuristics_fast,emphasis_easycip,heuristics_aggressive,separating_aggressive,presolving_off,separating_off,heuristics_off,emphasis_feasibility,emphasis_optimality
opm2-z7-s2,presolving_fast,separating_off,presolving_off,emphasis_hardlp,separating_fast,separating_aggressive,emphasis_easycip,presolving_aggressive,default,heuristics_fast,heuristics_aggressive,emphasis_feasibility,emphasis_optimality,heuristics_off
neos-1423785,presolving_fast,separating_fast,separating_off,presolving_aggressive,heuristics_aggressive,default,separating_aggressive,emphasis_feasibility,presolving_off,heuristics_fast,emphasis_hardlp,emphasis_easycip,heuristics_off,emphasis_optimality
disctom,heuristics_aggressive,default,presolving_fast,presolving_aggressive,emphasis_hardlp,heuristics_fast,emphasis_feasibility,separating_aggressive,presolving_off,separating_fast,emphasis_optimality,emphasis_easycip,heuristics_off,separating_off
neos-1601936,separating_fast,separating_off,presolving_off,presolving_fast,presolving_aggressive,separating_aggressive,emphasis_feasibility,heuristics_aggressive,default,emphasis_optimality,heuristics_fast,emphasis_hardlp,emphasis_easycip,heuristics_off
neos-555771,emphasis_feasibility,default,separating_fast,presolving_aggressive,heuristics_aggressive,emphasis_hardlp,presolving_fast,separating_off,presolving_off,separating_aggressive,heuristics_fast,emphasis_easycip,heuristics_off,emphasis_optimality
pigeon-19,separating_off,separating_fast,emphasis_hardlp,presolving_fast,presolving_aggressive,emphasis_feasibility,presolving_off,emphasis_easycip,separating_aggressive,default,heuristics_fast,heuristics_aggressive,heuristics_off,emphasis_optimality
ns25-pr9,presolving_fast,heuristics_aggressive,heuristics_fast,presolving_off,presolving_aggressive,default,separating_off,separating_fast,separating_aggressive,emphasis_hardlp,emphasis_easycip,emphasis_feasibility,emphasis_optimality,heuristics_off
mkc1,presolving_fast,presolving_off,separating_off,separating_fast,heuristics_aggressive,presolving_aggressive,emphasis_easycip,default,emphasis_hardlp,heuristics_fast,separating_aggressive,emphasis_feasibility,emphasis_optimality,heuristics_off
bab5,separating_off,presolving_fast,separating_fast,presolving_off,presolving_aggressive,heuristics_aggressive,emphasis_hardlp,emphasis_feasibility,emphasis_easycip,separating_aggressive,default,heuristics_off,heuristics_fast,emphasis_optimality
neos-1211578,separating_off,separating_fast,default,emphasis_feasibility,presolving_fast,presolving_aggressive,separating_aggressive,heuristics_aggressive,presolving_off,emphasis_hardlp,emphasis_optimality,heuristics_fast,emphasis_easycip,heuristics_off
neos-1595230,presolving_fast,presolving_aggressive,heuristics_aggressive,default,separating_aggressive,separating_fast,heuristics_fast,emphasis_hardlp,emphasis_easycip,separating_off,emphasis_feasibility,heuristics_off,presolving_off,emphasis_optimality
neos-1330346,presolving_fast,separating_off,separating_fast,presolving_aggressive,separating_aggressive,heuristics_aggressive,default,presolving_off,heuristics_fast,emphasis_feasibility,emphasis_hardlp,emphasis_easycip,heuristics_off,emphasis_optimality
vpphard2,separating_off,presolving_fast,separating_fast,presolving_aggressive,separating_aggressive,presolving_off,heuristics_aggressive,emphasis_feasibility,heuristics_fast,emphasis_optimality,emphasis_hardlp,emphasis_easycip,heuristics_off,default
nsa,separating_off,separating_fast,separating_aggressive,heuristics_off,presolving_aggressive,default,heuristics_fast,emphasis_optimality,emphasis_feasibility,heuristics_aggressive,presolving_off,emphasis_hardlp,presolving_fast,emphasis_easycip
neos-916173,presolving_fast,emphasis_hardlp,separating_off,separating_fast,emphasis_easycip,default,heuristics_fast,heuristics_aggressive,presolving_aggressive,separating_aggressive,emphasis_feasibility,presolving_off,heuristics_off,emphasis_optimality
atm20-100,presolving_fast,separating_fast,heuristics_aggressive,presolving_aggressive,heuristics_fast,default,presolving_off,separating_off,separating_aggressive,emphasis_hardlp,emphasis_optimality,emphasis_easycip,emphasis_feasibility,heuristics_off
neos-807639,presolving_aggressive,heuristics_aggressive,separating_off,presolving_fast,default,separating_aggressive,emphasis_feasibility,separating_fast,presolving_off,heuristics_off,heuristics_fast,emphasis_easycip,emphasis_hardlp,emphasis_optimality
ns4-pr9,presolving_fast,heuristics_aggressive,heuristics_fast,presolving_off,presolving_aggressive,default,separating_off,separating_fast,separating_aggressive,emphasis_hardlp,emphasis_easycip,emphasis_feasibility,emphasis_optimality,heuristics_off
rmine14,separating_off,presolving_off,presolving_fast,separating_fast,presolving_aggressive,heuristics_aggressive,separating_aggressive,emphasis_hardlp,emphasis_feasibility,emphasis_easycip,default,heuristics_fast,heuristics_off,emphasis_optimality
toll-like,separating_off,presolving_fast,separating_fast,presolving_aggressive,emphasis_easycip,presolving_off,heuristics_aggressive,default,separating_aggressive,emphasis_hardlp,heuristics_fast,emphasis_feasibility,heuristics_off,emphasis_optimality
neos-631784,presolving_fast,separating_off,separating_fast,separating_aggressive,heuristics_aggressive,emphasis_feasibility,presolving_aggressive,default,presolving_off,heuristics_fast,emphasis_hardlp,emphasis_easycip,heuristics_off,emphasis_optimality
sct5,presolving_fast,separating_fast,separating_off,presolving_off,heuristics_aggressive,separating_aggressive,presolving_aggressive,heuristics_off,heuristics_fast,emphasis_feasibility,default,emphasis_optimality,emphasis_hardlp,emphasis_easycip
neos-1151496,presolving_fast,heuristics_aggressive,separating_fast,presolving_aggressive,emphasis_feasibility,separating_off,heuristics_fast,separating_aggressive,emphasis_easycip,default,emphasis_hardlp,presolving_off,heuristics_off,emphasis_optimality
triptim3,separating_off,separating_fast,separating_aggressive,presolving_off,presolving_fast,presolving_aggressive,heuristics_aggressive,heuristics_fast,heuristics_off,emphasis_hardlp,emphasis_easycip,emphasis_optimality,emphasis_feasibility,default
neos-803219,presolving_fast,emphasis_hardlp,default,separating_off,separating_aggressive,heuristics_fast,presolving_off,presolving_aggressive,heuristics_off,emphasis_easycip,separating_fast,emphasis_optimality,heuristics_aggressive,emphasis_feasibility
net12,separating_off,separating_fast,presolving_off,presolving_fast,presolving_aggressive,separating_aggressive,emphasis_feasibility,heuristics_aggressive,default,emphasis_hardlp,emphasis_easycip,heuristics_off,heuristics_fast,emphasis_optimality
satellites2-60,separating_off,separating_fast,presolving_off,emphasis_feasibility,presolving_fast,separating_aggressive,presolving_aggressive,heuristics_aggressive,heuristics_fast,heuristics_off,emphasis_hardlp,emphasis_optimality,emphasis_easycip,default
tanglegram2,separating_off,presolving_fast,separating_fast,default,presolving_aggressive,presolving_off,heuristics_aggressive,separating_aggressive,emphasis_easycip,emphasis_feasibility,heuristics_fast,emphasis_hardlp,heuristics_off,emphasis_optimality
neos-686190,emphasis_feasibility,heuristics_aggressive,default,separating_off,separating_fast,presolving_fast,presolving_aggressive,emphasis_easycip,separating_aggressive,presolving_off,heuristics_fast,emphasis_hardlp,emphasis_optimality,heuristics_off
neos-631517,presolving_fast,presolving_aggressive,heuristics_aggressive,separating_fast,default,separating_aggressive,presolving_off,emphasis_feasibility,separating_off,emphasis_optimality,emphasis_hardlp,heuristics_fast,emphasis_easycip,heuristics_off
biella1,presolving_aggressive,separating_fast,presolving_fast,heuristics_aggressive,default,separating_off,separating_aggressive,presolving_off,emphasis_feasibility,heuristics_fast,emphasis_optimality,emphasis_hardlp,emphasis_easycip,heuristics_off
bley_xl1,separating_off,separating_aggressive,heuristics_off,emphasis_optimality,emphasis_feasibility,separating_fast,heuristics_fast,heuristics_aggressive,default,presolving_aggressive,presolving_fast,emphasis_hardlp,emphasis_easycip,presolving_off
maxgasflow,emphasis_feasibility,separating_fast,presolving_off,emphasis_hardlp,presolving_fast,heuristics_aggressive,presolving_aggressive,emphasis_easycip,default,separating_off,separating_aggressive,heuristics_off,heuristics_fast,emphasis_optimality
p0033,emphasis_hardlp,emphasis_easycip,default,separating_fast,heuristics_fast,separating_off,presolving_aggressive,presolving_fast,heuristics_off,heuristics_aggressive,separating_aggressive,presolving_off,emphasis_feasibility,emphasis_optimality
nsr8k,presolving_aggressive,separating_fast,heuristics_aggressive,presolving_fast,default,separating_off,presolving_off,separating_aggressive,emphasis_feasibility,heuristics_fast,emphasis_optimality,emphasis_hardlp,emphasis_easycip,heuristics_off
neos-1112782,separating_fast,presolving_fast,heuristics_aggressive,emphasis_optimality,emphasis_feasibility,separating_off,emphasis_hardlp,default,presolving_aggressive,separating_aggressive,presolving_off,emphasis_easycip,heuristics_fast,heuristics_off
neos-803220,presolving_fast,heuristics_fast,emphasis_hardlp,default,separating_off,separating_aggressive,presolving_off,presolving_aggressive,heuristics_off,separating_fast,emphasis_optimality,emphasis_easycip,heuristics_aggressive,emphasis_feasibility
neos-931538,presolving_fast,default,separating_off,heuristics_aggressive,separating_fast,presolving_off,presolving_aggressive,emphasis_feasibility,separating_aggressive,heuristics_fast,emphasis_optimality,emphasis_hardlp,emphasis_easycip,heuristics_off
rococoB10-011000,separating_fast,emphasis_feasibility,heuristics_aggressive,separating_off,default,presolving_fast,presolving_aggressive,separating_aggressive,emphasis_hardlp,heuristics_fast,emphasis_easycip,presolving_off,emphasis_optimality,heuristics_off
neos-932816,separating_fast,default,emphasis_feasibility,presolving_fast,presolving_aggressive,heuristics_aggressive,separating_off,separating_aggressive,emphasis_hardlp,heuristics_fast,emphasis_easycip,presolving_off,emphasis_optimality,heuristics_off
iis-pima-cov,separating_off,presolving_off,presolving_fast,separating_fast,heuristics_fast,default,heuristics_aggressive,emphasis_easycip,presolving_aggressive,separating_aggressive,emphasis_hardlp,emphasis_feasibility,emphasis_optimality,heuristics_off
rocII-9-11,separating_fast,emphasis_feasibility,separating_off,separating_aggressive,heuristics_off,heuristics_fast,heuristics_aggressive,presolving_off,default,presolving_fast,presolving_aggressive,emphasis_optimality,emphasis_hardlp,emphasis_easycip
neos-1593097,emphasis_feasibility,separating_off,separating_fast,presolving_off,presolving_fast,separating_aggressive,heuristics_aggressive,presolving_aggressive,heuristics_off,emphasis_optimality,default,heuristics_fast,emphasis_hardlp,emphasis_easycip
neos-501453,separating_fast,heuristics_fast,heuristics_off,emphasis_optimality,separating_off,separating_aggressive,presolving_aggressive,heuristics_aggressive,emphasis_feasibility,default,presolving_fast,emphasis_hardlp,emphasis_easycip,presolving_off
rmine6,presolving_fast,separating_off,presolving_off,emphasis_hardlp,separating_fast,separating_aggressive,default,emphasis_easycip,presolving_aggressive,heuristics_aggressive,heuristics_fast,emphasis_feasibility,heuristics_off,emphasis_optimality
