neos-1112782,emphasis_feasibility,heuristics_aggressive,emphasis_optimality,emphasis_hardlp,default,presolving_aggressive,separating_off,separating_fast,presolving_fast,separating_aggressive,presolving_off,heuristics_fast,emphasis_easycip,heuristics_off
p2756,presolving_fast,separating_fast,emphasis_feasibility,default,heuristics_aggressive,emphasis_hardlp,presolving_off,presolving_aggressive,separating_off,emphasis_optimality,separating_aggressive,emphasis_easycip,heuristics_fast,heuristics_off
neos-1330635,presolving_fast,default,separating_off,separating_fast,separating_aggressive,presolving_aggressive,presolving_off,heuristics_aggressive,emphasis_hardlp,emphasis_feasibility,emphasis_easycip,emphasis_optimality,heuristics_fast,heuristics_off
newdano,separating_off,emphasis_hardlp,presolving_fast,heuristics_fast,emphasis_easycip,separating_fast,emphasis_feasibility,default,presolving_aggressive,heuristics_aggressive,separating_aggressive,heuristics_off,emphasis_optimality,presolving_off
mod010,separating_fast,default,presolving_aggressive,heuristics_aggressive,presolving_fast,separating_off,emphasis_feasibility,emphasis_hardlp,heuristics_fast,separating_aggressive,presolving_off,emphasis_easycip,heuristics_off,emphasis_optimality
neos-1330346,separating_aggressive,presolving_fast,default,separating_fast,presolving_aggressive,separating_off,heuristics_aggressive,emphasis_hardlp,presolving_off,emphasis_feasibility,heuristics_fast,emphasis_easycip,emphasis_optimality,heuristics_off
neos-1442657,separating_off,presolving_fast,separating_fast,presolving_off,emphasis_feasibility,presolving_aggressive,heuristics_aggressive,default,separating_aggressive,emphasis_optimality,heuristics_fast,emphasis_hardlp,emphasis_easycip,heuristics_off
rail507,emphasis_feasibility,heuristics_aggressive,separating_fast,presolving_aggressive,separating_off,default,separating_aggressive,heuristics_fast,presolving_fast,presolving_off,emphasis_optimality,heuristics_off,emphasis_hardlp,emphasis_easycip
ns894236,emphasis_feasibility,separating_off,separating_fast,default,presolving_fast,heuristics_aggressive,presolving_aggressive,separating_aggressive,presolving_off,emphasis_hardlp,emphasis_easycip,heuristics_off,heuristics_fast,emphasis_optimality
neos-1311124,separating_off,separating_fast,presolving_fast,presolving_off,presolving_aggressive,emphasis_feasibility,default,separating_aggressive,heuristics_aggressive,emphasis_optimality,emphasis_hardlp,heuristics_fast,emphasis_easycip,heuristics_off
neos-717614,presolving_fast,presolving_aggressive,default,presolving_off,heuristics_aggressive,separating_aggressive,separating_fast,heuristics_fast,emphasis_hardlp,emphasis_optimality,separating_off,emphasis_feasibility,emphasis_easycip,heuristics_off
gesa2-o,presolving_off,separating_fast,separating_off,default,presolving_aggressive,presolving_fast,separating_aggressive,emphasis_hardlp,heuristics_fast,heuristics_aggressive,heuristics_off,emphasis_optimality,emphasis_feasibility,emphasis_easycip
mine-166-5,emphasis_hardlp,separating_off,separating_fast,presolving_fast,emphasis_feasibility,emphasis_easycip,default,heuristics_aggressive,heuristics_fast,presolving_off,separating_aggressive,presolving_aggressive,heuristics_off,emphasis_optimality
opm2-z7-s2,emphasis_hardlp,presolving_fast,emphasis_feasibility,separating_off,separating_fast,default,heuristics_aggressive,emphasis_easycip,presolving_off,heuristics_fast,separating_aggressive,presolving_aggressive,emphasis_optimality,heuristics_off
ramos3,separating_off,presolving_aggressive,default,heuristics_fast,presolving_fast,separating_fast,presolving_off,heuristics_aggressive,separating_aggressive,emphasis_easycip,emphasis_feasibility,emphasis_hardlp,heuristics_off,emphasis_optimality
pg,separating_fast,presolving_fast,default,presolving_aggressive,presolving_off,emphasis_hardlp,heuristics_aggressive,separating_aggressive,heuristics_fast,separating_off,emphasis_feasibility,heuristics_off,emphasis_optimality,emphasis_easycip
uc-case11,emphasis_feasibility,presolving_fast,separating_fast,default,separating_off,presolving_aggressive,presolving_off,heuristics_aggressive,separating_aggressive,emphasis_hardlp,emphasis_optimality,emphasis_easycip,heuristics_fast,heuristics_off
neos-826250,heuristics_aggressive,emphasis_feasibility,separating_off,presolving_fast,separating_fast,default,presolving_aggressive,presolving_off,emphasis_hardlp,separating_aggressive,heuristics_fast,emphasis_optimality,emphasis_easycip,heuristics_off
neos-595925,separating_fast,emphasis_feasibility,presolving_fast,separating_off,default,presolving_aggressive,heuristics_aggressive,separating_aggressive,emphasis_optimality,heuristics_fast,presolving_off,heuristics_off,emphasis_hardlp,emphasis_easycip
ns1208400,emphasis_feasibility,heuristics_aggressive,separating_fast,default,separating_aggressive,emphasis_easycip,presolving_fast,emphasis_hardlp,presolving_aggressive,separating_off,heuristics_fast,heuristics_off,emphasis_optimality,presolving_off
rmine21,presolving_off,emphasis_hardlp,emphasis_easycip,presolving_fast,heuristics_aggressive,separating_off,emphasis_feasibility,separating_fast,default,heuristics_fast,separating_aggressive,emphasis_optimality,heuristics_off,presolving_aggressive
sing161,presolving_off,presolving_fast,emphasis_hardlp,emphasis_easycip,separating_off,separating_fast,default,heuristics_aggressive,heuristics_fast,emphasis_optimality,emphasis_feasibility,separating_aggressive,presolving_aggressive,heuristics_off
neos-495307,presolving_off,presolving_fast,emphasis_hardlp,emphasis_easycip,heuristics_off,separating_off,heuristics_fast,separating_fast,default,presolving_aggressive,heuristics_aggressive,separating_aggressive,emphasis_optimality,emphasis_feasibility
nsa,emphasis_easycip,emphasis_hardlp,separating_fast,separating_off,presolving_fast,presolving_aggressive,heuristics_fast,default,separating_aggressive,presolving_off,heuristics_off,emphasis_feasibility,heuristics_aggressive,emphasis_optimality
neos-824661,emphasis_feasibility,heuristics_aggressive,separating_off,presolving_fast,separating_fast,default,presolving_aggressive,separating_aggressive,presolving_off,emphasis_optimality,emphasis_hardlp,emphasis_easycip,heuristics_fast,heuristics_off
pb-simp-nonunif,separating_off,emphasis_feasibility,separating_fast,presolving_fast,default,presolving_off,presolving_aggressive,heuristics_fast,heuristics_aggressive,emphasis_hardlp,separating_aggressive,emphasis_easycip,emphasis_optimality,heuristics_off
rmatr200-p5,presolving_off,heuristics_aggressive,emphasis_feasibility,emphasis_hardlp,emphasis_easycip,heuristics_fast,presolving_fast,separating_off,default,separating_fast,presolving_aggressive,emphasis_optimality,separating_aggressive,heuristics_off
neos-1223462,emphasis_feasibility,heuristics_aggressive,separating_off,default,presolving_aggressive,emphasis_hardlp,separating_fast,separating_aggressive,presolving_fast,emphasis_easycip,heuristics_fast,presolving_off,heuristics_off,emphasis_optimality
nsr8k,presolving_fast,separating_fast,default,separating_off,presolving_off,presolving_aggressive,emphasis_feasibility,heuristics_aggressive,separating_aggressive,emphasis_optimality,emphasis_easycip,heuristics_fast,emphasis_hardlp,heuristics_off
nsrand-ipx,heuristics_aggressive,emphasis_feasibility,presolving_fast,default,separating_fast,presolving_aggressive,separating_off,presolving_off,separating_aggressive,heuristics_fast,emphasis_easycip,emphasis_optimality,emphasis_hardlp,heuristics_off
neos-631710,separating_off,presolving_fast,heuristics_aggressive,emphasis_hardlp,separating_fast,presolving_off,emphasis_feasibility,emphasis_easycip,default,heuristics_fast,presolving_aggressive,emphasis_optimality,separating_aggressive,heuristics_off
neos-512201,heuristics_off,separating_fast,presolving_fast,heuristics_aggressive,emphasis_hardlp,heuristics_fast,presolving_aggressive,emphasis_easycip,separating_aggressive,default,presolving_off,separating_off,emphasis_feasibility,emphasis_optimality
neos-955215,default,presolving_aggressive,heuristics_aggressive,presolving_fast,separating_aggressive,separating_fast,emphasis_optimality,presolving_off,emphasis_hardlp,heuristics_fast,emphasis_feasibility,emphasis_easycip,heuristics_off,separating_off
cov1075,separating_off,presolving_off,heuristics_fast,presolving_fast,separating_fast,emphasis_easycip,default,presolving_aggressive,separating_aggressive,heuristics_aggressive,heuristics_off,emphasis_hardlp,emphasis_feasibility,emphasis_optimality
neos-501474,presolving_aggressive,presolving_fast,default,heuristics_fast,separating_fast,presolving_off,separating_off,emphasis_hardlp,emphasis_easycip,separating_aggressive,heuristics_aggressive,heuristics_off,emphasis_feasibility,emphasis_optimality
neos-548047,separating_aggressive,emphasis_hardlp,heuristics_aggressive,emphasis_feasibility,default,presolving_fast,heuristics_fast,separating_fast,emphasis_easycip,presolving_aggressive,emphasis_optimality,separating_off,presolving_off,heuristics_off
probportfolio,presolving_fast,separating_fast,default,separating_off,presolving_off,emphasis_easycip,presolving_aggressive,heuristics_fast,separating_aggressive,emphasis_hardlp,heuristics_aggressive,emphasis_feasibility,heuristics_off,emphasis_optimality
neos6,default,presolving_aggressive,separating_fast,heuristics_aggressive,emphasis_feasibility,presolving_off,presolving_fast,separating_off,separating_aggressive,emphasis_easycip,heuristics_fast,emphasis_hardlp,emphasis_optimality,heuristics_off
hanoi5,separating_fast,presolving_fast,presolving_aggressive,default,separating_off,heuristics_aggressive,separating_aggressive,heuristics_fast,emphasis_feasibility,emphasis_easycip,presolving_off,emphasis_hardlp,emphasis_optimality,heuristics_off
msc98-ip,emphasis_feasibility,separating_off,presolving_fast,emphasis_hardlp,presolving_aggressive,separating_fast,default,presolving_off,separating_aggressive,heuristics_aggressive,emphasis_easycip,heuristics_fast,emphasis_optimality,heuristics_off
p0548,separating_fast,emphasis_hardlp,presolving_fast,separating_off,emphasis_feasibility,default,presolving_aggressive,presolving_off,heuristics_aggressive,emphasis_easycip,heuristics_fast,separating_aggressive,emphasis_optimality,heuristics_off
neos-1208069,emphasis_feasibility,emphasis_easycip,heuristics_fast,heuristics_aggressive,separating_off,default,emphasis_hardlp,separating_fast,heuristics_off,separating_aggressive,presolving_fast,presolving_aggressive,presolving_off,emphasis_optimality
van,presolving_fast,separating_fast,default,presolving_aggressive,separating_off,separating_aggressive,emphasis_feasibility,heuristics_aggressive,presolving_off,emphasis_hardlp,emphasis_easycip,heuristics_fast,emphasis_optimality,heuristics_off
sp98ar,presolving_fast,separating_off,presolving_aggressive,separating_fast,presolving_off,heuristics_aggressive,emphasis_feasibility,default,separating_aggressive,emphasis_hardlp,emphasis_easycip,heuristics_fast,emphasis_optimality,heuristics_off
ns1856153,separating_off,presolving_fast,separating_fast,presolving_off,emphasis_feasibility,default,presolving_aggressive,heuristics_aggressive,emphasis_easycip,emphasis_hardlp,separating_aggressive,heuristics_fast,emphasis_optimality,heuristics_off
neos-574665,separating_fast,presolving_fast,default,presolving_aggressive,heuristics_aggressive,separating_off,separating_aggressive,emphasis_hardlp,emphasis_easycip,presolving_off,emphasis_feasibility,heuristics_fast,emphasis_optimality,heuristics_off
mas76,separating_fast,heuristics_off,presolving_off,emphasis_hardlp,presolving_fast,emphasis_easycip,separating_off,heuristics_fast,default,presolving_aggressive,heuristics_aggressive,separating_aggressive,emphasis_optimality,emphasis_feasibility
neos-1605061,separating_fast,emphasis_feasibility,presolving_fast,heuristics_aggressive,default,separating_off,presolving_aggressive,separating_aggressive,presolving_off,emphasis_easycip,emphasis_hardlp,heuristics_fast,emphasis_optimality,heuristics_off
neos-1467467,emphasis_feasibility,default,presolving_fast,separating_fast,heuristics_aggressive,presolving_off,separating_aggressive,presolving_aggressive,emphasis_optimality,separating_off,emphasis_hardlp,emphasis_easycip,heuristics_fast,heuristics_off
neos-983171,separating_off,presolving_fast,separating_fast,default,separating_aggressive,presolving_off,presolving_aggressive,emphasis_feasibility,heuristics_aggressive,emphasis_hardlp,emphasis_easycip,emphasis_optimality,heuristics_fast,heuristics_off
neos-1430701,separating_off,separating_fast,emphasis_feasibility,presolving_fast,presolving_aggressive,default,separating_aggressive,heuristics_aggressive,heuristics_fast,emphasis_hardlp,emphasis_easycip,emphasis_optimality,presolving_off,heuristics_off
prod2,emphasis_hardlp,separating_fast,emphasis_easycip,separating_off,heuristics_fast,default,presolving_aggressive,presolving_off,presolving_fast,emphasis_feasibility,separating_aggressive,heuristics_aggressive,heuristics_off,emphasis_optimality
neos-1427261,presolving_fast,separating_off,separating_fast,presolving_aggressive,emphasis_feasibility,default,separating_aggressive,heuristics_aggressive,presolving_off,emphasis_optimality,emphasis_hardlp,emphasis_easycip,heuristics_fast,heuristics_off
ns25-pr3,emphasis_hardlp,heuristics_aggressive,heuristics_fast,separating_fast,presolving_fast,separating_off,presolving_aggressive,default,emphasis_easycip,separating_aggressive,presolving_off,heuristics_off,emphasis_feasibility,emphasis_optimality
rmine10,emphasis_hardlp,presolving_fast,separating_off,heuristics_aggressive,default,separating_fast,emphasis_feasibility,presolving_off,emphasis_easycip,heuristics_fast,separating_aggressive,emphasis_optimality,heuristics_off,presolving_aggressive
neos-848845,emphasis_feasibility,separating_off,default,separating_fast,presolving_fast,emphasis_easycip,heuristics_aggressive,heuristics_off,emphasis_hardlp,presolving_aggressive,heuristics_fast,separating_aggressive,presolving_off,emphasis_optimality
mod008,separating_off,presolving_off,emphasis_hardlp,emphasis_easycip,separating_fast,presolving_fast,heuristics_off,heuristics_fast,presolving_aggressive,default,separating_aggressive,heuristics_aggressive,emphasis_feasibility,emphasis_optimality
neos-503737,default,presolving_aggressive,separating_fast,presolving_fast,heuristics_aggressive,separating_aggressive,emphasis_feasibility,emphasis_hardlp,separating_off,heuristics_fast,emphasis_easycip,heuristics_off,presolving_off,emphasis_optimality
neos15,presolving_fast,default,emphasis_hardlp,presolving_aggressive,separating_fast,separating_aggressive,heuristics_aggressive,emphasis_easycip,presolving_off,heuristics_fast,emphasis_optimality,emphasis_feasibility,separating_off,heuristics_off
neos-584146,presolving_fast,default,separating_fast,separating_aggressive,presolving_aggressive,heuristics_aggressive,presolving_off,separating_off,heuristics_fast,emphasis_feasibility,emphasis_hardlp,emphasis_easycip,emphasis_optimality,heuristics_off
rentacar,presolving_fast,default,presolving_off,separating_fast,emphasis_hardlp,separating_off,heuristics_fast,presolving_aggressive,emphasis_easycip,separating_aggressive,heuristics_aggressive,emphasis_optimality,emphasis_feasibility,heuristics_off
