neos-633273,emphasis_feasibility,separating_aggressive,heuristics_fast,emphasis_optimality,presolving_aggressive,separating_fast,default,separating_off,heuristics_off,heuristics_aggressive,emphasis_easycip,emphasis_hardlp,presolving_fast,presolving_off
sp98ar,presolving_fast,presolving_aggressive,separating_off,heuristics_aggressive,separating_fast,presolving_off,emphasis_feasibility,default,separating_aggressive,emphasis_hardlp,emphasis_easycip,heuristics_fast,emphasis_optimality,heuristics_off
mspp16,emphasis_hardlp,emphasis_easycip,emphasis_feasibility,separating_off,separating_fast,presolving_fast,heuristics_aggressive,heuristics_fast,default,presolving_off,presolving_aggressive,heuristics_off,separating_aggressive,emphasis_optimality
neos-555298,emphasis_feasibility,heuristics_aggressive,presolving_fast,separating_off,presolving_aggressive,separating_fast,default,presolving_off,separating_aggressive,emphasis_hardlp,heuristics_fast,emphasis_easycip,heuristics_off,emphasis_optimality
bg512142,default,presolving_aggressive,presolving_fast,heuristics_aggressive,separating_fast,separating_aggressive,presolving_off,emphasis_hardlp,emphasis_easycip,heuristics_fast,emphasis_optimality,emphasis_feasibility,heuristics_off,separating_off
triptim2,presolving_aggressive,presolving_fast,separating_fast,default,heuristics_aggressive,emphasis_optimality,emphasis_feasibility,separating_off,separating_aggressive,emphasis_hardlp,emphasis_easycip,heuristics_fast,presolving_off,heuristics_off
reblock354,separating_off,default,separating_fast,emphasis_hardlp,heuristics_fast,emphasis_feasibility,presolving_fast,heuristics_aggressive,presolving_off,emphasis_easycip,separating_aggressive,heuristics_off,presolving_aggressive,emphasis_optimality
ger50_17_trans,presolving_aggressive,presolving_off,presolving_fast,default,heuristics_aggressive,heuristics_fast,emphasis_hardlp,separating_fast,separating_aggressive,separating_off,emphasis_feasibility,emphasis_easycip,emphasis_optimality,heuristics_off
neos-555343,heuristics_aggressive,presolving_off,emphasis_feasibility,presolving_fast,separating_fast,default,separating_off,presolving_aggressive,separating_aggressive,emphasis_hardlp,emphasis_easycip,heuristics_fast,heuristics_off,emphasis_optimality
n370a,heuristics_aggressive,separating_aggressive,presolving_fast,presolving_aggressive,default,heuristics_fast,emphasis_feasibility,emphasis_optimality,emphasis_hardlp,separating_fast,presolving_off,separating_off,emphasis_easycip,heuristics_off
sing359,presolving_fast,emphasis_hardlp,presolving_off,emphasis_easycip,default,separating_off,separating_fast,heuristics_fast,heuristics_aggressive,separating_aggressive,presolving_aggressive,emphasis_optimality,emphasis_feasibility,heuristics_off
neos-775946,default,emphasis_feasibility,separating_fast,presolving_aggressive,heuristics_aggressive,emphasis_hardlp,presolving_fast,separating_off,separating_aggressive,heuristics_fast,emphasis_easycip,presolving_off,heuristics_off,emphasis_optimality
bienst1,separating_off,emphasis_hardlp,heuristics_fast,separating_fast,presolving_fast,emphasis_easycip,emphasis_feasibility,default,presolving_aggressive,heuristics_aggressive,heuristics_off,separating_aggressive,presolving_off,emphasis_optimality
neos-847051,presolving_aggressive,default,separating_fast,presolving_fast,heuristics_aggressive,emphasis_feasibility,separating_off,separating_aggressive,presolving_off,heuristics_fast,emphasis_optimality,emphasis_hardlp,emphasis_easycip,heuristics_off
neos-916792,separating_off,separating_fast,presolving_fast,default,presolving_aggressive,heuristics_aggressive,separating_aggressive,presolving_off,emphasis_optimality,emphasis_feasibility,heuristics_fast,emphasis_hardlp,heuristics_off,emphasis_easycip
lectsched-1-obj,emphasis_feasibility,emphasis_easycip,heuristics_fast,default,heuristics_aggressive,separating_off,separating_fast,presolving_fast,emphasis_hardlp,presolving_aggressive,heuristics_off,presolving_off,separating_aggressive,emphasis_optimality
l152lav,default,separating_off,separating_fast,emphasis_easycip,heuristics_fast,heuristics_off,emphasis_hardlp,presolving_off,presolving_fast,presolving_aggressive,heuristics_aggressive,emphasis_feasibility,separating_aggressive,emphasis_optimality
neos-1439395,separating_off,separating_fast,presolving_fast,presolving_aggressive,separating_aggressive,heuristics_fast,emphasis_feasibility,default,heuristics_aggressive,emphasis_easycip,presolving_off,emphasis_hardlp,heuristics_off,emphasis_optimality
neos-808072,presolving_off,heuristics_fast,heuristics_off,emphasis_easycip,emphasis_hardlp,separating_fast,default,presolving_fast,presolving_aggressive,emphasis_feasibility,heuristics_aggressive,separating_off,separating_aggressive,emphasis_optimality
neos-826650,emphasis_feasibility,heuristics_aggressive,default,separating_off,presolving_fast,separating_fast,separating_aggressive,presolving_aggressive,emphasis_hardlp,presolving_off,heuristics_fast,emphasis_easycip,emphasis_optimality,heuristics_off
neos18,presolving_fast,separating_fast,presolving_aggressive,default,separating_aggressive,heuristics_aggressive,heuristics_fast,emphasis_feasibility,separating_off,emphasis_easycip,presolving_off,emphasis_hardlp,emphasis_optimality,heuristics_off
neos-1460543,presolving_fast,emphasis_feasibility,presolving_off,separating_fast,heuristics_aggressive,default,separating_off,presolving_aggressive,separating_aggressive,emphasis_hardlp,emphasis_optimality,heuristics_fast,heuristics_off,emphasis_easycip
neos-555884,emphasis_feasibility,heuristics_aggressive,presolving_fast,separating_off,separating_fast,presolving_aggressive,default,presolving_off,separating_aggressive,emphasis_hardlp,emphasis_easycip,heuristics_off,heuristics_fast,emphasis_optimality
swath,separating_fast,emphasis_feasibility,heuristics_aggressive,default,presolving_aggressive,separating_off,presolving_fast,presolving_off,separating_aggressive,emphasis_hardlp,heuristics_fast,emphasis_easycip,emphasis_optimality,heuristics_off
neos-522351,presolving_fast,presolving_aggressive,default,separating_fast,heuristics_aggressive,separating_aggressive,emphasis_hardlp,separating_off,presolving_off,heuristics_fast,emphasis_optimality,emphasis_feasibility,emphasis_easycip,heuristics_off
khb05250,separating_fast,presolving_fast,default,presolving_aggressive,emphasis_hardlp,heuristics_aggressive,separating_aggressive,separating_off,presolving_off,heuristics_fast,emphasis_easycip,emphasis_optimality,emphasis_feasibility,heuristics_off
stp3d,presolving_fast,separating_off,default,separating_fast,emphasis_feasibility,heuristics_aggressive,presolving_off,emphasis_hardlp,emphasis_easycip,heuristics_fast,presolving_aggressive,separating_aggressive,emphasis_optimality,heuristics_off
neos-826224,separating_off,emphasis_feasibility,presolving_fast,separating_fast,heuristics_aggressive,default,emphasis_hardlp,presolving_off,presolving_aggressive,emphasis_easycip,heuristics_fast,separating_aggressive,emphasis_optimality,heuristics_off
ns4-pr3,emphasis_hardlp,emphasis_easycip,presolving_off,heuristics_fast,separating_fast,presolving_aggressive,default,separating_off,presolving_fast,heuristics_aggressive,separating_aggressive,emphasis_feasibility,heuristics_off,emphasis_optimality
neos-1445755,separating_off,separating_fast,emphasis_feasibility,heuristics_fast,default,heuristics_aggressive,separating_aggressive,emphasis_optimality,heuristics_off,presolving_fast,presolving_off,emphasis_easycip,emphasis_hardlp,presolving_aggressive
neos-525149,separating_fast,presolving_aggressive,presolving_fast,emphasis_feasibility,default,heuristics_aggressive,separating_off,separating_aggressive,presolving_off,emphasis_hardlp,emphasis_easycip,heuristics_fast,heuristics_off,emphasis_optimality
neos-849702,presolving_off,emphasis_feasibility,heuristics_aggressive,heuristics_fast,emphasis_easycip,presolving_aggressive,presolving_fast,separating_off,separating_aggressive,heuristics_off,separating_fast,default,emphasis_hardlp,emphasis_optimality
msc98-ip,separating_off,presolving_fast,presolving_aggressive,emphasis_hardlp,emphasis_feasibility,separating_fast,default,separating_aggressive,heuristics_aggressive,presolving_off,emphasis_easycip,emphasis_optimality,heuristics_off,heuristics_fast
neos-885524,separating_off,separating_fast,presolving_off,presolving_fast,presolving_aggressive,emphasis_easycip,default,heuristics_fast,emphasis_hardlp,heuristics_aggressive,emphasis_feasibility,separating_aggressive,emphasis_optimality,heuristics_off
neos-1451294,separating_fast,default,presolving_fast,emphasis_feasibility,presolving_aggressive,heuristics_aggressive,emphasis_hardlp,separating_aggressive,presolving_off,heuristics_fast,emphasis_easycip,heuristics_off,separating_off,emphasis_optimality
rmatr100-p5,presolving_fast,separating_fast,default,presolving_off,presolving_aggressive,separating_off,separating_aggressive,heuristics_aggressive,emphasis_hardlp,emphasis_easycip,heuristics_fast,emphasis_feasibility,heuristics_off,emphasis_optimality
gesa2,separating_off,separating_fast,presolving_fast,default,presolving_off,presolving_aggressive,separating_aggressive,emphasis_optimality,emphasis_hardlp,heuristics_fast,emphasis_easycip,heuristics_aggressive,emphasis_feasibility,heuristics_off
n3705,heuristics_aggressive,separating_aggressive,presolving_fast,presolving_aggressive,default,heuristics_fast,emphasis_feasibility,emphasis_optimality,emphasis_hardlp,separating_fast,presolving_off,emphasis_easycip,separating_off,heuristics_off
neos-1582420,presolving_fast,separating_off,separating_fast,heuristics_aggressive,default,emphasis_feasibility,heuristics_fast,emphasis_hardlp,emphasis_easycip,separating_aggressive,presolving_off,presolving_aggressive,heuristics_off,emphasis_optimality
neos-1603518,separating_aggressive,default,emphasis_optimality,heuristics_aggressive,emphasis_feasibility,presolving_fast,heuristics_fast,emphasis_hardlp,separating_fast,presolving_aggressive,heuristics_off,presolving_off,emphasis_easycip,separating_off
roll3000,separating_fast,default,presolving_fast,presolving_aggressive,separating_off,heuristics_aggressive,emphasis_feasibility,presolving_off,separating_aggressive,emphasis_easycip,emphasis_hardlp,heuristics_fast,emphasis_optimality,heuristics_off
modglob,presolving_aggressive,separating_fast,presolving_fast,default,separating_aggressive,emphasis_hardlp,heuristics_fast,heuristics_aggressive,presolving_off,emphasis_easycip,emphasis_optimality,emphasis_feasibility,heuristics_off,separating_off
a1c1s1,default,presolving_aggressive,presolving_fast,heuristics_aggressive,separating_aggressive,separating_fast,emphasis_hardlp,presolving_off,emphasis_easycip,emphasis_feasibility,heuristics_fast,separating_off,emphasis_optimality,heuristics_off
neos-1062641,default,separating_fast,presolving_aggressive,presolving_fast,separating_aggressive,separating_off,heuristics_aggressive,emphasis_feasibility,emphasis_easycip,presolving_off,emphasis_hardlp,heuristics_fast,emphasis_optimality,heuristics_off
lseu,default,presolving_aggressive,emphasis_hardlp,heuristics_fast,separating_off,separating_fast,presolving_fast,emphasis_easycip,presolving_off,heuristics_off,separating_aggressive,emphasis_optimality,emphasis_feasibility,heuristics_aggressive
neos-631164,presolving_off,presolving_fast,heuristics_aggressive,separating_aggressive,presolving_aggressive,default,emphasis_optimality,separating_fast,emphasis_hardlp,heuristics_fast,emphasis_feasibility,emphasis_easycip,separating_off,heuristics_off
neos-1593097,separating_fast,emphasis_feasibility,default,separating_off,presolving_fast,heuristics_aggressive,emphasis_hardlp,presolving_aggressive,presolving_off,heuristics_fast,emphasis_easycip,separating_aggressive,emphasis_optimality,heuristics_off
mining,presolving_off,emphasis_hardlp,emphasis_easycip,presolving_fast,default,separating_fast,heuristics_aggressive,emphasis_optimality,emphasis_feasibility,separating_off,heuristics_fast,presolving_aggressive,separating_aggressive,heuristics_off
lrn,separating_off,separating_fast,presolving_fast,emphasis_hardlp,presolving_off,default,presolving_aggressive,emphasis_optimality,separating_aggressive,emphasis_feasibility,emphasis_easycip,heuristics_off,heuristics_fast,heuristics_aggressive
d10200,presolving_fast,default,presolving_off,heuristics_aggressive,separating_aggressive,separating_off,separating_fast,emphasis_feasibility,presolving_aggressive,emphasis_optimality,emphasis_hardlp,heuristics_fast,emphasis_easycip,heuristics_off
neos-810286,separating_fast,default,presolving_aggressive,emphasis_feasibility,heuristics_aggressive,presolving_off,presolving_fast,separating_aggressive,heuristics_fast,emphasis_easycip,separating_off,heuristics_off,emphasis_hardlp,emphasis_optimality
neos-1429212,separating_fast,presolving_fast,emphasis_feasibility,default,separating_off,presolving_aggressive,heuristics_aggressive,presolving_off,emphasis_hardlp,emphasis_easycip,heuristics_fast,separating_aggressive,emphasis_optimality,heuristics_off
neos-935496,emphasis_hardlp,default,separating_fast,emphasis_feasibility,presolving_fast,heuristics_aggressive,presolving_aggressive,heuristics_fast,emphasis_easycip,separating_aggressive,heuristics_off,presolving_off,separating_off,emphasis_optimality
neos-881765,emphasis_hardlp,emphasis_feasibility,presolving_fast,heuristics_fast,default,separating_off,separating_fast,presolving_aggressive,heuristics_aggressive,separating_aggressive,presolving_off,emphasis_easycip,heuristics_off,emphasis_optimality
neos-905856,presolving_aggressive,emphasis_feasibility,default,separating_fast,separating_aggressive,heuristics_aggressive,emphasis_hardlp,heuristics_fast,presolving_fast,separating_off,heuristics_off,emphasis_easycip,presolving_off,emphasis_optimality
neos-598183,separating_off,emphasis_feasibility,separating_fast,default,heuristics_aggressive,separating_aggressive,presolving_fast,presolving_aggressive,heuristics_fast,emphasis_optimality,presolving_off,emphasis_hardlp,emphasis_easycip,heuristics_off
neos-583731,presolving_fast,presolving_off,presolving_aggressive,default,separating_off,separating_fast,heuristics_aggressive,separating_aggressive,heuristics_fast,emphasis_easycip,emphasis_hardlp,emphasis_optimality,emphasis_feasibility,heuristics_off
neos-960392,separating_off,emphasis_feasibility,presolving_fast,separating_fast,heuristics_aggressive,presolving_off,default,presolving_aggressive,emphasis_optimality,emphasis_easycip,separating_aggressive,emphasis_hardlp,heuristics_fast,heuristics_off
neos-937815,separating_off,separating_aggressive,presolving_fast,presolving_off,default,separating_fast,presolving_aggressive,heuristics_aggressive,emphasis_feasibility,emphasis_easycip,emphasis_hardlp,heuristics_fast,emphasis_optimality,heuristics_off
neos-807705,emphasis_hardlp,heuristics_fast,separating_fast,emphasis_easycip,separating_off,heuristics_off,separating_aggressive,default,presolving_aggressive,presolving_fast,heuristics_aggressive,presolving_off,emphasis_feasibility,emphasis_optimality
air04,emphasis_feasibility,heuristics_aggressive,separating_fast,default,separating_off,presolving_aggressive,presolving_fast,separating_aggressive,emphasis_hardlp,presolving_off,heuristics_fast,emphasis_easycip,emphasis_optimality,heuristics_off
