neos-548047,separating_aggressive,emphasis_hardlp,heuristics_aggressive,emphasis_feasibility,default,presolving_fast,heuristics_fast,separating_fast,emphasis_easycip,presolving_aggressive,separating_off,presolving_off,emphasis_optimality,heuristics_off
satellites1-25,separating_fast,emphasis_feasibility,presolving_fast,heuristics_aggressive,default,separating_off,presolving_off,presolving_aggressive,emphasis_hardlp,emphasis_easycip,separating_aggressive,heuristics_fast,emphasis_optimality,heuristics_off
neos-578379,emphasis_feasibility,heuristics_aggressive,separating_off,separating_fast,presolving_fast,presolving_aggressive,default,separating_aggressive,presolving_off,heuristics_fast,emphasis_easycip,emphasis_hardlp,heuristics_off,emphasis_optimality
stp3d,presolving_fast,default,separating_off,separating_fast,presolving_off,heuristics_aggressive,emphasis_feasibility,emphasis_hardlp,presolving_aggressive,heuristics_fast,emphasis_easycip,emphasis_optimality,separating_aggressive,heuristics_off
eilA101-2,separating_off,emphasis_hardlp,default,separating_fast,heuristics_fast,emphasis_easycip,presolving_aggressive,heuristics_off,presolving_fast,heuristics_aggressive,emphasis_feasibility,presolving_off,separating_aggressive,emphasis_optimality
neos-662469,separating_fast,default,presolving_aggressive,heuristics_aggressive,emphasis_feasibility,separating_off,presolving_fast,presolving_off,emphasis_hardlp,separating_aggressive,emphasis_easycip,heuristics_fast,emphasis_optimality,heuristics_off
nb10tb,presolving_fast,separating_off,separating_fast,presolving_off,emphasis_feasibility,default,emphasis_hardlp,emphasis_easycip,heuristics_aggressive,presolving_aggressive,heuristics_fast,emphasis_optimality,separating_aggressive,heuristics_off
neos-1427261,presolving_fast,separating_fast,separating_off,presolving_aggressive,heuristics_aggressive,emphasis_feasibility,default,separating_aggressive,emphasis_optimality,presolving_off,emphasis_hardlp,emphasis_easycip,heuristics_fast,heuristics_off
nug08,emphasis_hardlp,emphasis_easycip,presolving_fast,presolving_off,emphasis_feasibility,separating_off,heuristics_fast,separating_fast,emphasis_optimality,heuristics_aggressive,separating_aggressive,default,presolving_aggressive,heuristics_off
neos-848198,presolving_fast,default,presolving_aggressive,separating_aggressive,heuristics_fast,presolving_off,heuristics_aggressive,separating_fast,emphasis_optimality,emphasis_hardlp,emphasis_easycip,emphasis_feasibility,separating_off,heuristics_off
neos-555424,presolving_fast,emphasis_feasibility,heuristics_aggressive,presolving_aggressive,default,separating_fast,presolving_off,emphasis_hardlp,emphasis_easycip,separating_off,separating_aggressive,heuristics_fast,heuristics_off,emphasis_optimality
neos-1622252,emphasis_hardlp,emphasis_easycip,presolving_aggressive,presolving_fast,heuristics_off,separating_aggressive,heuristics_aggressive,default,separating_fast,heuristics_fast,emphasis_optimality,emphasis_feasibility,presolving_off,separating_off
neos-738098,emphasis_feasibility,presolving_fast,separating_off,heuristics_aggressive,separating_fast,default,presolving_aggressive,presolving_off,separating_aggressive,emphasis_hardlp,emphasis_easycip,emphasis_optimality,heuristics_fast,heuristics_off
dc1c,separating_fast,default,presolving_off,presolving_fast,separating_off,presolving_aggressive,emphasis_feasibility,heuristics_aggressive,separating_aggressive,emphasis_easycip,heuristics_fast,emphasis_optimality,emphasis_hardlp,heuristics_off
neos-1601936,heuristics_aggressive,separating_fast,default,separating_off,separating_aggressive,presolving_fast,presolving_aggressive,emphasis_feasibility,emphasis_easycip,heuristics_off,presolving_off,emphasis_hardlp,heuristics_fast,emphasis_optimality
gmut-75-50,emphasis_hardlp,heuristics_aggressive,heuristics_fast,emphasis_easycip,presolving_off,separating_off,default,emphasis_feasibility,separating_fast,presolving_fast,presolving_aggressive,separating_aggressive,emphasis_optimality,heuristics_off
neos-942830,default,emphasis_feasibility,presolving_aggressive,heuristics_aggressive,separating_fast,presolving_fast,emphasis_hardlp,separating_aggressive,heuristics_fast,emphasis_easycip,presolving_off,heuristics_off,separating_off,emphasis_optimality
n3705,heuristics_aggressive,separating_aggressive,presolving_fast,presolving_aggressive,default,heuristics_fast,emphasis_feasibility,emphasis_optimality,emphasis_hardlp,separating_fast,presolving_off,emphasis_easycip,separating_off,heuristics_off
neos-1171448,emphasis_feasibility,separating_off,separating_fast,presolving_off,presolving_fast,heuristics_aggressive,default,presolving_aggressive,separating_aggressive,emphasis_hardlp,emphasis_easycip,emphasis_optimality,heuristics_fast,heuristics_off
dsbmip,separating_fast,separating_off,default,presolving_aggressive,emphasis_feasibility,presolving_fast,separating_aggressive,heuristics_aggressive,presolving_off,emphasis_hardlp,heuristics_fast,emphasis_easycip,emphasis_optimality,heuristics_off
neos-905856,separating_aggressive,emphasis_feasibility,separating_fast,emphasis_hardlp,default,presolving_aggressive,heuristics_fast,heuristics_aggressive,presolving_fast,heuristics_off,emphasis_easycip,separating_off,presolving_off,emphasis_optimality
rgn,emphasis_hardlp,separating_fast,heuristics_fast,separating_off,emphasis_easycip,presolving_aggressive,presolving_off,presolving_fast,default,heuristics_off,separating_aggressive,emphasis_feasibility,heuristics_aggressive,emphasis_optimality
ns1631475,emphasis_feasibility,separating_off,presolving_fast,heuristics_aggressive,separating_fast,presolving_aggressive,default,presolving_off,separating_aggressive,emphasis_hardlp,emphasis_optimality,heuristics_fast,emphasis_easycip,heuristics_off
air04,emphasis_feasibility,default,separating_fast,heuristics_aggressive,separating_off,presolving_aggressive,presolving_fast,emphasis_hardlp,separating_aggressive,heuristics_fast,emphasis_easycip,presolving_off,heuristics_off,emphasis_optimality
neos-717614,default,presolving_fast,presolving_aggressive,heuristics_aggressive,separating_fast,separating_aggressive,presolving_off,emphasis_hardlp,heuristics_fast,emphasis_optimality,emphasis_easycip,separating_off,emphasis_feasibility,heuristics_off
lotsize,separating_fast,presolving_fast,presolving_off,presolving_aggressive,default,emphasis_feasibility,heuristics_aggressive,separating_off,separating_aggressive,emphasis_hardlp,emphasis_optimality,emphasis_easycip,heuristics_fast,heuristics_off
n4-3,heuristics_aggressive,presolving_aggressive,presolving_fast,default,separating_aggressive,heuristics_fast,presolving_off,emphasis_hardlp,separating_fast,emphasis_easycip,separating_off,emphasis_optimality,emphasis_feasibility,heuristics_off
neos-1605061,heuristics_aggressive,emphasis_feasibility,presolving_fast,separating_fast,separating_off,default,separating_aggressive,presolving_off,presolving_aggressive,emphasis_hardlp,emphasis_easycip,heuristics_fast,heuristics_off,emphasis_optimality
neos-501474,presolving_fast,default,presolving_aggressive,heuristics_fast,separating_fast,presolving_off,emphasis_hardlp,separating_off,separating_aggressive,emphasis_easycip,heuristics_aggressive,heuristics_off,emphasis_optimality,emphasis_feasibility
mine-166-5,emphasis_hardlp,separating_off,separating_fast,presolving_fast,emphasis_easycip,emphasis_feasibility,default,heuristics_aggressive,heuristics_fast,presolving_off,separating_aggressive,presolving_aggressive,heuristics_off,emphasis_optimality
janos-us-DDM,presolving_aggressive,presolving_off,presolving_fast,default,separating_aggressive,separating_fast,heuristics_aggressive,heuristics_fast,emphasis_hardlp,separating_off,emphasis_easycip,emphasis_optimality,emphasis_feasibility,heuristics_off
go19,heuristics_fast,separating_off,presolving_off,default,presolving_fast,separating_fast,presolving_aggressive,emphasis_easycip,separating_aggressive,heuristics_aggressive,heuristics_off,emphasis_hardlp,emphasis_feasibility,emphasis_optimality
pigeon-13,presolving_aggressive,emphasis_easycip,separating_off,emphasis_hardlp,separating_aggressive,separating_fast,emphasis_feasibility,heuristics_aggressive,presolving_fast,default,presolving_off,heuristics_fast,emphasis_optimality,heuristics_off
neos-829552,emphasis_hardlp,separating_off,emphasis_easycip,separating_fast,heuristics_off,emphasis_feasibility,presolving_aggressive,heuristics_aggressive,presolving_off,default,presolving_fast,separating_aggressive,heuristics_fast,emphasis_optimality
acc-tight5,separating_aggressive,separating_fast,heuristics_aggressive,default,emphasis_feasibility,presolving_aggressive,heuristics_fast,emphasis_hardlp,presolving_fast,emphasis_easycip,separating_off,heuristics_off,presolving_off,emphasis_optimality
fixnet6,presolving_fast,presolving_aggressive,heuristics_aggressive,default,separating_aggressive,presolving_off,emphasis_optimality,heuristics_fast,emphasis_hardlp,separating_fast,emphasis_feasibility,emphasis_easycip,heuristics_off,separating_off
neos-582605,presolving_aggressive,presolving_fast,default,separating_aggressive,separating_fast,heuristics_aggressive,presolving_off,separating_off,emphasis_feasibility,emphasis_hardlp,heuristics_fast,emphasis_easycip,emphasis_optimality,heuristics_off
van,presolving_fast,default,separating_fast,separating_off,presolving_aggressive,heuristics_aggressive,presolving_off,emphasis_feasibility,separating_aggressive,emphasis_hardlp,emphasis_easycip,heuristics_fast,emphasis_optimality,heuristics_off
neos-1171692,emphasis_feasibility,separating_fast,heuristics_aggressive,presolving_fast,separating_off,default,presolving_aggressive,separating_aggressive,presolving_off,emphasis_optimality,emphasis_hardlp,emphasis_easycip,heuristics_fast,heuristics_off
ex1010-pi,heuristics_aggressive,default,separating_off,heuristics_fast,separating_fast,presolving_off,presolving_aggressive,presolving_fast,emphasis_easycip,separating_aggressive,emphasis_feasibility,emphasis_hardlp,emphasis_optimality,heuristics_off
t1722,emphasis_feasibility,separating_fast,default,presolving_aggressive,separating_off,presolving_fast,separating_aggressive,heuristics_aggressive,emphasis_hardlp,heuristics_fast,emphasis_easycip,presolving_off,emphasis_optimality,heuristics_off
neos-806323,separating_off,presolving_fast,default,separating_fast,presolving_aggressive,separating_aggressive,heuristics_aggressive,presolving_off,emphasis_feasibility,heuristics_fast,emphasis_hardlp,emphasis_easycip,heuristics_off,emphasis_optimality
neos-941698,default,emphasis_feasibility,separating_fast,presolving_aggressive,heuristics_aggressive,presolving_fast,emphasis_hardlp,separating_aggressive,heuristics_fast,presolving_off,emphasis_easycip,heuristics_off,separating_off,emphasis_optimality
neos-1096528,emphasis_hardlp,emphasis_easycip,presolving_fast,presolving_aggressive,separating_off,emphasis_feasibility,separating_fast,heuristics_off,presolving_off,heuristics_fast,default,heuristics_aggressive,separating_aggressive,emphasis_optimality
rmine14,presolving_off,emphasis_hardlp,presolving_fast,emphasis_easycip,default,heuristics_aggressive,separating_off,separating_fast,emphasis_feasibility,heuristics_fast,emphasis_optimality,separating_aggressive,heuristics_off,presolving_aggressive
bc1,presolving_off,separating_fast,separating_off,presolving_fast,default,presolving_aggressive,emphasis_hardlp,emphasis_optimality,emphasis_easycip,heuristics_fast,heuristics_aggressive,emphasis_feasibility,separating_aggressive,heuristics_off
neos-933550,separating_fast,emphasis_feasibility,presolving_fast,default,heuristics_aggressive,presolving_aggressive,separating_aggressive,presolving_off,emphasis_hardlp,heuristics_fast,emphasis_easycip,separating_off,emphasis_optimality,heuristics_off
sp97ic,presolving_fast,presolving_aggressive,separating_fast,default,heuristics_aggressive,separating_off,presolving_off,separating_aggressive,emphasis_hardlp,emphasis_feasibility,emphasis_easycip,heuristics_fast,emphasis_optimality,heuristics_off
danoint,presolving_fast,separating_fast,default,emphasis_feasibility,heuristics_aggressive,presolving_off,presolving_aggressive,separating_aggressive,separating_off,heuristics_fast,emphasis_hardlp,emphasis_easycip,heuristics_off,emphasis_optimality
neos-520729,presolving_fast,separating_off,separating_fast,default,presolving_off,emphasis_feasibility,heuristics_aggressive,presolving_aggressive,emphasis_hardlp,emphasis_easycip,emphasis_optimality,heuristics_fast,separating_aggressive,heuristics_off
ns4-pr3,emphasis_hardlp,emphasis_easycip,presolving_off,heuristics_fast,separating_fast,presolving_aggressive,default,separating_off,presolving_fast,heuristics_aggressive,separating_aggressive,emphasis_feasibility,heuristics_off,emphasis_optimality
ns894786,emphasis_feasibility,separating_off,presolving_aggressive,heuristics_aggressive,presolving_fast,separating_fast,default,presolving_off,separating_aggressive,emphasis_hardlp,emphasis_easycip,emphasis_optimality,heuristics_fast,heuristics_off
neos-1440460,separating_off,separating_fast,presolving_fast,default,presolving_aggressive,separating_aggressive,emphasis_optimality,emphasis_feasibility,heuristics_aggressive,heuristics_fast,presolving_off,emphasis_hardlp,emphasis_easycip,heuristics_off
app1-2,presolving_off,presolving_fast,default,separating_fast,heuristics_aggressive,separating_off,presolving_aggressive,emphasis_feasibility,emphasis_hardlp,emphasis_easycip,separating_aggressive,heuristics_fast,emphasis_optimality,heuristics_off
seymour-disj-10,separating_fast,separating_off,presolving_fast,heuristics_fast,default,presolving_off,presolving_aggressive,emphasis_easycip,heuristics_aggressive,emphasis_hardlp,separating_aggressive,emphasis_feasibility,heuristics_off,emphasis_optimality
neos-1311124,separating_off,separating_fast,presolving_fast,presolving_off,default,presolving_aggressive,emphasis_feasibility,separating_aggressive,heuristics_aggressive,emphasis_optimality,emphasis_hardlp,heuristics_fast,emphasis_easycip,heuristics_off
mik-250-1-100-1,presolving_fast,separating_fast,emphasis_hardlp,default,presolving_off,presolving_aggressive,heuristics_fast,separating_off,emphasis_easycip,heuristics_aggressive,emphasis_feasibility,separating_aggressive,emphasis_optimality,heuristics_off
leo1,separating_fast,heuristics_aggressive,default,presolving_off,presolving_fast,emphasis_feasibility,presolving_aggressive,separating_aggressive,separating_off,emphasis_easycip,heuristics_fast,emphasis_optimality,emphasis_hardlp,heuristics_off
neos-1415183,separating_off,presolving_fast,default,emphasis_hardlp,presolving_aggressive,presolving_off,emphasis_easycip,emphasis_optimality,separating_aggressive,separating_fast,heuristics_aggressive,heuristics_fast,emphasis_feasibility,heuristics_off
gesa2-o,separating_off,presolving_off,separating_fast,default,presolving_fast,presolving_aggressive,separating_aggressive,emphasis_hardlp,heuristics_off,heuristics_aggressive,heuristics_fast,emphasis_optimality,emphasis_feasibility,emphasis_easycip
pigeon-10,presolving_aggressive,emphasis_easycip,separating_off,emphasis_hardlp,separating_aggressive,separating_fast,emphasis_feasibility,heuristics_aggressive,presolving_fast,default,presolving_off,heuristics_fast,emphasis_optimality,heuristics_off
