fiber,presolving_fast,default,separating_fast,presolving_aggressive,heuristics_aggressive,presolving_off,separating_aggressive,heuristics_fast,emphasis_feasibility,separating_off,emphasis_hardlp,emphasis_easycip,emphasis_optimality,heuristics_off
neos-885086,separating_off,emphasis_feasibility,separating_fast,heuristics_aggressive,presolving_fast,default,presolving_aggressive,presolving_off,separating_aggressive,emphasis_easycip,emphasis_optimality,emphasis_hardlp,heuristics_fast,heuristics_off
neos-826224,separating_off,heuristics_aggressive,separating_fast,presolving_fast,emphasis_feasibility,default,emphasis_hardlp,emphasis_easycip,presolving_aggressive,presolving_off,emphasis_optimality,separating_aggressive,heuristics_fast,heuristics_off
mspp16,emphasis_hardlp,emphasis_easycip,emphasis_feasibility,separating_off,separating_fast,presolving_fast,presolving_aggressive,heuristics_fast,heuristics_off,default,presolving_off,heuristics_aggressive,separating_aggressive,emphasis_optimality
neos-593853,separating_fast,presolving_fast,heuristics_aggressive,default,presolving_off,presolving_aggressive,emphasis_feasibility,emphasis_optimality,separating_off,separating_aggressive,emphasis_hardlp,emphasis_easycip,heuristics_fast,heuristics_off
neos-717614,presolving_fast,presolving_aggressive,default,separating_aggressive,separating_fast,presolving_off,heuristics_aggressive,emphasis_hardlp,heuristics_fast,emphasis_optimality,emphasis_easycip,separating_off,emphasis_feasibility,heuristics_off
triptim2,presolving_aggressive,presolving_fast,separating_fast,default,heuristics_aggressive,emphasis_feasibility,separating_off,separating_aggressive,emphasis_optimality,emphasis_hardlp,emphasis_easycip,presolving_off,heuristics_fast,heuristics_off
neos-876808,presolving_fast,separating_off,emphasis_feasibility,default,emphasis_hardlp,separating_fast,heuristics_aggressive,presolving_off,emphasis_easycip,heuristics_fast,presolving_aggressive,emphasis_optimality,separating_aggressive,heuristics_off
neos-709469,emphasis_hardlp,default,separating_fast,heuristics_fast,presolving_fast,presolving_aggressive,emphasis_easycip,separating_off,heuristics_aggressive,emphasis_feasibility,separating_aggressive,heuristics_off,emphasis_optimality,presolving_off
neos-934278,separating_off,separating_fast,default,separating_aggressive,presolving_aggressive,presolving_off,presolving_fast,heuristics_aggressive,emphasis_feasibility,heuristics_fast,emphasis_hardlp,emphasis_optimality,emphasis_easycip,heuristics_off
neos-1616732,separating_fast,emphasis_easycip,presolving_fast,heuristics_fast,presolving_aggressive,heuristics_aggressive,default,heuristics_off,separating_aggressive,emphasis_optimality,separating_off,emphasis_hardlp,emphasis_feasibility,presolving_off
neos-430149,separating_fast,presolving_aggressive,separating_off,default,presolving_fast,separating_aggressive,heuristics_fast,emphasis_hardlp,emphasis_feasibility,emphasis_easycip,heuristics_aggressive,heuristics_off,emphasis_optimality,presolving_off
neos11,separating_fast,default,presolving_fast,presolving_aggressive,heuristics_aggressive,separating_aggressive,emphasis_feasibility,separating_off,presolving_off,emphasis_hardlp,heuristics_fast,emphasis_easycip,emphasis_optimality,heuristics_off
neos-1451294,emphasis_feasibility,separating_fast,default,presolving_fast,presolving_aggressive,heuristics_aggressive,presolving_off,emphasis_hardlp,separating_aggressive,heuristics_fast,emphasis_easycip,heuristics_off,separating_off,emphasis_optimality
neos-584851,presolving_fast,separating_off,separating_fast,heuristics_fast,default,emphasis_easycip,presolving_aggressive,separating_aggressive,emphasis_hardlp,heuristics_aggressive,emphasis_feasibility,presolving_off,heuristics_off,emphasis_optimality
neos-611838,heuristics_fast,presolving_off,presolving_fast,default,presolving_aggressive,heuristics_aggressive,emphasis_hardlp,separating_aggressive,emphasis_optimality,heuristics_off,emphasis_easycip,separating_fast,separating_off,emphasis_feasibility
neos-934531,emphasis_hardlp,presolving_fast,separating_fast,presolving_aggressive,emphasis_feasibility,emphasis_easycip,separating_off,default,heuristics_aggressive,separating_aggressive,heuristics_fast,presolving_off,heuristics_off,emphasis_optimality
neos-936660,separating_off,presolving_off,separating_aggressive,presolving_fast,default,separating_fast,presolving_aggressive,heuristics_aggressive,emphasis_feasibility,emphasis_easycip,emphasis_hardlp,emphasis_optimality,heuristics_fast,heuristics_off
neos-1330346,separating_aggressive,presolving_fast,default,separating_fast,presolving_aggressive,heuristics_aggressive,emphasis_hardlp,separating_off,presolving_off,emphasis_optimality,heuristics_fast,emphasis_feasibility,emphasis_easycip,heuristics_off
momentum3,separating_fast,presolving_fast,separating_off,presolving_off,presolving_aggressive,default,emphasis_feasibility,heuristics_aggressive,separating_aggressive,emphasis_hardlp,emphasis_easycip,emphasis_optimality,heuristics_fast,heuristics_off
neos-603073,separating_fast,presolving_aggressive,default,heuristics_aggressive,emphasis_feasibility,separating_aggressive,separating_off,heuristics_fast,emphasis_optimality,heuristics_off,presolving_off,presolving_fast,emphasis_easycip,emphasis_hardlp
neos-504815,separating_fast,presolving_fast,presolving_aggressive,separating_aggressive,heuristics_fast,emphasis_easycip,default,heuristics_off,heuristics_aggressive,emphasis_hardlp,separating_off,presolving_off,emphasis_feasibility,emphasis_optimality
pp08a,separating_fast,emphasis_hardlp,presolving_aggressive,heuristics_fast,emphasis_easycip,default,presolving_fast,separating_aggressive,presolving_off,heuristics_aggressive,emphasis_optimality,heuristics_off,emphasis_feasibility,separating_off
neos-598183,separating_fast,presolving_aggressive,default,heuristics_aggressive,separating_aggressive,emphasis_feasibility,separating_off,heuristics_fast,emphasis_optimality,heuristics_off,presolving_off,presolving_fast,emphasis_easycip,emphasis_hardlp
p0282,separating_fast,presolving_fast,emphasis_hardlp,default,presolving_aggressive,heuristics_fast,separating_aggressive,emphasis_easycip,heuristics_aggressive,presolving_off,heuristics_off,separating_off,emphasis_optimality,emphasis_feasibility
uc-case3,separating_fast,presolving_fast,separating_off,emphasis_feasibility,default,presolving_aggressive,heuristics_aggressive,presolving_off,separating_aggressive,emphasis_optimality,emphasis_hardlp,heuristics_fast,emphasis_easycip,heuristics_off
neos-839894,emphasis_feasibility,presolving_fast,heuristics_aggressive,separating_off,separating_fast,default,presolving_off,emphasis_hardlp,presolving_aggressive,heuristics_fast,emphasis_easycip,separating_aggressive,emphasis_optimality,heuristics_off
neos-956971,presolving_fast,presolving_off,separating_off,emphasis_feasibility,heuristics_aggressive,default,separating_fast,presolving_aggressive,emphasis_optimality,emphasis_easycip,separating_aggressive,emphasis_hardlp,heuristics_fast,heuristics_off
ivu52,default,separating_fast,separating_off,emphasis_feasibility,presolving_aggressive,presolving_fast,emphasis_hardlp,heuristics_aggressive,emphasis_easycip,presolving_off,heuristics_fast,separating_aggressive,emphasis_optimality,heuristics_off
neos-948346,presolving_fast,separating_off,emphasis_feasibility,emphasis_hardlp,heuristics_aggressive,separating_fast,presolving_off,default,presolving_aggressive,emphasis_easycip,separating_aggressive,emphasis_optimality,heuristics_fast,heuristics_off
r80x800,heuristics_aggressive,presolving_fast,presolving_aggressive,default,separating_aggressive,emphasis_optimality,heuristics_fast,emphasis_hardlp,separating_fast,presolving_off,emphasis_feasibility,emphasis_easycip,heuristics_off,separating_off
n3-3,heuristics_fast,presolving_aggressive,heuristics_aggressive,presolving_off,presolving_fast,default,separating_aggressive,separating_fast,emphasis_hardlp,emphasis_easycip,separating_off,emphasis_optimality,emphasis_feasibility,heuristics_off
neos-1126860,presolving_aggressive,presolving_fast,emphasis_easycip,separating_fast,separating_off,default,emphasis_hardlp,heuristics_fast,separating_aggressive,emphasis_feasibility,presolving_off,heuristics_aggressive,emphasis_optimality,heuristics_off
neos-1582420,heuristics_aggressive,separating_off,presolving_fast,separating_fast,default,emphasis_feasibility,separating_aggressive,presolving_aggressive,heuristics_fast,emphasis_hardlp,presolving_off,emphasis_easycip,heuristics_off,emphasis_optimality
neos-942323,emphasis_hardlp,separating_fast,emphasis_feasibility,heuristics_aggressive,separating_off,emphasis_easycip,presolving_aggressive,presolving_fast,default,heuristics_fast,presolving_off,separating_aggressive,heuristics_off,emphasis_optimality
pg5_34,separating_fast,presolving_fast,default,presolving_aggressive,separating_aggressive,emphasis_hardlp,presolving_off,heuristics_fast,emphasis_feasibility,emphasis_easycip,heuristics_aggressive,separating_off,heuristics_off,emphasis_optimality
neos-1605075,emphasis_feasibility,presolving_aggressive,separating_fast,default,heuristics_aggressive,presolving_fast,separating_aggressive,separating_off,presolving_off,emphasis_hardlp,heuristics_fast,emphasis_easycip,heuristics_off,emphasis_optimality
pigeon-13,presolving_aggressive,emphasis_easycip,separating_off,emphasis_hardlp,separating_aggressive,separating_fast,emphasis_feasibility,heuristics_aggressive,presolving_fast,default,presolving_off,heuristics_fast,emphasis_optimality,heuristics_off
enigma,emphasis_hardlp,separating_fast,heuristics_fast,emphasis_easycip,separating_off,presolving_fast,default,presolving_aggressive,presolving_off,separating_aggressive,heuristics_off,heuristics_aggressive,emphasis_feasibility,emphasis_optimality
neos-839859,separating_fast,emphasis_hardlp,separating_off,presolving_fast,emphasis_feasibility,heuristics_aggressive,default,separating_aggressive,presolving_aggressive,presolving_off,emphasis_optimality,heuristics_fast,emphasis_easycip,heuristics_off
neos-941698,emphasis_hardlp,emphasis_feasibility,separating_fast,presolving_aggressive,heuristics_aggressive,default,presolving_fast,heuristics_fast,presolving_off,emphasis_easycip,separating_off,separating_aggressive,heuristics_off,emphasis_optimality
neos-1420546,separating_off,separating_fast,emphasis_feasibility,heuristics_aggressive,default,presolving_fast,presolving_off,presolving_aggressive,separating_aggressive,heuristics_fast,emphasis_optimality,emphasis_hardlp,emphasis_easycip,heuristics_off
neos-1601936,emphasis_feasibility,presolving_aggressive,separating_fast,heuristics_aggressive,default,presolving_fast,presolving_off,separating_off,separating_aggressive,emphasis_hardlp,heuristics_fast,emphasis_easycip,heuristics_off,emphasis_optimality
neos-1171692,separating_fast,emphasis_feasibility,presolving_fast,separating_off,default,presolving_aggressive,heuristics_aggressive,separating_aggressive,presolving_off,emphasis_optimality,emphasis_easycip,emphasis_hardlp,heuristics_fast,heuristics_off
neos-1122047,separating_fast,presolving_fast,default,separating_off,presolving_aggressive,emphasis_feasibility,separating_aggressive,heuristics_aggressive,emphasis_easycip,emphasis_hardlp,presolving_off,heuristics_fast,emphasis_optimality,heuristics_off
p2756,separating_fast,presolving_fast,emphasis_hardlp,emphasis_feasibility,default,presolving_aggressive,heuristics_aggressive,separating_off,emphasis_easycip,separating_aggressive,heuristics_fast,emphasis_optimality,presolving_off,heuristics_off
bnatt350,separating_off,emphasis_hardlp,presolving_off,separating_fast,presolving_fast,emphasis_feasibility,emphasis_easycip,default,presolving_aggressive,heuristics_aggressive,separating_aggressive,heuristics_fast,emphasis_optimality,heuristics_off
nb10tb,presolving_fast,separating_off,separating_fast,emphasis_feasibility,default,emphasis_hardlp,presolving_aggressive,heuristics_aggressive,emphasis_easycip,presolving_off,emphasis_optimality,heuristics_fast,separating_aggressive,heuristics_off
set3-15,default,separating_aggressive,presolving_fast,presolving_aggressive,heuristics_aggressive,separating_fast,presolving_off,emphasis_optimality,emphasis_hardlp,heuristics_fast,emphasis_easycip,emphasis_feasibility,separating_off,heuristics_off
blend2,separating_fast,default,presolving_fast,presolving_aggressive,separating_aggressive,heuristics_aggressive,emphasis_hardlp,separating_off,emphasis_easycip,heuristics_fast,presolving_off,emphasis_feasibility,heuristics_off,emphasis_optimality
neos-555001,emphasis_feasibility,heuristics_aggressive,separating_fast,presolving_fast,default,presolving_aggressive,separating_off,presolving_off,emphasis_hardlp,emphasis_easycip,separating_aggressive,heuristics_fast,heuristics_off,emphasis_optimality
rmine6,emphasis_hardlp,separating_off,presolving_fast,separating_fast,default,heuristics_aggressive,emphasis_feasibility,heuristics_fast,presolving_off,emphasis_easycip,separating_aggressive,presolving_aggressive,heuristics_off,emphasis_optimality
dc1c,emphasis_feasibility,presolving_fast,heuristics_aggressive,separating_off,presolving_aggressive,separating_fast,default,presolving_off,separating_aggressive,heuristics_fast,emphasis_optimality,emphasis_easycip,emphasis_hardlp,heuristics_off
neos-830439,presolving_fast,default,separating_fast,presolving_aggressive,emphasis_feasibility,heuristics_aggressive,separating_off,separating_aggressive,presolving_off,emphasis_optimality,emphasis_hardlp,heuristics_fast,emphasis_easycip,heuristics_off
biella1,emphasis_feasibility,presolving_fast,presolving_aggressive,heuristics_aggressive,separating_fast,separating_off,default,presolving_off,separating_aggressive,emphasis_optimality,emphasis_easycip,heuristics_fast,emphasis_hardlp,heuristics_off
neos-935674,emphasis_feasibility,separating_fast,default,presolving_aggressive,presolving_fast,heuristics_aggressive,heuristics_fast,presolving_off,emphasis_hardlp,separating_aggressive,emphasis_easycip,heuristics_off,emphasis_optimality,separating_off
stein27,heuristics_fast,separating_off,presolving_fast,presolving_aggressive,default,presolving_off,emphasis_easycip,separating_fast,heuristics_aggressive,separating_aggressive,heuristics_off,emphasis_hardlp,emphasis_feasibility,emphasis_optimality
neos-494568,separating_fast,presolving_aggressive,default,heuristics_aggressive,emphasis_feasibility,presolving_fast,presolving_off,separating_off,separating_aggressive,emphasis_hardlp,heuristics_fast,emphasis_easycip,heuristics_off,emphasis_optimality
neos-1437164,heuristics_aggressive,separating_fast,emphasis_hardlp,separating_off,default,presolving_aggressive,emphasis_feasibility,separating_aggressive,presolving_fast,heuristics_fast,emphasis_easycip,emphasis_optimality,presolving_off,heuristics_off
gmu-35-40,separating_fast,default,presolving_fast,emphasis_feasibility,presolving_aggressive,heuristics_aggressive,separating_off,presolving_off,emphasis_hardlp,emphasis_easycip,separating_aggressive,heuristics_fast,emphasis_optimality,heuristics_off
50v-10,presolving_fast,presolving_aggressive,default,heuristics_aggressive,separating_aggressive,presolving_off,heuristics_fast,separating_fast,emphasis_hardlp,emphasis_easycip,heuristics_off,emphasis_optimality,emphasis_feasibility,separating_off
