neos-1441553,separating_off,separating_fast,separating_aggressive,presolving_fast,heuristics_fast,emphasis_hardlp,presolving_aggressive,heuristics_aggressive,heuristics_off,emphasis_feasibility,emphasis_optimality,default,presolving_off,emphasis_easycip
gmut-77-40,emphasis_feasibility,separating_fast,presolving_off,presolving_fast,heuristics_aggressive,presolving_aggressive,default,separating_off,separating_aggressive,emphasis_easycip,heuristics_fast,emphasis_optimality,emphasis_hardlp,heuristics_off
n3700,presolving_fast,separating_fast,separating_off,heuristics_aggressive,default,presolving_aggressive,presolving_off,emphasis_hardlp,separating_aggressive,emphasis_feasibility,heuristics_fast,emphasis_optimality,emphasis_easycip,heuristics_off
atm20-100,separating_fast,presolving_fast,separating_off,heuristics_fast,presolving_aggressive,heuristics_aggressive,presolving_off,default,separating_aggressive,emphasis_optimality,emphasis_hardlp,emphasis_feasibility,emphasis_easycip,heuristics_off
neos-810286,heuristics_aggressive,emphasis_feasibility,presolving_fast,emphasis_hardlp,emphasis_easycip,separating_off,default,separating_aggressive,heuristics_fast,presolving_off,separating_fast,heuristics_off,presolving_aggressive,emphasis_optimality
neos18,separating_off,separating_fast,presolving_fast,default,presolving_aggressive,heuristics_fast,emphasis_hardlp,separating_aggressive,emphasis_easycip,heuristics_aggressive,emphasis_feasibility,presolving_off,heuristics_off,emphasis_optimality
neos-598183,separating_fast,separating_off,emphasis_feasibility,presolving_aggressive,presolving_fast,heuristics_aggressive,emphasis_optimality,default,separating_aggressive,presolving_off,heuristics_off,emphasis_hardlp,heuristics_fast,emphasis_easycip
enigma,presolving_fast,separating_fast,emphasis_hardlp,presolving_aggressive,presolving_off,default,emphasis_feasibility,emphasis_easycip,heuristics_fast,heuristics_aggressive,separating_aggressive,separating_off,heuristics_off,emphasis_optimality
triptim3,separating_fast,separating_off,presolving_off,presolving_aggressive,presolving_fast,heuristics_aggressive,separating_aggressive,heuristics_fast,heuristics_off,emphasis_feasibility,emphasis_optimality,emphasis_hardlp,emphasis_easycip,default
bc1,presolving_off,separating_aggressive,emphasis_optimality,presolving_aggressive,heuristics_aggressive,presolving_fast,emphasis_feasibility,heuristics_off,default,heuristics_fast,separating_fast,separating_off,emphasis_hardlp,emphasis_easycip
opm2-z10-s2,separating_off,presolving_off,presolving_fast,separating_fast,emphasis_hardlp,separating_aggressive,default,presolving_aggressive,heuristics_fast,heuristics_aggressive,emphasis_easycip,emphasis_feasibility,heuristics_off,emphasis_optimality
neos-1420546,separating_off,presolving_fast,default,separating_fast,emphasis_feasibility,presolving_off,presolving_aggressive,heuristics_aggressive,separating_aggressive,emphasis_optimality,emphasis_hardlp,heuristics_fast,emphasis_easycip,heuristics_off
p100x588b,presolving_fast,separating_fast,default,emphasis_hardlp,separating_off,heuristics_aggressive,presolving_aggressive,emphasis_easycip,presolving_off,separating_aggressive,heuristics_fast,emphasis_feasibility,emphasis_optimality,heuristics_off
neos-1425699,heuristics_off,presolving_aggressive,separating_off,heuristics_fast,separating_fast,presolving_off,heuristics_aggressive,emphasis_easycip,separating_aggressive,emphasis_optimality,emphasis_feasibility,presolving_fast,default,emphasis_hardlp
misc07,separating_off,separating_fast,default,emphasis_feasibility,presolving_fast,emphasis_easycip,presolving_aggressive,heuristics_fast,heuristics_aggressive,emphasis_hardlp,separating_aggressive,presolving_off,heuristics_off,emphasis_optimality
sp98ar,presolving_off,presolving_fast,default,separating_fast,presolving_aggressive,separating_off,separating_aggressive,heuristics_aggressive,heuristics_fast,emphasis_optimality,emphasis_hardlp,emphasis_feasibility,emphasis_easycip,heuristics_off
bell5,emphasis_hardlp,default,presolving_fast,separating_fast,heuristics_fast,separating_off,emphasis_easycip,emphasis_feasibility,heuristics_aggressive,presolving_off,presolving_aggressive,heuristics_off,emphasis_optimality,separating_aggressive
rlp1,presolving_aggressive,separating_off,presolving_fast,separating_fast,separating_aggressive,presolving_off,default,emphasis_hardlp,emphasis_feasibility,heuristics_aggressive,heuristics_fast,emphasis_optimality,emphasis_easycip,heuristics_off
net12,separating_off,separating_fast,presolving_off,separating_aggressive,presolving_fast,emphasis_feasibility,heuristics_aggressive,presolving_aggressive,emphasis_hardlp,emphasis_easycip,default,heuristics_fast,emphasis_optimality,heuristics_off
ran16x16,presolving_fast,emphasis_hardlp,default,heuristics_aggressive,presolving_aggressive,emphasis_easycip,heuristics_fast,separating_fast,presolving_off,separating_aggressive,emphasis_feasibility,separating_off,heuristics_off,emphasis_optimality
neos-983171,presolving_fast,separating_fast,separating_off,default,presolving_off,presolving_aggressive,separating_aggressive,heuristics_aggressive,emphasis_feasibility,emphasis_hardlp,emphasis_easycip,emphasis_optimality,heuristics_fast,heuristics_off
set1ch,default,presolving_fast,heuristics_aggressive,emphasis_hardlp,emphasis_feasibility,presolving_aggressive,separating_aggressive,presolving_off,heuristics_fast,emphasis_easycip,separating_fast,emphasis_optimality,separating_off,heuristics_off
p0282,presolving_fast,emphasis_hardlp,default,separating_fast,emphasis_easycip,presolving_aggressive,heuristics_fast,heuristics_aggressive,separating_aggressive,emphasis_optimality,emphasis_feasibility,presolving_off,heuristics_off,separating_off
sp98ir,presolving_fast,presolving_off,default,separating_fast,presolving_aggressive,separating_aggressive,heuristics_aggressive,emphasis_hardlp,heuristics_fast,emphasis_optimality,emphasis_easycip,emphasis_feasibility,separating_off,heuristics_off
neos-1426662,separating_off,separating_fast,emphasis_feasibility,presolving_fast,default,presolving_aggressive,separating_aggressive,heuristics_aggressive,presolving_off,emphasis_optimality,heuristics_fast,emphasis_hardlp,emphasis_easycip,heuristics_off
neos-984165,presolving_fast,separating_fast,separating_off,default,presolving_off,presolving_aggressive,separating_aggressive,heuristics_aggressive,emphasis_feasibility,emphasis_hardlp,emphasis_easycip,emphasis_optimality,heuristics_fast,heuristics_off
neos-1430811,separating_off,presolving_off,presolving_fast,separating_fast,presolving_aggressive,heuristics_fast,heuristics_aggressive,emphasis_hardlp,default,separating_aggressive,emphasis_optimality,emphasis_easycip,heuristics_off,emphasis_feasibility
neos-957270,emphasis_hardlp,separating_fast,heuristics_off,heuristics_fast,separating_off,presolving_aggressive,emphasis_feasibility,presolving_fast,separating_aggressive,emphasis_optimality,default,heuristics_aggressive,presolving_off,emphasis_easycip
dcmulti,presolving_fast,presolving_off,separating_fast,presolving_aggressive,emphasis_hardlp,default,separating_off,emphasis_easycip,heuristics_fast,heuristics_aggressive,separating_aggressive,emphasis_feasibility,emphasis_optimality,heuristics_off
pigeon-13,separating_off,emphasis_hardlp,separating_fast,presolving_fast,presolving_aggressive,emphasis_feasibility,default,separating_aggressive,presolving_off,emphasis_easycip,heuristics_fast,heuristics_aggressive,heuristics_off,emphasis_optimality
neos-826841,heuristics_aggressive,separating_off,separating_fast,presolving_fast,emphasis_feasibility,default,presolving_aggressive,separating_aggressive,presolving_off,emphasis_optimality,emphasis_hardlp,heuristics_fast,emphasis_easycip,heuristics_off
neos-1420205,separating_fast,presolving_fast,default,presolving_aggressive,separating_off,emphasis_feasibility,emphasis_optimality,separating_aggressive,presolving_off,heuristics_fast,emphasis_easycip,heuristics_aggressive,emphasis_hardlp,heuristics_off
shs1023,presolving_off,presolving_fast,separating_fast,separating_off,presolving_aggressive,default,separating_aggressive,heuristics_aggressive,heuristics_fast,emphasis_optimality,heuristics_off,emphasis_feasibility,emphasis_hardlp,emphasis_easycip
neos-1616732,separating_fast,separating_off,presolving_fast,heuristics_fast,default,presolving_off,emphasis_easycip,presolving_aggressive,separating_aggressive,heuristics_aggressive,emphasis_hardlp,emphasis_feasibility,heuristics_off,emphasis_optimality
neos-1605061,separating_fast,presolving_off,separating_off,presolving_fast,emphasis_feasibility,presolving_aggressive,separating_aggressive,heuristics_aggressive,heuristics_fast,emphasis_hardlp,emphasis_easycip,default,heuristics_off,emphasis_optimality
satellites1-25,separating_off,separating_fast,presolving_off,separating_aggressive,presolving_fast,presolving_aggressive,emphasis_feasibility,heuristics_off,heuristics_fast,heuristics_aggressive,emphasis_optimality,emphasis_hardlp,emphasis_easycip,default
sing2,separating_off,separating_fast,presolving_off,presolving_fast,heuristics_aggressive,separating_aggressive,presolving_aggressive,emphasis_feasibility,heuristics_fast,emphasis_optimality,default,emphasis_hardlp,emphasis_easycip,heuristics_off
neos-538867,emphasis_hardlp,separating_fast,presolving_fast,presolving_aggressive,emphasis_easycip,heuristics_fast,heuristics_aggressive,default,heuristics_off,separating_aggressive,separating_off,presolving_off,emphasis_feasibility,emphasis_optimality
aflow40b,presolving_fast,default,separating_fast,heuristics_aggressive,separating_off,presolving_aggressive,emphasis_hardlp,emphasis_easycip,separating_aggressive,emphasis_feasibility,heuristics_fast,presolving_off,emphasis_optimality,heuristics_off
n3-3,presolving_off,separating_off,presolving_fast,separating_fast,heuristics_fast,presolving_aggressive,heuristics_aggressive,default,separating_aggressive,emphasis_hardlp,emphasis_easycip,emphasis_feasibility,emphasis_optimality,heuristics_off
neos-1228986,separating_off,separating_fast,default,emphasis_feasibility,presolving_aggressive,presolving_fast,separating_aggressive,heuristics_aggressive,emphasis_optimality,emphasis_hardlp,presolving_off,heuristics_fast,emphasis_easycip,heuristics_off
iis-100-0-cov,emphasis_easycip,heuristics_aggressive,default,separating_off,presolving_off,presolving_fast,separating_fast,heuristics_fast,emphasis_hardlp,presolving_aggressive,separating_aggressive,emphasis_feasibility,heuristics_off,emphasis_optimality
neos-847302,emphasis_feasibility,heuristics_aggressive,default,presolving_fast,separating_fast,separating_aggressive,presolving_aggressive,presolving_off,emphasis_hardlp,separating_off,heuristics_fast,emphasis_easycip,heuristics_off,emphasis_optimality
germany50-DBM,separating_fast,presolving_off,presolving_aggressive,presolving_fast,separating_aggressive,default,separating_off,heuristics_fast,heuristics_aggressive,heuristics_off,emphasis_optimality,emphasis_hardlp,emphasis_feasibility,emphasis_easycip
neos-686190,emphasis_feasibility,heuristics_aggressive,presolving_aggressive,default,separating_off,separating_fast,presolving_fast,separating_aggressive,emphasis_hardlp,emphasis_easycip,presolving_off,heuristics_fast,heuristics_off,emphasis_optimality
iis-pima-cov,separating_off,presolving_off,heuristics_aggressive,separating_fast,presolving_fast,emphasis_easycip,default,heuristics_fast,presolving_aggressive,emphasis_feasibility,separating_aggressive,emphasis_hardlp,emphasis_optimality,heuristics_off
disctom,heuristics_aggressive,default,presolving_fast,presolving_aggressive,separating_aggressive,emphasis_feasibility,emphasis_hardlp,emphasis_easycip,heuristics_fast,separating_fast,presolving_off,emphasis_optimality,heuristics_off,separating_off
noswot,default,presolving_aggressive,emphasis_feasibility,heuristics_aggressive,presolving_fast,separating_off,separating_fast,heuristics_fast,separating_aggressive,emphasis_hardlp,emphasis_easycip,heuristics_off,presolving_off,emphasis_optimality
gesa2,separating_fast,default,presolving_fast,presolving_aggressive,heuristics_aggressive,separating_off,emphasis_feasibility,presolving_off,separating_aggressive,emphasis_hardlp,heuristics_fast,emphasis_optimality,emphasis_easycip,heuristics_off
neos-1126860,presolving_off,presolving_fast,emphasis_hardlp,emphasis_easycip,separating_off,separating_fast,default,heuristics_fast,separating_aggressive,presolving_aggressive,emphasis_optimality,heuristics_aggressive,emphasis_feasibility,heuristics_off
neos-880324,separating_fast,separating_aggressive,presolving_fast,presolving_aggressive,default,separating_off,heuristics_aggressive,presolving_off,heuristics_fast,emphasis_easycip,emphasis_hardlp,emphasis_feasibility,heuristics_off,emphasis_optimality
neos-810326,presolving_fast,heuristics_aggressive,emphasis_feasibility,separating_fast,default,presolving_aggressive,separating_aggressive,presolving_off,emphasis_hardlp,emphasis_easycip,heuristics_fast,separating_off,heuristics_off,emphasis_optimality
lrn,separating_fast,presolving_off,presolving_fast,separating_aggressive,presolving_aggressive,separating_off,heuristics_aggressive,emphasis_hardlp,emphasis_optimality,default,emphasis_feasibility,heuristics_fast,heuristics_off,emphasis_easycip
protfold,separating_off,separating_fast,presolving_aggressive,presolving_fast,emphasis_hardlp,separating_aggressive,emphasis_feasibility,heuristics_aggressive,presolving_off,heuristics_fast,emphasis_easycip,default,heuristics_off,emphasis_optimality
enlight13,presolving_aggressive,default,presolving_fast,separating_fast,separating_aggressive,heuristics_fast,heuristics_aggressive,emphasis_hardlp,presolving_off,emphasis_easycip,emphasis_feasibility,emphasis_optimality,separating_off,heuristics_off
rail507,separating_off,separating_fast,emphasis_feasibility,emphasis_easycip,presolving_off,presolving_fast,heuristics_fast,default,emphasis_hardlp,separating_aggressive,presolving_aggressive,heuristics_aggressive,emphasis_optimality,heuristics_off
neos-937446,presolving_fast,separating_fast,separating_off,default,presolving_off,presolving_aggressive,separating_aggressive,heuristics_aggressive,emphasis_feasibility,emphasis_hardlp,emphasis_easycip,emphasis_optimality,heuristics_fast,heuristics_off
pg5_34,separating_fast,separating_off,presolving_fast,presolving_off,emphasis_hardlp,presolving_aggressive,default,separating_aggressive,emphasis_easycip,heuristics_aggressive,emphasis_feasibility,heuristics_fast,emphasis_optimality,heuristics_off
sts405,separating_off,heuristics_aggressive,presolving_off,presolving_fast,separating_fast,default,emphasis_easycip,heuristics_fast,presolving_aggressive,emphasis_feasibility,separating_aggressive,emphasis_hardlp,heuristics_off,emphasis_optimality
neos-941717,separating_fast,separating_aggressive,default,presolving_aggressive,presolving_fast,heuristics_aggressive,emphasis_hardlp,emphasis_feasibility,separating_off,heuristics_fast,presolving_off,emphasis_easycip,heuristics_off,emphasis_optimality
neos-1173026,presolving_off,separating_fast,presolving_fast,separating_off,presolving_aggressive,emphasis_feasibility,separating_aggressive,emphasis_hardlp,default,heuristics_aggressive,heuristics_fast,emphasis_optimality,emphasis_easycip,heuristics_off
