neos-820879,presolving_fast,separating_fast,default,presolving_aggressive,presolving_off,heuristics_aggressive,separating_off,separating_aggressive,emphasis_feasibility,emphasis_easycip,emphasis_hardlp,heuristics_fast,emphasis_optimality,heuristics_off
protfold,presolving_fast,separating_fast,heuristics_aggressive,default,presolving_aggressive,separating_off,presolving_off,emphasis_easycip,emphasis_feasibility,separating_aggressive,emphasis_hardlp,heuristics_fast,heuristics_off,emphasis_optimality
neos-1440447,separating_off,separating_fast,emphasis_feasibility,presolving_fast,presolving_aggressive,default,separating_aggressive,heuristics_aggressive,heuristics_fast,emphasis_hardlp,emphasis_easycip,emphasis_optimality,presolving_off,heuristics_off
p0201,emphasis_hardlp,presolving_fast,emphasis_easycip,separating_fast,presolving_off,heuristics_fast,separating_off,default,emphasis_feasibility,presolving_aggressive,heuristics_aggressive,separating_aggressive,emphasis_optimality,heuristics_off
bell3a,default,presolving_aggressive,separating_aggressive,separating_fast,presolving_fast,heuristics_fast,heuristics_aggressive,emphasis_optimality,emphasis_hardlp,separating_off,presolving_off,heuristics_off,emphasis_easycip,emphasis_feasibility
gt2,heuristics_fast,default,presolving_aggressive,separating_fast,heuristics_aggressive,separating_off,presolving_fast,emphasis_easycip,separating_aggressive,presolving_off,heuristics_off,emphasis_hardlp,emphasis_optimality,emphasis_feasibility
cov1075,heuristics_fast,separating_off,presolving_off,presolving_fast,emphasis_easycip,default,presolving_aggressive,separating_fast,separating_aggressive,heuristics_aggressive,emphasis_hardlp,heuristics_off,emphasis_feasibility,emphasis_optimality
neos-808214,separating_aggressive,emphasis_hardlp,separating_fast,presolving_fast,presolving_aggressive,heuristics_aggressive,default,emphasis_easycip,heuristics_off,heuristics_fast,emphasis_feasibility,presolving_off,emphasis_optimality,separating_off
sing161,separating_off,separating_fast,separating_aggressive,presolving_off,presolving_fast,presolving_aggressive,heuristics_off,heuristics_fast,heuristics_aggressive,emphasis_optimality,emphasis_hardlp,emphasis_feasibility,emphasis_easycip,default
neos-1112782,emphasis_feasibility,heuristics_aggressive,emphasis_optimality,emphasis_hardlp,default,presolving_aggressive,separating_off,separating_fast,presolving_fast,separating_aggressive,presolving_off,heuristics_fast,emphasis_easycip,heuristics_off
gen,presolving_fast,presolving_aggressive,default,heuristics_aggressive,separating_aggressive,heuristics_fast,separating_fast,emphasis_optimality,emphasis_hardlp,presolving_off,emphasis_easycip,heuristics_off,emphasis_feasibility,separating_off
neos-1442657,separating_off,separating_fast,presolving_fast,presolving_off,emphasis_feasibility,presolving_aggressive,heuristics_aggressive,default,separating_aggressive,emphasis_optimality,emphasis_hardlp,heuristics_fast,emphasis_easycip,heuristics_off
ns1456591,presolving_fast,presolving_aggressive,default,presolving_off,heuristics_fast,heuristics_aggressive,separating_aggressive,emphasis_hardlp,emphasis_optimality,heuristics_off,separating_fast,emphasis_easycip,separating_off,emphasis_feasibility
neos-506422,presolving_fast,separating_fast,emphasis_feasibility,default,separating_off,heuristics_aggressive,presolving_off,presolving_aggressive,separating_aggressive,emphasis_hardlp,emphasis_easycip,heuristics_fast,emphasis_optimality,heuristics_off
gmut-77-40,presolving_fast,presolving_off,emphasis_feasibility,emphasis_hardlp,separating_fast,heuristics_aggressive,default,presolving_aggressive,emphasis_easycip,separating_off,separating_aggressive,heuristics_fast,emphasis_optimality,heuristics_off
ex1010-pi,heuristics_fast,separating_off,presolving_off,presolving_fast,default,separating_fast,presolving_aggressive,separating_aggressive,heuristics_aggressive,emphasis_hardlp,emphasis_easycip,emphasis_feasibility,heuristics_off,emphasis_optimality
rail507,separating_off,presolving_off,heuristics_fast,default,presolving_aggressive,separating_fast,presolving_fast,heuristics_aggressive,emphasis_hardlp,emphasis_easycip,separating_aggressive,emphasis_feasibility,heuristics_off,emphasis_optimality
ns2124243,separating_off,separating_fast,emphasis_feasibility,heuristics_aggressive,presolving_fast,presolving_aggressive,presolving_off,default,separating_aggressive,emphasis_optimality,emphasis_easycip,heuristics_fast,emphasis_hardlp,heuristics_off
liu,separating_off,separating_fast,default,presolving_fast,presolving_aggressive,emphasis_hardlp,emphasis_feasibility,presolving_off,separating_aggressive,heuristics_fast,emphasis_easycip,heuristics_aggressive,emphasis_optimality,heuristics_off
map20,separating_fast,presolving_aggressive,default,separating_off,emphasis_easycip,heuristics_fast,emphasis_feasibility,heuristics_aggressive,presolving_fast,separating_aggressive,emphasis_hardlp,emphasis_optimality,presolving_off,heuristics_off
rococoC10-001000,emphasis_feasibility,heuristics_aggressive,separating_off,presolving_fast,default,separating_fast,presolving_aggressive,separating_aggressive,presolving_off,emphasis_hardlp,emphasis_easycip,heuristics_fast,emphasis_optimality,heuristics_off
enigma,separating_aggressive,heuristics_aggressive,default,separating_fast,presolving_fast,presolving_aggressive,separating_off,presolving_off,heuristics_fast,emphasis_hardlp,emphasis_feasibility,emphasis_optimality,emphasis_easycip,heuristics_off
set3-20,presolving_aggressive,default,heuristics_aggressive,separating_aggressive,presolving_fast,separating_fast,presolving_off,emphasis_optimality,emphasis_feasibility,heuristics_fast,emphasis_hardlp,emphasis_easycip,heuristics_off,separating_off
neos-584146,separating_fast,presolving_fast,separating_off,presolving_aggressive,separating_aggressive,heuristics_aggressive,default,presolving_off,heuristics_fast,emphasis_hardlp,emphasis_feasibility,emphasis_easycip,heuristics_off,emphasis_optimality
d20200,emphasis_feasibility,emphasis_hardlp,separating_off,separating_fast,presolving_fast,heuristics_aggressive,separating_aggressive,presolving_off,heuristics_fast,default,presolving_aggressive,heuristics_off,emphasis_optimality,emphasis_easycip
neos-916173,presolving_fast,separating_off,separating_fast,default,presolving_off,heuristics_aggressive,presolving_aggressive,separating_aggressive,emphasis_hardlp,emphasis_feasibility,heuristics_fast,emphasis_optimality,emphasis_easycip,heuristics_off
neos-1096528,separating_off,emphasis_hardlp,presolving_fast,separating_fast,presolving_aggressive,emphasis_feasibility,emphasis_easycip,default,heuristics_aggressive,presolving_off,heuristics_off,separating_aggressive,heuristics_fast,emphasis_optimality
momentum1,separating_fast,emphasis_feasibility,presolving_fast,separating_off,presolving_off,presolving_aggressive,default,separating_aggressive,emphasis_hardlp,heuristics_fast,heuristics_aggressive,heuristics_off,emphasis_optimality,emphasis_easycip
neos-1467371,emphasis_feasibility,heuristics_aggressive,separating_aggressive,presolving_off,separating_fast,presolving_fast,presolving_aggressive,default,emphasis_optimality,separating_off,emphasis_hardlp,emphasis_easycip,heuristics_fast,heuristics_off
air05,separating_fast,heuristics_aggressive,emphasis_feasibility,default,separating_off,presolving_aggressive,separating_aggressive,emphasis_hardlp,emphasis_optimality,presolving_fast,heuristics_fast,presolving_off,emphasis_easycip,heuristics_off
rmine21,presolving_off,presolving_fast,emphasis_hardlp,separating_off,emphasis_easycip,separating_fast,heuristics_aggressive,emphasis_feasibility,default,separating_aggressive,heuristics_fast,presolving_aggressive,emphasis_optimality,heuristics_off
neos-1420205,separating_off,separating_fast,emphasis_hardlp,presolving_fast,default,presolving_aggressive,heuristics_fast,emphasis_easycip,heuristics_off,separating_aggressive,presolving_off,emphasis_optimality,heuristics_aggressive,emphasis_feasibility
neos-512201,heuristics_off,separating_fast,presolving_fast,heuristics_aggressive,emphasis_hardlp,heuristics_fast,presolving_aggressive,emphasis_easycip,separating_aggressive,default,presolving_off,separating_off,emphasis_feasibility,emphasis_optimality
qnet1,separating_off,separating_fast,presolving_fast,heuristics_aggressive,emphasis_feasibility,default,presolving_aggressive,emphasis_hardlp,separating_aggressive,presolving_off,emphasis_easycip,heuristics_fast,emphasis_optimality,heuristics_off
neos-1440460,separating_off,separating_fast,presolving_fast,emphasis_feasibility,default,presolving_aggressive,separating_aggressive,heuristics_aggressive,presolving_off,emphasis_optimality,emphasis_hardlp,heuristics_fast,emphasis_easycip,heuristics_off
neos-886822,separating_off,separating_fast,emphasis_hardlp,presolving_fast,default,presolving_aggressive,heuristics_fast,emphasis_easycip,separating_aggressive,presolving_off,emphasis_feasibility,heuristics_aggressive,emphasis_optimality,heuristics_off
neos-933562,emphasis_feasibility,separating_fast,default,presolving_aggressive,presolving_fast,heuristics_aggressive,emphasis_hardlp,heuristics_fast,presolving_off,separating_aggressive,emphasis_easycip,heuristics_off,separating_off,emphasis_optimality
neos-829552,separating_off,separating_fast,presolving_fast,presolving_aggressive,emphasis_hardlp,presolving_off,heuristics_aggressive,emphasis_feasibility,default,separating_aggressive,heuristics_off,emphasis_easycip,heuristics_fast,emphasis_optimality
mine-90-10,emphasis_hardlp,separating_off,presolving_off,presolving_fast,separating_fast,emphasis_easycip,default,emphasis_feasibility,heuristics_fast,heuristics_aggressive,separating_aggressive,presolving_aggressive,heuristics_off,emphasis_optimality
ns1853823,separating_off,separating_fast,separating_aggressive,presolving_off,presolving_fast,presolving_aggressive,heuristics_off,heuristics_fast,heuristics_aggressive,emphasis_optimality,emphasis_hardlp,emphasis_feasibility,emphasis_easycip,default
rococoC11-011100,emphasis_feasibility,separating_off,presolving_fast,heuristics_aggressive,separating_fast,default,presolving_aggressive,separating_aggressive,emphasis_hardlp,presolving_off,emphasis_easycip,heuristics_fast,emphasis_optimality,heuristics_off
neos-538867,separating_off,presolving_fast,separating_fast,presolving_aggressive,presolving_off,separating_aggressive,default,emphasis_optimality,emphasis_feasibility,emphasis_easycip,heuristics_aggressive,heuristics_fast,heuristics_off,emphasis_hardlp
tanglegram2,default,presolving_aggressive,separating_aggressive,presolving_fast,presolving_off,heuristics_aggressive,separating_fast,heuristics_fast,emphasis_feasibility,emphasis_easycip,separating_off,emphasis_optimality,heuristics_off,emphasis_hardlp
a1c1s1,presolving_fast,heuristics_aggressive,default,presolving_aggressive,separating_aggressive,separating_fast,presolving_off,emphasis_hardlp,emphasis_optimality,emphasis_easycip,heuristics_fast,emphasis_feasibility,separating_off,heuristics_off
core2536-691,separating_fast,default,presolving_aggressive,separating_aggressive,heuristics_aggressive,presolving_fast,heuristics_fast,separating_off,presolving_off,emphasis_feasibility,emphasis_optimality,emphasis_hardlp,emphasis_easycip,heuristics_off
neos-957270,separating_fast,separating_off,presolving_fast,heuristics_aggressive,emphasis_hardlp,emphasis_easycip,emphasis_feasibility,presolving_off,presolving_aggressive,default,heuristics_off,heuristics_fast,separating_aggressive,emphasis_optimality
neos-555884,separating_fast,presolving_aggressive,separating_off,separating_aggressive,emphasis_feasibility,presolving_off,presolving_fast,heuristics_aggressive,default,heuristics_fast,emphasis_optimality,emphasis_hardlp,emphasis_easycip,heuristics_off
neos-555694,separating_fast,emphasis_feasibility,heuristics_aggressive,presolving_fast,emphasis_hardlp,presolving_aggressive,separating_off,default,separating_aggressive,emphasis_easycip,heuristics_fast,emphasis_optimality,presolving_off,heuristics_off
l152lav,separating_fast,default,separating_off,presolving_off,emphasis_hardlp,emphasis_feasibility,emphasis_easycip,heuristics_fast,presolving_fast,presolving_aggressive,heuristics_aggressive,separating_aggressive,heuristics_off,emphasis_optimality
iis-bupa-cov,heuristics_fast,separating_off,presolving_fast,presolving_aggressive,default,separating_fast,emphasis_easycip,presolving_off,separating_aggressive,heuristics_aggressive,heuristics_off,emphasis_hardlp,emphasis_feasibility,emphasis_optimality
neos-547911,separating_off,separating_fast,default,presolving_fast,presolving_aggressive,separating_aggressive,presolving_off,heuristics_aggressive,heuristics_fast,emphasis_feasibility,emphasis_easycip,heuristics_off,emphasis_hardlp,emphasis_optimality
sp98ic,emphasis_feasibility,heuristics_aggressive,separating_fast,presolving_off,presolving_aggressive,default,presolving_fast,separating_aggressive,heuristics_fast,emphasis_hardlp,emphasis_optimality,separating_off,emphasis_easycip,heuristics_off
fast0507,heuristics_fast,separating_off,presolving_off,presolving_fast,default,separating_fast,presolving_aggressive,heuristics_aggressive,emphasis_hardlp,separating_aggressive,emphasis_easycip,emphasis_feasibility,heuristics_off,emphasis_optimality
germany50-DBM,presolving_off,presolving_fast,presolving_aggressive,separating_aggressive,heuristics_fast,default,separating_fast,heuristics_aggressive,emphasis_hardlp,separating_off,emphasis_easycip,heuristics_off,emphasis_optimality,emphasis_feasibility
neos18,separating_off,presolving_fast,default,separating_fast,separating_aggressive,presolving_aggressive,emphasis_feasibility,heuristics_aggressive,heuristics_fast,emphasis_hardlp,presolving_off,emphasis_easycip,emphasis_optimality,heuristics_off
neos-831188,presolving_fast,heuristics_aggressive,emphasis_feasibility,presolving_aggressive,default,separating_off,separating_fast,presolving_off,separating_aggressive,heuristics_fast,emphasis_optimality,emphasis_easycip,emphasis_hardlp,heuristics_off
Test3,emphasis_feasibility,separating_off,separating_fast,presolving_fast,default,presolving_aggressive,heuristics_aggressive,separating_aggressive,presolving_off,heuristics_fast,emphasis_hardlp,emphasis_easycip,emphasis_optimality,heuristics_off
r80x800,heuristics_aggressive,presolving_fast,presolving_aggressive,default,separating_aggressive,presolving_off,heuristics_fast,emphasis_optimality,separating_fast,emphasis_hardlp,emphasis_feasibility,emphasis_easycip,separating_off,heuristics_off
opm2-z12-s14,presolving_off,presolving_fast,emphasis_hardlp,emphasis_easycip,separating_off,separating_fast,heuristics_aggressive,default,emphasis_feasibility,heuristics_fast,emphasis_optimality,separating_aggressive,presolving_aggressive,heuristics_off
rail03,separating_off,separating_fast,separating_aggressive,presolving_off,presolving_fast,presolving_aggressive,heuristics_off,heuristics_fast,heuristics_aggressive,emphasis_optimality,emphasis_hardlp,emphasis_feasibility,emphasis_easycip,default
neos-801834,heuristics_fast,presolving_fast,presolving_aggressive,default,separating_fast,emphasis_easycip,emphasis_feasibility,separating_aggressive,heuristics_aggressive,separating_off,presolving_off,heuristics_off,emphasis_hardlp,emphasis_optimality
