mod008,presolving_off,emphasis_easycip,presolving_fast,separating_aggressive,heuristics_fast,heuristics_aggressive,emphasis_hardlp,separating_off,separating_fast,presolving_aggressive,emphasis_feasibility,default,heuristics_off,emphasis_optimality
tr12-30,default,presolving_aggressive,heuristics_aggressive,presolving_off,emphasis_hardlp,separating_aggressive,presolving_fast,separating_fast,heuristics_fast,emphasis_optimality,separating_off,emphasis_feasibility,emphasis_easycip,heuristics_off
neos-506422,separating_fast,presolving_aggressive,separating_off,presolving_fast,heuristics_aggressive,emphasis_feasibility,default,emphasis_hardlp,heuristics_off,heuristics_fast,separating_aggressive,presolving_off,emphasis_easycip,emphasis_optimality
neos-612125,heuristics_fast,presolving_off,presolving_fast,default,presolving_aggressive,heuristics_aggressive,emphasis_hardlp,separating_aggressive,emphasis_easycip,emphasis_optimality,separating_fast,heuristics_off,separating_off,emphasis_feasibility
mas74,emphasis_easycip,emphasis_hardlp,separating_off,separating_fast,presolving_off,heuristics_fast,presolving_fast,heuristics_aggressive,default,presolving_aggressive,separating_aggressive,emphasis_feasibility,heuristics_off,emphasis_optimality
neos-1171737,emphasis_feasibility,separating_off,presolving_fast,presolving_off,separating_fast,heuristics_aggressive,presolving_aggressive,default,separating_aggressive,emphasis_easycip,emphasis_optimality,emphasis_hardlp,heuristics_fast,heuristics_off
neos-1451294,separating_fast,presolving_fast,default,separating_aggressive,presolving_off,presolving_aggressive,heuristics_fast,heuristics_aggressive,emphasis_hardlp,emphasis_feasibility,heuristics_off,emphasis_easycip,separating_off,emphasis_optimality
neos-863472,separating_fast,presolving_fast,presolving_aggressive,default,separating_aggressive,emphasis_hardlp,emphasis_feasibility,separating_off,heuristics_aggressive,heuristics_off,emphasis_easycip,presolving_off,emphasis_optimality,heuristics_fast
neos-1467371,emphasis_feasibility,presolving_off,heuristics_aggressive,separating_aggressive,separating_fast,presolving_fast,presolving_aggressive,emphasis_optimality,default,emphasis_hardlp,separating_off,emphasis_easycip,heuristics_fast,heuristics_off
neos-1445738,emphasis_feasibility,separating_off,separating_fast,presolving_fast,emphasis_easycip,presolving_aggressive,emphasis_hardlp,separating_aggressive,heuristics_fast,heuristics_aggressive,default,presolving_off,emphasis_optimality,heuristics_off
janos-us-DDM,presolving_off,presolving_aggressive,heuristics_fast,default,separating_fast,separating_aggressive,presolving_fast,emphasis_hardlp,separating_off,emphasis_optimality,heuristics_off,heuristics_aggressive,emphasis_easycip,emphasis_feasibility
neos-934278,separating_off,separating_aggressive,separating_fast,default,presolving_aggressive,heuristics_aggressive,presolving_fast,emphasis_feasibility,presolving_off,heuristics_fast,emphasis_optimality,emphasis_easycip,emphasis_hardlp,heuristics_off
neos-912015,separating_aggressive,presolving_aggressive,heuristics_off,presolving_fast,emphasis_hardlp,emphasis_feasibility,default,separating_fast,presolving_off,heuristics_fast,heuristics_aggressive,emphasis_easycip,emphasis_optimality,separating_off
reblock354,separating_off,default,separating_fast,heuristics_fast,emphasis_hardlp,presolving_off,heuristics_off,heuristics_aggressive,emphasis_feasibility,separating_aggressive,presolving_fast,emphasis_optimality,emphasis_easycip,presolving_aggressive
neos-584866,default,separating_off,presolving_fast,emphasis_feasibility,heuristics_fast,heuristics_aggressive,separating_fast,emphasis_easycip,separating_aggressive,presolving_off,presolving_aggressive,emphasis_hardlp,heuristics_off,emphasis_optimality
ns60-pr9,presolving_fast,presolving_aggressive,emphasis_easycip,separating_off,presolving_off,heuristics_fast,default,emphasis_hardlp,heuristics_aggressive,separating_fast,separating_aggressive,heuristics_off,emphasis_optimality,emphasis_feasibility
neos-1605061,separating_off,presolving_aggressive,presolving_fast,separating_fast,separating_aggressive,presolving_off,heuristics_aggressive,emphasis_feasibility,heuristics_fast,emphasis_easycip,heuristics_off,emphasis_optimality,emphasis_hardlp,default
neos-810326,emphasis_easycip,heuristics_off,heuristics_fast,separating_fast,heuristics_aggressive,emphasis_hardlp,presolving_fast,emphasis_feasibility,emphasis_optimality,default,separating_aggressive,presolving_off,presolving_aggressive,separating_off
fiball,separating_fast,presolving_off,presolving_fast,presolving_aggressive,heuristics_aggressive,separating_off,heuristics_off,heuristics_fast,default,separating_aggressive,emphasis_feasibility,emphasis_easycip,emphasis_optimality,emphasis_hardlp
enigma,emphasis_hardlp,heuristics_fast,emphasis_easycip,separating_off,presolving_aggressive,presolving_off,presolving_fast,separating_fast,separating_aggressive,default,heuristics_aggressive,heuristics_off,emphasis_optimality,emphasis_feasibility
zib54-UUE,presolving_aggressive,separating_fast,heuristics_fast,separating_off,separating_aggressive,presolving_fast,presolving_off,default,heuristics_aggressive,emphasis_hardlp,emphasis_feasibility,emphasis_optimality,emphasis_easycip,heuristics_off
dano3_3,presolving_aggressive,emphasis_easycip,presolving_fast,heuristics_fast,default,separating_off,separating_fast,emphasis_hardlp,emphasis_optimality,separating_aggressive,emphasis_feasibility,presolving_off,heuristics_off,heuristics_aggressive
enlight13,separating_off,separating_fast,presolving_off,heuristics_off,separating_aggressive,presolving_fast,presolving_aggressive,emphasis_easycip,heuristics_fast,heuristics_aggressive,default,emphasis_optimality,emphasis_feasibility,emphasis_hardlp
neos-847302,heuristics_off,emphasis_feasibility,separating_off,emphasis_hardlp,separating_fast,separating_aggressive,presolving_fast,heuristics_aggressive,presolving_aggressive,default,heuristics_fast,emphasis_optimality,presolving_off,emphasis_easycip
neos-934441,separating_off,separating_fast,separating_aggressive,default,presolving_aggressive,emphasis_feasibility,presolving_fast,heuristics_aggressive,presolving_off,heuristics_fast,emphasis_hardlp,emphasis_easycip,emphasis_optimality,heuristics_off
core2536-691,separating_fast,presolving_aggressive,default,heuristics_aggressive,emphasis_feasibility,separating_aggressive,heuristics_fast,separating_off,presolving_fast,emphasis_optimality,presolving_off,emphasis_easycip,emphasis_hardlp,heuristics_off
maxgasflow,presolving_off,emphasis_feasibility,presolving_fast,presolving_aggressive,separating_fast,heuristics_aggressive,separating_aggressive,emphasis_hardlp,default,emphasis_easycip,separating_off,emphasis_optimality,heuristics_off,heuristics_fast
neos-892255,separating_aggressive,heuristics_fast,presolving_fast,presolving_aggressive,heuristics_aggressive,separating_off,separating_fast,presolving_off,default,emphasis_easycip,emphasis_hardlp,emphasis_optimality,emphasis_feasibility,heuristics_off
neos-841664,presolving_aggressive,separating_aggressive,separating_fast,presolving_off,emphasis_optimality,default,presolving_fast,heuristics_aggressive,emphasis_hardlp,heuristics_fast,emphasis_easycip,separating_off,emphasis_feasibility,heuristics_off
gt2,presolving_fast,heuristics_fast,default,emphasis_easycip,heuristics_off,separating_off,presolving_off,emphasis_hardlp,separating_fast,presolving_aggressive,emphasis_optimality,separating_aggressive,emphasis_feasibility,heuristics_aggressive
neos-1058477,presolving_off,separating_fast,separating_aggressive,emphasis_hardlp,presolving_fast,emphasis_feasibility,presolving_aggressive,default,emphasis_easycip,heuristics_aggressive,emphasis_optimality,separating_off,heuristics_fast,heuristics_off
neos-948268,emphasis_feasibility,separating_fast,presolving_fast,presolving_aggressive,separating_aggressive,presolving_off,separating_off,heuristics_aggressive,default,heuristics_off,heuristics_fast,emphasis_hardlp,emphasis_optimality,emphasis_easycip
rmatr100-p5,presolving_fast,separating_fast,default,presolving_off,presolving_aggressive,separating_off,separating_aggressive,heuristics_aggressive,emphasis_hardlp,emphasis_easycip,heuristics_fast,emphasis_feasibility,heuristics_off,emphasis_optimality
m100n500k4r1,emphasis_easycip,separating_fast,emphasis_hardlp,presolving_off,presolving_aggressive,heuristics_aggressive,default,presolving_fast,heuristics_fast,emphasis_feasibility,separating_off,separating_aggressive,heuristics_off,emphasis_optimality
dano3mip,presolving_fast,presolving_aggressive,presolving_off,default,emphasis_easycip,separating_fast,emphasis_hardlp,separating_off,emphasis_feasibility,heuristics_fast,heuristics_aggressive,separating_aggressive,emphasis_optimality,heuristics_off
ns1208400,separating_aggressive,separating_fast,heuristics_fast,presolving_fast,heuristics_off,heuristics_aggressive,separating_off,emphasis_optimality,emphasis_feasibility,emphasis_hardlp,emphasis_easycip,default,presolving_off,presolving_aggressive
neos-1603965,separating_off,separating_fast,presolving_off,presolving_fast,presolving_aggressive,heuristics_aggressive,separating_aggressive,emphasis_optimality,default,heuristics_off,emphasis_hardlp,emphasis_feasibility,heuristics_fast,emphasis_easycip
n3705,heuristics_aggressive,separating_aggressive,presolving_fast,presolving_aggressive,default,heuristics_fast,emphasis_optimality,emphasis_feasibility,emphasis_hardlp,separating_fast,presolving_off,emphasis_easycip,separating_off,heuristics_off
berlin_5_8_0,presolving_off,separating_fast,separating_aggressive,emphasis_feasibility,default,separating_off,heuristics_fast,heuristics_aggressive,emphasis_hardlp,presolving_fast,emphasis_easycip,presolving_aggressive,heuristics_off,emphasis_optimality
dfn-gwin-UUM,separating_aggressive,default,presolving_aggressive,emphasis_hardlp,separating_off,presolving_off,presolving_fast,heuristics_off,heuristics_aggressive,separating_fast,heuristics_fast,emphasis_optimality,emphasis_feasibility,emphasis_easycip
toll-like,presolving_aggressive,default,heuristics_fast,heuristics_aggressive,separating_fast,emphasis_feasibility,presolving_off,separating_off,presolving_fast,emphasis_hardlp,emphasis_easycip,separating_aggressive,emphasis_optimality,heuristics_off
neos-1173026,emphasis_feasibility,emphasis_easycip,separating_aggressive,presolving_off,default,presolving_aggressive,emphasis_hardlp,heuristics_off,separating_off,separating_fast,presolving_fast,emphasis_optimality,heuristics_aggressive,heuristics_fast
neos-1441553,emphasis_hardlp,separating_off,separating_fast,emphasis_feasibility,heuristics_fast,heuristics_aggressive,presolving_aggressive,default,separating_aggressive,presolving_fast,emphasis_easycip,presolving_off,heuristics_off,emphasis_optimality
neos-937446,separating_off,separating_aggressive,presolving_off,presolving_fast,separating_fast,presolving_aggressive,default,emphasis_feasibility,heuristics_aggressive,emphasis_easycip,emphasis_hardlp,heuristics_fast,emphasis_optimality,heuristics_off
opm2-z12-s14,presolving_off,presolving_fast,emphasis_hardlp,emphasis_easycip,separating_off,separating_fast,heuristics_aggressive,default,emphasis_feasibility,heuristics_fast,emphasis_optimality,separating_aggressive,presolving_aggressive,heuristics_off
rmine6,separating_off,separating_fast,default,presolving_fast,emphasis_hardlp,presolving_off,heuristics_aggressive,emphasis_feasibility,separating_aggressive,heuristics_fast,emphasis_easycip,presolving_aggressive,heuristics_off,emphasis_optimality
sp98ic,separating_fast,emphasis_feasibility,heuristics_aggressive,separating_aggressive,presolving_off,separating_off,heuristics_fast,presolving_aggressive,presolving_fast,emphasis_easycip,default,emphasis_optimality,emphasis_hardlp,heuristics_off
neos-933966,separating_fast,separating_aggressive,separating_off,default,heuristics_aggressive,presolving_aggressive,emphasis_feasibility,presolving_fast,presolving_off,heuristics_fast,emphasis_optimality,emphasis_hardlp,emphasis_easycip,heuristics_off
neos-555694,heuristics_aggressive,emphasis_feasibility,separating_fast,presolving_fast,emphasis_hardlp,presolving_aggressive,default,separating_off,separating_aggressive,emphasis_easycip,heuristics_fast,emphasis_optimality,presolving_off,heuristics_off
neos-544324,separating_off,separating_fast,presolving_aggressive,default,separating_aggressive,presolving_fast,heuristics_aggressive,presolving_off,heuristics_off,heuristics_fast,emphasis_hardlp,emphasis_optimality,emphasis_feasibility,emphasis_easycip
neos-955800,separating_off,presolving_fast,presolving_aggressive,emphasis_feasibility,heuristics_aggressive,emphasis_hardlp,emphasis_easycip,separating_fast,separating_aggressive,heuristics_fast,default,presolving_off,heuristics_off,emphasis_optimality
neos-948126,separating_off,presolving_fast,separating_fast,separating_aggressive,presolving_off,default,presolving_aggressive,heuristics_aggressive,emphasis_feasibility,emphasis_easycip,emphasis_hardlp,emphasis_optimality,heuristics_fast,heuristics_off
usAbbrv-8-25_70,separating_aggressive,separating_off,presolving_off,heuristics_aggressive,emphasis_hardlp,emphasis_feasibility,separating_fast,presolving_fast,heuristics_fast,default,emphasis_easycip,presolving_aggressive,heuristics_off,emphasis_optimality
mine-90-10,emphasis_hardlp,separating_off,presolving_off,presolving_fast,separating_fast,heuristics_off,default,heuristics_aggressive,heuristics_fast,emphasis_feasibility,presolving_aggressive,emphasis_easycip,separating_aggressive,emphasis_optimality
n9-3,presolving_aggressive,heuristics_fast,heuristics_aggressive,default,separating_aggressive,presolving_fast,separating_fast,presolving_off,separating_off,emphasis_hardlp,emphasis_easycip,heuristics_off,emphasis_optimality,emphasis_feasibility
neos-1620807,separating_fast,separating_aggressive,presolving_fast,presolving_aggressive,heuristics_fast,heuristics_aggressive,emphasis_hardlp,emphasis_easycip,heuristics_off,default,emphasis_optimality,separating_off,presolving_off,emphasis_feasibility
methanosarcina,separating_off,separating_fast,emphasis_feasibility,presolving_aggressive,emphasis_hardlp,heuristics_aggressive,default,heuristics_fast,emphasis_easycip,presolving_off,presolving_fast,heuristics_off,separating_aggressive,emphasis_optimality
neos-932816,default,separating_off,separating_fast,emphasis_feasibility,heuristics_aggressive,separating_aggressive,presolving_fast,presolving_aggressive,emphasis_hardlp,heuristics_fast,presolving_off,emphasis_optimality,heuristics_off,emphasis_easycip
neos-738098,separating_fast,separating_aggressive,separating_off,presolving_fast,emphasis_hardlp,emphasis_feasibility,default,presolving_off,heuristics_fast,heuristics_aggressive,presolving_aggressive,emphasis_easycip,heuristics_off,emphasis_optimality
timtab2,heuristics_aggressive,separating_aggressive,presolving_aggressive,default,separating_off,separating_fast,heuristics_off,heuristics_fast,presolving_fast,emphasis_hardlp,emphasis_easycip,presolving_off,emphasis_feasibility,emphasis_optimality
aflow30a,presolving_fast,presolving_aggressive,default,separating_fast,heuristics_aggressive,separating_aggressive,emphasis_hardlp,emphasis_feasibility,heuristics_fast,emphasis_optimality,presolving_off,emphasis_easycip,separating_off,heuristics_off
