neos-584851,separating_fast,separating_off,presolving_fast,heuristics_fast,default,separating_aggressive,emphasis_easycip,presolving_aggressive,emphasis_hardlp,emphasis_feasibility,heuristics_off,heuristics_aggressive,emphasis_optimality,presolving_off
neos-956971,presolving_fast,presolving_off,separating_off,emphasis_feasibility,heuristics_aggressive,default,separating_fast,presolving_aggressive,emphasis_optimality,emphasis_easycip,separating_aggressive,emphasis_hardlp,heuristics_fast,heuristics_off
mitre,default,separating_fast,emphasis_feasibility,presolving_aggressive,presolving_fast,heuristics_aggressive,separating_off,separating_aggressive,presolving_off,heuristics_fast,emphasis_hardlp,emphasis_easycip,emphasis_optimality,heuristics_off
reblock67,emphasis_hardlp,separating_off,separating_fast,heuristics_aggressive,emphasis_feasibility,presolving_fast,default,heuristics_fast,emphasis_easycip,presolving_off,heuristics_off,separating_aggressive,presolving_aggressive,emphasis_optimality
sing161,presolving_fast,presolving_off,emphasis_hardlp,emphasis_easycip,separating_fast,default,separating_off,emphasis_optimality,emphasis_feasibility,heuristics_fast,heuristics_aggressive,presolving_aggressive,separating_aggressive,heuristics_off
neos-522351,presolving_fast,presolving_aggressive,separating_fast,separating_aggressive,default,heuristics_aggressive,separating_off,presolving_off,emphasis_hardlp,emphasis_easycip,heuristics_fast,emphasis_optimality,emphasis_feasibility,heuristics_off
neos-1429212,separating_fast,presolving_fast,default,emphasis_feasibility,separating_off,presolving_aggressive,heuristics_aggressive,presolving_off,emphasis_hardlp,emphasis_easycip,separating_aggressive,heuristics_fast,emphasis_optimality,heuristics_off
neos-807639,separating_off,presolving_fast,default,separating_fast,presolving_aggressive,heuristics_aggressive,separating_aggressive,presolving_off,emphasis_hardlp,emphasis_feasibility,heuristics_fast,emphasis_easycip,heuristics_off,emphasis_optimality
liu,separating_fast,default,presolving_fast,emphasis_feasibility,separating_off,presolving_off,heuristics_aggressive,separating_aggressive,presolving_aggressive,emphasis_optimality,emphasis_easycip,emphasis_hardlp,heuristics_fast,heuristics_off
neos-860244,separating_off,separating_fast,presolving_fast,emphasis_hardlp,emphasis_feasibility,default,heuristics_aggressive,heuristics_off,emphasis_easycip,presolving_off,presolving_aggressive,heuristics_fast,separating_aggressive,emphasis_optimality
neos-1171737,emphasis_feasibility,separating_off,separating_fast,presolving_fast,heuristics_aggressive,presolving_off,default,presolving_aggressive,separating_aggressive,emphasis_optimality,emphasis_hardlp,emphasis_easycip,heuristics_fast,heuristics_off
neos-1467067,separating_fast,presolving_fast,separating_off,presolving_aggressive,default,separating_aggressive,emphasis_feasibility,heuristics_aggressive,presolving_off,heuristics_fast,emphasis_hardlp,emphasis_easycip,emphasis_optimality,heuristics_off
neos-1109824,emphasis_hardlp,presolving_fast,emphasis_feasibility,separating_fast,emphasis_easycip,presolving_aggressive,default,heuristics_aggressive,separating_off,heuristics_fast,presolving_off,heuristics_off,separating_aggressive,emphasis_optimality
rmine6,emphasis_hardlp,separating_off,presolving_fast,separating_fast,default,presolving_off,emphasis_feasibility,heuristics_aggressive,heuristics_fast,emphasis_easycip,separating_aggressive,presolving_aggressive,heuristics_off,emphasis_optimality
pigeon-19,separating_fast,presolving_aggressive,separating_off,separating_aggressive,emphasis_hardlp,emphasis_feasibility,presolving_off,heuristics_aggressive,emphasis_easycip,default,presolving_fast,emphasis_optimality,heuristics_fast,heuristics_off
neos-1445743,separating_off,separating_fast,emphasis_feasibility,heuristics_fast,default,heuristics_aggressive,separating_aggressive,emphasis_optimality,heuristics_off,presolving_fast,presolving_off,emphasis_easycip,emphasis_hardlp,presolving_aggressive
neos-808072,presolving_off,heuristics_off,heuristics_fast,emphasis_easycip,separating_fast,emphasis_hardlp,default,presolving_fast,presolving_aggressive,emphasis_feasibility,heuristics_aggressive,separating_off,separating_aggressive,emphasis_optimality
neos-826650,emphasis_feasibility,heuristics_aggressive,default,presolving_fast,separating_off,separating_aggressive,separating_fast,emphasis_hardlp,presolving_aggressive,presolving_off,heuristics_fast,emphasis_easycip,emphasis_optimality,heuristics_off
neos13,separating_off,presolving_fast,presolving_off,emphasis_feasibility,separating_fast,default,presolving_aggressive,emphasis_easycip,separating_aggressive,heuristics_aggressive,emphasis_hardlp,emphasis_optimality,heuristics_fast,heuristics_off
mining,presolving_off,emphasis_hardlp,emphasis_easycip,presolving_fast,default,separating_fast,separating_off,heuristics_aggressive,emphasis_optimality,heuristics_fast,emphasis_feasibility,presolving_aggressive,separating_aggressive,heuristics_off
pigeon-12,separating_fast,presolving_aggressive,emphasis_easycip,separating_off,separating_aggressive,emphasis_hardlp,emphasis_feasibility,presolving_off,emphasis_optimality,heuristics_aggressive,default,presolving_fast,heuristics_fast,heuristics_off
neos-796608,presolving_fast,presolving_aggressive,default,presolving_off,heuristics_fast,separating_aggressive,separating_fast,emphasis_easycip,emphasis_hardlp,heuristics_aggressive,heuristics_off,separating_off,emphasis_optimality,emphasis_feasibility
sp98ir,heuristics_aggressive,emphasis_feasibility,presolving_aggressive,presolving_fast,separating_off,default,separating_aggressive,presolving_off,separating_fast,emphasis_optimality,emphasis_hardlp,emphasis_easycip,heuristics_fast,heuristics_off
neos-1426635,presolving_off,separating_fast,separating_off,presolving_fast,emphasis_feasibility,default,separating_aggressive,presolving_aggressive,heuristics_aggressive,emphasis_optimality,emphasis_hardlp,heuristics_fast,emphasis_easycip,heuristics_off
misc07,emphasis_hardlp,separating_off,presolving_fast,emphasis_feasibility,emphasis_easycip,separating_fast,heuristics_fast,heuristics_aggressive,default,presolving_aggressive,heuristics_off,presolving_off,separating_aggressive,emphasis_optimality
mkc,separating_fast,separating_off,emphasis_feasibility,presolving_fast,presolving_off,presolving_aggressive,heuristics_aggressive,default,separating_aggressive,heuristics_fast,emphasis_hardlp,emphasis_easycip,emphasis_optimality,heuristics_off
flugpl,presolving_aggressive,emphasis_easycip,default,separating_off,separating_aggressive,heuristics_fast,emphasis_hardlp,separating_fast,presolving_fast,presolving_off,emphasis_feasibility,heuristics_off,heuristics_aggressive,emphasis_optimality
usAbbrv-8-25_70,emphasis_feasibility,default,presolving_aggressive,presolving_fast,separating_off,separating_aggressive,heuristics_aggressive,separating_fast,presolving_off,emphasis_optimality,emphasis_easycip,emphasis_hardlp,heuristics_fast,heuristics_off
neos-738098,emphasis_feasibility,separating_off,presolving_fast,separating_fast,default,heuristics_aggressive,presolving_aggressive,presolving_off,separating_aggressive,emphasis_hardlp,emphasis_easycip,heuristics_fast,emphasis_optimality,heuristics_off
mod011,presolving_fast,default,presolving_aggressive,separating_fast,presolving_off,heuristics_aggressive,separating_off,separating_aggressive,emphasis_feasibility,heuristics_fast,emphasis_hardlp,emphasis_optimality,emphasis_easycip,heuristics_off
m100n500k4r1,separating_off,emphasis_hardlp,separating_fast,presolving_aggressive,default,presolving_fast,presolving_off,emphasis_easycip,heuristics_fast,emphasis_feasibility,separating_aggressive,heuristics_aggressive,heuristics_off,emphasis_optimality
neos-503737,default,separating_fast,separating_aggressive,presolving_aggressive,emphasis_feasibility,heuristics_aggressive,emphasis_hardlp,presolving_fast,presolving_off,heuristics_fast,separating_off,emphasis_easycip,heuristics_off,emphasis_optimality
neos-1173026,emphasis_hardlp,separating_off,presolving_off,separating_fast,emphasis_feasibility,default,separating_aggressive,presolving_aggressive,emphasis_easycip,presolving_fast,heuristics_off,heuristics_fast,heuristics_aggressive,emphasis_optimality
bnatt350,separating_off,emphasis_hardlp,presolving_off,separating_fast,presolving_fast,emphasis_feasibility,emphasis_easycip,default,presolving_aggressive,heuristics_aggressive,separating_aggressive,heuristics_fast,emphasis_optimality,heuristics_off
co-100,separating_fast,separating_off,presolving_fast,heuristics_aggressive,emphasis_hardlp,default,emphasis_feasibility,emphasis_easycip,presolving_off,heuristics_fast,presolving_aggressive,separating_aggressive,heuristics_off,emphasis_optimality
n3div36,heuristics_aggressive,presolving_fast,emphasis_feasibility,separating_off,presolving_off,emphasis_easycip,default,separating_fast,heuristics_fast,separating_aggressive,presolving_aggressive,emphasis_hardlp,emphasis_optimality,heuristics_off
tw-myciel4,presolving_fast,presolving_aggressive,default,separating_fast,emphasis_hardlp,separating_aggressive,heuristics_aggressive,emphasis_feasibility,heuristics_fast,separating_off,emphasis_easycip,heuristics_off,presolving_off,emphasis_optimality
fast0507,separating_fast,default,separating_off,presolving_aggressive,presolving_off,presolving_fast,emphasis_feasibility,heuristics_aggressive,separating_aggressive,heuristics_fast,emphasis_optimality,emphasis_easycip,emphasis_hardlp,heuristics_off
neos-582605,presolving_fast,separating_aggressive,presolving_aggressive,separating_fast,default,heuristics_aggressive,heuristics_fast,separating_off,emphasis_feasibility,presolving_off,emphasis_optimality,emphasis_hardlp,emphasis_easycip,heuristics_off
ran14x18_1,separating_aggressive,presolving_fast,presolving_aggressive,default,heuristics_fast,heuristics_aggressive,presolving_off,emphasis_optimality,separating_fast,emphasis_easycip,heuristics_off,emphasis_hardlp,emphasis_feasibility,separating_off
rococoC11-011100,heuristics_aggressive,default,emphasis_feasibility,separating_fast,presolving_aggressive,separating_off,presolving_fast,separating_aggressive,heuristics_fast,emphasis_easycip,emphasis_hardlp,presolving_off,emphasis_optimality,heuristics_off
lseu,emphasis_hardlp,presolving_aggressive,default,separating_off,heuristics_fast,separating_fast,presolving_fast,emphasis_easycip,presolving_off,emphasis_optimality,separating_aggressive,heuristics_off,heuristics_aggressive,emphasis_feasibility
reblock420,emphasis_hardlp,presolving_fast,separating_off,presolving_off,emphasis_feasibility,default,separating_fast,emphasis_easycip,heuristics_fast,heuristics_aggressive,separating_aggressive,emphasis_optimality,heuristics_off,presolving_aggressive
neos-785899,presolving_off,emphasis_hardlp,presolving_fast,separating_fast,separating_off,emphasis_easycip,default,heuristics_fast,emphasis_feasibility,presolving_aggressive,heuristics_aggressive,separating_aggressive,heuristics_off,emphasis_optimality
iis-pima-cov,separating_off,heuristics_fast,presolving_off,emphasis_easycip,separating_fast,presolving_fast,default,presolving_aggressive,heuristics_aggressive,separating_aggressive,emphasis_hardlp,emphasis_feasibility,emphasis_optimality,heuristics_off
neos-830439,separating_fast,presolving_fast,default,presolving_aggressive,separating_aggressive,emphasis_feasibility,heuristics_aggressive,separating_off,presolving_off,heuristics_fast,emphasis_optimality,emphasis_hardlp,emphasis_easycip,heuristics_off
queens-30,presolving_off,presolving_fast,separating_fast,default,presolving_aggressive,emphasis_easycip,emphasis_hardlp,separating_off,heuristics_aggressive,emphasis_feasibility,separating_aggressive,heuristics_fast,emphasis_optimality,heuristics_off
neos-1445532,presolving_fast,separating_fast,default,separating_off,emphasis_feasibility,heuristics_aggressive,separating_aggressive,presolving_off,heuristics_fast,presolving_aggressive,emphasis_optimality,emphasis_hardlp,emphasis_easycip,heuristics_off
nb10tb,separating_off,presolving_fast,separating_fast,emphasis_feasibility,default,emphasis_hardlp,presolving_off,heuristics_aggressive,emphasis_easycip,presolving_aggressive,emphasis_optimality,separating_aggressive,heuristics_fast,heuristics_off
neos-1429461,separating_off,presolving_fast,separating_fast,presolving_aggressive,default,separating_aggressive,presolving_off,emphasis_optimality,heuristics_fast,emphasis_feasibility,heuristics_aggressive,emphasis_hardlp,emphasis_easycip,heuristics_off
gt2,separating_fast,presolving_fast,emphasis_hardlp,separating_off,emphasis_easycip,default,heuristics_off,heuristics_fast,presolving_aggressive,presolving_off,separating_aggressive,heuristics_aggressive,emphasis_feasibility,emphasis_optimality
neos-555927,presolving_aggressive,heuristics_aggressive,emphasis_feasibility,default,presolving_fast,separating_fast,presolving_off,heuristics_fast,separating_off,separating_aggressive,emphasis_hardlp,emphasis_easycip,heuristics_off,emphasis_optimality
neos-595904,separating_fast,emphasis_feasibility,presolving_fast,default,separating_off,heuristics_aggressive,presolving_off,presolving_aggressive,separating_aggressive,emphasis_optimality,heuristics_fast,emphasis_hardlp,emphasis_easycip,heuristics_off
timtab1,separating_fast,separating_aggressive,presolving_fast,emphasis_easycip,presolving_aggressive,heuristics_fast,default,heuristics_aggressive,emphasis_feasibility,separating_off,presolving_off,heuristics_off,emphasis_hardlp,emphasis_optimality
neos-1439395,separating_off,separating_fast,presolving_fast,presolving_aggressive,default,separating_aggressive,emphasis_feasibility,heuristics_fast,emphasis_hardlp,emphasis_easycip,heuristics_off,heuristics_aggressive,emphasis_optimality,presolving_off
rd-rplusc-21,separating_off,separating_fast,emphasis_hardlp,presolving_off,presolving_aggressive,default,presolving_fast,emphasis_feasibility,emphasis_easycip,separating_aggressive,heuristics_aggressive,emphasis_optimality,heuristics_fast,heuristics_off
neos-1445738,separating_off,separating_fast,presolving_fast,emphasis_feasibility,heuristics_aggressive,default,heuristics_fast,separating_aggressive,emphasis_optimality,presolving_off,presolving_aggressive,emphasis_hardlp,emphasis_easycip,heuristics_off
neos-501474,heuristics_fast,presolving_fast,presolving_aggressive,default,separating_fast,separating_aggressive,presolving_off,separating_off,emphasis_hardlp,heuristics_off,emphasis_easycip,heuristics_aggressive,emphasis_optimality,emphasis_feasibility
fiball,default,separating_off,presolving_aggressive,heuristics_aggressive,separating_fast,presolving_fast,emphasis_feasibility,separating_aggressive,emphasis_hardlp,emphasis_optimality,emphasis_easycip,presolving_off,heuristics_fast,heuristics_off
map20,separating_fast,presolving_aggressive,default,separating_off,emphasis_easycip,heuristics_fast,emphasis_feasibility,heuristics_aggressive,presolving_fast,separating_aggressive,emphasis_hardlp,emphasis_optimality,presolving_off,heuristics_off
neos-1603512,emphasis_hardlp,emphasis_easycip,separating_fast,presolving_aggressive,default,presolving_fast,heuristics_fast,separating_aggressive,heuristics_off,separating_off,emphasis_feasibility,heuristics_aggressive,presolving_off,emphasis_optimality
