neos-953928,presolving_fast,separating_off,presolving_off,separating_fast,heuristics_aggressive,presolving_aggressive,default,separating_aggressive,emphasis_hardlp,emphasis_feasibility,emphasis_easycip,heuristics_fast,emphasis_optimality,heuristics_off
aflow40b,presolving_fast,default,heuristics_aggressive,separating_fast,presolving_aggressive,emphasis_hardlp,separating_aggressive,separating_off,presolving_off,heuristics_fast,emphasis_feasibility,emphasis_easycip,emphasis_optimality,heuristics_off
neos-933562,separating_aggressive,separating_fast,presolving_aggressive,separating_off,default,presolving_fast,emphasis_feasibility,heuristics_aggressive,presolving_off,heuristics_fast,emphasis_hardlp,emphasis_easycip,heuristics_off,emphasis_optimality
dfn-gwin-UUM,presolving_off,presolving_aggressive,separating_fast,separating_aggressive,separating_off,presolving_fast,default,heuristics_fast,emphasis_optimality,heuristics_aggressive,heuristics_off,emphasis_hardlp,emphasis_feasibility,emphasis_easycip
dano3_4,separating_fast,presolving_off,presolving_aggressive,separating_off,presolving_fast,heuristics_aggressive,default,separating_aggressive,heuristics_fast,emphasis_hardlp,emphasis_feasibility,emphasis_optimality,emphasis_easycip,heuristics_off
neos-1599274,presolving_fast,presolving_off,heuristics_aggressive,emphasis_feasibility,default,separating_fast,presolving_aggressive,emphasis_hardlp,emphasis_easycip,separating_aggressive,heuristics_fast,separating_off,emphasis_optimality,heuristics_off
unitcal_7,separating_off,separating_fast,presolving_fast,separating_aggressive,presolving_off,presolving_aggressive,heuristics_aggressive,emphasis_feasibility,default,emphasis_hardlp,heuristics_fast,emphasis_optimality,heuristics_off,emphasis_easycip
vpphard,separating_off,presolving_fast,separating_fast,presolving_aggressive,emphasis_feasibility,separating_aggressive,presolving_off,heuristics_aggressive,emphasis_easycip,default,heuristics_fast,emphasis_hardlp,heuristics_off,emphasis_optimality
dg012142,default,heuristics_aggressive,emphasis_hardlp,separating_fast,heuristics_fast,emphasis_feasibility,presolving_aggressive,separating_aggressive,emphasis_easycip,presolving_fast,separating_off,presolving_off,emphasis_optimality,heuristics_off
rvb-sub,separating_off,separating_fast,presolving_fast,heuristics_fast,emphasis_hardlp,emphasis_feasibility,default,emphasis_easycip,presolving_off,presolving_aggressive,heuristics_aggressive,separating_aggressive,heuristics_off,emphasis_optimality
nag,separating_off,separating_fast,emphasis_feasibility,presolving_aggressive,separating_aggressive,presolving_fast,heuristics_aggressive,default,emphasis_easycip,heuristics_fast,emphasis_hardlp,presolving_off,heuristics_off,emphasis_optimality
liu,separating_off,separating_fast,presolving_fast,separating_aggressive,presolving_aggressive,emphasis_feasibility,presolving_off,heuristics_aggressive,default,heuristics_fast,emphasis_optimality,emphasis_easycip,heuristics_off,emphasis_hardlp
neos-619167,separating_off,separating_fast,presolving_fast,heuristics_fast,emphasis_hardlp,separating_aggressive,default,presolving_off,presolving_aggressive,heuristics_off,heuristics_aggressive,emphasis_optimality,emphasis_feasibility,emphasis_easycip
lectsched-4-obj,separating_off,presolving_aggressive,heuristics_aggressive,default,emphasis_feasibility,separating_fast,separating_aggressive,presolving_fast,heuristics_off,heuristics_fast,emphasis_optimality,emphasis_easycip,presolving_off,emphasis_hardlp
neos-555298,separating_off,separating_fast,presolving_off,emphasis_feasibility,presolving_fast,heuristics_aggressive,separating_aggressive,presolving_aggressive,heuristics_off,emphasis_hardlp,emphasis_easycip,default,heuristics_fast,emphasis_optimality
gmut-75-50,separating_off,separating_fast,presolving_off,emphasis_feasibility,presolving_fast,presolving_aggressive,heuristics_aggressive,separating_aggressive,emphasis_easycip,default,heuristics_fast,emphasis_optimality,emphasis_hardlp,heuristics_off
d10200,separating_off,separating_fast,separating_aggressive,presolving_off,presolving_fast,heuristics_fast,heuristics_aggressive,presolving_aggressive,heuristics_off,emphasis_optimality,emphasis_feasibility,emphasis_hardlp,emphasis_easycip,default
neos-1423785,separating_fast,separating_off,presolving_fast,heuristics_aggressive,presolving_aggressive,default,separating_aggressive,presolving_off,heuristics_fast,emphasis_feasibility,emphasis_hardlp,emphasis_easycip,emphasis_optimality,heuristics_off
ns1856153,presolving_fast,separating_off,emphasis_feasibility,separating_fast,presolving_off,separating_aggressive,heuristics_aggressive,presolving_aggressive,emphasis_hardlp,heuristics_off,heuristics_fast,emphasis_optimality,default,emphasis_easycip
ns1688347,separating_off,separating_fast,presolving_fast,presolving_off,emphasis_hardlp,separating_aggressive,presolving_aggressive,emphasis_feasibility,heuristics_aggressive,heuristics_off,heuristics_fast,default,emphasis_easycip,emphasis_optimality
neos-1430701,separating_off,separating_fast,presolving_fast,emphasis_feasibility,default,presolving_aggressive,separating_aggressive,heuristics_aggressive,presolving_off,emphasis_hardlp,heuristics_fast,emphasis_optimality,emphasis_easycip,heuristics_off
neos-691073,separating_fast,presolving_fast,presolving_aggressive,emphasis_feasibility,separating_aggressive,heuristics_aggressive,emphasis_hardlp,default,separating_off,presolving_off,heuristics_off,heuristics_fast,emphasis_easycip,emphasis_optimality
neos-1337307,separating_fast,presolving_fast,default,separating_off,separating_aggressive,heuristics_aggressive,emphasis_hardlp,presolving_off,presolving_aggressive,emphasis_feasibility,heuristics_fast,emphasis_easycip,heuristics_off,emphasis_optimality
neos-555001,separating_off,separating_fast,separating_aggressive,presolving_fast,emphasis_hardlp,presolving_aggressive,heuristics_fast,emphasis_feasibility,default,heuristics_aggressive,emphasis_easycip,presolving_off,heuristics_off,emphasis_optimality
rd-rplusc-21,separating_off,separating_fast,presolving_fast,presolving_aggressive,emphasis_feasibility,separating_aggressive,heuristics_aggressive,emphasis_optimality,default,heuristics_fast,emphasis_hardlp,presolving_off,emphasis_easycip,heuristics_off
neos-631709,separating_off,separating_fast,presolving_fast,separating_aggressive,heuristics_aggressive,emphasis_feasibility,presolving_aggressive,default,presolving_off,heuristics_off,heuristics_fast,emphasis_hardlp,emphasis_optimality,emphasis_easycip
neos-936660,presolving_fast,separating_fast,default,separating_off,presolving_off,presolving_aggressive,heuristics_aggressive,separating_aggressive,emphasis_feasibility,emphasis_hardlp,emphasis_easycip,heuristics_fast,emphasis_optimality,heuristics_off
bley_xl1,separating_off,separating_fast,separating_aggressive,emphasis_feasibility,heuristics_off,heuristics_fast,emphasis_optimality,heuristics_aggressive,presolving_aggressive,default,presolving_fast,emphasis_hardlp,presolving_off,emphasis_easycip
neos-931517,presolving_fast,default,separating_fast,presolving_aggressive,separating_aggressive,heuristics_aggressive,separating_off,emphasis_feasibility,presolving_off,emphasis_hardlp,heuristics_fast,emphasis_easycip,emphasis_optimality,heuristics_off
neos-935627,presolving_fast,separating_fast,default,separating_off,presolving_off,presolving_aggressive,separating_aggressive,heuristics_aggressive,emphasis_feasibility,emphasis_hardlp,emphasis_easycip,heuristics_fast,emphasis_optimality,heuristics_off
uc-case11,separating_fast,separating_off,separating_aggressive,heuristics_aggressive,presolving_aggressive,emphasis_feasibility,presolving_fast,emphasis_optimality,default,presolving_off,heuristics_fast,heuristics_off,emphasis_easycip,emphasis_hardlp
neos-1445738,presolving_fast,presolving_aggressive,separating_fast,default,separating_aggressive,presolving_off,separating_off,heuristics_fast,heuristics_aggressive,emphasis_hardlp,emphasis_easycip,heuristics_off,emphasis_optimality,emphasis_feasibility
eilB101,default,separating_off,separating_fast,emphasis_easycip,emphasis_hardlp,heuristics_fast,emphasis_feasibility,presolving_aggressive,heuristics_off,heuristics_aggressive,presolving_fast,presolving_off,separating_aggressive,emphasis_optimality
neos-957323,presolving_fast,separating_off,presolving_off,separating_fast,emphasis_feasibility,heuristics_aggressive,default,presolving_aggressive,separating_aggressive,emphasis_hardlp,emphasis_easycip,emphasis_optimality,heuristics_fast,heuristics_off
rococoC12-111000,emphasis_feasibility,separating_off,separating_fast,separating_aggressive,presolving_fast,default,presolving_aggressive,heuristics_aggressive,presolving_off,emphasis_optimality,heuristics_fast,emphasis_hardlp,heuristics_off,emphasis_easycip
neos-1224597,emphasis_feasibility,presolving_fast,separating_off,emphasis_hardlp,default,separating_fast,presolving_off,heuristics_aggressive,presolving_aggressive,separating_aggressive,emphasis_easycip,heuristics_fast,heuristics_off,emphasis_optimality
t1717,emphasis_feasibility,separating_fast,heuristics_aggressive,separating_off,default,presolving_fast,separating_aggressive,presolving_aggressive,presolving_off,heuristics_fast,emphasis_optimality,heuristics_off,emphasis_hardlp,emphasis_easycip
neos-785899,presolving_fast,default,emphasis_hardlp,heuristics_aggressive,emphasis_easycip,presolving_aggressive,heuristics_fast,presolving_off,separating_fast,separating_aggressive,separating_off,emphasis_feasibility,emphasis_optimality,heuristics_off
satellites3-40-fs,separating_off,separating_fast,presolving_off,emphasis_feasibility,separating_aggressive,presolving_fast,presolving_aggressive,heuristics_aggressive,heuristics_off,heuristics_fast,emphasis_hardlp,emphasis_optimality,emphasis_easycip,default
in,separating_off,separating_fast,presolving_fast,presolving_off,separating_aggressive,presolving_aggressive,heuristics_aggressive,emphasis_feasibility,emphasis_optimality,emphasis_hardlp,heuristics_fast,default,heuristics_off,emphasis_easycip
prod1,separating_fast,presolving_off,separating_off,presolving_aggressive,heuristics_fast,presolving_fast,emphasis_easycip,default,separating_aggressive,heuristics_off,emphasis_hardlp,emphasis_optimality,heuristics_aggressive,emphasis_feasibility
rocII-9-11,separating_off,separating_fast,emphasis_feasibility,separating_aggressive,presolving_fast,presolving_off,presolving_aggressive,heuristics_aggressive,heuristics_off,heuristics_fast,default,emphasis_optimality,emphasis_hardlp,emphasis_easycip
neos-1436713,separating_off,separating_fast,presolving_fast,emphasis_feasibility,default,separating_aggressive,presolving_aggressive,presolving_off,heuristics_aggressive,emphasis_optimality,emphasis_hardlp,heuristics_fast,emphasis_easycip,heuristics_off
neos-932721,presolving_aggressive,presolving_fast,default,separating_fast,separating_aggressive,heuristics_aggressive,emphasis_feasibility,emphasis_optimality,separating_off,presolving_off,heuristics_fast,emphasis_hardlp,heuristics_off,emphasis_easycip
splan1,separating_off,separating_fast,presolving_off,presolving_fast,presolving_aggressive,heuristics_aggressive,emphasis_feasibility,separating_aggressive,default,emphasis_hardlp,heuristics_fast,emphasis_optimality,heuristics_off,emphasis_easycip
shipsched,separating_off,separating_fast,presolving_fast,default,separating_aggressive,presolving_aggressive,presolving_off,heuristics_fast,heuristics_aggressive,emphasis_optimality,emphasis_easycip,emphasis_hardlp,emphasis_feasibility,heuristics_off
rmatr200-p10,presolving_off,presolving_fast,separating_fast,emphasis_feasibility,default,separating_off,presolving_aggressive,heuristics_aggressive,emphasis_hardlp,separating_aggressive,heuristics_fast,emphasis_easycip,heuristics_off,emphasis_optimality
sct5,separating_off,separating_fast,separating_aggressive,presolving_off,presolving_fast,heuristics_aggressive,presolving_aggressive,heuristics_off,heuristics_fast,emphasis_optimality,emphasis_hardlp,emphasis_feasibility,default,emphasis_easycip
swath,presolving_aggressive,separating_fast,emphasis_feasibility,default,heuristics_aggressive,separating_off,presolving_fast,separating_aggressive,emphasis_optimality,presolving_off,heuristics_fast,emphasis_easycip,emphasis_hardlp,heuristics_off
protfold,separating_off,separating_fast,emphasis_hardlp,emphasis_feasibility,presolving_aggressive,presolving_fast,default,heuristics_aggressive,separating_aggressive,heuristics_fast,emphasis_easycip,presolving_off,heuristics_off,emphasis_optimality
newdano,presolving_fast,separating_fast,presolving_aggressive,default,separating_aggressive,heuristics_fast,emphasis_hardlp,separating_off,heuristics_aggressive,emphasis_easycip,emphasis_feasibility,presolving_off,heuristics_off,emphasis_optimality
neos-1430811,separating_off,presolving_fast,presolving_off,presolving_aggressive,heuristics_aggressive,separating_fast,heuristics_fast,emphasis_hardlp,separating_aggressive,emphasis_optimality,emphasis_easycip,default,emphasis_feasibility,heuristics_off
sp97ar,presolving_off,separating_fast,presolving_fast,heuristics_aggressive,emphasis_feasibility,presolving_aggressive,default,separating_off,separating_aggressive,emphasis_hardlp,emphasis_easycip,heuristics_fast,emphasis_optimality,heuristics_off
neos-799838,separating_off,separating_fast,presolving_fast,separating_aggressive,presolving_off,heuristics_fast,default,presolving_aggressive,heuristics_aggressive,emphasis_hardlp,emphasis_optimality,emphasis_easycip,emphasis_feasibility,heuristics_off
prod2,separating_fast,presolving_off,separating_off,presolving_aggressive,presolving_fast,heuristics_fast,emphasis_hardlp,separating_aggressive,default,emphasis_optimality,emphasis_easycip,heuristics_off,heuristics_aggressive,emphasis_feasibility
methanosarcina,presolving_fast,separating_off,separating_fast,presolving_aggressive,default,presolving_off,heuristics_aggressive,emphasis_feasibility,separating_aggressive,heuristics_fast,emphasis_hardlp,emphasis_easycip,heuristics_off,emphasis_optimality
janos-us-DDM,separating_aggressive,presolving_off,separating_fast,presolving_aggressive,presolving_fast,default,separating_off,heuristics_fast,heuristics_aggressive,heuristics_off,emphasis_optimality,emphasis_hardlp,emphasis_feasibility,emphasis_easycip
a1c1s1,presolving_fast,presolving_aggressive,emphasis_hardlp,separating_fast,separating_aggressive,default,presolving_off,heuristics_fast,separating_off,heuristics_aggressive,emphasis_easycip,emphasis_optimality,emphasis_feasibility,heuristics_off
roy,separating_fast,default,presolving_fast,presolving_aggressive,emphasis_hardlp,heuristics_aggressive,presolving_off,separating_off,separating_aggressive,emphasis_feasibility,heuristics_fast,emphasis_easycip,emphasis_optimality,heuristics_off
tw-myciel4,separating_off,separating_fast,presolving_aggressive,separating_aggressive,heuristics_off,emphasis_hardlp,presolving_fast,emphasis_easycip,heuristics_fast,heuristics_aggressive,emphasis_feasibility,default,presolving_off,emphasis_optimality
reblock67,presolving_fast,emphasis_hardlp,presolving_off,separating_fast,separating_off,default,emphasis_easycip,heuristics_fast,heuristics_aggressive,separating_aggressive,presolving_aggressive,emphasis_feasibility,emphasis_optimality,heuristics_off
