neos-595925,separating_fast,emphasis_feasibility,separating_off,presolving_fast,default,presolving_aggressive,heuristics_aggressive,heuristics_fast,separating_aggressive,emphasis_optimality,presolving_off,heuristics_off,emphasis_hardlp,emphasis_easycip
ger50_17_trans,presolving_aggressive,default,presolving_off,presolving_fast,heuristics_aggressive,separating_fast,heuristics_fast,emphasis_hardlp,separating_aggressive,emphasis_easycip,separating_off,emphasis_feasibility,emphasis_optimality,heuristics_off
mine-90-10,emphasis_hardlp,separating_off,presolving_off,presolving_fast,separating_fast,default,heuristics_fast,emphasis_easycip,heuristics_aggressive,emphasis_feasibility,separating_aggressive,presolving_aggressive,heuristics_off,emphasis_optimality
neos-1437164,heuristics_aggressive,separating_fast,emphasis_hardlp,separating_off,emphasis_feasibility,default,presolving_aggressive,separating_aggressive,heuristics_fast,presolving_fast,emphasis_optimality,emphasis_easycip,presolving_off,heuristics_off
gesa2-o,separating_off,separating_fast,presolving_off,default,presolving_aggressive,presolving_fast,separating_aggressive,emphasis_hardlp,emphasis_optimality,heuristics_off,heuristics_fast,heuristics_aggressive,emphasis_feasibility,emphasis_easycip
misc07,separating_fast,emphasis_easycip,presolving_fast,heuristics_fast,separating_off,emphasis_hardlp,default,presolving_aggressive,emphasis_feasibility,presolving_off,heuristics_off,heuristics_aggressive,separating_aggressive,emphasis_optimality
neos-1467067,presolving_fast,separating_off,separating_fast,presolving_aggressive,default,emphasis_feasibility,separating_aggressive,heuristics_aggressive,presolving_off,emphasis_hardlp,emphasis_easycip,heuristics_fast,emphasis_optimality,heuristics_off
sing359,presolving_fast,emphasis_hardlp,emphasis_easycip,separating_off,presolving_off,separating_fast,default,heuristics_aggressive,emphasis_optimality,heuristics_fast,emphasis_feasibility,presolving_aggressive,separating_aggressive,heuristics_off
neos-1067731,separating_fast,presolving_aggressive,default,separating_off,presolving_fast,heuristics_aggressive,emphasis_feasibility,presolving_off,separating_aggressive,emphasis_hardlp,emphasis_easycip,heuristics_fast,emphasis_optimality,heuristics_off
neos-1171737,emphasis_feasibility,separating_off,separating_fast,presolving_fast,heuristics_aggressive,presolving_off,default,presolving_aggressive,separating_aggressive,emphasis_hardlp,emphasis_optimality,emphasis_easycip,heuristics_fast,heuristics_off
neos-555771,separating_fast,presolving_aggressive,default,heuristics_aggressive,presolving_fast,emphasis_feasibility,separating_off,presolving_off,separating_aggressive,emphasis_hardlp,heuristics_fast,emphasis_easycip,heuristics_off,emphasis_optimality
neos-826841,emphasis_feasibility,heuristics_aggressive,separating_off,presolving_fast,separating_fast,presolving_aggressive,default,presolving_off,separating_aggressive,emphasis_hardlp,emphasis_optimality,emphasis_easycip,heuristics_fast,heuristics_off
neos-799838,separating_off,presolving_fast,separating_fast,emphasis_feasibility,heuristics_aggressive,default,presolving_off,presolving_aggressive,separating_aggressive,emphasis_hardlp,emphasis_easycip,heuristics_fast,emphasis_optimality,heuristics_off
bienst2,separating_off,emphasis_hardlp,heuristics_fast,presolving_fast,default,heuristics_off,presolving_aggressive,separating_aggressive,separating_fast,emphasis_feasibility,heuristics_aggressive,emphasis_optimality,emphasis_easycip,presolving_off
mod011,presolving_fast,separating_fast,default,presolving_aggressive,separating_off,heuristics_aggressive,separating_aggressive,presolving_off,emphasis_feasibility,heuristics_fast,emphasis_easycip,emphasis_hardlp,emphasis_optimality,heuristics_off
rail507,emphasis_feasibility,heuristics_aggressive,separating_fast,presolving_aggressive,default,separating_off,separating_aggressive,heuristics_fast,presolving_fast,presolving_off,emphasis_optimality,heuristics_off,emphasis_easycip,emphasis_hardlp
rmatr200-p20,presolving_off,heuristics_aggressive,emphasis_feasibility,emphasis_hardlp,emphasis_easycip,heuristics_fast,presolving_fast,separating_off,default,separating_fast,presolving_aggressive,emphasis_optimality,separating_aggressive,heuristics_off
neos-827175,heuristics_aggressive,emphasis_feasibility,separating_off,presolving_fast,separating_fast,default,presolving_aggressive,separating_aggressive,presolving_off,emphasis_optimality,emphasis_hardlp,emphasis_easycip,heuristics_fast,heuristics_off
neos-892255,presolving_fast,default,separating_off,separating_fast,heuristics_aggressive,emphasis_hardlp,emphasis_feasibility,separating_aggressive,presolving_aggressive,presolving_off,heuristics_fast,emphasis_easycip,emphasis_optimality,heuristics_off
lseu,separating_fast,emphasis_easycip,heuristics_fast,emphasis_hardlp,presolving_off,presolving_fast,default,presolving_aggressive,separating_off,heuristics_off,emphasis_feasibility,separating_aggressive,heuristics_aggressive,emphasis_optimality
momentum2,presolving_fast,separating_fast,emphasis_hardlp,presolving_off,presolving_aggressive,emphasis_feasibility,default,heuristics_aggressive,separating_off,emphasis_easycip,separating_aggressive,heuristics_fast,emphasis_optimality,heuristics_off
neos-1112787,separating_fast,presolving_fast,heuristics_fast,separating_off,default,presolving_aggressive,emphasis_optimality,separating_aggressive,emphasis_easycip,emphasis_feasibility,heuristics_aggressive,heuristics_off,emphasis_hardlp,presolving_off
neos-941698,emphasis_hardlp,emphasis_feasibility,separating_fast,default,heuristics_aggressive,presolving_aggressive,presolving_fast,separating_aggressive,heuristics_fast,emphasis_easycip,presolving_off,separating_off,heuristics_off,emphasis_optimality
lrn,separating_fast,separating_off,emphasis_feasibility,presolving_off,presolving_fast,presolving_aggressive,default,emphasis_hardlp,separating_aggressive,emphasis_optimality,heuristics_aggressive,emphasis_easycip,heuristics_off,heuristics_fast
neos-1200887,separating_off,separating_fast,emphasis_feasibility,heuristics_fast,presolving_fast,presolving_aggressive,default,separating_aggressive,emphasis_hardlp,emphasis_easycip,heuristics_off,heuristics_aggressive,emphasis_optimality,presolving_off
triptim2,presolving_aggressive,presolving_fast,separating_fast,default,heuristics_aggressive,emphasis_optimality,emphasis_feasibility,separating_off,separating_aggressive,emphasis_hardlp,heuristics_fast,emphasis_easycip,presolving_off,heuristics_off
iis-pima-cov,separating_off,heuristics_fast,presolving_off,default,presolving_fast,separating_fast,emphasis_easycip,presolving_aggressive,heuristics_aggressive,separating_aggressive,emphasis_hardlp,emphasis_feasibility,heuristics_off,emphasis_optimality
neos-631784,heuristics_aggressive,emphasis_feasibility,separating_off,presolving_fast,default,separating_fast,presolving_aggressive,separating_aggressive,presolving_off,emphasis_hardlp,heuristics_fast,emphasis_easycip,emphasis_optimality,heuristics_off
toll-like,presolving_aggressive,default,heuristics_fast,separating_fast,presolving_fast,heuristics_aggressive,presolving_off,emphasis_easycip,separating_aggressive,separating_off,emphasis_feasibility,emphasis_hardlp,emphasis_optimality,heuristics_off
nsa,emphasis_easycip,emphasis_hardlp,presolving_fast,heuristics_fast,separating_off,default,separating_fast,presolving_off,presolving_aggressive,separating_aggressive,heuristics_off,heuristics_aggressive,emphasis_optimality,emphasis_feasibility
neos-1489999,presolving_fast,separating_fast,presolving_aggressive,emphasis_easycip,default,heuristics_fast,separating_aggressive,heuristics_aggressive,emphasis_hardlp,heuristics_off,emphasis_feasibility,separating_off,presolving_off,emphasis_optimality
rocII-9-11,separating_off,emphasis_feasibility,presolving_off,separating_fast,heuristics_aggressive,default,presolving_aggressive,presolving_fast,separating_aggressive,emphasis_hardlp,heuristics_fast,emphasis_optimality,emphasis_easycip,heuristics_off
neos-860244,presolving_fast,separating_off,separating_fast,emphasis_feasibility,default,heuristics_aggressive,emphasis_easycip,heuristics_off,presolving_aggressive,emphasis_hardlp,heuristics_fast,presolving_off,separating_aggressive,emphasis_optimality
sct5,separating_off,presolving_fast,emphasis_feasibility,separating_fast,default,presolving_aggressive,presolving_off,heuristics_aggressive,emphasis_easycip,separating_aggressive,emphasis_hardlp,heuristics_fast,emphasis_optimality,heuristics_off
neos-1436709,separating_off,separating_fast,presolving_fast,default,presolving_aggressive,separating_aggressive,presolving_off,emphasis_optimality,heuristics_aggressive,emphasis_feasibility,emphasis_hardlp,heuristics_fast,emphasis_easycip,heuristics_off
ran16x16,presolving_fast,separating_aggressive,default,presolving_aggressive,heuristics_aggressive,heuristics_fast,presolving_off,emphasis_optimality,emphasis_hardlp,heuristics_off,separating_fast,emphasis_easycip,emphasis_feasibility,separating_off
go19,heuristics_fast,separating_off,presolving_off,presolving_fast,separating_fast,emphasis_easycip,presolving_aggressive,default,separating_aggressive,heuristics_aggressive,heuristics_off,emphasis_hardlp,emphasis_feasibility,emphasis_optimality
modglob,presolving_aggressive,separating_fast,presolving_fast,emphasis_hardlp,default,separating_aggressive,presolving_off,heuristics_fast,heuristics_aggressive,emphasis_easycip,emphasis_optimality,separating_off,emphasis_feasibility,heuristics_off
momentum1,separating_fast,separating_off,presolving_fast,default,presolving_aggressive,emphasis_feasibility,heuristics_aggressive,separating_aggressive,presolving_off,emphasis_hardlp,heuristics_fast,emphasis_optimality,emphasis_easycip,heuristics_off
neos-953928,separating_off,presolving_fast,separating_fast,emphasis_feasibility,default,presolving_off,heuristics_aggressive,presolving_aggressive,separating_aggressive,emphasis_hardlp,emphasis_easycip,heuristics_fast,emphasis_optimality,heuristics_off
dolom1,presolving_fast,separating_fast,presolving_aggressive,default,presolving_off,separating_off,separating_aggressive,emphasis_feasibility,heuristics_aggressive,emphasis_easycip,heuristics_fast,emphasis_optimality,emphasis_hardlp,heuristics_off
n15-3,presolving_fast,emphasis_hardlp,default,emphasis_easycip,separating_off,separating_fast,heuristics_fast,presolving_aggressive,heuristics_aggressive,presolving_off,emphasis_optimality,emphasis_feasibility,separating_aggressive,heuristics_off
queens-30,presolving_fast,presolving_off,separating_fast,emphasis_hardlp,separating_off,default,presolving_aggressive,heuristics_aggressive,emphasis_easycip,emphasis_feasibility,heuristics_fast,separating_aggressive,emphasis_optimality,heuristics_off
gen,separating_fast,presolving_fast,default,presolving_aggressive,separating_off,emphasis_hardlp,presolving_off,heuristics_fast,emphasis_easycip,heuristics_aggressive,separating_aggressive,heuristics_off,emphasis_feasibility,emphasis_optimality
g200x740i,heuristics_aggressive,presolving_fast,default,presolving_aggressive,separating_aggressive,presolving_off,emphasis_optimality,heuristics_fast,separating_fast,emphasis_hardlp,emphasis_easycip,emphasis_feasibility,heuristics_off,separating_off
neos-555694,separating_fast,presolving_aggressive,default,heuristics_aggressive,presolving_fast,emphasis_feasibility,separating_off,presolving_off,separating_aggressive,emphasis_hardlp,heuristics_fast,emphasis_easycip,heuristics_off,emphasis_optimality
misc03,separating_fast,emphasis_hardlp,emphasis_easycip,separating_off,heuristics_fast,presolving_fast,presolving_aggressive,default,presolving_off,heuristics_off,heuristics_aggressive,emphasis_feasibility,separating_aggressive,emphasis_optimality
cov1075,separating_off,presolving_off,emphasis_easycip,heuristics_fast,separating_fast,presolving_fast,default,separating_aggressive,presolving_aggressive,emphasis_hardlp,heuristics_off,heuristics_aggressive,emphasis_feasibility,emphasis_optimality
opm2-z10-s2,presolving_fast,emphasis_hardlp,separating_off,presolving_off,emphasis_easycip,default,separating_fast,heuristics_aggressive,emphasis_feasibility,heuristics_fast,separating_aggressive,emphasis_optimality,heuristics_off,presolving_aggressive
fiber,presolving_fast,default,heuristics_aggressive,separating_fast,presolving_aggressive,emphasis_feasibility,separating_aggressive,presolving_off,heuristics_fast,emphasis_hardlp,emphasis_easycip,separating_off,emphasis_optimality,heuristics_off
neos-785899,presolving_off,emphasis_hardlp,presolving_fast,emphasis_easycip,separating_fast,separating_off,heuristics_fast,default,presolving_aggressive,emphasis_feasibility,heuristics_aggressive,separating_aggressive,heuristics_off,emphasis_optimality
p0033,separating_fast,emphasis_easycip,emphasis_hardlp,heuristics_fast,presolving_fast,presolving_aggressive,presolving_off,default,separating_off,heuristics_off,separating_aggressive,emphasis_optimality,emphasis_feasibility,heuristics_aggressive
tr12-30,presolving_fast,default,presolving_aggressive,heuristics_aggressive,separating_aggressive,separating_fast,presolving_off,emphasis_hardlp,heuristics_fast,emphasis_optimality,emphasis_easycip,emphasis_feasibility,separating_off,heuristics_off
neos-1429185,separating_off,separating_fast,presolving_fast,default,emphasis_feasibility,separating_aggressive,heuristics_aggressive,presolving_aggressive,emphasis_optimality,presolving_off,heuristics_fast,emphasis_hardlp,emphasis_easycip,heuristics_off
neos-611135,separating_fast,default,presolving_fast,emphasis_feasibility,presolving_off,presolving_aggressive,heuristics_aggressive,emphasis_hardlp,separating_off,heuristics_fast,emphasis_easycip,separating_aggressive,emphasis_optimality,heuristics_off
p0201,emphasis_hardlp,separating_off,separating_fast,emphasis_easycip,presolving_fast,heuristics_fast,default,presolving_off,presolving_aggressive,heuristics_aggressive,emphasis_feasibility,separating_aggressive,heuristics_off,emphasis_optimality
neos-525149,presolving_aggressive,default,separating_fast,presolving_fast,emphasis_feasibility,heuristics_aggressive,separating_off,emphasis_hardlp,separating_aggressive,presolving_off,emphasis_easycip,heuristics_fast,heuristics_off,emphasis_optimality
dcmulti,separating_fast,presolving_fast,default,presolving_aggressive,emphasis_hardlp,heuristics_fast,separating_off,separating_aggressive,emphasis_easycip,presolving_off,heuristics_aggressive,emphasis_optimality,heuristics_off,emphasis_feasibility
circ10-3,presolving_fast,emphasis_feasibility,default,heuristics_aggressive,separating_off,separating_fast,emphasis_hardlp,emphasis_easycip,presolving_aggressive,presolving_off,heuristics_fast,separating_aggressive,emphasis_optimality,heuristics_off
neos-775946,separating_fast,default,presolving_aggressive,heuristics_aggressive,emphasis_feasibility,emphasis_hardlp,emphasis_easycip,heuristics_fast,presolving_fast,presolving_off,separating_off,separating_aggressive,heuristics_off,emphasis_optimality
fixnet6,presolving_fast,separating_aggressive,default,presolving_aggressive,heuristics_aggressive,presolving_off,heuristics_fast,separating_fast,emphasis_optimality,emphasis_hardlp,emphasis_easycip,emphasis_feasibility,heuristics_off,separating_off
