neos-1436713,separating_off,separating_fast,emphasis_feasibility,presolving_fast,default,presolving_aggressive,separating_aggressive,heuristics_aggressive,presolving_off,emphasis_optimality,emphasis_hardlp,heuristics_fast,emphasis_easycip,heuristics_off
neos-1489999,separating_fast,presolving_fast,default,presolving_aggressive,heuristics_fast,separating_off,separating_aggressive,heuristics_aggressive,emphasis_hardlp,emphasis_easycip,presolving_off,emphasis_feasibility,heuristics_off,emphasis_optimality
neos-1281048,separating_fast,heuristics_fast,emphasis_easycip,presolving_fast,heuristics_off,emphasis_hardlp,separating_aggressive,presolving_aggressive,heuristics_aggressive,emphasis_feasibility,default,presolving_off,separating_off,emphasis_optimality
dc1l,presolving_off,presolving_fast,separating_fast,presolving_aggressive,heuristics_aggressive,emphasis_optimality,emphasis_feasibility,separating_aggressive,heuristics_fast,emphasis_easycip,separating_off,emphasis_hardlp,default,heuristics_off
germany50-DBM,presolving_off,presolving_aggressive,heuristics_aggressive,default,presolving_fast,separating_aggressive,separating_fast,separating_off,heuristics_fast,emphasis_optimality,emphasis_feasibility,heuristics_off,emphasis_hardlp,emphasis_easycip
neos-960392,separating_off,separating_fast,separating_aggressive,presolving_off,presolving_fast,emphasis_feasibility,presolving_aggressive,heuristics_aggressive,default,emphasis_optimality,emphasis_hardlp,emphasis_easycip,heuristics_fast,heuristics_off
mik-250-1-100-1,presolving_fast,separating_fast,presolving_aggressive,default,presolving_off,separating_off,separating_aggressive,emphasis_optimality,emphasis_feasibility,emphasis_easycip,heuristics_aggressive,emphasis_hardlp,heuristics_off,heuristics_fast
rd-rplusc-21,separating_off,separating_fast,presolving_fast,presolving_aggressive,emphasis_feasibility,heuristics_aggressive,default,separating_aggressive,heuristics_fast,emphasis_optimality,emphasis_hardlp,presolving_off,heuristics_off,emphasis_easycip
ds,separating_fast,heuristics_aggressive,presolving_fast,presolving_off,presolving_aggressive,emphasis_feasibility,separating_off,emphasis_hardlp,emphasis_easycip,default,separating_aggressive,heuristics_off,heuristics_fast,emphasis_optimality
bienst2,presolving_fast,separating_fast,emphasis_hardlp,default,presolving_aggressive,separating_aggressive,heuristics_fast,heuristics_aggressive,emphasis_easycip,separating_off,presolving_off,emphasis_feasibility,heuristics_off,emphasis_optimality
pp08a,presolving_fast,emphasis_hardlp,default,presolving_aggressive,heuristics_fast,heuristics_aggressive,emphasis_easycip,separating_fast,separating_aggressive,presolving_off,emphasis_optimality,emphasis_feasibility,heuristics_off,separating_off
newdano,presolving_fast,separating_fast,default,separating_aggressive,presolving_aggressive,emphasis_hardlp,heuristics_fast,heuristics_aggressive,emphasis_easycip,separating_off,emphasis_feasibility,presolving_off,heuristics_off,emphasis_optimality
neos-935348,presolving_fast,separating_off,separating_fast,presolving_off,default,presolving_aggressive,separating_aggressive,heuristics_aggressive,emphasis_feasibility,emphasis_hardlp,emphasis_easycip,emphasis_optimality,heuristics_fast,heuristics_off
lectsched-1-obj,separating_off,heuristics_aggressive,presolving_aggressive,emphasis_feasibility,separating_fast,separating_aggressive,default,presolving_fast,emphasis_optimality,heuristics_off,heuristics_fast,emphasis_easycip,emphasis_hardlp,presolving_off
nw04,separating_off,heuristics_off,emphasis_feasibility,heuristics_aggressive,separating_fast,presolving_aggressive,separating_aggressive,default,heuristics_fast,presolving_fast,presolving_off,emphasis_optimality,emphasis_hardlp,emphasis_easycip
bienst1,presolving_fast,presolving_aggressive,separating_fast,emphasis_hardlp,default,heuristics_aggressive,separating_off,presolving_off,heuristics_fast,separating_aggressive,emphasis_easycip,emphasis_feasibility,heuristics_off,emphasis_optimality
neos-825075,heuristics_off,separating_fast,separating_aggressive,heuristics_fast,separating_off,emphasis_hardlp,emphasis_feasibility,default,presolving_aggressive,heuristics_aggressive,presolving_fast,emphasis_optimality,presolving_off,emphasis_easycip
neos-1337307,presolving_fast,separating_fast,default,separating_aggressive,separating_off,presolving_aggressive,heuristics_aggressive,emphasis_hardlp,presolving_off,emphasis_feasibility,heuristics_fast,emphasis_easycip,heuristics_off,emphasis_optimality
neos-1417043,presolving_off,heuristics_aggressive,presolving_aggressive,default,presolving_fast,separating_off,separating_aggressive,separating_fast,emphasis_optimality,heuristics_fast,emphasis_feasibility,emphasis_hardlp,emphasis_easycip,heuristics_off
blend2,separating_fast,default,presolving_aggressive,presolving_fast,separating_off,heuristics_aggressive,separating_aggressive,emphasis_feasibility,emphasis_easycip,presolving_off,heuristics_fast,emphasis_hardlp,emphasis_optimality,heuristics_off
ex9,separating_aggressive,heuristics_off,emphasis_optimality,heuristics_fast,default,separating_fast,emphasis_feasibility,separating_off,heuristics_aggressive,presolving_aggressive,emphasis_easycip,presolving_fast,emphasis_hardlp,presolving_off
ran16x16,presolving_fast,default,emphasis_hardlp,heuristics_aggressive,emphasis_easycip,presolving_aggressive,separating_fast,heuristics_fast,separating_aggressive,presolving_off,emphasis_feasibility,emphasis_optimality,separating_off,heuristics_off
set3-20,separating_off,separating_fast,presolving_off,presolving_fast,separating_aggressive,presolving_aggressive,heuristics_fast,emphasis_hardlp,emphasis_easycip,heuristics_aggressive,default,heuristics_off,emphasis_optimality,emphasis_feasibility
neos-933550,separating_aggressive,separating_fast,default,heuristics_fast,separating_off,presolving_aggressive,heuristics_off,heuristics_aggressive,emphasis_optimality,emphasis_feasibility,emphasis_hardlp,presolving_fast,emphasis_easycip,presolving_off
satellites3-40,separating_off,separating_fast,separating_aggressive,presolving_off,presolving_fast,emphasis_feasibility,presolving_aggressive,heuristics_off,heuristics_fast,heuristics_aggressive,emphasis_optimality,emphasis_hardlp,emphasis_easycip,default
neos-612125,presolving_off,presolving_fast,separating_fast,emphasis_hardlp,presolving_aggressive,default,heuristics_aggressive,emphasis_easycip,separating_off,separating_aggressive,emphasis_feasibility,heuristics_fast,emphasis_optimality,heuristics_off
neos-803220,default,heuristics_fast,presolving_fast,emphasis_hardlp,heuristics_off,separating_fast,separating_aggressive,presolving_aggressive,emphasis_easycip,presolving_off,separating_off,emphasis_optimality,heuristics_aggressive,emphasis_feasibility
neos-829552,separating_off,separating_fast,presolving_off,presolving_fast,heuristics_aggressive,separating_aggressive,presolving_aggressive,emphasis_hardlp,emphasis_feasibility,emphasis_easycip,default,heuristics_fast,heuristics_off,emphasis_optimality
neos-1599274,presolving_fast,heuristics_aggressive,emphasis_feasibility,presolving_off,default,separating_fast,presolving_aggressive,separating_aggressive,emphasis_hardlp,emphasis_easycip,heuristics_fast,separating_off,emphasis_optimality,heuristics_off
neos-860300,separating_off,emphasis_hardlp,heuristics_aggressive,emphasis_feasibility,presolving_aggressive,default,separating_fast,heuristics_fast,separating_aggressive,presolving_fast,heuristics_off,presolving_off,emphasis_easycip,emphasis_optimality
neos-849702,emphasis_feasibility,separating_fast,presolving_fast,heuristics_aggressive,separating_aggressive,presolving_aggressive,emphasis_hardlp,default,separating_off,emphasis_easycip,presolving_off,heuristics_fast,heuristics_off,emphasis_optimality
neos-810286,heuristics_aggressive,emphasis_feasibility,presolving_fast,emphasis_hardlp,separating_off,presolving_off,emphasis_easycip,separating_fast,separating_aggressive,default,heuristics_fast,heuristics_off,presolving_aggressive,emphasis_optimality
glass4,separating_fast,presolving_fast,presolving_aggressive,default,separating_aggressive,heuristics_aggressive,emphasis_feasibility,heuristics_fast,separating_off,emphasis_hardlp,presolving_off,emphasis_optimality,emphasis_easycip,heuristics_off
p100x588b,presolving_fast,separating_fast,default,emphasis_hardlp,heuristics_aggressive,presolving_aggressive,separating_off,emphasis_easycip,separating_aggressive,presolving_off,heuristics_fast,emphasis_feasibility,emphasis_optimality,heuristics_off
gmut-75-50,emphasis_feasibility,separating_fast,presolving_off,separating_off,presolving_fast,presolving_aggressive,default,heuristics_aggressive,separating_aggressive,emphasis_easycip,heuristics_fast,emphasis_optimality,emphasis_hardlp,heuristics_off
enigma,emphasis_hardlp,separating_fast,presolving_fast,default,emphasis_easycip,presolving_off,heuristics_fast,emphasis_feasibility,presolving_aggressive,heuristics_aggressive,separating_aggressive,separating_off,heuristics_off,emphasis_optimality
n3-3,presolving_off,separating_fast,presolving_fast,presolving_aggressive,separating_off,heuristics_fast,heuristics_aggressive,default,separating_aggressive,emphasis_hardlp,emphasis_easycip,emphasis_feasibility,emphasis_optimality,heuristics_off
neos-702280,presolving_off,presolving_fast,emphasis_easycip,separating_fast,separating_off,heuristics_fast,emphasis_hardlp,default,presolving_aggressive,heuristics_aggressive,emphasis_feasibility,separating_aggressive,emphasis_optimality,heuristics_off
neos-932721,presolving_aggressive,presolving_fast,emphasis_feasibility,separating_aggressive,separating_fast,separating_off,default,heuristics_fast,presolving_off,heuristics_aggressive,emphasis_hardlp,heuristics_off,emphasis_optimality,emphasis_easycip
neos-933815,presolving_fast,presolving_aggressive,default,separating_aggressive,separating_fast,heuristics_aggressive,presolving_off,emphasis_hardlp,separating_off,emphasis_optimality,emphasis_feasibility,heuristics_fast,emphasis_easycip,heuristics_off
acc-tight5,separating_fast,separating_aggressive,separating_off,emphasis_feasibility,heuristics_aggressive,presolving_fast,presolving_aggressive,default,heuristics_fast,heuristics_off,presolving_off,emphasis_optimality,emphasis_hardlp,emphasis_easycip
neos-1620807,presolving_fast,separating_fast,separating_aggressive,default,presolving_aggressive,emphasis_hardlp,heuristics_aggressive,emphasis_easycip,heuristics_fast,emphasis_feasibility,heuristics_off,presolving_off,emphasis_optimality,separating_off
neos-544324,separating_fast,presolving_aggressive,heuristics_fast,default,separating_aggressive,presolving_fast,heuristics_aggressive,emphasis_hardlp,separating_off,presolving_off,heuristics_off,emphasis_easycip,emphasis_feasibility,emphasis_optimality
neos-942323,separating_aggressive,separating_fast,default,heuristics_aggressive,emphasis_feasibility,presolving_fast,presolving_aggressive,heuristics_off,separating_off,heuristics_fast,emphasis_optimality,emphasis_hardlp,presolving_off,emphasis_easycip
biella1,presolving_fast,presolving_aggressive,heuristics_aggressive,separating_fast,default,separating_aggressive,separating_off,presolving_off,emphasis_feasibility,heuristics_fast,emphasis_hardlp,emphasis_optimality,emphasis_easycip,heuristics_off
leo1,separating_off,emphasis_feasibility,heuristics_aggressive,separating_fast,default,presolving_fast,presolving_aggressive,separating_aggressive,heuristics_fast,presolving_off,emphasis_optimality,emphasis_hardlp,emphasis_easycip,heuristics_off
neos13,separating_off,separating_fast,emphasis_hardlp,emphasis_feasibility,presolving_off,heuristics_aggressive,presolving_fast,presolving_aggressive,separating_aggressive,default,heuristics_fast,emphasis_easycip,heuristics_off,emphasis_optimality
rentacar,separating_fast,presolving_aggressive,presolving_fast,heuristics_fast,default,separating_off,separating_aggressive,heuristics_aggressive,emphasis_hardlp,emphasis_feasibility,presolving_off,emphasis_easycip,emphasis_optimality,heuristics_off
neos-1346382,separating_off,separating_fast,default,emphasis_feasibility,presolving_fast,presolving_aggressive,separating_aggressive,heuristics_aggressive,presolving_off,emphasis_optimality,emphasis_hardlp,heuristics_fast,emphasis_easycip,heuristics_off
markshare2,separating_fast,separating_aggressive,separating_off,presolving_off,presolving_fast,presolving_aggressive,heuristics_off,heuristics_fast,heuristics_aggressive,emphasis_optimality,emphasis_feasibility,emphasis_hardlp,emphasis_easycip,default
swath,separating_fast,emphasis_feasibility,presolving_aggressive,presolving_fast,default,separating_off,heuristics_aggressive,separating_aggressive,presolving_off,emphasis_optimality,emphasis_easycip,heuristics_fast,emphasis_hardlp,heuristics_off
neos-1440460,separating_off,separating_fast,presolving_fast,emphasis_feasibility,default,presolving_aggressive,separating_aggressive,heuristics_aggressive,presolving_off,emphasis_hardlp,emphasis_easycip,heuristics_fast,emphasis_optimality,heuristics_off
rmatr200-p20,presolving_off,presolving_fast,emphasis_hardlp,heuristics_aggressive,emphasis_feasibility,separating_off,separating_fast,presolving_aggressive,default,separating_aggressive,emphasis_easycip,heuristics_fast,emphasis_optimality,heuristics_off
neos-1420205,presolving_fast,default,separating_fast,presolving_aggressive,separating_off,emphasis_feasibility,separating_aggressive,heuristics_fast,presolving_off,heuristics_aggressive,emphasis_optimality,emphasis_easycip,heuristics_off,emphasis_hardlp
go19,presolving_fast,separating_fast,default,presolving_aggressive,separating_off,heuristics_fast,emphasis_easycip,heuristics_aggressive,presolving_off,emphasis_feasibility,separating_aggressive,emphasis_hardlp,emphasis_optimality,heuristics_off
fast0507,separating_fast,separating_off,default,presolving_aggressive,separating_aggressive,heuristics_aggressive,emphasis_feasibility,presolving_off,presolving_fast,emphasis_optimality,heuristics_fast,heuristics_off,emphasis_hardlp,emphasis_easycip
bnatt350,emphasis_feasibility,presolving_fast,separating_off,separating_fast,presolving_aggressive,separating_aggressive,heuristics_aggressive,presolving_off,heuristics_fast,emphasis_hardlp,default,heuristics_off,emphasis_easycip,emphasis_optimality
msc98-ip,separating_off,emphasis_feasibility,separating_fast,presolving_fast,heuristics_aggressive,separating_aggressive,presolving_aggressive,presolving_off,heuristics_off,heuristics_fast,emphasis_hardlp,default,emphasis_optimality,emphasis_easycip
t1722,separating_fast,emphasis_feasibility,default,separating_off,separating_aggressive,presolving_aggressive,emphasis_optimality,presolving_fast,heuristics_off,heuristics_aggressive,heuristics_fast,emphasis_hardlp,presolving_off,emphasis_easycip
momentum2,presolving_fast,separating_fast,presolving_aggressive,default,emphasis_hardlp,presolving_off,heuristics_aggressive,emphasis_optimality,separating_off,separating_aggressive,heuristics_fast,emphasis_feasibility,emphasis_easycip,heuristics_off
neos-948126,presolving_fast,separating_off,presolving_off,separating_fast,default,presolving_aggressive,separating_aggressive,heuristics_aggressive,emphasis_feasibility,emphasis_hardlp,emphasis_easycip,emphasis_optimality,heuristics_fast,heuristics_off
