neos-548047,emphasis_hardlp,separating_aggressive,default,heuristics_aggressive,presolving_fast,heuristics_fast,emphasis_feasibility,separating_off,separating_fast,presolving_off,emphasis_easycip,presolving_aggressive,emphasis_optimality,heuristics_off
ns1856153,separating_off,separating_fast,separating_aggressive,presolving_fast,presolving_off,presolving_aggressive,emphasis_feasibility,default,heuristics_aggressive,emphasis_hardlp,heuristics_off,heuristics_fast,emphasis_optimality,emphasis_easycip
neos-1430701,separating_fast,separating_off,emphasis_feasibility,presolving_fast,separating_aggressive,heuristics_fast,default,emphasis_easycip,presolving_aggressive,heuristics_aggressive,emphasis_optimality,emphasis_hardlp,presolving_off,heuristics_off
neos-632335,heuristics_off,emphasis_feasibility,separating_aggressive,separating_fast,separating_off,heuristics_fast,emphasis_optimality,default,presolving_fast,heuristics_aggressive,presolving_aggressive,emphasis_hardlp,emphasis_easycip,presolving_off
ds-big,separating_fast,separating_off,presolving_fast,presolving_off,separating_aggressive,presolving_aggressive,heuristics_off,heuristics_aggressive,heuristics_fast,default,emphasis_hardlp,emphasis_feasibility,emphasis_easycip,emphasis_optimality
bab3,separating_off,separating_fast,presolving_fast,separating_aggressive,emphasis_feasibility,heuristics_aggressive,presolving_off,presolving_aggressive,heuristics_off,emphasis_optimality,heuristics_fast,default,emphasis_hardlp,emphasis_easycip
neos-1122047,emphasis_easycip,presolving_aggressive,default,separating_fast,presolving_fast,separating_aggressive,emphasis_hardlp,separating_off,heuristics_fast,heuristics_aggressive,presolving_off,emphasis_feasibility,heuristics_off,emphasis_optimality
set1ch,presolving_aggressive,separating_fast,presolving_off,presolving_fast,heuristics_fast,heuristics_aggressive,emphasis_hardlp,separating_aggressive,default,emphasis_easycip,separating_off,emphasis_optimality,heuristics_off,emphasis_feasibility
neos-1208069,heuristics_aggressive,emphasis_easycip,emphasis_feasibility,separating_off,heuristics_fast,default,separating_fast,separating_aggressive,emphasis_hardlp,presolving_aggressive,presolving_off,presolving_fast,heuristics_off,emphasis_optimality
neos-1467371,emphasis_feasibility,heuristics_aggressive,separating_fast,presolving_off,presolving_fast,separating_aggressive,presolving_aggressive,emphasis_optimality,default,separating_off,emphasis_hardlp,heuristics_fast,emphasis_easycip,heuristics_off
binkar10_1,separating_fast,presolving_fast,presolving_aggressive,default,separating_aggressive,presolving_off,emphasis_easycip,heuristics_aggressive,emphasis_optimality,emphasis_feasibility,emphasis_hardlp,heuristics_fast,separating_off,heuristics_off
Test3,separating_off,separating_fast,presolving_aggressive,separating_aggressive,presolving_fast,heuristics_aggressive,heuristics_off,heuristics_fast,emphasis_optimality,default,emphasis_feasibility,presolving_off,emphasis_hardlp,emphasis_easycip
neos-1311124,separating_fast,separating_off,presolving_aggressive,presolving_fast,separating_aggressive,presolving_off,heuristics_aggressive,emphasis_feasibility,default,emphasis_optimality,heuristics_off,emphasis_hardlp,heuristics_fast,emphasis_easycip
neos-631709,separating_off,presolving_aggressive,heuristics_aggressive,separating_aggressive,emphasis_feasibility,presolving_fast,presolving_off,emphasis_optimality,emphasis_hardlp,separating_fast,heuristics_fast,default,emphasis_easycip,heuristics_off
neos-1451294,presolving_fast,default,separating_fast,heuristics_fast,presolving_aggressive,emphasis_hardlp,separating_aggressive,heuristics_aggressive,presolving_off,heuristics_off,emphasis_feasibility,separating_off,emphasis_easycip,emphasis_optimality
neos-1622252,emphasis_hardlp,emphasis_easycip,presolving_fast,presolving_aggressive,heuristics_off,separating_aggressive,heuristics_aggressive,separating_fast,emphasis_optimality,default,emphasis_feasibility,heuristics_fast,presolving_off,separating_off
neos-506428,separating_off,separating_fast,separating_aggressive,presolving_off,heuristics_fast,presolving_fast,presolving_aggressive,heuristics_off,heuristics_aggressive,emphasis_hardlp,emphasis_optimality,emphasis_feasibility,emphasis_easycip,default
neos-555694,emphasis_feasibility,separating_fast,heuristics_aggressive,presolving_fast,emphasis_hardlp,presolving_aggressive,separating_off,default,separating_aggressive,heuristics_fast,emphasis_easycip,emphasis_optimality,presolving_off,heuristics_off
uct-subprob,presolving_fast,default,separating_fast,presolving_off,heuristics_aggressive,emphasis_feasibility,presolving_aggressive,heuristics_off,heuristics_fast,separating_off,emphasis_easycip,emphasis_hardlp,separating_aggressive,emphasis_optimality
neos-826250,separating_fast,emphasis_feasibility,heuristics_aggressive,default,presolving_fast,separating_off,separating_aggressive,presolving_off,presolving_aggressive,emphasis_hardlp,heuristics_off,emphasis_optimality,heuristics_fast,emphasis_easycip
mzzv11,separating_fast,heuristics_aggressive,emphasis_feasibility,heuristics_off,default,separating_aggressive,heuristics_fast,separating_off,presolving_off,presolving_fast,presolving_aggressive,emphasis_optimality,emphasis_hardlp,emphasis_easycip
neos-476283,separating_off,separating_fast,emphasis_feasibility,separating_aggressive,presolving_fast,presolving_aggressive,presolving_off,heuristics_aggressive,emphasis_hardlp,default,heuristics_off,heuristics_fast,emphasis_optimality,emphasis_easycip
neos-1426635,separating_fast,separating_off,presolving_aggressive,separating_aggressive,presolving_fast,default,heuristics_off,heuristics_fast,heuristics_aggressive,emphasis_optimality,emphasis_hardlp,emphasis_easycip,presolving_off,emphasis_feasibility
tanglegram2,heuristics_fast,default,separating_aggressive,emphasis_easycip,presolving_fast,presolving_aggressive,presolving_off,heuristics_aggressive,separating_off,separating_fast,emphasis_optimality,emphasis_feasibility,heuristics_off,emphasis_hardlp
neos-934278,separating_fast,presolving_off,default,presolving_aggressive,heuristics_aggressive,separating_off,presolving_fast,separating_aggressive,emphasis_feasibility,emphasis_optimality,emphasis_easycip,heuristics_fast,emphasis_hardlp,heuristics_off
ns2124243,separating_fast,presolving_off,presolving_fast,presolving_aggressive,separating_off,heuristics_aggressive,separating_aggressive,default,emphasis_optimality,emphasis_feasibility,heuristics_fast,emphasis_hardlp,emphasis_easycip,heuristics_off
rmine6,separating_off,default,separating_fast,presolving_fast,heuristics_fast,emphasis_hardlp,emphasis_feasibility,presolving_off,emphasis_easycip,heuristics_aggressive,separating_aggressive,heuristics_off,presolving_aggressive,emphasis_optimality
rvb-sub,separating_fast,default,presolving_fast,emphasis_hardlp,separating_off,emphasis_easycip,presolving_aggressive,heuristics_aggressive,presolving_off,emphasis_optimality,separating_aggressive,emphasis_feasibility,heuristics_off,heuristics_fast
tr12-30,presolving_off,presolving_aggressive,presolving_fast,separating_fast,heuristics_aggressive,emphasis_hardlp,separating_aggressive,emphasis_easycip,default,separating_off,heuristics_fast,emphasis_optimality,emphasis_feasibility,heuristics_off
msc98-ip,presolving_aggressive,separating_off,separating_aggressive,presolving_fast,separating_fast,heuristics_fast,emphasis_feasibility,emphasis_hardlp,presolving_off,heuristics_off,emphasis_optimality,heuristics_aggressive,default,emphasis_easycip
neos-957143,presolving_fast,presolving_off,separating_off,presolving_aggressive,emphasis_feasibility,emphasis_hardlp,emphasis_easycip,heuristics_aggressive,default,separating_fast,separating_aggressive,emphasis_optimality,heuristics_fast,heuristics_off
neos-501474,presolving_aggressive,presolving_fast,default,heuristics_off,heuristics_fast,separating_fast,separating_off,separating_aggressive,presolving_off,heuristics_aggressive,emphasis_hardlp,emphasis_feasibility,emphasis_easycip,emphasis_optimality
momentum1,separating_off,presolving_fast,emphasis_easycip,separating_aggressive,presolving_aggressive,separating_fast,emphasis_hardlp,presolving_off,heuristics_fast,emphasis_feasibility,default,emphasis_optimality,heuristics_off,heuristics_aggressive
neos-941717,presolving_fast,default,emphasis_hardlp,separating_aggressive,emphasis_feasibility,separating_fast,presolving_aggressive,heuristics_fast,heuristics_aggressive,presolving_off,emphasis_easycip,heuristics_off,separating_off,emphasis_optimality
neos-1456979,presolving_off,presolving_aggressive,emphasis_hardlp,separating_fast,separating_aggressive,heuristics_aggressive,emphasis_feasibility,separating_off,presolving_fast,emphasis_easycip,default,heuristics_fast,heuristics_off,emphasis_optimality
neos-1346382,separating_fast,separating_off,presolving_aggressive,separating_aggressive,presolving_fast,default,heuristics_off,heuristics_fast,heuristics_aggressive,emphasis_optimality,emphasis_hardlp,emphasis_easycip,presolving_off,emphasis_feasibility
neos-1171737,presolving_fast,separating_fast,separating_off,presolving_off,emphasis_feasibility,default,separating_aggressive,presolving_aggressive,heuristics_aggressive,emphasis_hardlp,emphasis_easycip,heuristics_off,heuristics_fast,emphasis_optimality
t1722,emphasis_feasibility,presolving_aggressive,default,separating_fast,separating_off,presolving_fast,heuristics_aggressive,separating_aggressive,emphasis_optimality,presolving_off,emphasis_hardlp,emphasis_easycip,heuristics_off,heuristics_fast
ns930473,separating_fast,presolving_off,separating_off,separating_aggressive,presolving_fast,presolving_aggressive,emphasis_feasibility,heuristics_aggressive,heuristics_fast,emphasis_easycip,default,emphasis_optimality,emphasis_hardlp,heuristics_off
neos-1200887,heuristics_fast,separating_fast,presolving_fast,separating_off,separating_aggressive,emphasis_optimality,emphasis_feasibility,default,emphasis_hardlp,emphasis_easycip,presolving_off,heuristics_off,heuristics_aggressive,presolving_aggressive
neos-876808,separating_off,heuristics_aggressive,separating_fast,separating_aggressive,presolving_fast,presolving_off,heuristics_fast,emphasis_hardlp,emphasis_feasibility,presolving_aggressive,default,heuristics_off,emphasis_optimality,emphasis_easycip
bab5,separating_off,heuristics_aggressive,separating_fast,presolving_off,emphasis_feasibility,emphasis_hardlp,default,separating_aggressive,heuristics_off,presolving_fast,heuristics_fast,presolving_aggressive,emphasis_optimality,emphasis_easycip
acc-tight5,presolving_aggressive,separating_off,separating_aggressive,emphasis_hardlp,emphasis_easycip,separating_fast,presolving_fast,heuristics_fast,heuristics_aggressive,emphasis_feasibility,default,presolving_off,heuristics_off,emphasis_optimality
a1c1s1,heuristics_aggressive,separating_aggressive,presolving_aggressive,separating_fast,emphasis_hardlp,presolving_fast,emphasis_feasibility,presolving_off,default,emphasis_optimality,emphasis_easycip,separating_off,heuristics_off,heuristics_fast
neos-933364,heuristics_aggressive,default,presolving_fast,presolving_aggressive,emphasis_optimality,separating_aggressive,separating_fast,emphasis_hardlp,heuristics_fast,emphasis_feasibility,presolving_off,emphasis_easycip,separating_off,heuristics_off
bnatt400,separating_off,separating_fast,presolving_off,emphasis_hardlp,presolving_aggressive,presolving_fast,heuristics_aggressive,emphasis_feasibility,emphasis_easycip,heuristics_fast,separating_aggressive,default,heuristics_off,emphasis_optimality
lotsize,separating_fast,presolving_off,presolving_fast,presolving_aggressive,separating_off,heuristics_aggressive,emphasis_feasibility,default,separating_aggressive,heuristics_fast,emphasis_hardlp,emphasis_optimality,emphasis_easycip,heuristics_off
mcf2,presolving_fast,separating_fast,default,heuristics_aggressive,emphasis_feasibility,presolving_off,presolving_aggressive,separating_off,separating_aggressive,heuristics_fast,emphasis_hardlp,emphasis_easycip,heuristics_off,emphasis_optimality
neos-1439395,presolving_fast,separating_fast,separating_off,heuristics_fast,presolving_aggressive,separating_aggressive,emphasis_optimality,presolving_off,default,emphasis_hardlp,heuristics_aggressive,emphasis_feasibility,emphasis_easycip,heuristics_off
neos-548251,presolving_fast,separating_fast,heuristics_fast,emphasis_feasibility,separating_off,emphasis_optimality,separating_aggressive,presolving_aggressive,default,presolving_off,heuristics_aggressive,heuristics_off,emphasis_easycip,emphasis_hardlp
neos-860244,presolving_fast,presolving_aggressive,emphasis_feasibility,separating_off,separating_fast,heuristics_off,emphasis_easycip,default,separating_aggressive,presolving_off,heuristics_aggressive,heuristics_fast,emphasis_hardlp,emphasis_optimality
neos-827175,heuristics_aggressive,emphasis_feasibility,separating_fast,separating_off,default,separating_aggressive,presolving_fast,presolving_aggressive,emphasis_optimality,presolving_off,emphasis_hardlp,heuristics_off,heuristics_fast,emphasis_easycip
neos-1337489,heuristics_off,presolving_aggressive,heuristics_fast,separating_fast,emphasis_hardlp,separating_off,default,emphasis_easycip,emphasis_feasibility,separating_aggressive,presolving_fast,heuristics_aggressive,emphasis_optimality,presolving_off
neos-1467067,separating_aggressive,separating_fast,presolving_off,default,separating_off,presolving_fast,heuristics_aggressive,presolving_aggressive,heuristics_off,emphasis_optimality,emphasis_feasibility,emphasis_easycip,emphasis_hardlp,heuristics_fast
neos-831188,presolving_aggressive,presolving_fast,separating_fast,heuristics_fast,emphasis_feasibility,default,separating_off,heuristics_aggressive,presolving_off,separating_aggressive,emphasis_easycip,heuristics_off,emphasis_hardlp,emphasis_optimality
opm2-z12-s14,presolving_off,presolving_fast,emphasis_hardlp,emphasis_easycip,separating_off,separating_fast,heuristics_aggressive,default,emphasis_feasibility,heuristics_fast,emphasis_optimality,separating_aggressive,presolving_aggressive,heuristics_off
neos-1120495,presolving_aggressive,separating_fast,presolving_fast,emphasis_easycip,emphasis_hardlp,heuristics_off,emphasis_feasibility,default,heuristics_fast,separating_off,separating_aggressive,heuristics_aggressive,emphasis_optimality,presolving_off
neos-1420205,presolving_aggressive,separating_aggressive,separating_off,presolving_off,presolving_fast,emphasis_hardlp,separating_fast,emphasis_optimality,heuristics_off,heuristics_fast,emphasis_easycip,default,heuristics_aggressive,emphasis_feasibility
neos-1420790,presolving_off,separating_fast,default,presolving_aggressive,emphasis_feasibility,separating_off,presolving_fast,heuristics_aggressive,heuristics_fast,separating_aggressive,emphasis_optimality,heuristics_off,emphasis_hardlp,emphasis_easycip
neos-839859,heuristics_aggressive,emphasis_hardlp,emphasis_easycip,separating_off,separating_aggressive,heuristics_fast,separating_fast,presolving_fast,emphasis_optimality,emphasis_feasibility,presolving_off,presolving_aggressive,default,heuristics_off
ns1631475,separating_aggressive,emphasis_feasibility,separating_off,presolving_fast,separating_fast,heuristics_aggressive,presolving_off,presolving_aggressive,emphasis_optimality,emphasis_hardlp,emphasis_easycip,default,heuristics_off,heuristics_fast
