neos-934278,separating_off,separating_fast,default,presolving_fast,presolving_aggressive,heuristics_aggressive,separating_aggressive,emphasis_feasibility,presolving_off,emphasis_hardlp,heuristics_fast,emphasis_optimality,emphasis_easycip,heuristics_off
prod1,separating_off,emphasis_hardlp,separating_fast,emphasis_easycip,presolving_off,presolving_fast,presolving_aggressive,heuristics_fast,default,separating_aggressive,heuristics_aggressive,emphasis_feasibility,emphasis_optimality,heuristics_off
neos-551991,presolving_fast,separating_off,separating_fast,default,presolving_aggressive,separating_aggressive,heuristics_aggressive,heuristics_fast,emphasis_feasibility,presolving_off,emphasis_hardlp,emphasis_easycip,heuristics_off,emphasis_optimality
neos-941717,separating_fast,presolving_fast,default,emphasis_feasibility,separating_aggressive,presolving_aggressive,heuristics_aggressive,emphasis_hardlp,heuristics_fast,presolving_off,emphasis_easycip,separating_off,heuristics_off,emphasis_optimality
a1c1s1,presolving_fast,separating_fast,default,presolving_aggressive,presolving_off,heuristics_aggressive,separating_aggressive,emphasis_hardlp,emphasis_feasibility,separating_off,heuristics_fast,emphasis_easycip,emphasis_optimality,heuristics_off
siena1,presolving_fast,separating_fast,presolving_aggressive,default,separating_off,presolving_off,heuristics_aggressive,emphasis_feasibility,separating_aggressive,emphasis_easycip,heuristics_fast,emphasis_optimality,emphasis_hardlp,heuristics_off
pigeon-19,separating_off,separating_fast,presolving_fast,presolving_aggressive,emphasis_hardlp,emphasis_feasibility,default,separating_aggressive,heuristics_aggressive,presolving_off,emphasis_easycip,heuristics_fast,emphasis_optimality,heuristics_off
p0282,presolving_fast,emphasis_hardlp,default,separating_fast,presolving_aggressive,heuristics_fast,heuristics_aggressive,emphasis_easycip,separating_aggressive,presolving_off,emphasis_optimality,separating_off,heuristics_off,emphasis_feasibility
cdma,separating_fast,separating_off,presolving_fast,emphasis_feasibility,separating_aggressive,presolving_off,presolving_aggressive,default,heuristics_aggressive,heuristics_fast,emphasis_optimality,emphasis_hardlp,emphasis_easycip,heuristics_off
neos-937446,separating_off,separating_fast,default,presolving_fast,presolving_aggressive,separating_aggressive,presolving_off,emphasis_feasibility,heuristics_aggressive,emphasis_hardlp,emphasis_easycip,emphasis_optimality,heuristics_fast,heuristics_off
neos-1223462,emphasis_feasibility,separating_fast,presolving_fast,separating_off,heuristics_aggressive,default,presolving_off,presolving_aggressive,separating_aggressive,emphasis_hardlp,emphasis_easycip,heuristics_fast,heuristics_off,emphasis_optimality
ns1856153,separating_off,separating_fast,presolving_fast,emphasis_feasibility,presolving_off,separating_aggressive,presolving_aggressive,heuristics_aggressive,default,heuristics_fast,emphasis_hardlp,heuristics_off,emphasis_optimality,emphasis_easycip
roy,separating_fast,emphasis_hardlp,presolving_fast,default,presolving_aggressive,heuristics_aggressive,separating_off,heuristics_fast,presolving_off,emphasis_easycip,separating_aggressive,heuristics_off,emphasis_optimality,emphasis_feasibility
neos-942830,presolving_fast,default,separating_fast,emphasis_feasibility,separating_aggressive,presolving_aggressive,heuristics_aggressive,emphasis_hardlp,heuristics_fast,presolving_off,emphasis_easycip,separating_off,heuristics_off,emphasis_optimality
neos-1330346,separating_off,presolving_fast,separating_fast,presolving_aggressive,default,separating_aggressive,heuristics_aggressive,emphasis_feasibility,presolving_off,heuristics_fast,emphasis_hardlp,emphasis_easycip,heuristics_off,emphasis_optimality
neos-595904,separating_fast,presolving_fast,separating_off,default,presolving_aggressive,presolving_off,heuristics_aggressive,emphasis_feasibility,separating_aggressive,heuristics_fast,emphasis_hardlp,emphasis_easycip,emphasis_optimality,heuristics_off
t1722,separating_fast,separating_off,default,presolving_fast,presolving_aggressive,heuristics_aggressive,emphasis_hardlp,emphasis_feasibility,separating_aggressive,presolving_off,heuristics_fast,emphasis_easycip,heuristics_off,emphasis_optimality
splan1,separating_off,separating_fast,presolving_off,presolving_fast,presolving_aggressive,default,separating_aggressive,heuristics_fast,heuristics_aggressive,emphasis_feasibility,emphasis_optimality,emphasis_hardlp,emphasis_easycip,heuristics_off
neos-785914,presolving_fast,separating_off,separating_fast,default,presolving_aggressive,heuristics_aggressive,separating_aggressive,emphasis_hardlp,emphasis_feasibility,presolving_off,heuristics_fast,emphasis_easycip,heuristics_off,emphasis_optimality
neos-1516309,emphasis_feasibility,separating_fast,heuristics_aggressive,default,presolving_fast,presolving_off,presolving_aggressive,separating_aggressive,emphasis_hardlp,emphasis_easycip,separating_off,heuristics_fast,emphasis_optimality,heuristics_off
lectsched-1-obj,separating_off,default,separating_fast,emphasis_feasibility,presolving_aggressive,heuristics_aggressive,presolving_fast,emphasis_easycip,separating_aggressive,presolving_off,heuristics_fast,heuristics_off,emphasis_hardlp,emphasis_optimality
neos-1096528,separating_off,presolving_fast,separating_fast,presolving_aggressive,emphasis_hardlp,emphasis_feasibility,heuristics_aggressive,emphasis_easycip,default,separating_aggressive,presolving_off,heuristics_fast,heuristics_off,emphasis_optimality
t1717,separating_fast,separating_off,heuristics_aggressive,default,presolving_fast,presolving_aggressive,emphasis_feasibility,separating_aggressive,presolving_off,emphasis_hardlp,heuristics_fast,emphasis_easycip,heuristics_off,emphasis_optimality
neos-916792,separating_off,separating_fast,presolving_fast,default,presolving_aggressive,heuristics_aggressive,separating_aggressive,emphasis_feasibility,presolving_off,heuristics_fast,emphasis_hardlp,emphasis_optimality,emphasis_easycip,heuristics_off
neos-848150,emphasis_feasibility,separating_fast,heuristics_aggressive,separating_aggressive,presolving_fast,default,separating_off,presolving_aggressive,emphasis_hardlp,heuristics_fast,emphasis_easycip,presolving_off,heuristics_off,emphasis_optimality
neos-1437164,emphasis_hardlp,separating_fast,presolving_fast,separating_off,heuristics_aggressive,presolving_aggressive,default,emphasis_feasibility,separating_aggressive,presolving_off,heuristics_fast,emphasis_easycip,heuristics_off,emphasis_optimality
reblock67,presolving_fast,emphasis_hardlp,separating_off,separating_fast,default,emphasis_feasibility,presolving_off,heuristics_aggressive,heuristics_fast,emphasis_easycip,separating_aggressive,presolving_aggressive,emphasis_optimality,heuristics_off
berlin_5_8_0,separating_fast,presolving_fast,separating_off,default,emphasis_feasibility,separating_aggressive,presolving_aggressive,heuristics_aggressive,presolving_off,emphasis_hardlp,emphasis_easycip,heuristics_fast,emphasis_optimality,heuristics_off
ns1111636,separating_off,separating_fast,presolving_fast,presolving_off,presolving_aggressive,emphasis_feasibility,separating_aggressive,default,heuristics_aggressive,emphasis_optimality,heuristics_fast,emphasis_hardlp,emphasis_easycip,heuristics_off
neos-785899,presolving_fast,default,separating_off,separating_fast,heuristics_aggressive,presolving_aggressive,separating_aggressive,emphasis_feasibility,emphasis_hardlp,presolving_off,heuristics_fast,emphasis_easycip,heuristics_off,emphasis_optimality
neos-1467067,separating_off,separating_fast,presolving_fast,presolving_aggressive,default,emphasis_feasibility,separating_aggressive,heuristics_aggressive,presolving_off,heuristics_fast,emphasis_hardlp,emphasis_easycip,heuristics_off,emphasis_optimality
n370a,presolving_fast,heuristics_aggressive,separating_fast,default,presolving_aggressive,separating_aggressive,heuristics_fast,emphasis_hardlp,presolving_off,emphasis_feasibility,separating_off,emphasis_optimality,emphasis_easycip,heuristics_off
pg5_34,separating_fast,presolving_fast,separating_off,emphasis_feasibility,default,presolving_aggressive,heuristics_aggressive,presolving_off,emphasis_easycip,separating_aggressive,emphasis_hardlp,heuristics_fast,emphasis_optimality,heuristics_off
neos-611838,presolving_fast,separating_fast,default,presolving_aggressive,heuristics_aggressive,presolving_off,emphasis_hardlp,heuristics_fast,separating_off,separating_aggressive,emphasis_feasibility,emphasis_easycip,emphasis_optimality,heuristics_off
mcsched,presolving_fast,separating_fast,default,presolving_aggressive,separating_off,emphasis_feasibility,heuristics_aggressive,separating_aggressive,presolving_off,heuristics_fast,emphasis_hardlp,emphasis_easycip,heuristics_off,emphasis_optimality
sct1,separating_off,separating_fast,emphasis_feasibility,presolving_fast,default,presolving_aggressive,heuristics_aggressive,separating_aggressive,presolving_off,heuristics_fast,emphasis_optimality,emphasis_hardlp,emphasis_easycip,heuristics_off
sts729,separating_off,heuristics_fast,presolving_fast,separating_fast,presolving_aggressive,default,presolving_off,emphasis_easycip,separating_aggressive,heuristics_aggressive,emphasis_feasibility,emphasis_hardlp,heuristics_off,emphasis_optimality
germany50-DBM,presolving_off,presolving_fast,presolving_aggressive,default,separating_aggressive,heuristics_fast,separating_fast,heuristics_aggressive,separating_off,emphasis_optimality,emphasis_hardlp,heuristics_off,emphasis_feasibility,emphasis_easycip
neos-1126860,presolving_off,emphasis_hardlp,presolving_fast,emphasis_easycip,default,heuristics_fast,separating_fast,separating_off,separating_aggressive,presolving_aggressive,emphasis_optimality,heuristics_aggressive,emphasis_feasibility,heuristics_off
ran16x16,presolving_fast,presolving_aggressive,default,heuristics_aggressive,separating_fast,separating_aggressive,emphasis_hardlp,presolving_off,heuristics_fast,emphasis_easycip,emphasis_feasibility,separating_off,emphasis_optimality,heuristics_off
neos-933562,separating_fast,presolving_fast,default,emphasis_feasibility,separating_aggressive,presolving_aggressive,heuristics_aggressive,heuristics_fast,emphasis_hardlp,separating_off,presolving_off,emphasis_easycip,heuristics_off,emphasis_optimality
rocII-9-11,separating_fast,separating_off,presolving_fast,presolving_aggressive,emphasis_feasibility,separating_aggressive,heuristics_aggressive,default,presolving_off,heuristics_fast,emphasis_optimality,emphasis_hardlp,emphasis_easycip,heuristics_off
30n20b8,separating_off,separating_fast,presolving_aggressive,default,heuristics_aggressive,presolving_fast,emphasis_feasibility,separating_aggressive,presolving_off,heuristics_fast,emphasis_hardlp,emphasis_easycip,heuristics_off,emphasis_optimality
neos-827015,presolving_fast,separating_fast,presolving_aggressive,separating_off,presolving_off,default,emphasis_hardlp,heuristics_aggressive,separating_aggressive,heuristics_off,heuristics_fast,emphasis_feasibility,emphasis_easycip,emphasis_optimality
neos-937511,separating_off,separating_fast,default,presolving_fast,presolving_aggressive,separating_aggressive,presolving_off,emphasis_feasibility,heuristics_aggressive,emphasis_hardlp,emphasis_easycip,emphasis_optimality,heuristics_fast,heuristics_off
macrophage,separating_off,separating_fast,presolving_fast,presolving_aggressive,default,emphasis_feasibility,heuristics_aggressive,heuristics_fast,separating_aggressive,emphasis_hardlp,emphasis_easycip,presolving_off,heuristics_off,emphasis_optimality
csched010,separating_fast,presolving_fast,presolving_aggressive,default,separating_off,heuristics_aggressive,emphasis_feasibility,separating_aggressive,presolving_off,heuristics_fast,emphasis_easycip,emphasis_hardlp,heuristics_off,emphasis_optimality
markshare2,separating_off,separating_fast,separating_aggressive,presolving_off,presolving_fast,presolving_aggressive,heuristics_off,heuristics_fast,heuristics_aggressive,emphasis_optimality,emphasis_hardlp,emphasis_feasibility,emphasis_easycip,default
neos-1425699,separating_off,separating_fast,presolving_fast,default,separating_aggressive,presolving_off,presolving_aggressive,heuristics_fast,heuristics_aggressive,emphasis_optimality,emphasis_hardlp,emphasis_feasibility,emphasis_easycip,heuristics_off
neos-1121679,separating_off,separating_fast,separating_aggressive,presolving_off,presolving_fast,presolving_aggressive,heuristics_off,heuristics_fast,heuristics_aggressive,emphasis_optimality,emphasis_hardlp,emphasis_feasibility,emphasis_easycip,default
neos-631709,separating_off,presolving_fast,separating_fast,presolving_aggressive,separating_aggressive,default,heuristics_aggressive,heuristics_fast,presolving_off,emphasis_feasibility,emphasis_hardlp,heuristics_off,emphasis_optimality,emphasis_easycip
neos-906865,separating_fast,presolving_fast,presolving_aggressive,default,heuristics_aggressive,separating_off,presolving_off,emphasis_hardlp,emphasis_feasibility,emphasis_easycip,separating_aggressive,heuristics_fast,heuristics_off,emphasis_optimality
bell3a,separating_fast,default,presolving_aggressive,separating_aggressive,presolving_fast,heuristics_fast,separating_off,heuristics_aggressive,emphasis_hardlp,emphasis_optimality,presolving_off,emphasis_easycip,heuristics_off,emphasis_feasibility
rococoC11-011100,separating_fast,presolving_fast,presolving_aggressive,heuristics_aggressive,default,separating_off,separating_aggressive,emphasis_feasibility,presolving_off,heuristics_fast,emphasis_hardlp,emphasis_easycip,emphasis_optimality,heuristics_off
neos-1595230,presolving_fast,presolving_aggressive,separating_off,separating_aggressive,separating_fast,default,heuristics_fast,heuristics_aggressive,emphasis_hardlp,emphasis_easycip,emphasis_feasibility,presolving_off,heuristics_off,emphasis_optimality
opm2-z12-s7,presolving_fast,separating_off,presolving_off,emphasis_hardlp,separating_fast,emphasis_feasibility,heuristics_aggressive,emphasis_easycip,default,heuristics_fast,separating_aggressive,presolving_aggressive,emphasis_optimality,heuristics_off
neos-1061020,separating_fast,presolving_fast,presolving_aggressive,heuristics_aggressive,default,separating_off,separating_aggressive,presolving_off,emphasis_feasibility,heuristics_fast,emphasis_optimality,emphasis_hardlp,heuristics_off,emphasis_easycip
neos-839859,presolving_fast,emphasis_hardlp,separating_fast,heuristics_aggressive,emphasis_feasibility,default,separating_off,presolving_off,separating_aggressive,heuristics_fast,presolving_aggressive,emphasis_optimality,emphasis_easycip,heuristics_off
neos-584866,separating_off,presolving_fast,separating_fast,presolving_aggressive,default,heuristics_aggressive,separating_aggressive,presolving_off,emphasis_feasibility,heuristics_fast,emphasis_hardlp,emphasis_easycip,heuristics_off,emphasis_optimality
neos-595925,separating_fast,presolving_fast,separating_off,presolving_aggressive,emphasis_feasibility,default,heuristics_aggressive,presolving_off,separating_aggressive,emphasis_hardlp,heuristics_fast,emphasis_easycip,emphasis_optimality,heuristics_off
mod010,separating_fast,default,separating_off,presolving_fast,heuristics_aggressive,presolving_aggressive,emphasis_feasibility,emphasis_hardlp,separating_aggressive,presolving_off,heuristics_fast,emphasis_easycip,heuristics_off,emphasis_optimality
