neos-1324574,default,presolving_aggressive,separating_off,separating_aggressive,presolving_off,presolving_fast,separating_fast,heuristics_aggressive,heuristics_fast,emphasis_hardlp,emphasis_feasibility,emphasis_easycip,heuristics_off,emphasis_optimality
nag,presolving_fast,heuristics_aggressive,default,separating_fast,presolving_aggressive,separating_aggressive,emphasis_hardlp,emphasis_feasibility,presolving_off,heuristics_off,emphasis_optimality,separating_off,heuristics_fast,emphasis_easycip
blend2,separating_fast,separating_off,presolving_fast,presolving_aggressive,emphasis_feasibility,separating_aggressive,presolving_off,heuristics_aggressive,emphasis_hardlp,default,emphasis_optimality,emphasis_easycip,heuristics_fast,heuristics_off
ger50_17_trans,presolving_aggressive,heuristics_aggressive,separating_aggressive,presolving_fast,emphasis_feasibility,separating_off,presolving_off,heuristics_fast,default,separating_fast,emphasis_optimality,emphasis_hardlp,emphasis_easycip,heuristics_off
neos-738098,separating_off,presolving_fast,separating_fast,presolving_off,presolving_aggressive,heuristics_aggressive,emphasis_feasibility,separating_aggressive,emphasis_easycip,heuristics_fast,heuristics_off,emphasis_hardlp,default,emphasis_optimality
neos-876808,separating_fast,presolving_fast,separating_off,emphasis_feasibility,presolving_off,default,heuristics_fast,heuristics_aggressive,emphasis_hardlp,emphasis_easycip,separating_aggressive,presolving_aggressive,heuristics_off,emphasis_optimality
nug08,presolving_fast,emphasis_hardlp,emphasis_easycip,presolving_off,emphasis_feasibility,separating_off,separating_fast,heuristics_fast,heuristics_aggressive,emphasis_optimality,default,separating_aggressive,presolving_aggressive,heuristics_off
neos-787933,separating_off,separating_fast,presolving_off,presolving_fast,presolving_aggressive,default,heuristics_aggressive,emphasis_hardlp,emphasis_feasibility,heuristics_fast,emphasis_easycip,separating_aggressive,emphasis_optimality,heuristics_off
neos-796608,separating_aggressive,separating_fast,heuristics_fast,separating_off,presolving_aggressive,default,presolving_off,presolving_fast,emphasis_optimality,heuristics_aggressive,emphasis_hardlp,emphasis_easycip,emphasis_feasibility,heuristics_off
modglob,presolving_off,presolving_fast,separating_fast,heuristics_aggressive,presolving_aggressive,emphasis_hardlp,default,heuristics_fast,emphasis_easycip,separating_aggressive,heuristics_off,separating_off,emphasis_optimality,emphasis_feasibility
neos-1427261,presolving_fast,separating_off,separating_fast,presolving_aggressive,emphasis_feasibility,separating_aggressive,default,heuristics_aggressive,presolving_off,emphasis_optimality,emphasis_hardlp,emphasis_easycip,heuristics_fast,heuristics_off
bab3,separating_off,separating_fast,presolving_fast,presolving_off,heuristics_fast,emphasis_feasibility,separating_aggressive,heuristics_off,heuristics_aggressive,emphasis_optimality,presolving_aggressive,emphasis_hardlp,emphasis_easycip,default
momentum3,separating_fast,presolving_aggressive,separating_off,presolving_off,presolving_fast,heuristics_aggressive,emphasis_easycip,default,heuristics_fast,emphasis_feasibility,emphasis_hardlp,separating_aggressive,emphasis_optimality,heuristics_off
lrn,presolving_fast,presolving_off,emphasis_feasibility,separating_off,separating_fast,presolving_aggressive,separating_aggressive,default,emphasis_hardlp,heuristics_off,heuristics_fast,heuristics_aggressive,emphasis_easycip,emphasis_optimality
gesa2,separating_fast,separating_off,presolving_fast,default,separating_aggressive,presolving_off,presolving_aggressive,emphasis_optimality,heuristics_fast,emphasis_hardlp,heuristics_aggressive,emphasis_easycip,emphasis_feasibility,heuristics_off
neos-1311124,presolving_off,presolving_fast,separating_off,presolving_aggressive,heuristics_aggressive,default,separating_fast,separating_aggressive,emphasis_feasibility,emphasis_optimality,heuristics_fast,emphasis_hardlp,heuristics_off,emphasis_easycip
neos-1460543,presolving_off,emphasis_feasibility,presolving_fast,separating_fast,heuristics_aggressive,separating_aggressive,presolving_aggressive,separating_off,emphasis_easycip,default,heuristics_fast,emphasis_optimality,emphasis_hardlp,heuristics_off
qnet1_o,separating_fast,heuristics_aggressive,separating_off,emphasis_feasibility,emphasis_hardlp,presolving_off,presolving_fast,presolving_aggressive,emphasis_easycip,default,separating_aggressive,emphasis_optimality,heuristics_off,heuristics_fast
neos-1436709,separating_off,separating_fast,presolving_off,presolving_fast,default,separating_aggressive,presolving_aggressive,emphasis_optimality,emphasis_feasibility,heuristics_aggressive,heuristics_fast,emphasis_hardlp,emphasis_easycip,heuristics_off
neos-1109824,emphasis_hardlp,separating_fast,emphasis_feasibility,presolving_fast,presolving_aggressive,emphasis_easycip,heuristics_fast,default,heuristics_aggressive,separating_off,separating_aggressive,presolving_off,heuristics_off,emphasis_optimality
core4872-1529,emphasis_feasibility,separating_fast,heuristics_aggressive,separating_off,presolving_aggressive,default,separating_aggressive,presolving_fast,presolving_off,emphasis_optimality,heuristics_fast,emphasis_hardlp,emphasis_easycip,heuristics_off
rail03,separating_off,separating_fast,separating_aggressive,presolving_off,presolving_fast,presolving_aggressive,heuristics_fast,heuristics_aggressive,heuristics_off,emphasis_optimality,emphasis_hardlp,emphasis_feasibility,emphasis_easycip,default
acc-tight5,separating_fast,heuristics_fast,emphasis_easycip,separating_off,separating_aggressive,presolving_off,presolving_fast,presolving_aggressive,emphasis_hardlp,emphasis_feasibility,default,heuristics_off,heuristics_aggressive,emphasis_optimality
neos-503737,separating_fast,presolving_aggressive,heuristics_aggressive,default,presolving_off,emphasis_feasibility,separating_off,separating_aggressive,presolving_fast,heuristics_fast,emphasis_easycip,heuristics_off,emphasis_optimality,emphasis_hardlp
newdano,presolving_fast,emphasis_hardlp,separating_off,separating_fast,heuristics_fast,emphasis_easycip,presolving_aggressive,emphasis_feasibility,default,heuristics_aggressive,separating_aggressive,heuristics_off,emphasis_optimality,presolving_off
rocII-7-11,separating_off,separating_fast,separating_aggressive,heuristics_off,presolving_off,presolving_fast,heuristics_fast,heuristics_aggressive,presolving_aggressive,emphasis_optimality,emphasis_hardlp,emphasis_feasibility,emphasis_easycip,default
neos18,presolving_fast,separating_off,separating_fast,default,separating_aggressive,heuristics_fast,heuristics_off,emphasis_hardlp,emphasis_feasibility,presolving_off,presolving_aggressive,heuristics_aggressive,emphasis_easycip,emphasis_optimality
neos-1208069,emphasis_feasibility,heuristics_aggressive,heuristics_fast,separating_off,emphasis_easycip,default,separating_aggressive,separating_fast,heuristics_off,presolving_aggressive,emphasis_hardlp,presolving_off,presolving_fast,emphasis_optimality
lectsched-4-obj,heuristics_aggressive,separating_off,separating_fast,presolving_fast,emphasis_feasibility,presolving_aggressive,separating_aggressive,default,presolving_off,emphasis_optimality,heuristics_off,emphasis_hardlp,heuristics_fast,emphasis_easycip
rmatr200-p20,presolving_off,heuristics_aggressive,emphasis_feasibility,emphasis_hardlp,emphasis_easycip,separating_off,presolving_fast,default,separating_fast,heuristics_fast,presolving_aggressive,separating_aggressive,emphasis_optimality,heuristics_off
neos-810286,presolving_off,separating_off,emphasis_hardlp,separating_fast,presolving_aggressive,heuristics_fast,heuristics_off,emphasis_easycip,separating_aggressive,presolving_fast,heuristics_aggressive,emphasis_feasibility,emphasis_optimality,default
neos6,separating_fast,separating_aggressive,presolving_aggressive,heuristics_aggressive,presolving_fast,heuristics_fast,presolving_off,emphasis_feasibility,default,separating_off,emphasis_optimality,emphasis_hardlp,emphasis_easycip,heuristics_off
ns1688347,separating_fast,presolving_fast,separating_off,separating_aggressive,presolving_aggressive,heuristics_off,heuristics_aggressive,emphasis_feasibility,presolving_off,heuristics_fast,emphasis_hardlp,emphasis_easycip,default,emphasis_optimality
neos-880324,separating_fast,separating_off,presolving_fast,emphasis_feasibility,emphasis_optimality,default,separating_aggressive,presolving_aggressive,heuristics_off,emphasis_easycip,heuristics_fast,heuristics_aggressive,emphasis_hardlp,presolving_off
mod008,emphasis_hardlp,presolving_off,emphasis_easycip,heuristics_fast,presolving_fast,separating_off,default,separating_fast,presolving_aggressive,heuristics_off,emphasis_optimality,heuristics_aggressive,separating_aggressive,emphasis_feasibility
neos-1171737,emphasis_feasibility,presolving_fast,separating_off,separating_fast,heuristics_aggressive,separating_aggressive,presolving_off,default,presolving_aggressive,emphasis_hardlp,emphasis_optimality,emphasis_easycip,heuristics_fast,heuristics_off
bg512142,presolving_fast,separating_fast,heuristics_aggressive,default,presolving_aggressive,separating_off,separating_aggressive,emphasis_hardlp,presolving_off,emphasis_easycip,heuristics_fast,emphasis_feasibility,heuristics_off,emphasis_optimality
23588,separating_off,presolving_fast,emphasis_feasibility,separating_fast,presolving_off,emphasis_hardlp,presolving_aggressive,default,heuristics_aggressive,heuristics_off,heuristics_fast,emphasis_optimality,separating_aggressive,emphasis_easycip
neos-498623,emphasis_feasibility,heuristics_aggressive,presolving_aggressive,separating_fast,presolving_fast,default,presolving_off,separating_off,separating_aggressive,heuristics_fast,emphasis_optimality,emphasis_easycip,heuristics_off,emphasis_hardlp
neos-955800,separating_off,presolving_aggressive,heuristics_aggressive,separating_fast,presolving_fast,emphasis_easycip,separating_aggressive,emphasis_hardlp,emphasis_feasibility,default,presolving_off,heuristics_fast,heuristics_off,emphasis_optimality
neos-942323,separating_fast,emphasis_feasibility,emphasis_hardlp,separating_off,separating_aggressive,presolving_fast,heuristics_aggressive,presolving_aggressive,heuristics_fast,emphasis_easycip,heuristics_off,default,presolving_off,emphasis_optimality
pb-simp-nonunif,separating_off,presolving_fast,emphasis_feasibility,separating_fast,presolving_off,heuristics_aggressive,separating_aggressive,default,presolving_aggressive,heuristics_off,heuristics_fast,emphasis_easycip,emphasis_optimality,emphasis_hardlp
mcf2,presolving_fast,separating_fast,default,heuristics_aggressive,emphasis_feasibility,presolving_off,presolving_aggressive,separating_off,separating_aggressive,heuristics_fast,emphasis_hardlp,emphasis_easycip,heuristics_off,emphasis_optimality
neos-839838,separating_fast,emphasis_feasibility,separating_off,presolving_fast,presolving_aggressive,emphasis_easycip,presolving_off,default,heuristics_fast,heuristics_aggressive,emphasis_hardlp,separating_aggressive,heuristics_off,emphasis_optimality
neos-848845,emphasis_feasibility,separating_off,default,separating_fast,presolving_fast,emphasis_easycip,heuristics_aggressive,heuristics_off,emphasis_hardlp,presolving_aggressive,heuristics_fast,separating_aggressive,presolving_off,emphasis_optimality
neos-931517,presolving_aggressive,separating_fast,heuristics_aggressive,separating_aggressive,presolving_off,presolving_fast,default,emphasis_feasibility,separating_off,heuristics_fast,emphasis_optimality,heuristics_off,emphasis_hardlp,emphasis_easycip
ns1631475,separating_off,presolving_fast,heuristics_aggressive,separating_aggressive,presolving_aggressive,presolving_off,emphasis_feasibility,separating_fast,emphasis_hardlp,default,heuristics_off,heuristics_fast,emphasis_optimality,emphasis_easycip
sct1,separating_fast,emphasis_feasibility,separating_off,presolving_fast,presolving_aggressive,heuristics_aggressive,separating_aggressive,presolving_off,default,heuristics_fast,emphasis_optimality,heuristics_off,emphasis_hardlp,emphasis_easycip
ns60-pr9,presolving_fast,default,heuristics_aggressive,heuristics_fast,emphasis_easycip,separating_off,presolving_aggressive,emphasis_hardlp,separating_fast,separating_aggressive,presolving_off,emphasis_feasibility,heuristics_off,emphasis_optimality
neos-824695,separating_off,emphasis_feasibility,heuristics_aggressive,default,separating_fast,presolving_fast,presolving_aggressive,presolving_off,emphasis_hardlp,emphasis_easycip,separating_aggressive,emphasis_optimality,heuristics_fast,heuristics_off
csched010,emphasis_feasibility,separating_fast,separating_off,heuristics_aggressive,default,separating_aggressive,presolving_aggressive,presolving_fast,presolving_off,emphasis_hardlp,emphasis_easycip,heuristics_off,emphasis_optimality,heuristics_fast
neos-583731,separating_off,separating_fast,presolving_off,presolving_aggressive,heuristics_aggressive,emphasis_hardlp,emphasis_easycip,heuristics_fast,emphasis_feasibility,presolving_fast,default,separating_aggressive,emphasis_optimality,heuristics_off
germany50-DBM,presolving_off,separating_off,heuristics_fast,separating_aggressive,presolving_aggressive,presolving_fast,heuristics_aggressive,default,separating_fast,emphasis_hardlp,emphasis_feasibility,emphasis_optimality,emphasis_easycip,heuristics_off
neos-850681,emphasis_feasibility,separating_fast,heuristics_aggressive,emphasis_hardlp,separating_aggressive,presolving_off,presolving_fast,heuristics_off,heuristics_fast,emphasis_easycip,default,presolving_aggressive,separating_off,emphasis_optimality
probportfolio,heuristics_fast,emphasis_easycip,separating_fast,emphasis_hardlp,emphasis_feasibility,separating_aggressive,presolving_off,default,separating_off,presolving_aggressive,heuristics_aggressive,presolving_fast,heuristics_off,emphasis_optimality
berlin_5_8_0,separating_fast,presolving_fast,presolving_off,separating_aggressive,separating_off,presolving_aggressive,heuristics_aggressive,emphasis_hardlp,default,emphasis_optimality,emphasis_easycip,heuristics_fast,emphasis_feasibility,heuristics_off
uc-case3,separating_off,separating_fast,emphasis_feasibility,separating_aggressive,presolving_fast,presolving_aggressive,heuristics_aggressive,default,heuristics_fast,emphasis_optimality,presolving_off,emphasis_hardlp,heuristics_off,emphasis_easycip
t1717,separating_fast,emphasis_feasibility,heuristics_aggressive,separating_off,presolving_aggressive,default,separating_aggressive,presolving_fast,heuristics_fast,emphasis_hardlp,presolving_off,heuristics_off,emphasis_optimality,emphasis_easycip
bley_xl1,separating_off,separating_fast,emphasis_hardlp,emphasis_feasibility,presolving_aggressive,heuristics_fast,presolving_off,heuristics_off,heuristics_aggressive,separating_aggressive,presolving_fast,emphasis_easycip,default,emphasis_optimality
nsr8k,presolving_fast,separating_fast,presolving_off,presolving_aggressive,separating_off,emphasis_feasibility,default,heuristics_aggressive,emphasis_optimality,separating_aggressive,heuristics_fast,emphasis_hardlp,emphasis_easycip,heuristics_off
usAbbrv-8-25_70,presolving_off,heuristics_aggressive,presolving_fast,separating_fast,separating_off,separating_aggressive,presolving_aggressive,default,emphasis_hardlp,emphasis_feasibility,emphasis_easycip,heuristics_off,heuristics_fast,emphasis_optimality
