queens-30,separating_off,separating_fast,presolving_off,presolving_aggressive,heuristics_aggressive,presolving_fast,emphasis_hardlp,default,emphasis_feasibility,emphasis_easycip,separating_aggressive,emphasis_optimality,heuristics_off,heuristics_fast
hanoi5,heuristics_aggressive,default,separating_fast,heuristics_fast,presolving_off,separating_aggressive,presolving_fast,presolving_aggressive,emphasis_easycip,separating_off,heuristics_off,emphasis_hardlp,emphasis_feasibility,emphasis_optimality
germany50-DBM,presolving_off,heuristics_aggressive,heuristics_fast,separating_off,separating_fast,presolving_aggressive,default,separating_aggressive,presolving_fast,emphasis_hardlp,emphasis_feasibility,emphasis_optimality,emphasis_easycip,heuristics_off
iis-100-0-cov,separating_off,separating_fast,presolving_aggressive,presolving_off,heuristics_fast,default,separating_aggressive,presolving_fast,emphasis_easycip,emphasis_feasibility,heuristics_off,heuristics_aggressive,emphasis_hardlp,emphasis_optimality
satellites3-40,separating_off,separating_fast,separating_aggressive,presolving_off,presolving_fast,presolving_aggressive,heuristics_off,heuristics_fast,heuristics_aggressive,emphasis_optimality,emphasis_hardlp,emphasis_feasibility,emphasis_easycip,default
neos11,separating_fast,presolving_aggressive,heuristics_aggressive,separating_aggressive,default,presolving_off,heuristics_off,heuristics_fast,separating_off,presolving_fast,emphasis_hardlp,emphasis_feasibility,emphasis_easycip,emphasis_optimality
neos-885524,presolving_fast,separating_off,separating_fast,presolving_off,presolving_aggressive,emphasis_feasibility,default,separating_aggressive,heuristics_fast,heuristics_aggressive,emphasis_easycip,emphasis_optimality,emphasis_hardlp,heuristics_off
neos-1413153,separating_off,separating_fast,presolving_fast,emphasis_easycip,default,emphasis_hardlp,presolving_off,emphasis_feasibility,presolving_aggressive,heuristics_fast,heuristics_aggressive,separating_aggressive,heuristics_off,emphasis_optimality
neos-538916,emphasis_optimality,heuristics_off,presolving_fast,presolving_aggressive,heuristics_fast,separating_fast,presolving_off,default,separating_aggressive,heuristics_aggressive,emphasis_easycip,emphasis_hardlp,emphasis_feasibility,separating_off
neos-1467067,separating_off,presolving_aggressive,default,separating_aggressive,presolving_fast,heuristics_aggressive,separating_fast,presolving_off,emphasis_feasibility,heuristics_off,heuristics_fast,emphasis_optimality,emphasis_hardlp,emphasis_easycip
triptim2,separating_off,separating_fast,separating_aggressive,presolving_fast,presolving_aggressive,presolving_off,heuristics_off,heuristics_fast,heuristics_aggressive,emphasis_hardlp,emphasis_optimality,emphasis_feasibility,emphasis_easycip,default
neos-956971,presolving_off,presolving_fast,separating_off,heuristics_aggressive,emphasis_feasibility,separating_fast,presolving_aggressive,default,emphasis_optimality,emphasis_hardlp,emphasis_easycip,separating_aggressive,heuristics_fast,heuristics_off
opm2-z7-s2,separating_off,emphasis_hardlp,separating_fast,presolving_off,presolving_fast,heuristics_aggressive,default,emphasis_easycip,heuristics_off,emphasis_feasibility,heuristics_fast,emphasis_optimality,separating_aggressive,presolving_aggressive
p0282,presolving_fast,presolving_aggressive,separating_aggressive,default,separating_fast,emphasis_feasibility,heuristics_fast,heuristics_aggressive,emphasis_hardlp,emphasis_optimality,emphasis_easycip,separating_off,presolving_off,heuristics_off
danoint,presolving_fast,separating_fast,default,emphasis_feasibility,heuristics_aggressive,presolving_off,presolving_aggressive,separating_aggressive,separating_off,heuristics_fast,emphasis_hardlp,emphasis_easycip,heuristics_off,emphasis_optimality
neos-932721,presolving_aggressive,heuristics_aggressive,default,presolving_fast,separating_off,emphasis_hardlp,separating_fast,presolving_off,emphasis_feasibility,separating_aggressive,heuristics_off,heuristics_fast,emphasis_optimality,emphasis_easycip
neos-933966,separating_fast,separating_off,presolving_fast,presolving_aggressive,heuristics_aggressive,separating_aggressive,presolving_off,emphasis_feasibility,default,emphasis_easycip,heuristics_fast,emphasis_hardlp,emphasis_optimality,heuristics_off
neos-780889,separating_off,presolving_fast,separating_aggressive,presolving_off,separating_fast,presolving_aggressive,heuristics_off,heuristics_fast,heuristics_aggressive,emphasis_hardlp,emphasis_optimality,emphasis_easycip,emphasis_feasibility,default
sct1,emphasis_feasibility,separating_fast,default,presolving_fast,heuristics_aggressive,presolving_aggressive,separating_off,presolving_off,separating_aggressive,emphasis_optimality,heuristics_off,heuristics_fast,emphasis_hardlp,emphasis_easycip
leo1,heuristics_aggressive,default,separating_fast,separating_off,presolving_fast,presolving_aggressive,emphasis_feasibility,separating_aggressive,presolving_off,heuristics_fast,emphasis_hardlp,emphasis_optimality,emphasis_easycip,heuristics_off
shs1023,separating_fast,separating_off,separating_aggressive,presolving_fast,presolving_off,presolving_aggressive,heuristics_off,heuristics_fast,heuristics_aggressive,emphasis_hardlp,default,emphasis_optimality,emphasis_feasibility,emphasis_easycip
ns1688347,separating_fast,separating_off,separating_aggressive,presolving_fast,heuristics_aggressive,heuristics_off,emphasis_hardlp,presolving_aggressive,heuristics_fast,emphasis_feasibility,emphasis_optimality,default,presolving_off,emphasis_easycip
rocII-9-11,separating_off,separating_fast,presolving_off,presolving_fast,separating_aggressive,presolving_aggressive,heuristics_off,heuristics_aggressive,heuristics_fast,emphasis_optimality,emphasis_easycip,emphasis_hardlp,emphasis_feasibility,default
tanglegram1,separating_fast,presolving_fast,presolving_aggressive,separating_off,heuristics_fast,heuristics_aggressive,emphasis_feasibility,presolving_off,emphasis_hardlp,default,separating_aggressive,emphasis_easycip,heuristics_off,emphasis_optimality
sp97ic,presolving_fast,presolving_aggressive,heuristics_aggressive,separating_off,heuristics_fast,emphasis_easycip,default,presolving_off,separating_aggressive,emphasis_optimality,emphasis_hardlp,separating_fast,emphasis_feasibility,heuristics_off
bab5,separating_fast,separating_aggressive,presolving_fast,presolving_aggressive,heuristics_aggressive,separating_off,presolving_off,emphasis_hardlp,emphasis_feasibility,heuristics_off,heuristics_fast,emphasis_optimality,default,emphasis_easycip
haprp,presolving_off,separating_fast,presolving_aggressive,separating_off,emphasis_hardlp,default,separating_aggressive,presolving_fast,heuristics_aggressive,heuristics_fast,emphasis_easycip,heuristics_off,emphasis_optimality,emphasis_feasibility
r80x800,presolving_aggressive,heuristics_aggressive,presolving_fast,separating_aggressive,default,presolving_off,emphasis_optimality,heuristics_fast,emphasis_hardlp,emphasis_feasibility,separating_off,separating_fast,emphasis_easycip,heuristics_off
opm2-z12-s7,presolving_fast,emphasis_hardlp,emphasis_easycip,default,heuristics_aggressive,separating_off,heuristics_fast,presolving_off,emphasis_feasibility,separating_fast,separating_aggressive,presolving_aggressive,heuristics_off,emphasis_optimality
rout,separating_fast,presolving_fast,presolving_aggressive,separating_aggressive,emphasis_feasibility,default,separating_off,heuristics_off,heuristics_aggressive,emphasis_optimality,heuristics_fast,emphasis_hardlp,presolving_off,emphasis_easycip
dc1l,presolving_off,separating_fast,heuristics_aggressive,default,separating_off,presolving_fast,presolving_aggressive,heuristics_fast,emphasis_easycip,emphasis_feasibility,separating_aggressive,emphasis_hardlp,emphasis_optimality,heuristics_off
reblock354,separating_off,separating_fast,heuristics_fast,default,heuristics_off,emphasis_hardlp,presolving_off,heuristics_aggressive,presolving_fast,emphasis_feasibility,emphasis_easycip,presolving_aggressive,separating_aggressive,emphasis_optimality
neos-544324,separating_off,separating_fast,default,presolving_fast,presolving_aggressive,separating_aggressive,heuristics_aggressive,presolving_off,emphasis_feasibility,heuristics_off,emphasis_hardlp,emphasis_easycip,heuristics_fast,emphasis_optimality
neos-619167,emphasis_feasibility,default,separating_aggressive,presolving_fast,separating_off,presolving_aggressive,heuristics_off,heuristics_fast,emphasis_optimality,separating_fast,emphasis_easycip,heuristics_aggressive,presolving_off,emphasis_hardlp
neos-955215,presolving_aggressive,heuristics_aggressive,default,presolving_fast,separating_fast,emphasis_hardlp,separating_aggressive,presolving_off,emphasis_optimality,emphasis_feasibility,heuristics_fast,separating_off,heuristics_off,emphasis_easycip
circ10-3,separating_off,heuristics_aggressive,emphasis_feasibility,separating_fast,heuristics_fast,separating_aggressive,presolving_fast,presolving_off,heuristics_off,emphasis_hardlp,presolving_aggressive,emphasis_easycip,default,emphasis_optimality
leo2,heuristics_aggressive,default,separating_fast,separating_aggressive,presolving_fast,emphasis_feasibility,emphasis_easycip,separating_off,presolving_off,emphasis_optimality,emphasis_hardlp,heuristics_fast,presolving_aggressive,heuristics_off
prod1,emphasis_hardlp,presolving_aggressive,separating_off,separating_aggressive,presolving_off,presolving_fast,heuristics_off,heuristics_fast,emphasis_easycip,separating_fast,heuristics_aggressive,emphasis_feasibility,emphasis_optimality,default
neos-824661,separating_off,heuristics_aggressive,presolving_off,emphasis_feasibility,separating_fast,presolving_fast,default,presolving_aggressive,separating_aggressive,emphasis_optimality,heuristics_fast,emphasis_hardlp,emphasis_easycip,heuristics_off
neos-1120495,presolving_aggressive,emphasis_hardlp,separating_fast,presolving_fast,emphasis_easycip,heuristics_fast,default,heuristics_off,separating_off,emphasis_feasibility,separating_aggressive,heuristics_aggressive,presolving_off,emphasis_optimality
b2c1s1,presolving_fast,default,heuristics_aggressive,separating_fast,separating_aggressive,presolving_aggressive,emphasis_optimality,presolving_off,heuristics_fast,emphasis_hardlp,emphasis_feasibility,emphasis_easycip,heuristics_off,separating_off
lectsched-1-obj,emphasis_easycip,emphasis_feasibility,separating_off,separating_fast,presolving_aggressive,heuristics_fast,default,heuristics_aggressive,presolving_fast,emphasis_optimality,presolving_off,separating_aggressive,heuristics_off,emphasis_hardlp
rvb-sub,default,separating_off,separating_fast,presolving_fast,emphasis_hardlp,emphasis_feasibility,presolving_off,heuristics_aggressive,presolving_aggressive,emphasis_optimality,emphasis_easycip,separating_aggressive,heuristics_fast,heuristics_off
pigeon-19,heuristics_aggressive,separating_off,separating_fast,presolving_aggressive,separating_aggressive,emphasis_feasibility,emphasis_easycip,emphasis_hardlp,presolving_fast,emphasis_optimality,default,presolving_off,heuristics_off,heuristics_fast
ns2124243,separating_off,separating_fast,presolving_fast,presolving_aggressive,heuristics_aggressive,default,presolving_off,emphasis_feasibility,emphasis_easycip,heuristics_fast,emphasis_hardlp,separating_aggressive,heuristics_off,emphasis_optimality
neos-957389,separating_off,emphasis_hardlp,presolving_fast,heuristics_aggressive,separating_fast,default,separating_aggressive,presolving_aggressive,heuristics_off,heuristics_fast,emphasis_feasibility,emphasis_easycip,emphasis_optimality,presolving_off
neos-1067731,separating_aggressive,presolving_aggressive,heuristics_aggressive,separating_off,presolving_off,presolving_fast,emphasis_feasibility,default,separating_fast,heuristics_off,emphasis_optimality,emphasis_easycip,heuristics_fast,emphasis_hardlp
neos-914441,emphasis_feasibility,emphasis_hardlp,separating_off,heuristics_aggressive,default,presolving_off,presolving_fast,separating_aggressive,heuristics_fast,emphasis_easycip,emphasis_optimality,presolving_aggressive,separating_fast,heuristics_off
dsbmip,presolving_fast,separating_fast,heuristics_aggressive,emphasis_feasibility,default,separating_aggressive,separating_off,presolving_off,heuristics_fast,emphasis_hardlp,presolving_aggressive,emphasis_optimality,emphasis_easycip,heuristics_off
stein27,separating_fast,heuristics_fast,emphasis_hardlp,separating_off,presolving_fast,presolving_aggressive,emphasis_feasibility,emphasis_easycip,separating_aggressive,presolving_off,heuristics_off,heuristics_aggressive,emphasis_optimality,default
neos-913984,separating_fast,separating_off,presolving_fast,separating_aggressive,presolving_off,heuristics_aggressive,default,presolving_aggressive,emphasis_optimality,emphasis_feasibility,emphasis_hardlp,emphasis_easycip,heuristics_fast,heuristics_off
10teams,presolving_aggressive,separating_aggressive,presolving_fast,emphasis_feasibility,default,heuristics_aggressive,emphasis_hardlp,separating_fast,separating_off,presolving_off,heuristics_fast,emphasis_optimality,emphasis_easycip,heuristics_off
pb-simp-nonunif,separating_fast,separating_off,presolving_off,heuristics_fast,emphasis_feasibility,separating_aggressive,presolving_aggressive,presolving_fast,heuristics_off,heuristics_aggressive,emphasis_hardlp,emphasis_easycip,emphasis_optimality,default
neos-930752,presolving_off,presolving_aggressive,heuristics_aggressive,presolving_fast,emphasis_feasibility,default,separating_off,separating_fast,separating_aggressive,emphasis_easycip,heuristics_off,emphasis_optimality,heuristics_fast,emphasis_hardlp
neos-585467,default,separating_fast,separating_off,presolving_aggressive,heuristics_aggressive,heuristics_fast,emphasis_feasibility,separating_aggressive,presolving_fast,heuristics_off,emphasis_optimality,emphasis_hardlp,emphasis_easycip,presolving_off
neos-598183,separating_off,emphasis_feasibility,presolving_fast,separating_fast,default,heuristics_aggressive,presolving_off,emphasis_optimality,presolving_aggressive,emphasis_easycip,separating_aggressive,heuristics_fast,emphasis_hardlp,heuristics_off
prod2,separating_aggressive,emphasis_hardlp,presolving_aggressive,emphasis_easycip,separating_off,separating_fast,presolving_off,heuristics_aggressive,presolving_fast,heuristics_fast,emphasis_feasibility,heuristics_off,default,emphasis_optimality
mas74,emphasis_easycip,heuristics_fast,emphasis_hardlp,separating_fast,separating_off,presolving_off,presolving_fast,heuristics_aggressive,default,presolving_aggressive,separating_aggressive,emphasis_feasibility,heuristics_off,emphasis_optimality
qnet1,default,separating_fast,presolving_aggressive,heuristics_aggressive,separating_off,heuristics_fast,emphasis_hardlp,presolving_fast,emphasis_feasibility,emphasis_easycip,separating_aggressive,presolving_off,heuristics_off,emphasis_optimality
neos-984165,separating_off,presolving_aggressive,separating_fast,default,presolving_fast,separating_aggressive,presolving_off,emphasis_feasibility,heuristics_aggressive,emphasis_easycip,emphasis_optimality,emphasis_hardlp,heuristics_fast,heuristics_off
neos-905856,separating_fast,separating_aggressive,heuristics_aggressive,separating_off,presolving_aggressive,heuristics_off,emphasis_hardlp,emphasis_feasibility,default,presolving_off,presolving_fast,heuristics_fast,emphasis_optimality,emphasis_easycip
