rvb-sub,separating_fast,separating_off,default,presolving_fast,heuristics_fast,emphasis_hardlp,emphasis_feasibility,separating_aggressive,presolving_off,heuristics_off,heuristics_aggressive,emphasis_optimality,emphasis_easycip,presolving_aggressive
neos-1582420,emphasis_hardlp,emphasis_easycip,separating_off,presolving_fast,heuristics_aggressive,presolving_off,presolving_aggressive,separating_fast,separating_aggressive,heuristics_fast,emphasis_feasibility,default,emphasis_optimality,heuristics_off
set3-15,default,separating_aggressive,presolving_fast,presolving_aggressive,heuristics_aggressive,separating_fast,presolving_off,emphasis_optimality,emphasis_hardlp,heuristics_fast,emphasis_easycip,emphasis_feasibility,separating_off,heuristics_off
eilA101-2,separating_fast,separating_off,default,presolving_off,heuristics_off,separating_aggressive,presolving_fast,presolving_aggressive,heuristics_fast,emphasis_hardlp,emphasis_feasibility,heuristics_aggressive,emphasis_easycip,emphasis_optimality
seymour-disj-10,heuristics_aggressive,separating_off,separating_aggressive,presolving_off,presolving_aggressive,separating_fast,emphasis_hardlp,emphasis_feasibility,default,presolving_fast,heuristics_fast,heuristics_off,emphasis_optimality,emphasis_easycip
neos-702280,separating_off,presolving_off,emphasis_feasibility,default,separating_fast,presolving_fast,heuristics_aggressive,presolving_aggressive,heuristics_fast,emphasis_optimality,separating_aggressive,emphasis_easycip,emphasis_hardlp,heuristics_off
neos-574665,separating_fast,presolving_fast,heuristics_aggressive,default,presolving_off,emphasis_easycip,separating_aggressive,emphasis_optimality,emphasis_hardlp,separating_off,presolving_aggressive,heuristics_fast,emphasis_feasibility,heuristics_off
neos-785914,separating_off,emphasis_hardlp,default,heuristics_off,heuristics_fast,presolving_fast,separating_fast,presolving_aggressive,emphasis_easycip,heuristics_aggressive,emphasis_feasibility,separating_aggressive,emphasis_optimality,presolving_off
rmine25,presolving_off,emphasis_hardlp,presolving_fast,emphasis_easycip,emphasis_optimality,separating_fast,separating_aggressive,heuristics_fast,emphasis_feasibility,separating_off,default,heuristics_aggressive,presolving_aggressive,heuristics_off
tw-myciel4,separating_aggressive,heuristics_fast,default,presolving_fast,separating_off,separating_fast,presolving_aggressive,heuristics_off,heuristics_aggressive,presolving_off,emphasis_optimality,emphasis_easycip,emphasis_hardlp,emphasis_feasibility
dsbmip,separating_off,separating_fast,presolving_aggressive,emphasis_easycip,presolving_fast,heuristics_fast,emphasis_feasibility,heuristics_aggressive,emphasis_hardlp,default,separating_aggressive,presolving_off,heuristics_off,emphasis_optimality
sct1,separating_fast,separating_off,emphasis_feasibility,default,presolving_off,separating_aggressive,presolving_fast,heuristics_aggressive,emphasis_optimality,presolving_aggressive,heuristics_off,emphasis_hardlp,heuristics_fast,emphasis_easycip
neos-933815,heuristics_aggressive,presolving_fast,presolving_aggressive,default,separating_aggressive,presolving_off,emphasis_optimality,separating_fast,heuristics_fast,separating_off,emphasis_hardlp,emphasis_feasibility,emphasis_easycip,heuristics_off
neos-1603512,separating_aggressive,emphasis_hardlp,separating_off,default,heuristics_fast,emphasis_easycip,separating_fast,presolving_aggressive,heuristics_off,presolving_off,emphasis_optimality,presolving_fast,emphasis_feasibility,heuristics_aggressive
qnet1_o,heuristics_aggressive,separating_fast,default,separating_off,presolving_aggressive,heuristics_fast,emphasis_hardlp,emphasis_feasibility,separating_aggressive,presolving_off,presolving_fast,emphasis_easycip,heuristics_off,emphasis_optimality
neos-1603965,separating_off,separating_fast,presolving_fast,emphasis_optimality,presolving_aggressive,heuristics_aggressive,separating_aggressive,presolving_off,default,emphasis_feasibility,heuristics_off,heuristics_fast,emphasis_easycip,emphasis_hardlp
bell5,separating_off,separating_fast,default,heuristics_fast,presolving_aggressive,emphasis_easycip,separating_aggressive,presolving_fast,emphasis_optimality,emphasis_hardlp,emphasis_feasibility,presolving_off,heuristics_off,heuristics_aggressive
ns1830653,separating_fast,presolving_aggressive,emphasis_feasibility,default,heuristics_aggressive,separating_aggressive,heuristics_fast,separating_off,presolving_off,presolving_fast,heuristics_off,emphasis_easycip,emphasis_hardlp,emphasis_optimality
neos13,separating_off,emphasis_feasibility,presolving_fast,separating_fast,presolving_off,presolving_aggressive,heuristics_aggressive,separating_aggressive,emphasis_hardlp,default,emphasis_optimality,emphasis_easycip,heuristics_off,heuristics_fast
ic97_potential,heuristics_aggressive,presolving_fast,separating_fast,emphasis_feasibility,emphasis_easycip,presolving_off,presolving_aggressive,heuristics_fast,default,separating_aggressive,separating_off,heuristics_off,emphasis_hardlp,emphasis_optimality
van,separating_fast,presolving_aggressive,emphasis_easycip,separating_off,presolving_off,separating_aggressive,presolving_fast,emphasis_feasibility,heuristics_aggressive,default,heuristics_fast,emphasis_hardlp,heuristics_off,emphasis_optimality
neos-1173026,emphasis_feasibility,presolving_off,emphasis_hardlp,emphasis_easycip,separating_fast,separating_aggressive,separating_off,presolving_fast,heuristics_fast,default,presolving_aggressive,emphasis_optimality,heuristics_off,heuristics_aggressive
p0201,emphasis_hardlp,emphasis_easycip,default,presolving_aggressive,separating_fast,heuristics_fast,presolving_fast,separating_off,heuristics_off,heuristics_aggressive,presolving_off,emphasis_feasibility,separating_aggressive,emphasis_optimality
neos-1460543,emphasis_feasibility,presolving_off,presolving_fast,heuristics_aggressive,default,separating_fast,separating_aggressive,separating_off,presolving_aggressive,emphasis_hardlp,heuristics_fast,emphasis_optimality,emphasis_easycip,heuristics_off
ns894786,separating_off,separating_aggressive,presolving_fast,presolving_off,heuristics_aggressive,separating_fast,presolving_aggressive,heuristics_off,emphasis_feasibility,default,emphasis_optimality,heuristics_fast,emphasis_hardlp,emphasis_easycip
neos-1200887,separating_fast,presolving_fast,heuristics_fast,separating_off,emphasis_hardlp,default,emphasis_feasibility,emphasis_easycip,separating_aggressive,presolving_aggressive,heuristics_off,presolving_off,heuristics_aggressive,emphasis_optimality
eil33-2,separating_fast,separating_off,separating_aggressive,presolving_off,heuristics_fast,emphasis_hardlp,default,presolving_fast,emphasis_easycip,presolving_aggressive,heuristics_off,heuristics_aggressive,emphasis_feasibility,emphasis_optimality
neos-1067731,separating_fast,presolving_aggressive,separating_off,presolving_off,heuristics_aggressive,emphasis_feasibility,emphasis_easycip,default,separating_aggressive,presolving_fast,heuristics_fast,emphasis_optimality,emphasis_hardlp,heuristics_off
rmine14,presolving_fast,separating_off,presolving_off,emphasis_hardlp,emphasis_easycip,separating_fast,heuristics_fast,heuristics_aggressive,emphasis_feasibility,default,presolving_aggressive,separating_aggressive,emphasis_optimality,heuristics_off
neos-1126860,separating_fast,presolving_fast,default,separating_off,presolving_off,presolving_aggressive,emphasis_hardlp,emphasis_feasibility,emphasis_easycip,heuristics_fast,emphasis_optimality,separating_aggressive,heuristics_off,heuristics_aggressive
fiball,heuristics_aggressive,emphasis_feasibility,default,presolving_off,presolving_fast,separating_fast,presolving_aggressive,separating_aggressive,heuristics_off,heuristics_fast,emphasis_optimality,separating_off,emphasis_hardlp,emphasis_easycip
app1-2,separating_fast,presolving_aggressive,presolving_fast,separating_off,heuristics_aggressive,separating_aggressive,presolving_off,default,emphasis_feasibility,heuristics_fast,emphasis_optimality,heuristics_off,emphasis_hardlp,emphasis_easycip
qap10,separating_off,presolving_off,presolving_fast,heuristics_fast,separating_fast,emphasis_hardlp,emphasis_easycip,default,separating_aggressive,emphasis_feasibility,heuristics_aggressive,presolving_aggressive,heuristics_off,emphasis_optimality
gt2,presolving_fast,default,emphasis_hardlp,emphasis_easycip,heuristics_off,heuristics_fast,presolving_aggressive,separating_off,separating_fast,presolving_off,heuristics_aggressive,emphasis_optimality,emphasis_feasibility,separating_aggressive
dano3_5,presolving_aggressive,emphasis_easycip,presolving_fast,default,heuristics_fast,separating_off,separating_fast,emphasis_hardlp,separating_aggressive,emphasis_optimality,presolving_off,emphasis_feasibility,heuristics_aggressive,heuristics_off
macrophage,separating_aggressive,heuristics_aggressive,separating_fast,presolving_off,presolving_aggressive,emphasis_feasibility,default,emphasis_hardlp,separating_off,presolving_fast,heuristics_off,heuristics_fast,emphasis_easycip,emphasis_optimality
neos-555001,presolving_aggressive,heuristics_aggressive,separating_fast,emphasis_feasibility,separating_off,presolving_fast,heuristics_fast,emphasis_hardlp,default,presolving_off,separating_aggressive,emphasis_easycip,emphasis_optimality,heuristics_off
pg,separating_fast,separating_aggressive,presolving_fast,presolving_aggressive,presolving_off,heuristics_fast,heuristics_aggressive,emphasis_hardlp,default,separating_off,emphasis_optimality,emphasis_feasibility,emphasis_easycip,heuristics_off
neos-1420546,emphasis_feasibility,heuristics_aggressive,separating_off,presolving_fast,separating_aggressive,presolving_off,presolving_aggressive,default,separating_fast,heuristics_fast,emphasis_optimality,emphasis_hardlp,heuristics_off,emphasis_easycip
neos-1440447,separating_off,separating_fast,emphasis_easycip,presolving_aggressive,heuristics_off,heuristics_fast,emphasis_feasibility,presolving_fast,emphasis_hardlp,default,heuristics_aggressive,separating_aggressive,presolving_off,emphasis_optimality
neos-538867,presolving_fast,separating_fast,presolving_aggressive,separating_off,separating_aggressive,presolving_off,heuristics_off,emphasis_optimality,default,heuristics_aggressive,emphasis_hardlp,emphasis_easycip,heuristics_fast,emphasis_feasibility
neos-820879,presolving_aggressive,separating_fast,presolving_fast,emphasis_hardlp,default,separating_off,presolving_off,heuristics_aggressive,separating_aggressive,heuristics_off,emphasis_optimality,emphasis_feasibility,heuristics_fast,emphasis_easycip
neos-913984,separating_off,presolving_aggressive,separating_fast,presolving_fast,default,separating_aggressive,emphasis_feasibility,presolving_off,heuristics_aggressive,emphasis_optimality,emphasis_easycip,heuristics_off,heuristics_fast,emphasis_hardlp
cdma,separating_off,presolving_fast,separating_aggressive,emphasis_feasibility,separating_fast,presolving_off,presolving_aggressive,emphasis_hardlp,heuristics_aggressive,emphasis_optimality,default,emphasis_easycip,heuristics_fast,heuristics_off
neos-631784,heuristics_aggressive,separating_off,presolving_fast,presolving_aggressive,emphasis_feasibility,separating_fast,default,presolving_off,emphasis_hardlp,emphasis_easycip,separating_aggressive,heuristics_fast,heuristics_off,emphasis_optimality
neos-1605075,heuristics_off,emphasis_hardlp,presolving_off,presolving_fast,emphasis_feasibility,separating_aggressive,heuristics_fast,emphasis_easycip,separating_fast,presolving_aggressive,default,heuristics_aggressive,separating_off,emphasis_optimality
neos-839859,separating_fast,emphasis_hardlp,emphasis_easycip,separating_off,heuristics_aggressive,emphasis_feasibility,separating_aggressive,presolving_off,emphasis_optimality,default,presolving_fast,heuristics_fast,presolving_aggressive,heuristics_off
neos-803220,emphasis_hardlp,heuristics_fast,emphasis_easycip,heuristics_off,default,presolving_aggressive,separating_fast,presolving_fast,separating_aggressive,presolving_off,separating_off,heuristics_aggressive,emphasis_optimality,emphasis_feasibility
neos-862348,emphasis_feasibility,default,separating_fast,heuristics_aggressive,presolving_aggressive,presolving_fast,emphasis_hardlp,presolving_off,heuristics_fast,separating_aggressive,heuristics_off,separating_off,emphasis_easycip,emphasis_optimality
neos-1467467,emphasis_feasibility,separating_fast,presolving_fast,presolving_off,default,separating_aggressive,presolving_aggressive,heuristics_aggressive,emphasis_optimality,emphasis_hardlp,separating_off,heuristics_fast,emphasis_easycip,heuristics_off
dano3mip,presolving_aggressive,presolving_fast,default,separating_off,separating_fast,emphasis_hardlp,heuristics_fast,emphasis_easycip,separating_aggressive,emphasis_feasibility,presolving_off,emphasis_optimality,heuristics_aggressive,heuristics_off
neos-480878,presolving_off,presolving_fast,separating_fast,separating_off,default,heuristics_fast,heuristics_aggressive,emphasis_easycip,presolving_aggressive,separating_aggressive,emphasis_feasibility,emphasis_optimality,emphasis_hardlp,heuristics_off
neos-1420205,separating_off,separating_fast,heuristics_fast,emphasis_easycip,default,presolving_fast,presolving_aggressive,heuristics_off,separating_aggressive,presolving_off,emphasis_hardlp,heuristics_aggressive,emphasis_optimality,emphasis_feasibility
bnatt400,separating_off,separating_fast,emphasis_hardlp,presolving_off,presolving_aggressive,presolving_fast,heuristics_aggressive,emphasis_feasibility,separating_aggressive,heuristics_fast,emphasis_easycip,default,emphasis_optimality,heuristics_off
disctom,emphasis_feasibility,separating_aggressive,presolving_fast,heuristics_aggressive,separating_fast,default,presolving_aggressive,emphasis_optimality,separating_off,presolving_off,heuristics_off,heuristics_fast,emphasis_hardlp,emphasis_easycip
ns903616,separating_off,separating_aggressive,presolving_off,separating_fast,presolving_fast,emphasis_feasibility,heuristics_aggressive,emphasis_optimality,default,presolving_aggressive,heuristics_off,heuristics_fast,emphasis_hardlp,emphasis_easycip
Test3,separating_fast,presolving_fast,presolving_off,separating_off,presolving_aggressive,emphasis_hardlp,default,separating_aggressive,emphasis_feasibility,emphasis_easycip,heuristics_aggressive,heuristics_off,heuristics_fast,emphasis_optimality
neos-1620770,separating_fast,separating_aggressive,presolving_aggressive,default,separating_off,heuristics_fast,presolving_fast,heuristics_off,presolving_off,emphasis_easycip,heuristics_aggressive,emphasis_hardlp,emphasis_feasibility,emphasis_optimality
rentacar,heuristics_fast,default,presolving_aggressive,emphasis_hardlp,separating_aggressive,presolving_off,presolving_fast,separating_fast,heuristics_aggressive,emphasis_easycip,separating_off,emphasis_optimality,heuristics_off,emphasis_feasibility
neos-1437164,emphasis_hardlp,separating_off,separating_fast,heuristics_aggressive,separating_aggressive,default,presolving_aggressive,emphasis_feasibility,presolving_off,presolving_fast,heuristics_fast,emphasis_optimality,heuristics_off,emphasis_easycip
neos-936660,separating_off,presolving_off,separating_fast,separating_aggressive,presolving_fast,default,presolving_aggressive,heuristics_aggressive,emphasis_feasibility,emphasis_easycip,emphasis_hardlp,emphasis_optimality,heuristics_fast,heuristics_off
