rail03,separating_off,separating_fast,presolving_off,presolving_fast,separating_aggressive,heuristics_off,heuristics_fast,presolving_aggressive,emphasis_hardlp,heuristics_aggressive,emphasis_optimality,emphasis_feasibility,emphasis_easycip,default
neos-498623,heuristics_aggressive,emphasis_feasibility,presolving_aggressive,default,separating_off,presolving_fast,separating_fast,separating_aggressive,presolving_off,heuristics_off,emphasis_optimality,emphasis_hardlp,emphasis_easycip,heuristics_fast
neos-1437164,heuristics_aggressive,separating_off,emphasis_hardlp,default,separating_fast,presolving_aggressive,emphasis_optimality,emphasis_easycip,separating_aggressive,presolving_fast,emphasis_feasibility,presolving_off,heuristics_off,heuristics_fast
neos-1427181,separating_off,presolving_fast,default,separating_aggressive,separating_fast,presolving_off,presolving_aggressive,heuristics_aggressive,emphasis_optimality,emphasis_feasibility,emphasis_hardlp,emphasis_easycip,heuristics_off,heuristics_fast
neos-1429461,separating_off,separating_fast,presolving_fast,presolving_aggressive,default,separating_aggressive,presolving_off,emphasis_optimality,heuristics_fast,heuristics_aggressive,emphasis_hardlp,emphasis_feasibility,heuristics_off,emphasis_easycip
ran14x18_1,presolving_fast,presolving_aggressive,separating_aggressive,presolving_off,heuristics_fast,heuristics_aggressive,default,separating_fast,emphasis_optimality,emphasis_easycip,heuristics_off,emphasis_feasibility,emphasis_hardlp,separating_off
l152lav,separating_off,separating_fast,emphasis_easycip,emphasis_hardlp,heuristics_off,default,presolving_off,heuristics_fast,emphasis_feasibility,presolving_fast,presolving_aggressive,separating_aggressive,heuristics_aggressive,emphasis_optimality
pg5_34,presolving_aggressive,heuristics_aggressive,separating_fast,emphasis_easycip,presolving_fast,emphasis_hardlp,separating_off,separating_aggressive,presolving_off,emphasis_feasibility,default,heuristics_fast,heuristics_off,emphasis_optimality
neos-631164,presolving_off,presolving_fast,heuristics_aggressive,separating_aggressive,presolving_aggressive,default,emphasis_optimality,emphasis_feasibility,separating_off,separating_fast,heuristics_fast,emphasis_hardlp,emphasis_easycip,heuristics_off
harp2,separating_fast,presolving_off,presolving_fast,heuristics_fast,emphasis_feasibility,separating_off,presolving_aggressive,emphasis_hardlp,emphasis_easycip,emphasis_optimality,default,heuristics_off,heuristics_aggressive,separating_aggressive
neos-796608,presolving_aggressive,presolving_off,default,separating_fast,separating_aggressive,presolving_fast,heuristics_fast,separating_off,emphasis_optimality,emphasis_hardlp,heuristics_aggressive,emphasis_easycip,heuristics_off,emphasis_feasibility
neos-948126,presolving_fast,separating_off,separating_aggressive,separating_fast,default,presolving_off,presolving_aggressive,heuristics_aggressive,emphasis_feasibility,emphasis_hardlp,emphasis_easycip,emphasis_optimality,heuristics_fast,heuristics_off
neos-495307,presolving_off,default,presolving_fast,heuristics_fast,heuristics_aggressive,emphasis_hardlp,emphasis_easycip,separating_off,separating_fast,separating_aggressive,emphasis_feasibility,presolving_aggressive,heuristics_off,emphasis_optimality
neos-1324574,presolving_aggressive,separating_off,separating_fast,separating_aggressive,default,presolving_fast,heuristics_fast,heuristics_aggressive,emphasis_easycip,presolving_off,emphasis_feasibility,heuristics_off,emphasis_hardlp,emphasis_optimality
neos-933966,separating_off,separating_aggressive,default,separating_fast,presolving_aggressive,heuristics_aggressive,presolving_off,emphasis_feasibility,presolving_fast,emphasis_optimality,heuristics_fast,emphasis_easycip,emphasis_hardlp,heuristics_off
n15-3,separating_off,presolving_fast,separating_fast,heuristics_aggressive,presolving_off,heuristics_fast,presolving_aggressive,emphasis_hardlp,emphasis_easycip,separating_aggressive,emphasis_optimality,default,heuristics_off,emphasis_feasibility
msc98-ip,separating_off,separating_fast,presolving_aggressive,separating_aggressive,presolving_off,presolving_fast,heuristics_off,emphasis_optimality,default,heuristics_aggressive,emphasis_feasibility,heuristics_fast,emphasis_hardlp,emphasis_easycip
neos-655508,presolving_fast,emphasis_feasibility,separating_off,separating_aggressive,emphasis_hardlp,default,separating_fast,presolving_aggressive,presolving_off,heuristics_fast,emphasis_easycip,heuristics_aggressive,heuristics_off,emphasis_optimality
neos-522351,separating_aggressive,presolving_fast,separating_fast,presolving_aggressive,default,separating_off,presolving_off,emphasis_hardlp,heuristics_fast,heuristics_aggressive,emphasis_feasibility,emphasis_optimality,emphasis_easycip,heuristics_off
neos-1605061,separating_fast,separating_off,separating_aggressive,presolving_aggressive,heuristics_fast,emphasis_feasibility,presolving_off,heuristics_aggressive,presolving_fast,default,heuristics_off,emphasis_hardlp,emphasis_easycip,emphasis_optimality
neos-785914,heuristics_off,emphasis_hardlp,separating_off,presolving_fast,heuristics_fast,default,presolving_aggressive,heuristics_aggressive,emphasis_feasibility,emphasis_easycip,separating_fast,separating_aggressive,presolving_off,emphasis_optimality
neos-501453,separating_aggressive,separating_fast,heuristics_fast,default,separating_off,emphasis_optimality,presolving_off,presolving_aggressive,heuristics_off,emphasis_hardlp,emphasis_easycip,presolving_fast,emphasis_feasibility,heuristics_aggressive
neos-807705,emphasis_hardlp,heuristics_off,separating_off,separating_fast,heuristics_fast,emphasis_easycip,default,separating_aggressive,presolving_aggressive,heuristics_aggressive,presolving_fast,emphasis_feasibility,presolving_off,emphasis_optimality
neos-1442119,separating_off,separating_fast,presolving_fast,emphasis_feasibility,presolving_aggressive,heuristics_aggressive,default,separating_aggressive,presolving_off,emphasis_optimality,heuristics_fast,emphasis_hardlp,emphasis_easycip,heuristics_off
neos-848198,default,presolving_fast,presolving_aggressive,presolving_off,heuristics_aggressive,separating_aggressive,heuristics_fast,emphasis_optimality,emphasis_hardlp,separating_off,separating_fast,heuristics_off,emphasis_easycip,emphasis_feasibility
neos-1173026,separating_fast,presolving_off,presolving_aggressive,emphasis_hardlp,emphasis_feasibility,separating_off,default,emphasis_easycip,separating_aggressive,heuristics_fast,heuristics_off,presolving_fast,emphasis_optimality,heuristics_aggressive
neos-1601936,heuristics_aggressive,presolving_aggressive,heuristics_off,presolving_fast,emphasis_easycip,default,separating_off,separating_fast,separating_aggressive,presolving_off,heuristics_fast,emphasis_hardlp,emphasis_feasibility,emphasis_optimality
neos-1464762,emphasis_feasibility,default,separating_fast,presolving_fast,heuristics_aggressive,separating_aggressive,presolving_off,presolving_aggressive,emphasis_hardlp,emphasis_optimality,separating_off,emphasis_easycip,heuristics_fast,heuristics_off
50v-10,heuristics_aggressive,default,presolving_fast,separating_fast,separating_aggressive,presolving_aggressive,emphasis_hardlp,presolving_off,heuristics_fast,emphasis_optimality,heuristics_off,emphasis_easycip,emphasis_feasibility,separating_off
neos-941313,separating_off,presolving_fast,separating_fast,separating_aggressive,presolving_aggressive,presolving_off,emphasis_feasibility,heuristics_fast,heuristics_aggressive,heuristics_off,emphasis_hardlp,emphasis_optimality,default,emphasis_easycip
neos-911880,separating_aggressive,heuristics_aggressive,presolving_fast,default,emphasis_hardlp,heuristics_fast,separating_fast,presolving_aggressive,emphasis_optimality,emphasis_feasibility,presolving_off,separating_off,emphasis_easycip,heuristics_off
neos-934278,separating_off,separating_fast,separating_aggressive,default,presolving_aggressive,presolving_off,heuristics_aggressive,presolving_fast,emphasis_feasibility,heuristics_fast,emphasis_optimality,emphasis_hardlp,emphasis_easycip,heuristics_off
mine-90-10,presolving_fast,heuristics_aggressive,emphasis_hardlp,separating_off,emphasis_easycip,emphasis_feasibility,default,presolving_aggressive,heuristics_fast,separating_fast,presolving_off,separating_aggressive,heuristics_off,emphasis_optimality
in,separating_aggressive,presolving_off,presolving_fast,separating_off,separating_fast,heuristics_aggressive,heuristics_fast,emphasis_optimality,emphasis_hardlp,emphasis_easycip,heuristics_off,emphasis_feasibility,presolving_aggressive,default
ns4-pr9,separating_fast,presolving_off,separating_off,emphasis_easycip,separating_aggressive,presolving_fast,presolving_aggressive,default,heuristics_aggressive,heuristics_fast,emphasis_hardlp,heuristics_off,emphasis_feasibility,emphasis_optimality
pk1,separating_fast,presolving_aggressive,separating_off,separating_aggressive,presolving_fast,emphasis_easycip,default,presolving_off,heuristics_fast,emphasis_hardlp,heuristics_aggressive,emphasis_optimality,emphasis_feasibility,heuristics_off
mine-166-5,separating_off,emphasis_hardlp,presolving_fast,emphasis_easycip,heuristics_aggressive,emphasis_feasibility,default,separating_fast,heuristics_fast,presolving_off,separating_aggressive,presolving_aggressive,heuristics_off,emphasis_optimality
neos-791021,emphasis_feasibility,presolving_aggressive,separating_off,separating_aggressive,presolving_off,presolving_fast,heuristics_aggressive,emphasis_optimality,separating_fast,emphasis_hardlp,heuristics_off,default,heuristics_fast,emphasis_easycip
ds,separating_fast,separating_off,presolving_aggressive,presolving_off,heuristics_fast,heuristics_aggressive,separating_aggressive,presolving_fast,emphasis_hardlp,emphasis_feasibility,default,emphasis_easycip,heuristics_off,emphasis_optimality
neos-1281048,emphasis_hardlp,separating_fast,default,separating_off,presolving_off,presolving_fast,heuristics_aggressive,separating_aggressive,presolving_aggressive,heuristics_fast,emphasis_easycip,emphasis_optimality,heuristics_off,emphasis_feasibility
neos-686190,emphasis_feasibility,presolving_fast,default,separating_fast,presolving_aggressive,separating_off,heuristics_aggressive,emphasis_easycip,presolving_off,emphasis_hardlp,separating_aggressive,heuristics_fast,emphasis_optimality,heuristics_off
neos-1427261,presolving_fast,separating_fast,presolving_aggressive,separating_off,default,separating_aggressive,heuristics_aggressive,emphasis_feasibility,emphasis_optimality,presolving_off,heuristics_fast,emphasis_hardlp,emphasis_easycip,heuristics_off
vpphard2,separating_off,separating_fast,presolving_fast,heuristics_fast,presolving_off,heuristics_aggressive,presolving_aggressive,emphasis_feasibility,emphasis_optimality,emphasis_easycip,separating_aggressive,heuristics_off,emphasis_hardlp,default
manna81,separating_fast,default,presolving_aggressive,emphasis_easycip,heuristics_aggressive,separating_aggressive,presolving_fast,heuristics_fast,separating_off,emphasis_hardlp,emphasis_feasibility,presolving_off,heuristics_off,emphasis_optimality
aflow40b,presolving_aggressive,emphasis_feasibility,separating_fast,default,separating_off,presolving_fast,separating_aggressive,presolving_off,emphasis_hardlp,emphasis_easycip,heuristics_aggressive,heuristics_fast,emphasis_optimality,heuristics_off
neos-595925,separating_fast,emphasis_feasibility,separating_off,presolving_fast,heuristics_aggressive,default,separating_aggressive,heuristics_fast,presolving_aggressive,emphasis_optimality,presolving_off,heuristics_off,emphasis_hardlp,emphasis_easycip
neos-850681,presolving_fast,emphasis_feasibility,heuristics_aggressive,presolving_off,emphasis_hardlp,heuristics_off,separating_off,separating_fast,presolving_aggressive,separating_aggressive,emphasis_easycip,default,heuristics_fast,emphasis_optimality
neos-826650,heuristics_aggressive,emphasis_hardlp,presolving_fast,emphasis_feasibility,default,separating_off,separating_fast,separating_aggressive,presolving_aggressive,emphasis_easycip,presolving_off,heuristics_fast,emphasis_optimality,heuristics_off
stp3d,separating_off,separating_fast,presolving_fast,separating_aggressive,presolving_off,presolving_aggressive,emphasis_hardlp,heuristics_off,emphasis_optimality,heuristics_aggressive,emphasis_feasibility,default,heuristics_fast,emphasis_easycip
neos-555001,heuristics_aggressive,emphasis_feasibility,presolving_fast,presolving_aggressive,emphasis_hardlp,default,separating_fast,separating_aggressive,heuristics_fast,separating_off,presolving_off,emphasis_easycip,heuristics_off,emphasis_optimality
neos-1597104,presolving_aggressive,heuristics_fast,separating_fast,emphasis_feasibility,emphasis_easycip,separating_off,emphasis_hardlp,separating_aggressive,default,presolving_off,presolving_fast,heuristics_aggressive,heuristics_off,emphasis_optimality
neos-1593097,emphasis_feasibility,separating_fast,presolving_off,presolving_aggressive,default,separating_off,separating_aggressive,heuristics_aggressive,presolving_fast,emphasis_optimality,emphasis_easycip,emphasis_hardlp,heuristics_off,heuristics_fast
dcmulti,separating_fast,presolving_fast,default,presolving_aggressive,heuristics_fast,separating_aggressive,separating_off,presolving_off,emphasis_easycip,heuristics_aggressive,emphasis_optimality,emphasis_hardlp,heuristics_off,emphasis_feasibility
neos-1417043,presolving_fast,separating_off,separating_fast,separating_aggressive,emphasis_easycip,presolving_aggressive,heuristics_off,heuristics_fast,presolving_off,emphasis_optimality,default,emphasis_hardlp,heuristics_aggressive,emphasis_feasibility
ns1631475,presolving_fast,separating_aggressive,separating_off,heuristics_aggressive,emphasis_feasibility,presolving_aggressive,separating_fast,presolving_off,default,heuristics_fast,emphasis_optimality,emphasis_hardlp,heuristics_off,emphasis_easycip
acc-tight5,heuristics_fast,separating_aggressive,presolving_aggressive,emphasis_hardlp,default,separating_fast,presolving_fast,heuristics_off,emphasis_feasibility,emphasis_easycip,separating_off,presolving_off,heuristics_aggressive,emphasis_optimality
neos-584146,separating_aggressive,presolving_fast,separating_off,presolving_aggressive,heuristics_aggressive,separating_fast,presolving_off,heuristics_fast,heuristics_off,emphasis_hardlp,emphasis_feasibility,emphasis_optimality,default,emphasis_easycip
opm2-z10-s2,presolving_fast,emphasis_easycip,separating_off,separating_fast,heuristics_aggressive,emphasis_hardlp,presolving_off,heuristics_fast,default,emphasis_feasibility,separating_aggressive,emphasis_optimality,heuristics_off,presolving_aggressive
unitcal_7,separating_off,presolving_fast,default,separating_fast,presolving_off,presolving_aggressive,separating_aggressive,heuristics_off,emphasis_feasibility,emphasis_optimality,heuristics_fast,heuristics_aggressive,emphasis_hardlp,emphasis_easycip
neos-948268,presolving_aggressive,separating_aggressive,presolving_fast,emphasis_feasibility,separating_off,presolving_off,separating_fast,heuristics_fast,heuristics_aggressive,default,heuristics_off,emphasis_optimality,emphasis_easycip,emphasis_hardlp
neos-880324,separating_off,emphasis_feasibility,default,separating_fast,presolving_aggressive,heuristics_aggressive,emphasis_easycip,presolving_fast,emphasis_hardlp,separating_aggressive,heuristics_fast,presolving_off,heuristics_off,emphasis_optimality
