dcmulti,separating_fast,presolving_aggressive,presolving_fast,emphasis_hardlp,emphasis_easycip,default,separating_off,presolving_off,separating_aggressive,heuristics_off,heuristics_fast,heuristics_aggressive,emphasis_optimality,emphasis_feasibility
neos-476283,separating_off,presolving_fast,heuristics_aggressive,presolving_aggressive,separating_fast,emphasis_feasibility,default,separating_aggressive,presolving_off,emphasis_optimality,heuristics_fast,emphasis_hardlp,emphasis_easycip,heuristics_off
shs1023,separating_fast,separating_aggressive,presolving_fast,separating_off,presolving_off,heuristics_off,presolving_aggressive,heuristics_fast,emphasis_optimality,emphasis_hardlp,emphasis_feasibility,default,heuristics_aggressive,emphasis_easycip
neos-1429461,separating_off,separating_fast,presolving_fast,separating_aggressive,presolving_aggressive,presolving_off,heuristics_aggressive,default,emphasis_feasibility,emphasis_optimality,emphasis_easycip,heuristics_off,heuristics_fast,emphasis_hardlp
rd-rplusc-21,separating_off,separating_fast,separating_aggressive,default,presolving_off,presolving_fast,presolving_aggressive,emphasis_feasibility,heuristics_off,heuristics_aggressive,emphasis_optimality,emphasis_easycip,emphasis_hardlp,heuristics_fast
iis-pima-cov,presolving_off,separating_off,presolving_aggressive,presolving_fast,heuristics_aggressive,emphasis_feasibility,emphasis_easycip,default,heuristics_fast,separating_fast,separating_aggressive,emphasis_hardlp,heuristics_off,emphasis_optimality
neos-631164,presolving_off,presolving_fast,separating_aggressive,presolving_aggressive,heuristics_aggressive,emphasis_optimality,default,separating_fast,emphasis_hardlp,heuristics_fast,emphasis_feasibility,emphasis_easycip,separating_off,heuristics_off
sct5,separating_off,separating_fast,presolving_fast,presolving_aggressive,heuristics_fast,emphasis_feasibility,emphasis_easycip,default,separating_aggressive,heuristics_aggressive,presolving_off,heuristics_off,emphasis_optimality,emphasis_hardlp
t1722,separating_off,separating_fast,emphasis_feasibility,presolving_aggressive,default,emphasis_easycip,separating_aggressive,presolving_fast,heuristics_aggressive,heuristics_off,emphasis_hardlp,presolving_off,heuristics_fast,emphasis_optimality
neos-916173,presolving_fast,presolving_off,separating_fast,heuristics_aggressive,separating_off,presolving_aggressive,default,emphasis_feasibility,separating_aggressive,heuristics_fast,emphasis_hardlp,heuristics_off,emphasis_easycip,emphasis_optimality
neos-1413153,separating_off,separating_fast,emphasis_easycip,presolving_fast,emphasis_hardlp,presolving_aggressive,default,presolving_off,separating_aggressive,heuristics_aggressive,emphasis_feasibility,heuristics_fast,emphasis_optimality,heuristics_off
neos-619167,separating_off,separating_fast,presolving_aggressive,separating_aggressive,presolving_fast,emphasis_optimality,heuristics_aggressive,emphasis_feasibility,default,presolving_off,emphasis_hardlp,emphasis_easycip,heuristics_off,heuristics_fast
neos-1427181,separating_off,default,separating_fast,presolving_fast,heuristics_aggressive,separating_aggressive,presolving_off,emphasis_feasibility,presolving_aggressive,emphasis_optimality,emphasis_hardlp,heuristics_off,heuristics_fast,emphasis_easycip
lotsize,presolving_off,presolving_fast,separating_fast,default,heuristics_fast,emphasis_feasibility,separating_off,heuristics_aggressive,separating_aggressive,presolving_aggressive,emphasis_hardlp,emphasis_optimality,heuristics_off,emphasis_easycip
tr12-30,presolving_fast,presolving_off,separating_aggressive,heuristics_aggressive,presolving_aggressive,heuristics_fast,default,emphasis_hardlp,separating_fast,emphasis_optimality,emphasis_easycip,separating_off,emphasis_feasibility,heuristics_off
ns1208400,emphasis_feasibility,separating_off,presolving_fast,heuristics_off,heuristics_aggressive,default,separating_fast,separating_aggressive,presolving_aggressive,heuristics_fast,emphasis_easycip,presolving_off,emphasis_optimality,emphasis_hardlp
neos-860244,separating_off,separating_fast,presolving_fast,emphasis_feasibility,emphasis_hardlp,separating_aggressive,presolving_aggressive,default,heuristics_fast,heuristics_aggressive,presolving_off,emphasis_easycip,heuristics_off,emphasis_optimality
neos-1467067,separating_fast,presolving_aggressive,separating_off,presolving_fast,default,separating_aggressive,presolving_off,heuristics_aggressive,emphasis_feasibility,emphasis_optimality,emphasis_hardlp,emphasis_easycip,heuristics_off,heuristics_fast
neos-551991,separating_aggressive,default,heuristics_aggressive,presolving_fast,emphasis_feasibility,presolving_off,presolving_aggressive,emphasis_hardlp,separating_fast,separating_off,heuristics_fast,heuristics_off,emphasis_optimality,emphasis_easycip
neos-1616732,emphasis_easycip,presolving_fast,heuristics_fast,separating_fast,default,presolving_aggressive,presolving_off,heuristics_off,separating_aggressive,separating_off,heuristics_aggressive,emphasis_optimality,emphasis_hardlp,emphasis_feasibility
rocII-7-11,separating_off,separating_fast,separating_aggressive,heuristics_off,presolving_fast,presolving_aggressive,presolving_off,heuristics_fast,heuristics_aggressive,emphasis_feasibility,emphasis_optimality,emphasis_hardlp,emphasis_easycip,default
neos-555927,separating_fast,heuristics_aggressive,default,separating_aggressive,presolving_fast,presolving_aggressive,emphasis_feasibility,heuristics_fast,separating_off,presolving_off,emphasis_hardlp,emphasis_optimality,heuristics_off,emphasis_easycip
neos-933638,heuristics_aggressive,separating_fast,presolving_fast,separating_off,separating_aggressive,emphasis_feasibility,presolving_aggressive,default,presolving_off,emphasis_easycip,emphasis_hardlp,emphasis_optimality,heuristics_fast,heuristics_off
pigeon-19,presolving_aggressive,separating_fast,separating_off,separating_aggressive,emphasis_hardlp,emphasis_optimality,emphasis_feasibility,presolving_off,heuristics_aggressive,emphasis_easycip,presolving_fast,default,heuristics_fast,heuristics_off
neos-839859,emphasis_hardlp,heuristics_aggressive,emphasis_optimality,separating_fast,presolving_fast,emphasis_feasibility,default,separating_aggressive,separating_off,emphasis_easycip,presolving_aggressive,heuristics_fast,presolving_off,heuristics_off
neos-841664,presolving_fast,presolving_aggressive,default,separating_fast,emphasis_hardlp,separating_aggressive,heuristics_aggressive,presolving_off,emphasis_optimality,emphasis_easycip,heuristics_fast,separating_off,heuristics_off,emphasis_feasibility
toll-like,presolving_aggressive,heuristics_fast,separating_fast,default,heuristics_aggressive,separating_off,presolving_fast,emphasis_easycip,emphasis_feasibility,separating_aggressive,presolving_off,emphasis_hardlp,heuristics_off,emphasis_optimality
map18,default,presolving_aggressive,separating_fast,separating_off,presolving_fast,separating_aggressive,heuristics_aggressive,emphasis_feasibility,heuristics_fast,emphasis_easycip,emphasis_hardlp,presolving_off,emphasis_optimality,heuristics_off
neos-934441,separating_off,presolving_fast,heuristics_aggressive,separating_fast,separating_aggressive,emphasis_feasibility,default,presolving_off,presolving_aggressive,emphasis_easycip,emphasis_hardlp,emphasis_optimality,heuristics_fast,heuristics_off
neos-691058,separating_fast,presolving_off,presolving_aggressive,presolving_fast,emphasis_feasibility,separating_aggressive,heuristics_aggressive,default,separating_off,emphasis_hardlp,emphasis_optimality,heuristics_fast,emphasis_easycip,heuristics_off
ramos3,presolving_off,default,presolving_fast,heuristics_aggressive,separating_off,separating_fast,separating_aggressive,emphasis_feasibility,heuristics_fast,emphasis_easycip,emphasis_hardlp,presolving_aggressive,heuristics_off,emphasis_optimality
neos-803219,emphasis_hardlp,emphasis_easycip,separating_fast,heuristics_fast,presolving_aggressive,separating_aggressive,default,separating_off,presolving_fast,heuristics_off,presolving_off,heuristics_aggressive,emphasis_optimality,emphasis_feasibility
neos-555884,emphasis_feasibility,default,presolving_aggressive,heuristics_aggressive,separating_fast,presolving_fast,separating_aggressive,presolving_off,separating_off,heuristics_off,heuristics_fast,emphasis_hardlp,emphasis_optimality,emphasis_easycip
neos-631709,presolving_aggressive,separating_off,separating_aggressive,heuristics_aggressive,presolving_off,presolving_fast,emphasis_feasibility,separating_fast,emphasis_hardlp,default,emphasis_optimality,emphasis_easycip,heuristics_fast,heuristics_off
neos-598183,separating_fast,separating_off,emphasis_feasibility,emphasis_optimality,presolving_fast,default,heuristics_aggressive,separating_aggressive,presolving_off,emphasis_easycip,presolving_aggressive,heuristics_fast,emphasis_hardlp,heuristics_off
n3-3,presolving_aggressive,heuristics_fast,heuristics_aggressive,separating_aggressive,default,presolving_off,presolving_fast,emphasis_hardlp,separating_fast,emphasis_easycip,separating_off,heuristics_off,emphasis_optimality,emphasis_feasibility
neos-826841,separating_fast,presolving_fast,presolving_aggressive,emphasis_feasibility,heuristics_aggressive,default,presolving_off,separating_aggressive,heuristics_fast,emphasis_optimality,emphasis_hardlp,emphasis_easycip,separating_off,heuristics_off
neos-1173026,separating_aggressive,emphasis_hardlp,presolving_off,emphasis_feasibility,default,separating_off,separating_fast,presolving_aggressive,heuristics_fast,emphasis_easycip,heuristics_off,presolving_fast,heuristics_aggressive,emphasis_optimality
rmatr100-p10,separating_off,default,separating_fast,presolving_fast,presolving_aggressive,separating_aggressive,presolving_off,emphasis_hardlp,heuristics_aggressive,emphasis_feasibility,heuristics_fast,emphasis_easycip,emphasis_optimality,heuristics_off
neos-1120495,presolving_aggressive,emphasis_easycip,default,separating_fast,emphasis_hardlp,presolving_fast,heuristics_off,heuristics_fast,emphasis_feasibility,heuristics_aggressive,separating_off,separating_aggressive,emphasis_optimality,presolving_off
pw-myciel4,separating_aggressive,presolving_fast,default,presolving_aggressive,separating_off,separating_fast,heuristics_aggressive,presolving_off,heuristics_off,heuristics_fast,emphasis_easycip,emphasis_hardlp,emphasis_feasibility,emphasis_optimality
neos-1211578,heuristics_off,presolving_aggressive,heuristics_fast,emphasis_hardlp,separating_fast,separating_off,default,emphasis_feasibility,emphasis_easycip,separating_aggressive,presolving_fast,heuristics_aggressive,emphasis_optimality,presolving_off
neos-942830,default,presolving_fast,emphasis_feasibility,separating_aggressive,presolving_aggressive,heuristics_off,heuristics_aggressive,emphasis_hardlp,emphasis_easycip,separating_off,separating_fast,presolving_off,heuristics_fast,emphasis_optimality
neos-847051,presolving_fast,presolving_aggressive,default,separating_fast,emphasis_hardlp,separating_aggressive,heuristics_aggressive,emphasis_feasibility,presolving_off,emphasis_easycip,separating_off,heuristics_fast,emphasis_optimality,heuristics_off
gesa3,separating_fast,emphasis_hardlp,presolving_aggressive,default,separating_off,presolving_off,presolving_fast,heuristics_aggressive,heuristics_fast,emphasis_easycip,heuristics_off,separating_aggressive,emphasis_optimality,emphasis_feasibility
neos-1442657,separating_off,presolving_fast,presolving_off,separating_fast,presolving_aggressive,emphasis_feasibility,separating_aggressive,heuristics_aggressive,default,heuristics_fast,emphasis_optimality,emphasis_hardlp,emphasis_easycip,heuristics_off
mine-166-5,separating_off,emphasis_hardlp,separating_fast,presolving_fast,emphasis_feasibility,emphasis_easycip,heuristics_aggressive,default,presolving_off,heuristics_fast,separating_aggressive,heuristics_off,presolving_aggressive,emphasis_optimality
neos-522351,presolving_aggressive,separating_fast,separating_aggressive,default,presolving_off,presolving_fast,heuristics_aggressive,emphasis_feasibility,separating_off,emphasis_optimality,emphasis_easycip,heuristics_fast,emphasis_hardlp,heuristics_off
bg512142,presolving_fast,heuristics_aggressive,separating_fast,presolving_off,default,separating_aggressive,presolving_aggressive,emphasis_hardlp,emphasis_easycip,heuristics_fast,emphasis_optimality,emphasis_feasibility,separating_off,heuristics_off
neos-935627,separating_aggressive,presolving_fast,default,separating_fast,separating_off,presolving_aggressive,presolving_off,heuristics_aggressive,emphasis_feasibility,emphasis_hardlp,emphasis_easycip,heuristics_fast,emphasis_optimality,heuristics_off
triptim2,separating_off,separating_fast,separating_aggressive,presolving_off,presolving_fast,presolving_aggressive,heuristics_off,heuristics_fast,heuristics_aggressive,emphasis_optimality,emphasis_hardlp,emphasis_feasibility,emphasis_easycip,default
rocII-4-11,separating_off,separating_fast,separating_aggressive,presolving_fast,heuristics_off,heuristics_aggressive,emphasis_feasibility,presolving_off,presolving_aggressive,emphasis_hardlp,default,emphasis_optimality,heuristics_fast,emphasis_easycip
23588,presolving_fast,emphasis_feasibility,default,separating_fast,emphasis_hardlp,separating_off,presolving_off,presolving_aggressive,separating_aggressive,heuristics_aggressive,heuristics_fast,emphasis_optimality,heuristics_off,emphasis_easycip
dano3_3,presolving_aggressive,heuristics_fast,emphasis_easycip,presolving_fast,default,separating_off,separating_fast,emphasis_optimality,emphasis_hardlp,separating_aggressive,presolving_off,heuristics_aggressive,heuristics_off,emphasis_feasibility
neos-932721,presolving_aggressive,presolving_fast,heuristics_aggressive,default,separating_aggressive,separating_fast,separating_off,presolving_off,heuristics_off,heuristics_fast,emphasis_feasibility,emphasis_optimality,emphasis_easycip,emphasis_hardlp
neos13,separating_off,separating_fast,presolving_fast,separating_aggressive,presolving_off,presolving_aggressive,heuristics_aggressive,emphasis_feasibility,default,heuristics_fast,emphasis_optimality,emphasis_hardlp,emphasis_easycip,heuristics_off
mining,presolving_off,presolving_fast,separating_fast,emphasis_hardlp,separating_aggressive,heuristics_fast,emphasis_easycip,separating_off,heuristics_aggressive,emphasis_optimality,heuristics_off,presolving_aggressive,emphasis_feasibility,default
cap6000,separating_fast,heuristics_aggressive,separating_aggressive,presolving_aggressive,emphasis_feasibility,default,presolving_fast,heuristics_fast,presolving_off,emphasis_optimality,emphasis_hardlp,emphasis_easycip,separating_off,heuristics_off
sp98ir,heuristics_aggressive,presolving_fast,default,presolving_aggressive,separating_fast,separating_aggressive,separating_off,emphasis_feasibility,presolving_off,emphasis_optimality,heuristics_fast,emphasis_hardlp,emphasis_easycip,heuristics_off
neos12,separating_aggressive,default,heuristics_aggressive,emphasis_feasibility,separating_off,separating_fast,presolving_fast,presolving_aggressive,emphasis_hardlp,presolving_off,heuristics_fast,emphasis_easycip,heuristics_off,emphasis_optimality
qnet1_o,separating_off,heuristics_aggressive,separating_fast,emphasis_feasibility,default,presolving_fast,emphasis_hardlp,presolving_aggressive,heuristics_fast,presolving_off,emphasis_easycip,separating_aggressive,heuristics_off,emphasis_optimality
