ran14x18_1,separating_aggressive,presolving_fast,presolving_aggressive,default,heuristics_fast,heuristics_aggressive,presolving_off,emphasis_optimality,separating_fast,emphasis_easycip,heuristics_off,emphasis_hardlp,emphasis_feasibility,separating_off
lrn,separating_fast,presolving_fast,presolving_off,separating_off,separating_aggressive,default,presolving_aggressive,heuristics_aggressive,emphasis_optimality,emphasis_feasibility,emphasis_hardlp,heuristics_fast,emphasis_easycip,heuristics_off
iis-100-0-cov,separating_off,heuristics_fast,emphasis_easycip,presolving_off,presolving_fast,separating_fast,default,presolving_aggressive,separating_aggressive,heuristics_aggressive,emphasis_feasibility,heuristics_off,emphasis_hardlp,emphasis_optimality
neos-738098,separating_off,separating_fast,presolving_fast,presolving_aggressive,emphasis_feasibility,heuristics_aggressive,default,separating_aggressive,presolving_off,heuristics_fast,emphasis_optimality,emphasis_hardlp,emphasis_easycip,heuristics_off
manna81,presolving_fast,separating_off,separating_fast,emphasis_hardlp,default,presolving_aggressive,presolving_off,emphasis_feasibility,heuristics_aggressive,separating_aggressive,heuristics_fast,emphasis_easycip,heuristics_off,emphasis_optimality
uct-subprob,separating_fast,emphasis_hardlp,default,separating_off,presolving_fast,presolving_aggressive,heuristics_aggressive,presolving_off,separating_aggressive,heuristics_fast,emphasis_feasibility,emphasis_easycip,heuristics_off,emphasis_optimality
germanrr,separating_fast,presolving_fast,separating_off,emphasis_feasibility,default,presolving_aggressive,heuristics_aggressive,presolving_off,separating_aggressive,emphasis_optimality,heuristics_fast,emphasis_hardlp,emphasis_easycip,heuristics_off
rail02,separating_off,separating_fast,separating_aggressive,presolving_off,presolving_fast,presolving_aggressive,heuristics_off,heuristics_fast,heuristics_aggressive,emphasis_optimality,emphasis_hardlp,emphasis_feasibility,emphasis_easycip,default
neos-827175,heuristics_aggressive,emphasis_feasibility,separating_off,separating_fast,default,presolving_fast,presolving_off,presolving_aggressive,separating_aggressive,emphasis_optimality,emphasis_hardlp,heuristics_fast,emphasis_easycip,heuristics_off
eilB101,separating_fast,default,separating_off,heuristics_fast,presolving_aggressive,presolving_fast,emphasis_easycip,presolving_off,emphasis_hardlp,emphasis_feasibility,heuristics_off,heuristics_aggressive,separating_aggressive,emphasis_optimality
neos18,separating_off,presolving_fast,default,separating_fast,separating_aggressive,presolving_aggressive,emphasis_feasibility,heuristics_aggressive,heuristics_fast,emphasis_hardlp,presolving_off,emphasis_easycip,emphasis_optimality,heuristics_off
neos-806323,presolving_fast,separating_off,default,separating_fast,presolving_aggressive,heuristics_aggressive,separating_aggressive,presolving_off,emphasis_feasibility,heuristics_fast,emphasis_hardlp,emphasis_easycip,heuristics_off,emphasis_optimality
neos-826650,heuristics_aggressive,emphasis_feasibility,separating_off,separating_fast,presolving_fast,default,presolving_aggressive,separating_aggressive,emphasis_hardlp,heuristics_fast,emphasis_easycip,presolving_off,emphasis_optimality,heuristics_off
rmine6,emphasis_hardlp,separating_off,presolving_fast,emphasis_feasibility,default,separating_fast,presolving_off,heuristics_aggressive,heuristics_fast,emphasis_easycip,heuristics_off,separating_aggressive,presolving_aggressive,emphasis_optimality
neos-555424,separating_fast,presolving_fast,presolving_aggressive,heuristics_aggressive,emphasis_feasibility,presolving_off,default,separating_off,emphasis_easycip,emphasis_hardlp,separating_aggressive,heuristics_fast,heuristics_off,emphasis_optimality
neos-1464762,emphasis_feasibility,presolving_fast,separating_fast,default,heuristics_aggressive,separating_aggressive,presolving_off,presolving_aggressive,emphasis_optimality,separating_off,emphasis_hardlp,emphasis_easycip,heuristics_fast,heuristics_off
opm2-z7-s2,emphasis_hardlp,presolving_fast,separating_off,default,emphasis_feasibility,separating_fast,presolving_off,heuristics_aggressive,heuristics_fast,emphasis_easycip,separating_aggressive,presolving_aggressive,heuristics_off,emphasis_optimality
neos-1211578,heuristics_off,presolving_aggressive,heuristics_fast,emphasis_hardlp,separating_fast,separating_off,default,emphasis_feasibility,emphasis_easycip,separating_aggressive,presolving_fast,heuristics_aggressive,emphasis_optimality,presolving_off
neos-876808,emphasis_feasibility,separating_fast,separating_off,separating_aggressive,heuristics_aggressive,presolving_fast,default,presolving_off,presolving_aggressive,emphasis_optimality,emphasis_hardlp,heuristics_fast,heuristics_off,emphasis_easycip
neos-1460265,emphasis_feasibility,presolving_fast,separating_fast,heuristics_aggressive,separating_aggressive,default,presolving_off,presolving_aggressive,separating_off,emphasis_optimality,emphasis_hardlp,emphasis_easycip,heuristics_fast,heuristics_off
neos-933562,emphasis_feasibility,separating_fast,default,presolving_aggressive,presolving_fast,heuristics_aggressive,emphasis_hardlp,heuristics_fast,presolving_off,separating_aggressive,emphasis_easycip,heuristics_off,separating_off,emphasis_optimality
neos-547911,separating_off,default,separating_fast,presolving_fast,presolving_aggressive,presolving_off,separating_aggressive,heuristics_aggressive,heuristics_fast,emphasis_optimality,emphasis_feasibility,heuristics_off,emphasis_easycip,emphasis_hardlp
neos-631164,presolving_off,separating_aggressive,presolving_fast,heuristics_aggressive,presolving_aggressive,default,emphasis_optimality,emphasis_hardlp,separating_fast,emphasis_feasibility,emphasis_easycip,heuristics_fast,separating_off,heuristics_off
neos-808072,emphasis_feasibility,emphasis_hardlp,presolving_fast,heuristics_fast,emphasis_easycip,presolving_aggressive,heuristics_aggressive,heuristics_off,separating_off,separating_fast,presolving_off,default,separating_aggressive,emphasis_optimality
haprp,presolving_aggressive,separating_off,separating_fast,heuristics_aggressive,default,separating_aggressive,presolving_fast,heuristics_fast,emphasis_feasibility,presolving_off,emphasis_optimality,emphasis_hardlp,emphasis_easycip,heuristics_off
shs1023,separating_off,presolving_aggressive,presolving_fast,separating_fast,separating_aggressive,heuristics_aggressive,presolving_off,heuristics_off,default,heuristics_fast,emphasis_optimality,emphasis_hardlp,emphasis_feasibility,emphasis_easycip
misc06,separating_fast,presolving_fast,presolving_aggressive,default,separating_off,heuristics_aggressive,separating_aggressive,presolving_off,heuristics_fast,emphasis_easycip,emphasis_hardlp,emphasis_optimality,emphasis_feasibility,heuristics_off
neos-934441,presolving_fast,emphasis_feasibility,heuristics_aggressive,separating_aggressive,presolving_off,separating_off,presolving_aggressive,separating_fast,default,emphasis_hardlp,emphasis_easycip,emphasis_optimality,heuristics_fast,heuristics_off
neos-932721,separating_off,separating_fast,presolving_aggressive,presolving_fast,default,separating_aggressive,heuristics_aggressive,presolving_off,emphasis_feasibility,emphasis_hardlp,emphasis_easycip,emphasis_optimality,heuristics_fast,heuristics_off
air05,emphasis_feasibility,separating_fast,separating_off,heuristics_aggressive,default,presolving_aggressive,separating_aggressive,heuristics_fast,emphasis_hardlp,presolving_fast,emphasis_easycip,heuristics_off,presolving_off,emphasis_optimality
p0548,separating_fast,emphasis_hardlp,presolving_fast,default,presolving_aggressive,heuristics_fast,heuristics_aggressive,presolving_off,emphasis_feasibility,separating_aggressive,emphasis_easycip,emphasis_optimality,separating_off,heuristics_off
p6b,emphasis_hardlp,presolving_fast,separating_off,default,emphasis_easycip,separating_fast,presolving_aggressive,heuristics_fast,heuristics_aggressive,emphasis_feasibility,presolving_off,separating_aggressive,heuristics_off,emphasis_optimality
leo2,heuristics_aggressive,separating_fast,emphasis_feasibility,default,presolving_fast,presolving_aggressive,separating_aggressive,presolving_off,emphasis_easycip,heuristics_fast,emphasis_optimality,separating_off,emphasis_hardlp,heuristics_off
neos-1367061,heuristics_aggressive,presolving_fast,presolving_aggressive,default,separating_aggressive,heuristics_fast,presolving_off,emphasis_optimality,emphasis_hardlp,separating_fast,emphasis_feasibility,emphasis_easycip,separating_off,heuristics_off
nsa,emphasis_easycip,separating_fast,presolving_aggressive,emphasis_hardlp,separating_off,presolving_fast,separating_aggressive,heuristics_aggressive,heuristics_fast,default,presolving_off,emphasis_feasibility,heuristics_off,emphasis_optimality
sing2,separating_fast,separating_off,separating_aggressive,presolving_off,presolving_fast,presolving_aggressive,default,heuristics_aggressive,emphasis_feasibility,heuristics_fast,emphasis_optimality,emphasis_hardlp,emphasis_easycip,heuristics_off
leo1,heuristics_aggressive,separating_fast,emphasis_feasibility,default,presolving_fast,presolving_aggressive,separating_aggressive,presolving_off,emphasis_easycip,heuristics_fast,emphasis_optimality,separating_off,emphasis_hardlp,heuristics_off
neos-1442657,separating_off,presolving_fast,separating_fast,presolving_off,emphasis_feasibility,presolving_aggressive,heuristics_aggressive,default,separating_aggressive,emphasis_optimality,emphasis_hardlp,heuristics_fast,emphasis_easycip,heuristics_off
neos-525149,separating_fast,presolving_aggressive,emphasis_feasibility,default,presolving_fast,heuristics_aggressive,separating_off,presolving_off,emphasis_hardlp,separating_aggressive,emphasis_easycip,heuristics_fast,heuristics_off,emphasis_optimality
neos-916173,presolving_fast,separating_off,separating_fast,default,presolving_off,heuristics_aggressive,presolving_aggressive,separating_aggressive,emphasis_hardlp,emphasis_feasibility,heuristics_fast,emphasis_optimality,emphasis_easycip,heuristics_off
van,separating_fast,presolving_fast,presolving_aggressive,default,separating_off,separating_aggressive,heuristics_fast,presolving_off,heuristics_aggressive,emphasis_hardlp,emphasis_optimality,emphasis_feasibility,emphasis_easycip,heuristics_off
neos-1324574,default,presolving_aggressive,separating_off,presolving_fast,separating_aggressive,heuristics_aggressive,emphasis_feasibility,separating_fast,heuristics_fast,presolving_off,emphasis_hardlp,emphasis_easycip,emphasis_optimality,heuristics_off
rmine14,presolving_off,emphasis_hardlp,separating_off,presolving_fast,separating_fast,default,heuristics_aggressive,emphasis_feasibility,emphasis_easycip,heuristics_fast,separating_aggressive,emphasis_optimality,presolving_aggressive,heuristics_off
probportfolio,separating_off,emphasis_hardlp,separating_fast,presolving_off,default,emphasis_feasibility,emphasis_easycip,presolving_fast,presolving_aggressive,heuristics_fast,separating_aggressive,heuristics_aggressive,heuristics_off,emphasis_optimality
bab3,separating_off,separating_fast,presolving_off,presolving_fast,separating_aggressive,presolving_aggressive,heuristics_off,heuristics_fast,heuristics_aggressive,emphasis_easycip,emphasis_hardlp,emphasis_optimality,emphasis_feasibility,default
lectsched-4-obj,emphasis_feasibility,separating_off,presolving_fast,presolving_aggressive,default,separating_fast,heuristics_aggressive,separating_aggressive,presolving_off,heuristics_off,heuristics_fast,emphasis_optimality,emphasis_hardlp,emphasis_easycip
neos-860244,presolving_aggressive,presolving_fast,separating_fast,heuristics_aggressive,default,separating_off,emphasis_hardlp,emphasis_feasibility,emphasis_easycip,presolving_off,heuristics_fast,separating_aggressive,heuristics_off,emphasis_optimality
22433,separating_off,emphasis_hardlp,presolving_fast,emphasis_easycip,separating_fast,heuristics_fast,presolving_aggressive,emphasis_feasibility,presolving_off,default,heuristics_off,heuristics_aggressive,separating_aggressive,emphasis_optimality
neos-1429461,separating_off,presolving_fast,separating_fast,presolving_off,presolving_aggressive,emphasis_feasibility,default,separating_aggressive,heuristics_aggressive,emphasis_optimality,emphasis_hardlp,heuristics_fast,emphasis_easycip,heuristics_off
gt2,default,separating_fast,presolving_aggressive,heuristics_fast,separating_aggressive,presolving_fast,separating_off,heuristics_aggressive,emphasis_hardlp,emphasis_optimality,emphasis_easycip,heuristics_off,presolving_off,emphasis_feasibility
gmu-35-40,presolving_off,emphasis_feasibility,presolving_fast,heuristics_aggressive,default,separating_fast,presolving_aggressive,emphasis_hardlp,emphasis_easycip,separating_aggressive,separating_off,heuristics_fast,emphasis_optimality,heuristics_off
neos-1420790,separating_fast,presolving_aggressive,presolving_fast,default,heuristics_aggressive,emphasis_feasibility,separating_off,separating_aggressive,presolving_off,emphasis_optimality,heuristics_fast,emphasis_easycip,emphasis_hardlp,heuristics_off
neos-702280,separating_off,default,separating_fast,presolving_aggressive,presolving_fast,heuristics_fast,presolving_off,emphasis_feasibility,heuristics_aggressive,separating_aggressive,emphasis_hardlp,emphasis_easycip,emphasis_optimality,heuristics_off
ns2124243,separating_off,separating_fast,presolving_aggressive,emphasis_feasibility,presolving_fast,presolving_off,heuristics_aggressive,default,separating_aggressive,emphasis_optimality,emphasis_easycip,heuristics_fast,emphasis_hardlp,heuristics_off
neos-662469,presolving_off,presolving_aggressive,separating_off,separating_fast,presolving_fast,heuristics_aggressive,heuristics_off,separating_aggressive,emphasis_feasibility,heuristics_fast,default,emphasis_optimality,emphasis_hardlp,emphasis_easycip
stein27,heuristics_fast,separating_off,presolving_fast,presolving_off,presolving_aggressive,default,separating_fast,emphasis_easycip,emphasis_hardlp,separating_aggressive,heuristics_aggressive,heuristics_off,emphasis_feasibility,emphasis_optimality
neos-585467,default,separating_fast,separating_off,presolving_aggressive,heuristics_aggressive,heuristics_fast,emphasis_feasibility,separating_aggressive,heuristics_off,emphasis_optimality,presolving_fast,emphasis_easycip,emphasis_hardlp,presolving_off
neos-826250,heuristics_aggressive,emphasis_feasibility,default,separating_off,separating_fast,presolving_fast,presolving_aggressive,separating_aggressive,presolving_off,emphasis_optimality,heuristics_fast,emphasis_hardlp,emphasis_easycip,heuristics_off
neos-595904,separating_fast,presolving_fast,default,presolving_aggressive,heuristics_aggressive,presolving_off,heuristics_fast,separating_aggressive,emphasis_feasibility,emphasis_optimality,separating_off,heuristics_off,emphasis_hardlp,emphasis_easycip
zib54-UUE,presolving_fast,heuristics_fast,presolving_off,presolving_aggressive,default,emphasis_hardlp,heuristics_aggressive,separating_aggressive,separating_fast,emphasis_easycip,separating_off,emphasis_optimality,emphasis_feasibility,heuristics_off
neos-880324,presolving_fast,separating_fast,separating_off,emphasis_easycip,default,separating_aggressive,presolving_aggressive,emphasis_hardlp,presolving_off,heuristics_fast,emphasis_feasibility,heuristics_aggressive,heuristics_off,emphasis_optimality
