neos-933562,emphasis_feasibility,separating_fast,default,presolving_aggressive,presolving_fast,heuristics_aggressive,emphasis_hardlp,heuristics_fast,presolving_off,separating_aggressive,emphasis_easycip,heuristics_off,separating_off,emphasis_optimality
bc1,separating_fast,presolving_aggressive,default,heuristics_aggressive,presolving_fast,separating_aggressive,presolving_off,separating_off,heuristics_fast,emphasis_feasibility,emphasis_optimality,heuristics_off,emphasis_hardlp,emphasis_easycip
dg012142,presolving_fast,default,presolving_aggressive,presolving_off,heuristics_aggressive,separating_aggressive,separating_fast,emphasis_hardlp,heuristics_fast,emphasis_optimality,emphasis_easycip,emphasis_feasibility,separating_off,heuristics_off
neos-1605061,separating_fast,separating_off,separating_aggressive,presolving_aggressive,emphasis_feasibility,default,presolving_fast,heuristics_aggressive,emphasis_hardlp,heuristics_fast,emphasis_easycip,presolving_off,heuristics_off,emphasis_optimality
neos-1429185,separating_off,separating_fast,presolving_fast,default,presolving_aggressive,emphasis_feasibility,separating_aggressive,presolving_off,heuristics_aggressive,emphasis_optimality,emphasis_hardlp,heuristics_fast,emphasis_easycip,heuristics_off
neos-780889,separating_off,separating_fast,separating_aggressive,presolving_off,presolving_fast,presolving_aggressive,heuristics_off,heuristics_fast,heuristics_aggressive,emphasis_optimality,emphasis_hardlp,emphasis_feasibility,emphasis_easycip,default
neos-1420546,separating_off,separating_fast,heuristics_aggressive,presolving_aggressive,presolving_fast,emphasis_feasibility,default,presolving_off,separating_aggressive,emphasis_optimality,emphasis_hardlp,heuristics_fast,emphasis_easycip,heuristics_off
mod010,emphasis_feasibility,separating_fast,default,heuristics_aggressive,presolving_aggressive,separating_off,presolving_fast,emphasis_hardlp,separating_aggressive,heuristics_fast,emphasis_easycip,heuristics_off,presolving_off,emphasis_optimality
ns1663818,separating_off,separating_fast,presolving_off,presolving_fast,separating_aggressive,presolving_aggressive,heuristics_off,heuristics_fast,heuristics_aggressive,emphasis_optimality,emphasis_hardlp,emphasis_feasibility,emphasis_easycip,default
ns1904248,separating_off,separating_fast,presolving_fast,separating_aggressive,presolving_aggressive,presolving_off,heuristics_aggressive,emphasis_feasibility,heuristics_fast,default,emphasis_optimality,emphasis_hardlp,heuristics_off,emphasis_easycip
d10200,separating_off,separating_fast,separating_aggressive,presolving_fast,emphasis_hardlp,emphasis_feasibility,presolving_off,heuristics_fast,presolving_aggressive,heuristics_aggressive,default,heuristics_off,emphasis_optimality,emphasis_easycip
newdano,separating_off,emphasis_hardlp,presolving_fast,heuristics_fast,emphasis_easycip,separating_fast,default,emphasis_feasibility,presolving_aggressive,heuristics_aggressive,heuristics_off,separating_aggressive,presolving_off,emphasis_optimality
neos-1109824,emphasis_hardlp,presolving_fast,emphasis_feasibility,separating_fast,emphasis_easycip,presolving_aggressive,default,heuristics_aggressive,separating_off,presolving_off,heuristics_off,heuristics_fast,separating_aggressive,emphasis_optimality
ns2137859,presolving_fast,heuristics_fast,default,presolving_off,presolving_aggressive,heuristics_aggressive,separating_fast,emphasis_hardlp,separating_off,separating_aggressive,emphasis_easycip,emphasis_feasibility,emphasis_optimality,heuristics_off
n3705,heuristics_aggressive,separating_aggressive,presolving_fast,presolving_aggressive,default,heuristics_fast,emphasis_feasibility,emphasis_optimality,emphasis_hardlp,separating_fast,presolving_off,emphasis_easycip,separating_off,heuristics_off
neos-504674,separating_aggressive,emphasis_easycip,separating_fast,presolving_aggressive,heuristics_fast,default,emphasis_hardlp,heuristics_off,heuristics_aggressive,presolving_fast,separating_off,presolving_off,emphasis_feasibility,emphasis_optimality
neos-595904,presolving_fast,default,presolving_aggressive,presolving_off,heuristics_fast,heuristics_aggressive,separating_aggressive,emphasis_optimality,separating_fast,emphasis_hardlp,heuristics_off,emphasis_feasibility,emphasis_easycip,separating_off
neos-1622252,emphasis_hardlp,emphasis_easycip,presolving_aggressive,presolving_fast,heuristics_off,separating_aggressive,heuristics_aggressive,default,emphasis_optimality,separating_fast,heuristics_fast,emphasis_feasibility,presolving_off,separating_off
neos-876808,separating_off,separating_fast,separating_aggressive,presolving_fast,emphasis_feasibility,heuristics_aggressive,emphasis_hardlp,default,heuristics_fast,presolving_off,presolving_aggressive,emphasis_optimality,heuristics_off,emphasis_easycip
neos-538867,separating_off,presolving_fast,separating_fast,presolving_aggressive,presolving_off,separating_aggressive,default,emphasis_optimality,emphasis_feasibility,emphasis_easycip,heuristics_aggressive,heuristics_fast,heuristics_off,emphasis_hardlp
neos-825075,separating_aggressive,emphasis_hardlp,separating_fast,presolving_fast,heuristics_fast,presolving_aggressive,emphasis_easycip,default,heuristics_off,heuristics_aggressive,emphasis_feasibility,separating_off,presolving_off,emphasis_optimality
flugpl,separating_fast,default,presolving_fast,presolving_aggressive,heuristics_fast,presolving_off,heuristics_aggressive,separating_off,separating_aggressive,emphasis_hardlp,emphasis_feasibility,emphasis_easycip,heuristics_off,emphasis_optimality
pigeon-10,presolving_aggressive,separating_fast,emphasis_easycip,separating_off,emphasis_hardlp,separating_aggressive,emphasis_feasibility,heuristics_aggressive,presolving_fast,default,presolving_off,heuristics_fast,emphasis_optimality,heuristics_off
core2536-691,separating_fast,default,presolving_aggressive,separating_aggressive,emphasis_feasibility,separating_off,heuristics_aggressive,heuristics_fast,presolving_fast,presolving_off,emphasis_optimality,emphasis_hardlp,emphasis_easycip,heuristics_off
bab3,separating_off,separating_fast,presolving_off,presolving_fast,separating_aggressive,presolving_aggressive,heuristics_off,heuristics_fast,heuristics_aggressive,emphasis_easycip,emphasis_hardlp,emphasis_optimality,emphasis_feasibility,default
satellites1-25,heuristics_aggressive,separating_off,separating_fast,presolving_fast,presolving_aggressive,emphasis_feasibility,default,separating_aggressive,presolving_off,heuristics_fast,heuristics_off,emphasis_easycip,emphasis_optimality,emphasis_hardlp
harp2,separating_fast,emphasis_feasibility,default,presolving_fast,presolving_aggressive,emphasis_hardlp,presolving_off,separating_off,heuristics_aggressive,emphasis_easycip,heuristics_fast,separating_aggressive,emphasis_optimality,heuristics_off
gen,presolving_fast,presolving_aggressive,default,heuristics_aggressive,separating_aggressive,heuristics_fast,separating_fast,emphasis_optimality,emphasis_hardlp,presolving_off,emphasis_easycip,heuristics_off,emphasis_feasibility,separating_off
ns1631475,separating_off,separating_aggressive,presolving_aggressive,default,separating_fast,heuristics_aggressive,emphasis_feasibility,presolving_fast,presolving_off,heuristics_fast,emphasis_hardlp,emphasis_easycip,emphasis_optimality,heuristics_off
tr12-30,presolving_fast,default,presolving_aggressive,emphasis_hardlp,heuristics_aggressive,presolving_off,separating_fast,separating_aggressive,heuristics_fast,emphasis_easycip,emphasis_optimality,emphasis_feasibility,heuristics_off,separating_off
atlanta-ip,presolving_fast,presolving_aggressive,default,presolving_off,heuristics_fast,emphasis_hardlp,heuristics_aggressive,separating_fast,separating_aggressive,emphasis_easycip,separating_off,emphasis_optimality,emphasis_feasibility,heuristics_off
neos-1228986,heuristics_off,presolving_aggressive,heuristics_fast,separating_fast,emphasis_hardlp,separating_off,default,emphasis_feasibility,emphasis_easycip,separating_aggressive,presolving_fast,heuristics_aggressive,emphasis_optimality,presolving_off
neos-633273,emphasis_feasibility,separating_aggressive,heuristics_fast,emphasis_optimality,presolving_aggressive,separating_fast,default,separating_off,heuristics_off,heuristics_aggressive,emphasis_easycip,emphasis_hardlp,presolving_fast,presolving_off
neos-810326,emphasis_feasibility,emphasis_easycip,heuristics_aggressive,separating_fast,presolving_aggressive,emphasis_hardlp,heuristics_fast,separating_aggressive,heuristics_off,presolving_fast,default,separating_off,presolving_off,emphasis_optimality
neos-831188,presolving_fast,heuristics_aggressive,emphasis_feasibility,presolving_aggressive,default,presolving_off,separating_off,separating_fast,separating_aggressive,heuristics_fast,emphasis_optimality,emphasis_easycip,emphasis_hardlp,heuristics_off
rmatr100-p5,presolving_fast,separating_fast,default,presolving_off,presolving_aggressive,separating_off,separating_aggressive,heuristics_aggressive,emphasis_hardlp,emphasis_easycip,heuristics_fast,emphasis_feasibility,heuristics_off,emphasis_optimality
rocII-9-11,separating_fast,emphasis_feasibility,separating_off,heuristics_aggressive,presolving_fast,default,presolving_aggressive,separating_aggressive,presolving_off,emphasis_optimality,emphasis_hardlp,emphasis_easycip,heuristics_fast,heuristics_off
neos-1480121,separating_off,separating_fast,emphasis_hardlp,emphasis_easycip,presolving_fast,default,heuristics_fast,separating_aggressive,presolving_off,heuristics_off,emphasis_feasibility,presolving_aggressive,heuristics_aggressive,emphasis_optimality
ns930473,presolving_aggressive,presolving_fast,separating_fast,default,separating_off,separating_aggressive,presolving_off,emphasis_easycip,heuristics_fast,heuristics_aggressive,emphasis_optimality,emphasis_hardlp,emphasis_feasibility,heuristics_off
ns1830653,default,emphasis_feasibility,separating_fast,presolving_aggressive,heuristics_aggressive,presolving_fast,emphasis_hardlp,heuristics_fast,separating_aggressive,emphasis_easycip,heuristics_off,separating_off,presolving_off,emphasis_optimality
janos-us-DDM,separating_aggressive,presolving_fast,presolving_aggressive,default,presolving_off,separating_fast,separating_off,heuristics_fast,heuristics_aggressive,heuristics_off,emphasis_hardlp,emphasis_optimality,emphasis_easycip,emphasis_feasibility
neos-555694,separating_fast,emphasis_feasibility,heuristics_aggressive,presolving_fast,emphasis_hardlp,presolving_aggressive,separating_off,default,separating_aggressive,emphasis_easycip,heuristics_fast,emphasis_optimality,presolving_off,heuristics_off
opt1217,emphasis_feasibility,heuristics_aggressive,default,separating_aggressive,presolving_fast,presolving_aggressive,separating_fast,presolving_off,separating_off,heuristics_fast,emphasis_hardlp,emphasis_optimality,heuristics_off,emphasis_easycip
neos-1423785,separating_off,separating_fast,presolving_fast,presolving_aggressive,heuristics_aggressive,emphasis_feasibility,separating_aggressive,default,presolving_off,heuristics_fast,emphasis_optimality,heuristics_off,emphasis_hardlp,emphasis_easycip
neos-847302,emphasis_feasibility,presolving_fast,separating_fast,heuristics_aggressive,presolving_aggressive,default,presolving_off,separating_aggressive,separating_off,emphasis_optimality,emphasis_hardlp,emphasis_easycip,heuristics_fast,heuristics_off
blend2,separating_fast,presolving_fast,default,separating_off,heuristics_aggressive,emphasis_hardlp,presolving_aggressive,presolving_off,separating_aggressive,emphasis_feasibility,heuristics_fast,emphasis_easycip,heuristics_off,emphasis_optimality
neos-1173026,separating_aggressive,presolving_aggressive,emphasis_feasibility,presolving_off,separating_fast,default,presolving_fast,heuristics_aggressive,emphasis_hardlp,emphasis_optimality,heuristics_fast,separating_off,emphasis_easycip,heuristics_off
mkc1,separating_off,presolving_fast,presolving_aggressive,separating_fast,presolving_off,heuristics_aggressive,emphasis_feasibility,default,separating_aggressive,emphasis_hardlp,emphasis_easycip,heuristics_fast,emphasis_optimality,heuristics_off
neos-807705,emphasis_hardlp,heuristics_fast,separating_fast,separating_off,separating_aggressive,presolving_aggressive,heuristics_off,default,emphasis_easycip,presolving_fast,heuristics_aggressive,presolving_off,emphasis_feasibility,emphasis_optimality
rout,presolving_fast,presolving_aggressive,default,separating_fast,heuristics_fast,heuristics_aggressive,separating_off,presolving_off,separating_aggressive,emphasis_feasibility,emphasis_easycip,emphasis_hardlp,heuristics_off,emphasis_optimality
neos-1516309,emphasis_feasibility,heuristics_aggressive,default,separating_fast,presolving_fast,presolving_aggressive,separating_aggressive,emphasis_hardlp,emphasis_easycip,separating_off,heuristics_fast,presolving_off,emphasis_optimality,heuristics_off
neos-655508,separating_off,presolving_fast,separating_fast,default,presolving_aggressive,presolving_off,emphasis_hardlp,emphasis_feasibility,heuristics_aggressive,emphasis_easycip,heuristics_fast,separating_aggressive,heuristics_off,emphasis_optimality
sts729,heuristics_fast,separating_off,emphasis_easycip,presolving_off,presolving_fast,separating_fast,presolving_aggressive,default,separating_aggressive,heuristics_aggressive,heuristics_off,emphasis_hardlp,emphasis_feasibility,emphasis_optimality
neos-1437164,separating_fast,presolving_fast,default,presolving_aggressive,heuristics_fast,heuristics_aggressive,separating_aggressive,separating_off,emphasis_hardlp,emphasis_feasibility,emphasis_easycip,presolving_off,heuristics_off,emphasis_optimality
neos-1425699,separating_fast,default,presolving_aggressive,separating_off,heuristics_fast,heuristics_off,heuristics_aggressive,emphasis_feasibility,presolving_fast,emphasis_hardlp,emphasis_easycip,presolving_off,separating_aggressive,emphasis_optimality
neos-848198,presolving_fast,presolving_aggressive,heuristics_fast,presolving_off,default,heuristics_aggressive,emphasis_hardlp,separating_aggressive,separating_fast,emphasis_optimality,heuristics_off,emphasis_easycip,separating_off,emphasis_feasibility
rmine21,presolving_off,presolving_fast,emphasis_hardlp,emphasis_easycip,separating_off,separating_fast,heuristics_aggressive,emphasis_feasibility,default,separating_aggressive,heuristics_fast,presolving_aggressive,emphasis_optimality,heuristics_off
roll3000,separating_fast,default,separating_off,presolving_aggressive,emphasis_hardlp,presolving_fast,heuristics_aggressive,separating_aggressive,presolving_off,heuristics_fast,emphasis_feasibility,emphasis_easycip,heuristics_off,emphasis_optimality
rocII-7-11,separating_fast,emphasis_feasibility,separating_off,heuristics_aggressive,presolving_fast,presolving_aggressive,default,separating_aggressive,presolving_off,emphasis_optimality,heuristics_fast,emphasis_easycip,emphasis_hardlp,heuristics_off
satellites2-60,separating_off,separating_fast,separating_aggressive,presolving_fast,presolving_off,presolving_aggressive,heuristics_aggressive,heuristics_fast,heuristics_off,emphasis_optimality,emphasis_hardlp,emphasis_feasibility,default,emphasis_easycip
nsa,emphasis_easycip,separating_fast,separating_off,emphasis_hardlp,presolving_fast,presolving_aggressive,separating_aggressive,heuristics_fast,heuristics_aggressive,emphasis_feasibility,default,presolving_off,emphasis_optimality,heuristics_off
