ex9,presolving_aggressive,presolving_fast,separating_aggressive,presolving_off,default,separating_fast,emphasis_optimality,heuristics_aggressive,separating_off,heuristics_fast,emphasis_feasibility,emphasis_hardlp,emphasis_easycip,heuristics_off
fixnet6,heuristics_aggressive,presolving_fast,default,presolving_aggressive,separating_aggressive,presolving_off,emphasis_optimality,heuristics_fast,emphasis_hardlp,separating_fast,emphasis_easycip,emphasis_feasibility,heuristics_off,separating_off
neos-957270,presolving_fast,separating_off,separating_fast,heuristics_aggressive,emphasis_easycip,presolving_aggressive,emphasis_hardlp,emphasis_feasibility,presolving_off,heuristics_off,default,separating_aggressive,heuristics_fast,emphasis_optimality
neos-1215891,separating_off,separating_fast,emphasis_feasibility,emphasis_hardlp,presolving_fast,presolving_aggressive,default,heuristics_aggressive,presolving_off,separating_aggressive,heuristics_fast,heuristics_off,emphasis_easycip,emphasis_optimality
neos-806323,presolving_fast,separating_off,default,separating_fast,presolving_aggressive,heuristics_aggressive,separating_aggressive,presolving_off,emphasis_feasibility,heuristics_fast,emphasis_hardlp,emphasis_easycip,heuristics_off,emphasis_optimality
neos-916173,presolving_fast,separating_off,separating_fast,default,presolving_off,heuristics_aggressive,presolving_aggressive,separating_aggressive,emphasis_hardlp,emphasis_feasibility,heuristics_fast,emphasis_optimality,emphasis_easycip,heuristics_off
sing161,separating_off,separating_fast,separating_aggressive,presolving_off,presolving_fast,presolving_aggressive,heuristics_off,heuristics_fast,heuristics_aggressive,emphasis_optimality,emphasis_hardlp,emphasis_feasibility,emphasis_easycip,default
shs1023,presolving_aggressive,presolving_fast,separating_off,separating_fast,separating_aggressive,heuristics_aggressive,default,heuristics_off,presolving_off,heuristics_fast,emphasis_hardlp,emphasis_optimality,emphasis_feasibility,emphasis_easycip
neos-1053591,separating_aggressive,default,separating_fast,presolving_fast,presolving_aggressive,emphasis_hardlp,presolving_off,heuristics_aggressive,emphasis_optimality,heuristics_fast,emphasis_feasibility,emphasis_easycip,separating_off,heuristics_off
rmine21,presolving_off,presolving_fast,emphasis_hardlp,separating_off,emphasis_easycip,separating_fast,heuristics_aggressive,emphasis_feasibility,default,separating_aggressive,heuristics_fast,presolving_aggressive,emphasis_optimality,heuristics_off
neos-826224,emphasis_feasibility,heuristics_aggressive,separating_off,presolving_fast,emphasis_hardlp,separating_fast,presolving_off,presolving_aggressive,default,emphasis_easycip,separating_aggressive,emphasis_optimality,heuristics_fast,heuristics_off
nsr8k,separating_fast,presolving_fast,presolving_aggressive,separating_off,default,presolving_off,emphasis_feasibility,heuristics_aggressive,separating_aggressive,heuristics_fast,emphasis_optimality,emphasis_hardlp,emphasis_easycip,heuristics_off
neos-584146,separating_fast,presolving_fast,separating_aggressive,presolving_aggressive,separating_off,presolving_off,heuristics_aggressive,heuristics_fast,default,emphasis_hardlp,emphasis_feasibility,emphasis_easycip,heuristics_off,emphasis_optimality
bc1,separating_fast,presolving_aggressive,heuristics_aggressive,separating_off,default,emphasis_feasibility,separating_aggressive,presolving_fast,presolving_off,heuristics_fast,emphasis_optimality,emphasis_hardlp,emphasis_easycip,heuristics_off
opm2-z12-s14,presolving_off,presolving_fast,emphasis_hardlp,emphasis_easycip,separating_off,separating_fast,heuristics_aggressive,default,emphasis_feasibility,heuristics_fast,emphasis_optimality,separating_aggressive,presolving_aggressive,heuristics_off
m100n500k4r1,presolving_off,presolving_fast,default,separating_fast,presolving_aggressive,emphasis_feasibility,heuristics_aggressive,emphasis_hardlp,emphasis_easycip,separating_off,separating_aggressive,heuristics_fast,emphasis_optimality,heuristics_off
lectsched-1-obj,emphasis_feasibility,default,separating_off,separating_fast,presolving_fast,presolving_aggressive,heuristics_aggressive,emphasis_easycip,separating_aggressive,heuristics_fast,emphasis_hardlp,presolving_off,heuristics_off,emphasis_optimality
neos-1171737,separating_off,separating_fast,presolving_fast,emphasis_feasibility,heuristics_aggressive,default,separating_aggressive,presolving_aggressive,presolving_off,emphasis_optimality,emphasis_hardlp,heuristics_fast,emphasis_easycip,heuristics_off
air03,separating_fast,default,presolving_aggressive,heuristics_aggressive,separating_off,presolving_fast,emphasis_feasibility,separating_aggressive,emphasis_hardlp,presolving_off,heuristics_fast,emphasis_easycip,emphasis_optimality,heuristics_off
neos-912023,emphasis_hardlp,separating_off,separating_aggressive,presolving_fast,emphasis_feasibility,emphasis_easycip,heuristics_fast,separating_fast,default,presolving_aggressive,heuristics_aggressive,presolving_off,heuristics_off,emphasis_optimality
neos-941262,separating_off,presolving_fast,separating_fast,default,separating_aggressive,presolving_off,presolving_aggressive,heuristics_aggressive,emphasis_feasibility,emphasis_easycip,emphasis_hardlp,emphasis_optimality,heuristics_fast,heuristics_off
p0033,emphasis_hardlp,separating_fast,emphasis_easycip,heuristics_fast,default,presolving_aggressive,separating_off,presolving_off,presolving_fast,separating_aggressive,heuristics_aggressive,heuristics_off,emphasis_feasibility,emphasis_optimality
rvb-sub,separating_fast,separating_off,default,presolving_aggressive,emphasis_feasibility,presolving_fast,heuristics_aggressive,heuristics_fast,emphasis_hardlp,separating_aggressive,emphasis_easycip,presolving_off,heuristics_off,emphasis_optimality
neos-603073,separating_fast,presolving_fast,emphasis_feasibility,default,presolving_aggressive,heuristics_aggressive,heuristics_fast,separating_aggressive,presolving_off,emphasis_optimality,separating_off,heuristics_off,emphasis_hardlp,emphasis_easycip
eilA101-2,separating_fast,separating_off,default,presolving_aggressive,emphasis_feasibility,presolving_fast,heuristics_aggressive,heuristics_fast,emphasis_hardlp,separating_aggressive,emphasis_easycip,presolving_off,heuristics_off,emphasis_optimality
misc03,emphasis_hardlp,default,separating_off,separating_fast,presolving_fast,presolving_aggressive,heuristics_fast,emphasis_easycip,separating_aggressive,presolving_off,heuristics_off,heuristics_aggressive,emphasis_feasibility,emphasis_optimality
neos-574665,presolving_fast,default,presolving_aggressive,heuristics_aggressive,separating_aggressive,separating_fast,presolving_off,heuristics_fast,emphasis_feasibility,separating_off,emphasis_easycip,emphasis_hardlp,emphasis_optimality,heuristics_off
enigma,separating_aggressive,presolving_aggressive,heuristics_aggressive,default,separating_fast,presolving_fast,emphasis_hardlp,separating_off,heuristics_fast,emphasis_feasibility,presolving_off,emphasis_easycip,emphasis_optimality,heuristics_off
swath,presolving_fast,heuristics_fast,default,presolving_aggressive,heuristics_aggressive,separating_aggressive,presolving_off,separating_fast,emphasis_hardlp,emphasis_optimality,separating_off,emphasis_easycip,heuristics_off,emphasis_feasibility
n9-3,presolving_aggressive,default,heuristics_fast,heuristics_aggressive,emphasis_hardlp,presolving_fast,separating_aggressive,presolving_off,separating_fast,emphasis_easycip,separating_off,emphasis_feasibility,heuristics_off,emphasis_optimality
neos-1445765,separating_fast,separating_off,emphasis_feasibility,heuristics_aggressive,default,emphasis_optimality,heuristics_fast,separating_aggressive,heuristics_off,emphasis_hardlp,presolving_off,presolving_fast,emphasis_easycip,presolving_aggressive
neos-1096528,presolving_fast,separating_fast,separating_off,presolving_aggressive,emphasis_easycip,emphasis_hardlp,separating_aggressive,heuristics_off,heuristics_aggressive,emphasis_feasibility,presolving_off,heuristics_fast,default,emphasis_optimality
neos-954925,presolving_fast,presolving_off,emphasis_feasibility,separating_off,heuristics_aggressive,separating_fast,default,presolving_aggressive,separating_aggressive,emphasis_easycip,emphasis_hardlp,heuristics_fast,emphasis_optimality,heuristics_off
neos-1445532,emphasis_hardlp,separating_fast,presolving_fast,heuristics_fast,presolving_aggressive,emphasis_easycip,presolving_off,default,separating_off,separating_aggressive,heuristics_aggressive,emphasis_feasibility,heuristics_off,emphasis_optimality
neos-848198,presolving_fast,presolving_aggressive,default,presolving_off,heuristics_fast,heuristics_aggressive,separating_aggressive,emphasis_hardlp,emphasis_optimality,heuristics_off,separating_fast,emphasis_easycip,separating_off,emphasis_feasibility
neos-803220,emphasis_hardlp,heuristics_fast,emphasis_easycip,heuristics_off,default,presolving_aggressive,separating_fast,separating_aggressive,presolving_fast,presolving_off,separating_off,heuristics_aggressive,emphasis_optimality,emphasis_feasibility
neos-1597104,presolving_fast,separating_off,separating_fast,presolving_aggressive,emphasis_hardlp,emphasis_easycip,heuristics_aggressive,emphasis_feasibility,default,presolving_off,separating_aggressive,heuristics_fast,heuristics_off,emphasis_optimality
sp98ir,presolving_fast,presolving_aggressive,default,separating_off,presolving_off,heuristics_aggressive,separating_fast,emphasis_feasibility,separating_aggressive,emphasis_optimality,emphasis_hardlp,heuristics_fast,emphasis_easycip,heuristics_off
neos-885086,separating_off,separating_fast,emphasis_feasibility,presolving_fast,heuristics_aggressive,default,presolving_aggressive,separating_aggressive,presolving_off,emphasis_optimality,emphasis_hardlp,heuristics_fast,emphasis_easycip,heuristics_off
qiu,presolving_fast,default,presolving_aggressive,heuristics_aggressive,presolving_off,separating_aggressive,separating_fast,separating_off,heuristics_fast,emphasis_hardlp,emphasis_easycip,emphasis_feasibility,emphasis_optimality,heuristics_off
neos-631694,separating_aggressive,heuristics_aggressive,emphasis_hardlp,emphasis_feasibility,default,presolving_fast,presolving_aggressive,separating_off,separating_fast,presolving_off,heuristics_fast,emphasis_easycip,emphasis_optimality,heuristics_off
neos-932721,separating_off,presolving_aggressive,separating_fast,default,separating_aggressive,presolving_fast,heuristics_aggressive,presolving_off,emphasis_feasibility,emphasis_hardlp,emphasis_easycip,emphasis_optimality,heuristics_fast,heuristics_off
neos-504815,separating_fast,separating_aggressive,presolving_fast,presolving_aggressive,heuristics_fast,emphasis_hardlp,default,heuristics_off,emphasis_easycip,heuristics_aggressive,separating_off,presolving_off,emphasis_feasibility,emphasis_optimality
neos-839859,presolving_fast,heuristics_aggressive,emphasis_hardlp,separating_aggressive,separating_fast,emphasis_feasibility,default,presolving_aggressive,heuristics_fast,presolving_off,emphasis_optimality,emphasis_easycip,separating_off,heuristics_off
ns1456591,presolving_fast,default,presolving_aggressive,heuristics_fast,presolving_off,heuristics_aggressive,separating_aggressive,emphasis_hardlp,emphasis_optimality,heuristics_off,separating_fast,emphasis_easycip,emphasis_feasibility,separating_off
neos-631710,separating_off,presolving_aggressive,heuristics_aggressive,emphasis_feasibility,separating_fast,default,separating_aggressive,presolving_fast,emphasis_hardlp,presolving_off,heuristics_fast,emphasis_easycip,emphasis_optimality,heuristics_off
neos-1121679,separating_off,separating_fast,separating_aggressive,presolving_off,presolving_fast,presolving_aggressive,heuristics_off,heuristics_fast,heuristics_aggressive,emphasis_optimality,emphasis_hardlp,emphasis_feasibility,emphasis_easycip,default
noswot,separating_off,default,separating_fast,presolving_fast,presolving_aggressive,presolving_off,heuristics_aggressive,emphasis_feasibility,separating_aggressive,emphasis_hardlp,heuristics_fast,heuristics_off,emphasis_optimality,emphasis_easycip
neos-584851,separating_off,separating_fast,separating_aggressive,presolving_aggressive,presolving_fast,default,presolving_off,heuristics_aggressive,heuristics_fast,emphasis_hardlp,emphasis_easycip,emphasis_feasibility,emphasis_optimality,heuristics_off
p0282,default,presolving_fast,presolving_aggressive,emphasis_hardlp,heuristics_fast,presolving_off,heuristics_aggressive,separating_fast,separating_aggressive,emphasis_easycip,emphasis_optimality,heuristics_off,emphasis_feasibility,separating_off
ns1830653,default,emphasis_feasibility,separating_fast,presolving_aggressive,heuristics_aggressive,presolving_fast,emphasis_hardlp,heuristics_fast,separating_aggressive,emphasis_easycip,heuristics_off,separating_off,presolving_off,emphasis_optimality
rococoC12-111000,separating_off,separating_fast,presolving_aggressive,separating_aggressive,presolving_fast,heuristics_aggressive,emphasis_feasibility,default,presolving_off,emphasis_optimality,heuristics_fast,emphasis_hardlp,emphasis_easycip,heuristics_off
pb-simp-nonunif,separating_off,separating_fast,presolving_aggressive,default,heuristics_aggressive,separating_aggressive,presolving_fast,emphasis_feasibility,heuristics_fast,presolving_off,emphasis_hardlp,emphasis_easycip,emphasis_optimality,heuristics_off
neos-1603965,presolving_off,separating_fast,separating_off,presolving_fast,presolving_aggressive,heuristics_aggressive,separating_aggressive,emphasis_feasibility,default,emphasis_optimality,heuristics_off,heuristics_fast,emphasis_hardlp,emphasis_easycip
shipsched,separating_off,separating_fast,presolving_aggressive,presolving_off,presolving_fast,emphasis_hardlp,separating_aggressive,heuristics_aggressive,emphasis_easycip,default,heuristics_fast,emphasis_feasibility,emphasis_optimality,heuristics_off
pigeon-10,presolving_aggressive,separating_off,separating_fast,emphasis_easycip,emphasis_hardlp,separating_aggressive,emphasis_feasibility,heuristics_aggressive,presolving_fast,default,presolving_off,heuristics_fast,emphasis_optimality,heuristics_off
neos-501453,default,separating_off,separating_fast,presolving_fast,separating_aggressive,presolving_aggressive,heuristics_fast,heuristics_aggressive,emphasis_optimality,presolving_off,emphasis_hardlp,emphasis_feasibility,emphasis_easycip,heuristics_off
neos-775946,separating_fast,default,presolving_aggressive,emphasis_feasibility,heuristics_aggressive,presolving_fast,emphasis_hardlp,separating_off,separating_aggressive,presolving_off,heuristics_fast,emphasis_easycip,emphasis_optimality,heuristics_off
vpm2,separating_fast,presolving_aggressive,presolving_fast,emphasis_hardlp,default,heuristics_fast,separating_aggressive,heuristics_aggressive,emphasis_easycip,presolving_off,emphasis_optimality,heuristics_off,emphasis_feasibility,separating_off
momentum3,separating_fast,presolving_off,presolving_fast,separating_off,presolving_aggressive,separating_aggressive,heuristics_aggressive,emphasis_feasibility,emphasis_optimality,default,heuristics_off,heuristics_fast,emphasis_hardlp,emphasis_easycip
neos-956971,presolving_fast,presolving_off,separating_off,emphasis_feasibility,heuristics_aggressive,default,separating_fast,presolving_aggressive,emphasis_optimality,emphasis_easycip,separating_aggressive,emphasis_hardlp,heuristics_fast,heuristics_off
