neos-494568,separating_fast,default,heuristics_aggressive,presolving_fast,presolving_aggressive,emphasis_feasibility,separating_off,presolving_off,separating_aggressive,emphasis_hardlp,emphasis_easycip,heuristics_fast,emphasis_optimality,heuristics_off
t1722,emphasis_feasibility,separating_fast,default,separating_off,presolving_aggressive,presolving_fast,heuristics_aggressive,emphasis_hardlp,separating_aggressive,emphasis_easycip,presolving_off,heuristics_off,heuristics_fast,emphasis_optimality
bley_xl1,separating_off,separating_fast,presolving_off,presolving_fast,presolving_aggressive,separating_aggressive,heuristics_fast,heuristics_aggressive,heuristics_off,emphasis_hardlp,emphasis_easycip,emphasis_feasibility,default,emphasis_optimality
prod1,separating_off,emphasis_hardlp,separating_fast,emphasis_easycip,presolving_off,heuristics_fast,presolving_fast,presolving_aggressive,default,emphasis_feasibility,separating_aggressive,heuristics_aggressive,emphasis_optimality,heuristics_off
macrophage,separating_off,presolving_fast,presolving_off,presolving_aggressive,heuristics_aggressive,separating_fast,default,emphasis_feasibility,heuristics_fast,separating_aggressive,emphasis_easycip,emphasis_hardlp,heuristics_off,emphasis_optimality
leo1,presolving_off,separating_fast,separating_off,separating_aggressive,presolving_fast,presolving_aggressive,heuristics_off,heuristics_fast,heuristics_aggressive,emphasis_hardlp,emphasis_feasibility,emphasis_optimality,default,emphasis_easycip
neos-1460543,emphasis_feasibility,presolving_fast,separating_fast,heuristics_aggressive,default,separating_aggressive,presolving_off,presolving_aggressive,separating_off,emphasis_optimality,emphasis_hardlp,heuristics_fast,emphasis_easycip,heuristics_off
pigeon-12,separating_fast,presolving_aggressive,emphasis_easycip,separating_off,separating_aggressive,emphasis_hardlp,emphasis_feasibility,emphasis_optimality,presolving_off,heuristics_aggressive,default,presolving_fast,heuristics_fast,heuristics_off
rmatr100-p10,separating_off,default,separating_fast,presolving_fast,presolving_aggressive,emphasis_hardlp,separating_aggressive,heuristics_aggressive,presolving_off,emphasis_feasibility,heuristics_fast,emphasis_easycip,emphasis_optimality,heuristics_off
haprp,separating_off,separating_fast,default,presolving_aggressive,heuristics_aggressive,emphasis_feasibility,separating_aggressive,presolving_fast,heuristics_fast,presolving_off,emphasis_optimality,emphasis_hardlp,emphasis_easycip,heuristics_off
neos-1413153,separating_off,separating_fast,emphasis_hardlp,emphasis_easycip,presolving_fast,default,presolving_off,emphasis_feasibility,heuristics_aggressive,presolving_aggressive,heuristics_fast,separating_aggressive,emphasis_optimality,heuristics_off
n3-3,heuristics_fast,presolving_aggressive,presolving_fast,heuristics_aggressive,default,presolving_off,separating_aggressive,emphasis_hardlp,separating_fast,emphasis_easycip,separating_off,heuristics_off,emphasis_optimality,emphasis_feasibility
roll3000,default,separating_off,separating_fast,presolving_aggressive,emphasis_hardlp,presolving_fast,heuristics_fast,heuristics_aggressive,emphasis_feasibility,separating_aggressive,heuristics_off,emphasis_easycip,presolving_off,emphasis_optimality
manna81,presolving_fast,separating_off,separating_fast,emphasis_feasibility,default,presolving_off,presolving_aggressive,separating_aggressive,heuristics_aggressive,emphasis_hardlp,emphasis_easycip,heuristics_fast,emphasis_optimality,heuristics_off
neos-1429461,separating_off,separating_fast,presolving_fast,presolving_off,default,presolving_aggressive,emphasis_feasibility,separating_aggressive,heuristics_aggressive,emphasis_optimality,heuristics_fast,emphasis_hardlp,emphasis_easycip,heuristics_off
set3-20,presolving_aggressive,default,heuristics_aggressive,separating_aggressive,presolving_fast,separating_fast,presolving_off,emphasis_optimality,emphasis_feasibility,heuristics_fast,emphasis_hardlp,emphasis_easycip,heuristics_off,separating_off
gesa3,separating_fast,default,presolving_fast,emphasis_hardlp,presolving_off,presolving_aggressive,separating_off,heuristics_aggressive,emphasis_easycip,separating_aggressive,heuristics_fast,heuristics_off,emphasis_optimality,emphasis_feasibility
neos-555343,separating_fast,presolving_fast,separating_off,presolving_off,heuristics_aggressive,emphasis_feasibility,presolving_aggressive,separating_aggressive,emphasis_hardlp,default,emphasis_easycip,heuristics_fast,heuristics_off,emphasis_optimality
momentum2,separating_fast,emphasis_hardlp,separating_aggressive,presolving_off,presolving_fast,separating_off,presolving_aggressive,heuristics_aggressive,emphasis_feasibility,default,emphasis_easycip,heuristics_fast,emphasis_optimality,heuristics_off
ger50_17_trans,heuristics_aggressive,separating_aggressive,presolving_aggressive,default,presolving_off,separating_off,presolving_fast,emphasis_feasibility,separating_fast,emphasis_optimality,heuristics_fast,emphasis_hardlp,emphasis_easycip,heuristics_off
neos-1112787,separating_fast,presolving_fast,heuristics_fast,separating_off,default,presolving_aggressive,emphasis_optimality,separating_aggressive,emphasis_easycip,emphasis_feasibility,heuristics_aggressive,heuristics_off,emphasis_hardlp,presolving_off
pg5_34,separating_fast,default,presolving_fast,presolving_aggressive,heuristics_fast,heuristics_aggressive,separating_aggressive,presolving_off,emphasis_feasibility,separating_off,emphasis_optimality,heuristics_off,emphasis_hardlp,emphasis_easycip
neos-1456979,emphasis_feasibility,separating_off,separating_fast,presolving_fast,default,presolving_aggressive,heuristics_aggressive,separating_aggressive,presolving_off,heuristics_off,emphasis_hardlp,heuristics_fast,emphasis_optimality,emphasis_easycip
neos-1120495,separating_off,presolving_fast,separating_fast,presolving_aggressive,separating_aggressive,heuristics_aggressive,heuristics_fast,presolving_off,emphasis_feasibility,default,heuristics_off,emphasis_hardlp,emphasis_optimality,emphasis_easycip
lrn,separating_off,presolving_aggressive,separating_fast,presolving_fast,emphasis_feasibility,presolving_off,heuristics_aggressive,separating_aggressive,default,emphasis_optimality,heuristics_fast,emphasis_hardlp,heuristics_off,emphasis_easycip
iis-100-0-cov,separating_off,heuristics_fast,emphasis_easycip,presolving_off,presolving_fast,separating_fast,default,presolving_aggressive,separating_aggressive,heuristics_aggressive,emphasis_feasibility,heuristics_off,emphasis_hardlp,emphasis_optimality
neos-935234,separating_off,presolving_fast,separating_aggressive,separating_fast,default,presolving_off,presolving_aggressive,heuristics_aggressive,emphasis_feasibility,emphasis_easycip,emphasis_hardlp,emphasis_optimality,heuristics_fast,heuristics_off
usAbbrv-8-25_70,separating_fast,presolving_fast,presolving_aggressive,default,separating_off,separating_aggressive,emphasis_feasibility,presolving_off,heuristics_aggressive,emphasis_hardlp,emphasis_easycip,emphasis_optimality,heuristics_fast,heuristics_off
neos-1440457,separating_off,presolving_fast,separating_fast,presolving_off,emphasis_feasibility,heuristics_aggressive,presolving_aggressive,default,separating_aggressive,emphasis_optimality,emphasis_hardlp,heuristics_fast,emphasis_easycip,heuristics_off
gt2,heuristics_fast,default,separating_fast,presolving_aggressive,separating_off,presolving_fast,emphasis_hardlp,emphasis_easycip,separating_aggressive,heuristics_aggressive,presolving_off,heuristics_off,emphasis_optimality,emphasis_feasibility
neos-1597104,separating_off,emphasis_hardlp,presolving_fast,separating_fast,presolving_aggressive,heuristics_fast,heuristics_aggressive,emphasis_feasibility,emphasis_easycip,presolving_off,default,heuristics_off,separating_aggressive,emphasis_optimality
neos-775946,separating_fast,default,presolving_aggressive,emphasis_feasibility,presolving_fast,heuristics_aggressive,emphasis_hardlp,separating_off,separating_aggressive,presolving_off,heuristics_fast,emphasis_easycip,emphasis_optimality,heuristics_off
neos-1109824,separating_off,presolving_fast,separating_fast,presolving_aggressive,separating_aggressive,presolving_off,heuristics_aggressive,heuristics_fast,emphasis_feasibility,heuristics_off,emphasis_hardlp,emphasis_easycip,emphasis_optimality,default
rococoC11-011100,heuristics_aggressive,separating_off,emphasis_feasibility,separating_fast,default,presolving_fast,presolving_aggressive,emphasis_hardlp,separating_aggressive,presolving_off,emphasis_easycip,heuristics_fast,heuristics_off,emphasis_optimality
neos-1367061,heuristics_aggressive,presolving_fast,separating_aggressive,presolving_aggressive,default,presolving_off,heuristics_fast,emphasis_optimality,emphasis_hardlp,emphasis_feasibility,separating_fast,emphasis_easycip,separating_off,heuristics_off
dano3_5,presolving_aggressive,emphasis_easycip,presolving_fast,default,heuristics_fast,separating_off,separating_fast,emphasis_hardlp,emphasis_optimality,separating_aggressive,presolving_off,emphasis_feasibility,heuristics_aggressive,heuristics_off
neos-957270,separating_off,separating_fast,presolving_fast,emphasis_hardlp,heuristics_aggressive,emphasis_easycip,emphasis_feasibility,presolving_aggressive,heuristics_off,heuristics_fast,default,separating_aggressive,presolving_off,emphasis_optimality
neos-839838,presolving_fast,emphasis_feasibility,default,emphasis_hardlp,separating_fast,heuristics_aggressive,presolving_aggressive,emphasis_easycip,heuristics_fast,separating_off,separating_aggressive,presolving_off,emphasis_optimality,heuristics_off
rmine21,presolving_off,presolving_fast,emphasis_hardlp,emphasis_easycip,separating_off,separating_fast,heuristics_aggressive,emphasis_feasibility,default,separating_aggressive,heuristics_fast,presolving_aggressive,emphasis_optimality,heuristics_off
p2756,emphasis_hardlp,separating_fast,presolving_fast,default,presolving_aggressive,heuristics_aggressive,separating_off,emphasis_feasibility,heuristics_fast,separating_aggressive,emphasis_easycip,presolving_off,heuristics_off,emphasis_optimality
neos-948268,separating_off,separating_fast,presolving_fast,emphasis_hardlp,default,presolving_aggressive,separating_aggressive,heuristics_aggressive,presolving_off,heuristics_fast,emphasis_feasibility,emphasis_easycip,heuristics_off,emphasis_optimality
neos-1223462,emphasis_feasibility,heuristics_aggressive,emphasis_hardlp,separating_fast,presolving_fast,emphasis_easycip,separating_off,presolving_off,presolving_aggressive,default,separating_aggressive,heuristics_fast,heuristics_off,emphasis_optimality
neos-544324,separating_off,separating_fast,default,presolving_aggressive,presolving_fast,separating_aggressive,heuristics_aggressive,emphasis_hardlp,presolving_off,emphasis_feasibility,heuristics_fast,emphasis_easycip,heuristics_off,emphasis_optimality
dano3mip,presolving_aggressive,presolving_fast,separating_fast,emphasis_easycip,default,separating_off,heuristics_fast,emphasis_hardlp,separating_aggressive,presolving_off,heuristics_aggressive,emphasis_optimality,emphasis_feasibility,heuristics_off
neos-1330346,separating_aggressive,separating_off,presolving_fast,emphasis_hardlp,separating_fast,heuristics_aggressive,presolving_aggressive,default,emphasis_feasibility,presolving_off,heuristics_fast,emphasis_optimality,emphasis_easycip,heuristics_off
neos-932816,separating_fast,default,heuristics_aggressive,presolving_fast,emphasis_feasibility,separating_off,separating_aggressive,presolving_aggressive,presolving_off,emphasis_hardlp,emphasis_easycip,emphasis_optimality,heuristics_fast,heuristics_off
neos-1122047,presolving_fast,presolving_aggressive,default,separating_fast,separating_off,emphasis_hardlp,emphasis_easycip,separating_aggressive,presolving_off,heuristics_fast,heuristics_aggressive,emphasis_feasibility,heuristics_off,emphasis_optimality
neos-886822,separating_off,separating_fast,emphasis_hardlp,presolving_fast,default,presolving_aggressive,emphasis_feasibility,heuristics_fast,emphasis_easycip,heuristics_aggressive,separating_aggressive,presolving_off,emphasis_optimality,heuristics_off
neos-1420790,separating_fast,presolving_aggressive,presolving_fast,default,separating_off,heuristics_aggressive,emphasis_feasibility,separating_aggressive,presolving_off,emphasis_optimality,heuristics_fast,emphasis_easycip,emphasis_hardlp,heuristics_off
neos-662469,separating_off,separating_fast,presolving_fast,presolving_aggressive,presolving_off,heuristics_off,heuristics_aggressive,emphasis_feasibility,separating_aggressive,heuristics_fast,emphasis_hardlp,emphasis_easycip,default,emphasis_optimality
circ10-3,separating_off,separating_fast,presolving_fast,emphasis_hardlp,presolving_off,separating_aggressive,presolving_aggressive,heuristics_off,heuristics_fast,heuristics_aggressive,emphasis_feasibility,emphasis_easycip,default,emphasis_optimality
neos11,presolving_aggressive,separating_fast,separating_aggressive,separating_off,presolving_fast,default,heuristics_aggressive,heuristics_fast,presolving_off,emphasis_feasibility,emphasis_hardlp,emphasis_easycip,heuristics_off,emphasis_optimality
neos-1417043,presolving_off,presolving_fast,presolving_aggressive,default,separating_aggressive,heuristics_fast,heuristics_aggressive,separating_fast,emphasis_hardlp,emphasis_easycip,separating_off,emphasis_optimality,emphasis_feasibility,heuristics_off
set1ch,default,presolving_aggressive,presolving_fast,heuristics_aggressive,separating_aggressive,emphasis_hardlp,separating_fast,presolving_off,heuristics_fast,emphasis_easycip,emphasis_optimality,heuristics_off,emphasis_feasibility,separating_off
ns1904248,separating_off,separating_fast,presolving_fast,separating_aggressive,presolving_off,presolving_aggressive,heuristics_fast,heuristics_aggressive,emphasis_feasibility,default,emphasis_hardlp,emphasis_easycip,heuristics_off,emphasis_optimality
neos-829552,separating_off,separating_fast,presolving_fast,presolving_aggressive,emphasis_hardlp,presolving_off,heuristics_aggressive,emphasis_feasibility,heuristics_off,emphasis_easycip,separating_aggressive,heuristics_fast,default,emphasis_optimality
aligninq,default,separating_off,separating_fast,presolving_fast,emphasis_feasibility,presolving_aggressive,emphasis_hardlp,heuristics_aggressive,separating_aggressive,heuristics_fast,emphasis_easycip,heuristics_off,presolving_off,emphasis_optimality
aflow40b,heuristics_aggressive,presolving_fast,presolving_aggressive,default,separating_aggressive,heuristics_fast,presolving_off,emphasis_optimality,emphasis_hardlp,separating_fast,emphasis_easycip,emphasis_feasibility,heuristics_off,separating_off
neos-1620807,separating_aggressive,separating_fast,presolving_fast,presolving_aggressive,default,separating_off,heuristics_fast,heuristics_aggressive,emphasis_easycip,heuristics_off,emphasis_hardlp,presolving_off,emphasis_optimality,emphasis_feasibility
rmine10,emphasis_hardlp,presolving_fast,separating_off,separating_fast,heuristics_aggressive,default,presolving_off,emphasis_feasibility,emphasis_easycip,heuristics_fast,separating_aggressive,presolving_aggressive,emphasis_optimality,heuristics_off
ns4-pr3,heuristics_fast,presolving_fast,emphasis_easycip,presolving_aggressive,emphasis_hardlp,separating_fast,default,presolving_off,heuristics_aggressive,separating_off,separating_aggressive,emphasis_feasibility,heuristics_off,emphasis_optimality
