neos-827175,heuristics_aggressive,emphasis_feasibility,separating_off,presolving_fast,separating_fast,default,presolving_aggressive,separating_aggressive,presolving_off,emphasis_optimality,emphasis_hardlp,emphasis_easycip,heuristics_fast,heuristics_off
neos-860244,separating_off,separating_fast,default,presolving_fast,emphasis_feasibility,emphasis_easycip,emphasis_hardlp,heuristics_aggressive,heuristics_off,heuristics_fast,presolving_off,presolving_aggressive,separating_aggressive,emphasis_optimality
map20,separating_fast,presolving_aggressive,default,separating_off,emphasis_easycip,heuristics_fast,emphasis_feasibility,heuristics_aggressive,presolving_fast,separating_aggressive,emphasis_hardlp,emphasis_optimality,presolving_off,heuristics_off
neos-1224597,emphasis_feasibility,presolving_fast,presolving_aggressive,emphasis_hardlp,separating_fast,default,separating_off,heuristics_fast,heuristics_aggressive,separating_aggressive,heuristics_off,emphasis_easycip,presolving_off,emphasis_optimality
neos-1423785,separating_fast,default,separating_off,presolving_aggressive,emphasis_feasibility,presolving_fast,heuristics_aggressive,separating_aggressive,presolving_off,emphasis_hardlp,emphasis_easycip,heuristics_fast,emphasis_optimality,heuristics_off
neos-775946,separating_fast,default,presolving_aggressive,heuristics_aggressive,emphasis_feasibility,presolving_fast,emphasis_hardlp,separating_off,emphasis_easycip,separating_aggressive,heuristics_fast,presolving_off,emphasis_optimality,heuristics_off
neos-1445755,separating_off,heuristics_fast,separating_fast,emphasis_feasibility,default,separating_aggressive,heuristics_aggressive,heuristics_off,emphasis_optimality,presolving_off,presolving_fast,emphasis_hardlp,emphasis_easycip,presolving_aggressive
rmatr200-p20,presolving_off,heuristics_aggressive,emphasis_feasibility,emphasis_hardlp,emphasis_easycip,heuristics_fast,presolving_fast,separating_off,default,separating_fast,presolving_aggressive,emphasis_optimality,separating_aggressive,heuristics_off
neos-612125,heuristics_fast,presolving_off,presolving_fast,default,presolving_aggressive,emphasis_hardlp,heuristics_aggressive,emphasis_easycip,separating_aggressive,emphasis_optimality,separating_fast,heuristics_off,separating_off,emphasis_feasibility
neos-1445765,separating_off,heuristics_fast,separating_fast,emphasis_feasibility,default,separating_aggressive,heuristics_aggressive,heuristics_off,emphasis_optimality,presolving_off,presolving_fast,emphasis_hardlp,emphasis_easycip,presolving_aggressive
r80x800,presolving_fast,heuristics_aggressive,presolving_aggressive,separating_aggressive,default,emphasis_optimality,separating_fast,presolving_off,heuristics_fast,emphasis_hardlp,emphasis_feasibility,emphasis_easycip,separating_off,heuristics_off
newdano,separating_off,emphasis_hardlp,heuristics_fast,emphasis_easycip,presolving_fast,separating_fast,presolving_aggressive,emphasis_feasibility,default,heuristics_aggressive,separating_aggressive,heuristics_off,emphasis_optimality,presolving_off
neos-595904,separating_fast,emphasis_feasibility,presolving_fast,separating_off,presolving_aggressive,default,presolving_off,heuristics_aggressive,separating_aggressive,emphasis_optimality,emphasis_hardlp,heuristics_fast,emphasis_easycip,heuristics_off
neos-935674,emphasis_feasibility,separating_fast,default,presolving_aggressive,presolving_fast,heuristics_aggressive,heuristics_fast,presolving_off,emphasis_hardlp,separating_aggressive,emphasis_easycip,heuristics_off,separating_off,emphasis_optimality
ns1111636,separating_fast,emphasis_feasibility,separating_off,default,presolving_fast,heuristics_aggressive,presolving_aggressive,presolving_off,emphasis_hardlp,emphasis_optimality,emphasis_easycip,separating_aggressive,heuristics_fast,heuristics_off
neos-933815,presolving_fast,presolving_aggressive,heuristics_aggressive,default,separating_aggressive,separating_fast,emphasis_optimality,emphasis_hardlp,presolving_off,heuristics_fast,separating_off,emphasis_feasibility,emphasis_easycip,heuristics_off
bc1,separating_off,separating_fast,presolving_off,presolving_fast,default,presolving_aggressive,emphasis_hardlp,emphasis_feasibility,emphasis_easycip,heuristics_aggressive,emphasis_optimality,heuristics_fast,separating_aggressive,heuristics_off
rvb-sub,default,separating_fast,presolving_fast,separating_off,emphasis_hardlp,heuristics_aggressive,emphasis_easycip,heuristics_fast,presolving_aggressive,emphasis_feasibility,presolving_off,separating_aggressive,emphasis_optimality,heuristics_off
flugpl,default,presolving_aggressive,heuristics_fast,separating_fast,separating_aggressive,emphasis_easycip,presolving_off,emphasis_optimality,emphasis_hardlp,presolving_fast,heuristics_aggressive,separating_off,emphasis_feasibility,heuristics_off
neos-1456979,separating_off,separating_fast,presolving_fast,presolving_aggressive,default,heuristics_aggressive,presolving_off,emphasis_feasibility,separating_aggressive,emphasis_hardlp,emphasis_easycip,heuristics_fast,heuristics_off,emphasis_optimality
neos16,separating_fast,presolving_fast,presolving_aggressive,default,separating_aggressive,separating_off,heuristics_aggressive,presolving_off,emphasis_feasibility,emphasis_optimality,emphasis_easycip,heuristics_fast,emphasis_hardlp,heuristics_off
stein45,presolving_fast,presolving_aggressive,separating_fast,emphasis_hardlp,default,heuristics_fast,separating_off,emphasis_easycip,heuristics_aggressive,separating_aggressive,presolving_off,heuristics_off,emphasis_feasibility,emphasis_optimality
tr12-30,presolving_fast,default,presolving_aggressive,heuristics_aggressive,presolving_off,separating_aggressive,separating_fast,heuristics_fast,emphasis_optimality,emphasis_hardlp,emphasis_feasibility,emphasis_easycip,separating_off,heuristics_off
neos-633273,emphasis_feasibility,separating_aggressive,heuristics_fast,emphasis_optimality,presolving_aggressive,separating_fast,default,separating_off,heuristics_off,heuristics_aggressive,emphasis_easycip,emphasis_hardlp,presolving_fast,presolving_off
neos-848150,emphasis_feasibility,separating_fast,presolving_fast,separating_off,default,heuristics_aggressive,emphasis_hardlp,emphasis_easycip,presolving_aggressive,heuristics_fast,separating_aggressive,heuristics_off,presolving_off,emphasis_optimality
neos-841664,presolving_fast,presolving_aggressive,separating_fast,default,separating_aggressive,heuristics_aggressive,emphasis_hardlp,presolving_off,heuristics_fast,emphasis_optimality,emphasis_easycip,separating_off,emphasis_feasibility,heuristics_off
dsbmip,separating_off,separating_fast,presolving_aggressive,emphasis_feasibility,default,presolving_fast,heuristics_aggressive,separating_aggressive,presolving_off,emphasis_hardlp,emphasis_easycip,heuristics_fast,emphasis_optimality,heuristics_off
lectsched-4-obj,emphasis_feasibility,separating_off,separating_fast,presolving_fast,separating_aggressive,heuristics_aggressive,presolving_aggressive,default,presolving_off,emphasis_hardlp,emphasis_easycip,emphasis_optimality,heuristics_fast,heuristics_off
neos-1436709,separating_off,separating_fast,presolving_fast,default,presolving_aggressive,presolving_off,separating_aggressive,emphasis_feasibility,heuristics_aggressive,emphasis_optimality,heuristics_fast,emphasis_hardlp,emphasis_easycip,heuristics_off
nsa,emphasis_hardlp,emphasis_easycip,separating_fast,presolving_aggressive,presolving_fast,default,heuristics_fast,separating_off,presolving_off,heuristics_off,separating_aggressive,emphasis_feasibility,heuristics_aggressive,emphasis_optimality
neos-1112782,emphasis_feasibility,heuristics_aggressive,emphasis_optimality,emphasis_hardlp,default,presolving_aggressive,separating_off,separating_fast,presolving_fast,separating_aggressive,presolving_off,heuristics_fast,emphasis_easycip,heuristics_off
neos-476283,separating_off,emphasis_feasibility,separating_fast,presolving_fast,presolving_aggressive,heuristics_aggressive,default,presolving_off,separating_aggressive,emphasis_optimality,emphasis_hardlp,emphasis_easycip,heuristics_fast,heuristics_off
neos-1439395,separating_off,separating_fast,presolving_fast,presolving_aggressive,emphasis_feasibility,default,heuristics_fast,separating_aggressive,emphasis_easycip,emphasis_hardlp,heuristics_aggressive,presolving_off,heuristics_off,emphasis_optimality
sct32,separating_off,emphasis_feasibility,separating_fast,presolving_fast,default,presolving_aggressive,presolving_off,heuristics_aggressive,separating_aggressive,emphasis_hardlp,emphasis_easycip,heuristics_fast,emphasis_optimality,heuristics_off
tw-myciel4,presolving_aggressive,presolving_fast,default,separating_fast,heuristics_aggressive,separating_aggressive,heuristics_fast,emphasis_hardlp,emphasis_feasibility,separating_off,emphasis_easycip,heuristics_off,presolving_off,emphasis_optimality
noswot,separating_fast,emphasis_hardlp,presolving_fast,default,emphasis_easycip,heuristics_fast,presolving_aggressive,separating_off,separating_aggressive,heuristics_off,presolving_off,heuristics_aggressive,emphasis_optimality,emphasis_feasibility
mcf2,presolving_fast,separating_fast,default,heuristics_aggressive,emphasis_feasibility,presolving_off,presolving_aggressive,separating_off,separating_aggressive,heuristics_fast,emphasis_hardlp,emphasis_easycip,heuristics_off,emphasis_optimality
neos-555343,heuristics_aggressive,presolving_off,emphasis_feasibility,presolving_fast,separating_fast,default,separating_off,presolving_aggressive,separating_aggressive,emphasis_hardlp,emphasis_easycip,heuristics_fast,heuristics_off,emphasis_optimality
neos-956971,presolving_fast,presolving_off,separating_off,emphasis_feasibility,heuristics_aggressive,default,separating_fast,presolving_aggressive,emphasis_optimality,emphasis_easycip,separating_aggressive,emphasis_hardlp,heuristics_fast,heuristics_off
neos-954925,presolving_fast,presolving_off,separating_off,emphasis_feasibility,heuristics_aggressive,separating_fast,default,presolving_aggressive,emphasis_optimality,separating_aggressive,emphasis_hardlp,emphasis_easycip,heuristics_fast,heuristics_off
neos-911880,separating_aggressive,heuristics_aggressive,default,presolving_aggressive,emphasis_optimality,presolving_fast,presolving_off,heuristics_fast,separating_fast,emphasis_hardlp,emphasis_feasibility,separating_off,heuristics_off,emphasis_easycip
co-100,separating_fast,presolving_fast,separating_off,default,emphasis_feasibility,emphasis_hardlp,heuristics_aggressive,emphasis_easycip,presolving_off,presolving_aggressive,heuristics_fast,separating_aggressive,emphasis_optimality,heuristics_off
air05,heuristics_aggressive,separating_fast,emphasis_feasibility,default,separating_off,presolving_aggressive,separating_aggressive,emphasis_hardlp,heuristics_fast,presolving_fast,presolving_off,emphasis_optimality,emphasis_easycip,heuristics_off
neos-585467,default,separating_fast,separating_off,presolving_aggressive,heuristics_aggressive,heuristics_fast,emphasis_feasibility,separating_aggressive,heuristics_off,emphasis_optimality,presolving_fast,emphasis_easycip,emphasis_hardlp,presolving_off
ns60-pr9,presolving_fast,emphasis_easycip,default,presolving_aggressive,heuristics_fast,emphasis_hardlp,presolving_off,heuristics_aggressive,separating_fast,separating_off,separating_aggressive,emphasis_feasibility,emphasis_optimality,heuristics_off
eil33-2,separating_fast,default,separating_off,heuristics_fast,emphasis_hardlp,presolving_fast,emphasis_easycip,heuristics_off,presolving_aggressive,heuristics_aggressive,emphasis_feasibility,presolving_off,separating_aggressive,emphasis_optimality
iis-bupa-cov,heuristics_fast,presolving_fast,presolving_aggressive,default,presolving_off,separating_off,separating_fast,emphasis_easycip,heuristics_aggressive,separating_aggressive,heuristics_off,emphasis_hardlp,emphasis_feasibility,emphasis_optimality
satellites3-40,presolving_fast,separating_off,separating_fast,emphasis_feasibility,default,emphasis_hardlp,heuristics_aggressive,emphasis_easycip,presolving_off,presolving_aggressive,heuristics_fast,emphasis_optimality,separating_aggressive,heuristics_off
dano3_5,presolving_aggressive,emphasis_easycip,presolving_fast,default,heuristics_fast,separating_off,separating_fast,emphasis_hardlp,emphasis_optimality,separating_aggressive,presolving_off,emphasis_feasibility,heuristics_aggressive,heuristics_off
gmut-77-40,emphasis_hardlp,emphasis_feasibility,heuristics_aggressive,heuristics_fast,presolving_fast,separating_fast,emphasis_easycip,default,separating_off,presolving_off,presolving_aggressive,separating_aggressive,emphasis_optimality,heuristics_off
neos-1067731,separating_fast,separating_off,presolving_fast,presolving_aggressive,default,emphasis_feasibility,heuristics_aggressive,separating_aggressive,presolving_off,emphasis_hardlp,emphasis_easycip,heuristics_fast,emphasis_optimality,heuristics_off
pigeon-12,separating_fast,presolving_aggressive,emphasis_easycip,separating_off,separating_aggressive,emphasis_hardlp,emphasis_feasibility,presolving_off,emphasis_optimality,default,heuristics_aggressive,presolving_fast,heuristics_fast,heuristics_off
neos-955215,presolving_fast,presolving_aggressive,heuristics_aggressive,default,separating_aggressive,separating_fast,presolving_off,emphasis_optimality,emphasis_hardlp,heuristics_fast,separating_off,emphasis_feasibility,emphasis_easycip,heuristics_off
neos-1330635,presolving_fast,separating_fast,default,separating_off,presolving_aggressive,presolving_off,emphasis_feasibility,separating_aggressive,emphasis_hardlp,heuristics_aggressive,heuristics_fast,emphasis_easycip,emphasis_optimality,heuristics_off
neos-810286,separating_fast,default,emphasis_feasibility,presolving_off,presolving_fast,presolving_aggressive,heuristics_fast,heuristics_aggressive,heuristics_off,separating_aggressive,emphasis_hardlp,separating_off,emphasis_easycip,emphasis_optimality
vpphard2,emphasis_hardlp,presolving_fast,emphasis_easycip,separating_off,separating_fast,presolving_off,emphasis_feasibility,heuristics_fast,heuristics_aggressive,default,presolving_aggressive,emphasis_optimality,separating_aggressive,heuristics_off
ivu06-big,default,separating_fast,separating_off,emphasis_hardlp,presolving_aggressive,emphasis_feasibility,emphasis_easycip,presolving_fast,heuristics_aggressive,presolving_off,heuristics_fast,separating_aggressive,emphasis_optimality,heuristics_off
tanglegram1,default,separating_off,separating_fast,heuristics_fast,emphasis_feasibility,presolving_fast,presolving_aggressive,heuristics_aggressive,emphasis_hardlp,presolving_off,emphasis_easycip,emphasis_optimality,separating_aggressive,heuristics_off
neos-880324,separating_off,separating_fast,default,presolving_aggressive,emphasis_hardlp,emphasis_easycip,separating_aggressive,presolving_fast,emphasis_feasibility,heuristics_fast,heuristics_aggressive,heuristics_off,presolving_off,emphasis_optimality
neos-850681,separating_fast,emphasis_feasibility,presolving_fast,default,presolving_aggressive,heuristics_aggressive,emphasis_hardlp,presolving_off,separating_off,separating_aggressive,heuristics_fast,emphasis_easycip,heuristics_off,emphasis_optimality
go19,heuristics_fast,presolving_fast,default,separating_fast,presolving_aggressive,separating_off,presolving_off,heuristics_aggressive,emphasis_easycip,separating_aggressive,emphasis_hardlp,emphasis_feasibility,emphasis_optimality,heuristics_off
