neos-848150,emphasis_feasibility,separating_fast,heuristics_aggressive,presolving_fast,emphasis_easycip,separating_aggressive,presolving_aggressive,heuristics_fast,separating_off,heuristics_off,emphasis_hardlp,default,presolving_off,emphasis_optimality
neos-1605061,separating_fast,separating_off,separating_aggressive,presolving_fast,presolving_aggressive,default,heuristics_aggressive,emphasis_hardlp,heuristics_off,heuristics_fast,emphasis_easycip,emphasis_feasibility,presolving_off,emphasis_optimality
pw-myciel4,separating_aggressive,presolving_fast,default,presolving_aggressive,heuristics_fast,separating_fast,heuristics_aggressive,emphasis_hardlp,separating_off,emphasis_easycip,presolving_off,emphasis_feasibility,emphasis_optimality,heuristics_off
neos-1440225,separating_fast,separating_off,default,presolving_fast,emphasis_feasibility,separating_aggressive,presolving_off,presolving_aggressive,heuristics_aggressive,heuristics_fast,emphasis_hardlp,emphasis_optimality,heuristics_off,emphasis_easycip
l152lav,separating_fast,default,separating_off,presolving_off,emphasis_hardlp,emphasis_easycip,heuristics_fast,emphasis_feasibility,presolving_fast,presolving_aggressive,separating_aggressive,heuristics_off,heuristics_aggressive,emphasis_optimality
sp98ir,separating_off,presolving_fast,default,separating_fast,presolving_off,presolving_aggressive,heuristics_aggressive,separating_aggressive,emphasis_hardlp,emphasis_feasibility,heuristics_fast,emphasis_optimality,heuristics_off,emphasis_easycip
mitre,separating_fast,presolving_aggressive,default,presolving_fast,heuristics_fast,separating_aggressive,presolving_off,emphasis_easycip,separating_off,heuristics_aggressive,emphasis_hardlp,heuristics_off,emphasis_optimality,emphasis_feasibility
air05,emphasis_feasibility,heuristics_aggressive,separating_fast,separating_off,default,separating_aggressive,presolving_aggressive,emphasis_optimality,emphasis_hardlp,heuristics_fast,presolving_fast,heuristics_off,emphasis_easycip,presolving_off
sp97ar,heuristics_aggressive,separating_fast,emphasis_feasibility,presolving_fast,default,separating_aggressive,emphasis_easycip,separating_off,presolving_off,presolving_aggressive,emphasis_hardlp,heuristics_fast,emphasis_optimality,heuristics_off
neos-612143,heuristics_fast,presolving_fast,presolving_off,default,presolving_aggressive,heuristics_aggressive,emphasis_hardlp,separating_aggressive,emphasis_optimality,heuristics_off,emphasis_easycip,separating_fast,separating_off,emphasis_feasibility
leo1,presolving_off,separating_fast,separating_aggressive,presolving_fast,separating_off,presolving_aggressive,heuristics_off,heuristics_fast,heuristics_aggressive,emphasis_hardlp,emphasis_feasibility,default,emphasis_optimality,emphasis_easycip
p0201,separating_off,presolving_fast,emphasis_hardlp,separating_fast,default,emphasis_easycip,presolving_aggressive,heuristics_aggressive,emphasis_feasibility,presolving_off,heuristics_fast,separating_aggressive,emphasis_optimality,heuristics_off
neos-1367061,heuristics_aggressive,presolving_fast,presolving_aggressive,default,separating_aggressive,heuristics_fast,presolving_off,emphasis_optimality,emphasis_hardlp,separating_fast,emphasis_feasibility,emphasis_easycip,separating_off,heuristics_off
aligninq,separating_fast,presolving_fast,default,separating_off,presolving_aggressive,heuristics_aggressive,emphasis_hardlp,emphasis_feasibility,separating_aggressive,emphasis_easycip,presolving_off,heuristics_off,heuristics_fast,emphasis_optimality
germany50-DBM,heuristics_fast,presolving_aggressive,presolving_fast,default,presolving_off,emphasis_hardlp,separating_fast,separating_aggressive,heuristics_aggressive,emphasis_easycip,separating_off,emphasis_feasibility,heuristics_off,emphasis_optimality
neos-937815,separating_off,separating_fast,default,presolving_fast,separating_aggressive,presolving_off,presolving_aggressive,emphasis_feasibility,heuristics_aggressive,emphasis_easycip,emphasis_hardlp,emphasis_optimality,heuristics_fast,heuristics_off
markshare1,separating_off,separating_fast,separating_aggressive,presolving_off,presolving_fast,presolving_aggressive,heuristics_off,heuristics_fast,heuristics_aggressive,emphasis_optimality,emphasis_hardlp,emphasis_feasibility,emphasis_easycip,default
pg5_34,separating_fast,default,presolving_fast,presolving_aggressive,emphasis_feasibility,separating_off,separating_aggressive,heuristics_aggressive,heuristics_fast,presolving_off,emphasis_optimality,heuristics_off,emphasis_hardlp,emphasis_easycip
neos-1053234,emphasis_feasibility,separating_off,heuristics_aggressive,default,separating_fast,presolving_aggressive,separating_aggressive,presolving_fast,presolving_off,emphasis_optimality,emphasis_hardlp,emphasis_easycip,heuristics_fast,heuristics_off
neos-1622252,emphasis_hardlp,emphasis_easycip,presolving_aggressive,presolving_fast,heuristics_off,separating_aggressive,heuristics_aggressive,default,emphasis_optimality,separating_fast,heuristics_fast,emphasis_feasibility,presolving_off,separating_off
neos-738098,separating_off,separating_fast,presolving_fast,presolving_aggressive,emphasis_feasibility,heuristics_aggressive,default,separating_aggressive,presolving_off,heuristics_fast,emphasis_optimality,emphasis_hardlp,emphasis_easycip,heuristics_off
atm20-100,presolving_aggressive,presolving_fast,default,separating_fast,separating_aggressive,presolving_off,heuristics_aggressive,separating_off,heuristics_fast,emphasis_easycip,emphasis_optimality,emphasis_hardlp,emphasis_feasibility,heuristics_off
neos-574665,presolving_aggressive,presolving_fast,default,heuristics_aggressive,separating_aggressive,presolving_off,separating_fast,heuristics_fast,emphasis_feasibility,emphasis_easycip,emphasis_optimality,separating_off,emphasis_hardlp,heuristics_off
cov1075,separating_off,heuristics_fast,presolving_off,presolving_fast,separating_fast,presolving_aggressive,emphasis_easycip,default,separating_aggressive,heuristics_aggressive,heuristics_off,emphasis_hardlp,emphasis_feasibility,emphasis_optimality
satellites3-40-fs,separating_off,separating_fast,separating_aggressive,presolving_off,presolving_fast,presolving_aggressive,heuristics_off,heuristics_fast,heuristics_aggressive,emphasis_optimality,emphasis_hardlp,emphasis_feasibility,emphasis_easycip,default
ran16x16,presolving_fast,heuristics_aggressive,default,presolving_aggressive,presolving_off,separating_fast,heuristics_fast,separating_off,emphasis_hardlp,separating_aggressive,emphasis_feasibility,emphasis_easycip,emphasis_optimality,heuristics_off
sts729,heuristics_fast,separating_off,presolving_fast,separating_fast,presolving_aggressive,default,presolving_off,emphasis_easycip,separating_aggressive,heuristics_aggressive,emphasis_hardlp,emphasis_feasibility,heuristics_off,emphasis_optimality
neos-1442119,separating_off,presolving_fast,separating_fast,presolving_aggressive,default,separating_aggressive,presolving_off,emphasis_feasibility,heuristics_aggressive,emphasis_optimality,emphasis_hardlp,heuristics_fast,emphasis_easycip,heuristics_off
fiball,separating_aggressive,presolving_fast,heuristics_aggressive,default,presolving_aggressive,separating_fast,emphasis_feasibility,presolving_off,separating_off,heuristics_fast,emphasis_optimality,emphasis_hardlp,emphasis_easycip,heuristics_off
neos-935348,separating_off,separating_fast,default,presolving_fast,separating_aggressive,presolving_off,presolving_aggressive,emphasis_feasibility,heuristics_aggressive,emphasis_easycip,emphasis_hardlp,emphasis_optimality,heuristics_fast,heuristics_off
sing359,separating_off,separating_fast,separating_aggressive,presolving_off,presolving_fast,presolving_aggressive,heuristics_off,heuristics_fast,heuristics_aggressive,emphasis_optimality,emphasis_hardlp,emphasis_feasibility,emphasis_easycip,default
neos-796608,separating_off,separating_fast,presolving_fast,presolving_aggressive,default,heuristics_aggressive,presolving_off,separating_aggressive,heuristics_fast,emphasis_feasibility,emphasis_optimality,emphasis_hardlp,emphasis_easycip,heuristics_off
ramos3,separating_off,separating_fast,heuristics_fast,presolving_aggressive,presolving_fast,presolving_off,default,separating_aggressive,heuristics_aggressive,emphasis_easycip,emphasis_hardlp,heuristics_off,emphasis_feasibility,emphasis_optimality
neos-937511,separating_off,presolving_off,default,presolving_fast,separating_fast,separating_aggressive,presolving_aggressive,heuristics_aggressive,emphasis_feasibility,emphasis_easycip,emphasis_hardlp,heuristics_fast,emphasis_optimality,heuristics_off
rvb-sub,separating_fast,default,separating_off,heuristics_aggressive,presolving_aggressive,emphasis_hardlp,emphasis_feasibility,presolving_fast,emphasis_easycip,heuristics_fast,presolving_off,separating_aggressive,heuristics_off,emphasis_optimality
neos-933815,presolving_fast,presolving_aggressive,heuristics_aggressive,default,separating_aggressive,emphasis_optimality,emphasis_hardlp,separating_fast,heuristics_fast,presolving_off,separating_off,emphasis_feasibility,emphasis_easycip,heuristics_off
neos-1417043,presolving_fast,presolving_aggressive,default,heuristics_fast,presolving_off,separating_fast,heuristics_aggressive,emphasis_hardlp,emphasis_easycip,separating_off,separating_aggressive,emphasis_feasibility,heuristics_off,emphasis_optimality
neos-1211578,heuristics_off,presolving_aggressive,heuristics_fast,emphasis_hardlp,separating_fast,separating_off,default,emphasis_feasibility,emphasis_easycip,separating_aggressive,presolving_fast,heuristics_aggressive,emphasis_optimality,presolving_off
neos-810286,separating_fast,emphasis_easycip,emphasis_feasibility,heuristics_fast,heuristics_aggressive,presolving_fast,emphasis_hardlp,separating_aggressive,presolving_aggressive,default,separating_off,heuristics_off,presolving_off,emphasis_optimality
rocII-7-11,separating_off,separating_fast,separating_aggressive,presolving_off,presolving_fast,presolving_aggressive,heuristics_aggressive,emphasis_feasibility,heuristics_fast,heuristics_off,default,emphasis_optimality,emphasis_hardlp,emphasis_easycip
cap6000,presolving_off,heuristics_aggressive,presolving_fast,separating_fast,emphasis_feasibility,default,separating_off,presolving_aggressive,separating_aggressive,emphasis_easycip,emphasis_hardlp,heuristics_fast,emphasis_optimality,heuristics_off
iis-bupa-cov,separating_off,heuristics_fast,presolving_fast,presolving_aggressive,default,emphasis_easycip,separating_fast,presolving_off,separating_aggressive,heuristics_aggressive,heuristics_off,emphasis_hardlp,emphasis_feasibility,emphasis_optimality
neos-787933,separating_off,separating_fast,emphasis_hardlp,emphasis_feasibility,presolving_off,presolving_fast,heuristics_aggressive,presolving_aggressive,default,separating_aggressive,emphasis_easycip,heuristics_fast,emphasis_optimality,heuristics_off
ran14x18_1,presolving_fast,heuristics_aggressive,default,presolving_aggressive,separating_fast,presolving_off,heuristics_fast,separating_off,emphasis_hardlp,separating_aggressive,emphasis_feasibility,emphasis_easycip,emphasis_optimality,heuristics_off
transportmoment,default,separating_fast,separating_aggressive,presolving_off,presolving_aggressive,heuristics_aggressive,separating_off,presolving_fast,emphasis_feasibility,emphasis_optimality,heuristics_fast,emphasis_hardlp,heuristics_off,emphasis_easycip
ds,separating_fast,emphasis_feasibility,separating_off,default,presolving_aggressive,presolving_fast,presolving_off,heuristics_aggressive,emphasis_hardlp,separating_aggressive,heuristics_fast,emphasis_easycip,heuristics_off,emphasis_optimality
dano3mip,presolving_aggressive,presolving_fast,separating_fast,emphasis_easycip,default,presolving_off,emphasis_hardlp,separating_off,heuristics_fast,separating_aggressive,heuristics_aggressive,emphasis_optimality,emphasis_feasibility,heuristics_off
neos-501453,default,separating_off,separating_fast,presolving_fast,presolving_aggressive,separating_aggressive,heuristics_fast,emphasis_optimality,heuristics_aggressive,presolving_off,emphasis_feasibility,emphasis_hardlp,heuristics_off,emphasis_easycip
nu60-pr9,heuristics_aggressive,default,presolving_aggressive,presolving_off,presolving_fast,separating_off,separating_aggressive,emphasis_easycip,emphasis_hardlp,separating_fast,emphasis_feasibility,heuristics_fast,emphasis_optimality,heuristics_off
neos-914441,separating_off,separating_fast,presolving_fast,default,presolving_off,separating_aggressive,presolving_aggressive,heuristics_aggressive,emphasis_feasibility,heuristics_fast,emphasis_hardlp,emphasis_optimality,emphasis_easycip,heuristics_off
neos-1516309,default,separating_fast,presolving_fast,heuristics_aggressive,presolving_off,emphasis_feasibility,separating_aggressive,presolving_aggressive,emphasis_hardlp,emphasis_easycip,separating_off,heuristics_fast,emphasis_optimality,heuristics_off
neos-1215891,separating_off,separating_fast,presolving_fast,presolving_aggressive,heuristics_aggressive,emphasis_feasibility,emphasis_hardlp,default,separating_aggressive,presolving_off,heuristics_off,heuristics_fast,emphasis_easycip,emphasis_optimality
lseu,default,separating_fast,presolving_fast,separating_aggressive,emphasis_easycip,presolving_off,presolving_aggressive,heuristics_aggressive,emphasis_feasibility,emphasis_hardlp,heuristics_fast,separating_off,emphasis_optimality,heuristics_off
neos-847302,emphasis_feasibility,presolving_fast,separating_fast,default,heuristics_aggressive,presolving_aggressive,separating_aggressive,presolving_off,separating_off,emphasis_optimality,emphasis_hardlp,emphasis_easycip,heuristics_fast,heuristics_off
janos-us-DDM,presolving_fast,presolving_aggressive,separating_aggressive,default,separating_fast,presolving_off,heuristics_fast,heuristics_aggressive,heuristics_off,emphasis_hardlp,separating_off,emphasis_easycip,emphasis_optimality,emphasis_feasibility
neos-826841,heuristics_aggressive,separating_off,emphasis_feasibility,separating_fast,presolving_fast,default,presolving_off,presolving_aggressive,separating_aggressive,emphasis_hardlp,emphasis_easycip,heuristics_fast,emphasis_optimality,heuristics_off
neos-839838,presolving_fast,emphasis_feasibility,default,emphasis_hardlp,separating_fast,heuristics_aggressive,presolving_aggressive,emphasis_easycip,heuristics_fast,separating_off,separating_aggressive,presolving_off,emphasis_optimality,heuristics_off
neos-957270,presolving_fast,emphasis_hardlp,separating_off,separating_fast,heuristics_aggressive,emphasis_easycip,emphasis_feasibility,presolving_aggressive,heuristics_fast,default,heuristics_off,separating_aggressive,presolving_off,emphasis_optimality
ns1456591,presolving_fast,default,presolving_aggressive,heuristics_fast,presolving_off,heuristics_aggressive,separating_aggressive,emphasis_hardlp,emphasis_optimality,heuristics_off,separating_fast,emphasis_easycip,emphasis_feasibility,separating_off
neos-1429461,separating_off,presolving_fast,separating_fast,default,presolving_aggressive,separating_aggressive,presolving_off,emphasis_feasibility,heuristics_aggressive,emphasis_optimality,heuristics_fast,emphasis_hardlp,emphasis_easycip,heuristics_off
triptim1,separating_off,separating_fast,separating_aggressive,presolving_off,presolving_fast,presolving_aggressive,heuristics_off,heuristics_aggressive,heuristics_fast,emphasis_hardlp,emphasis_optimality,emphasis_feasibility,emphasis_easycip,default
