neos-933966,separating_off,separating_aggressive,separating_fast,presolving_fast,default,presolving_aggressive,heuristics_aggressive,presolving_off,emphasis_feasibility,emphasis_hardlp,emphasis_easycip,emphasis_optimality,heuristics_fast,heuristics_off
flugpl,separating_fast,presolving_fast,default,presolving_aggressive,presolving_off,heuristics_aggressive,separating_off,heuristics_fast,separating_aggressive,emphasis_hardlp,emphasis_feasibility,emphasis_easycip,emphasis_optimality,heuristics_off
neos-839859,presolving_fast,heuristics_aggressive,emphasis_hardlp,separating_aggressive,separating_fast,emphasis_feasibility,default,presolving_aggressive,heuristics_fast,presolving_off,emphasis_optimality,emphasis_easycip,separating_off,heuristics_off
bnatt400,separating_off,separating_fast,presolving_off,emphasis_hardlp,presolving_aggressive,presolving_fast,heuristics_aggressive,emphasis_feasibility,emphasis_easycip,heuristics_fast,default,separating_aggressive,heuristics_off,emphasis_optimality
neos-1420205,separating_off,separating_fast,presolving_fast,emphasis_hardlp,default,presolving_aggressive,separating_aggressive,heuristics_fast,emphasis_easycip,presolving_off,heuristics_off,heuristics_aggressive,emphasis_optimality,emphasis_feasibility
neos-593853,separating_fast,presolving_fast,presolving_aggressive,presolving_off,default,separating_off,separating_aggressive,heuristics_fast,heuristics_aggressive,emphasis_optimality,emphasis_hardlp,heuristics_off,emphasis_feasibility,emphasis_easycip
neos-850681,emphasis_feasibility,heuristics_fast,emphasis_hardlp,emphasis_easycip,presolving_aggressive,heuristics_off,heuristics_aggressive,separating_fast,presolving_fast,presolving_off,default,separating_off,separating_aggressive,emphasis_optimality
gen,presolving_fast,presolving_aggressive,default,heuristics_aggressive,separating_aggressive,heuristics_fast,separating_fast,emphasis_optimality,emphasis_hardlp,presolving_off,emphasis_easycip,heuristics_off,emphasis_feasibility,separating_off
rococoC10-001000,emphasis_feasibility,separating_off,heuristics_aggressive,separating_fast,presolving_fast,emphasis_hardlp,default,presolving_aggressive,heuristics_fast,presolving_off,separating_aggressive,emphasis_easycip,emphasis_optimality,heuristics_off
mitre,separating_fast,presolving_aggressive,heuristics_fast,heuristics_off,emphasis_easycip,default,separating_off,presolving_off,heuristics_aggressive,emphasis_hardlp,separating_aggressive,presolving_fast,emphasis_feasibility,emphasis_optimality
neos-1436713,separating_off,separating_fast,presolving_fast,emphasis_feasibility,default,separating_aggressive,heuristics_aggressive,presolving_aggressive,presolving_off,emphasis_optimality,emphasis_hardlp,heuristics_fast,emphasis_easycip,heuristics_off
neos-1112787,separating_fast,presolving_fast,heuristics_fast,separating_off,default,presolving_aggressive,emphasis_optimality,separating_aggressive,emphasis_easycip,emphasis_feasibility,heuristics_aggressive,heuristics_off,emphasis_hardlp,presolving_off
neos-555927,separating_fast,separating_off,presolving_fast,presolving_aggressive,heuristics_aggressive,emphasis_feasibility,default,separating_aggressive,presolving_off,emphasis_hardlp,heuristics_off,heuristics_fast,emphasis_easycip,emphasis_optimality
neos-1200887,separating_off,separating_fast,presolving_fast,default,emphasis_feasibility,presolving_aggressive,separating_aggressive,heuristics_fast,heuristics_aggressive,emphasis_optimality,presolving_off,emphasis_hardlp,emphasis_easycip,heuristics_off
mkc,separating_off,presolving_fast,presolving_aggressive,separating_fast,presolving_off,emphasis_easycip,emphasis_hardlp,emphasis_feasibility,default,heuristics_aggressive,separating_aggressive,heuristics_fast,heuristics_off,emphasis_optimality
neos-916792,separating_off,separating_fast,presolving_fast,default,presolving_aggressive,presolving_off,separating_aggressive,heuristics_aggressive,emphasis_feasibility,heuristics_fast,emphasis_hardlp,emphasis_optimality,emphasis_easycip,heuristics_off
neos-941262,separating_off,presolving_fast,separating_fast,presolving_off,presolving_aggressive,default,separating_aggressive,heuristics_aggressive,emphasis_feasibility,emphasis_easycip,emphasis_hardlp,emphasis_optimality,heuristics_fast,heuristics_off
mzzv11,separating_fast,emphasis_feasibility,heuristics_aggressive,heuristics_off,default,separating_off,heuristics_fast,separating_aggressive,presolving_off,presolving_fast,emphasis_easycip,presolving_aggressive,emphasis_optimality,emphasis_hardlp
neos-1620770,separating_aggressive,separating_fast,presolving_aggressive,default,separating_off,heuristics_fast,heuristics_off,presolving_off,presolving_fast,emphasis_easycip,heuristics_aggressive,emphasis_hardlp,emphasis_feasibility,emphasis_optimality
dano3_5,presolving_aggressive,emphasis_easycip,presolving_fast,default,heuristics_fast,separating_off,separating_fast,emphasis_hardlp,emphasis_optimality,separating_aggressive,presolving_off,emphasis_feasibility,heuristics_aggressive,heuristics_off
triptim3,separating_off,separating_fast,separating_aggressive,presolving_off,presolving_fast,presolving_aggressive,heuristics_off,heuristics_fast,heuristics_aggressive,emphasis_optimality,emphasis_hardlp,emphasis_feasibility,emphasis_easycip,default
neos-551991,separating_aggressive,heuristics_aggressive,emphasis_feasibility,default,emphasis_hardlp,presolving_off,presolving_fast,presolving_aggressive,separating_fast,separating_off,emphasis_optimality,heuristics_fast,emphasis_easycip,heuristics_off
set1ch,default,presolving_aggressive,presolving_fast,heuristics_aggressive,separating_aggressive,emphasis_hardlp,separating_fast,presolving_off,heuristics_fast,emphasis_easycip,emphasis_optimality,heuristics_off,emphasis_feasibility,separating_off
50v-10,separating_off,emphasis_feasibility,default,separating_fast,heuristics_aggressive,presolving_aggressive,emphasis_easycip,emphasis_hardlp,presolving_fast,separating_aggressive,presolving_off,heuristics_off,heuristics_fast,emphasis_optimality
dcmulti,presolving_fast,emphasis_hardlp,default,presolving_aggressive,heuristics_aggressive,separating_fast,separating_aggressive,presolving_off,heuristics_fast,emphasis_easycip,emphasis_optimality,separating_off,heuristics_off,emphasis_feasibility
neos808444,separating_off,presolving_fast,separating_fast,heuristics_aggressive,emphasis_hardlp,emphasis_easycip,presolving_off,presolving_aggressive,emphasis_feasibility,heuristics_fast,separating_aggressive,heuristics_off,default,emphasis_optimality
circ10-3,separating_off,separating_fast,presolving_off,presolving_fast,separating_aggressive,presolving_aggressive,heuristics_aggressive,heuristics_fast,emphasis_hardlp,heuristics_off,emphasis_feasibility,emphasis_optimality,emphasis_easycip,default
neos-584866,separating_off,separating_fast,presolving_fast,emphasis_hardlp,separating_aggressive,presolving_aggressive,presolving_off,emphasis_easycip,default,heuristics_aggressive,heuristics_fast,emphasis_feasibility,emphasis_optimality,heuristics_off
neos-934441,presolving_fast,emphasis_feasibility,heuristics_aggressive,separating_aggressive,presolving_off,separating_off,presolving_aggressive,separating_fast,default,emphasis_hardlp,emphasis_easycip,emphasis_optimality,heuristics_fast,heuristics_off
neos-937815,separating_off,presolving_fast,separating_fast,presolving_off,default,separating_aggressive,presolving_aggressive,heuristics_aggressive,emphasis_feasibility,emphasis_easycip,emphasis_hardlp,emphasis_optimality,heuristics_fast,heuristics_off
eil33-2,default,separating_fast,separating_off,heuristics_aggressive,presolving_fast,presolving_aggressive,emphasis_hardlp,emphasis_feasibility,heuristics_fast,presolving_off,emphasis_easycip,separating_aggressive,heuristics_off,emphasis_optimality
ns1663818,separating_off,separating_fast,presolving_off,presolving_fast,separating_aggressive,presolving_aggressive,heuristics_off,heuristics_aggressive,heuristics_fast,emphasis_optimality,emphasis_hardlp,emphasis_feasibility,emphasis_easycip,default
iis-100-0-cov,separating_off,heuristics_fast,emphasis_easycip,presolving_off,presolving_fast,separating_fast,default,presolving_aggressive,separating_aggressive,heuristics_aggressive,emphasis_feasibility,heuristics_off,emphasis_hardlp,emphasis_optimality
ns894236,separating_off,separating_fast,separating_aggressive,presolving_off,presolving_fast,presolving_aggressive,heuristics_off,heuristics_fast,heuristics_aggressive,emphasis_optimality,emphasis_feasibility,emphasis_hardlp,emphasis_easycip,default
pk1,presolving_fast,separating_fast,default,separating_off,presolving_aggressive,separating_aggressive,emphasis_hardlp,emphasis_feasibility,heuristics_aggressive,heuristics_fast,emphasis_easycip,presolving_off,heuristics_off,emphasis_optimality
khb05250,presolving_fast,presolving_aggressive,default,presolving_off,heuristics_fast,heuristics_aggressive,emphasis_hardlp,separating_aggressive,emphasis_optimality,separating_fast,emphasis_easycip,heuristics_off,emphasis_feasibility,separating_off
neos-631517,presolving_off,presolving_fast,separating_aggressive,heuristics_aggressive,presolving_aggressive,default,emphasis_optimality,emphasis_hardlp,separating_fast,emphasis_feasibility,heuristics_fast,emphasis_easycip,separating_off,heuristics_off
glass4,separating_off,separating_fast,emphasis_feasibility,presolving_fast,presolving_aggressive,emphasis_easycip,separating_aggressive,presolving_off,heuristics_aggressive,default,heuristics_fast,emphasis_optimality,emphasis_hardlp,heuristics_off
van,presolving_fast,presolving_aggressive,separating_fast,default,separating_aggressive,presolving_off,heuristics_fast,heuristics_aggressive,emphasis_hardlp,separating_off,emphasis_optimality,heuristics_off,emphasis_easycip,emphasis_feasibility
neos-848198,presolving_fast,presolving_aggressive,default,heuristics_fast,presolving_off,heuristics_aggressive,separating_aggressive,emphasis_hardlp,emphasis_optimality,heuristics_off,separating_fast,emphasis_easycip,separating_off,emphasis_feasibility
neos-935348,separating_off,separating_fast,presolving_fast,default,separating_aggressive,presolving_off,presolving_aggressive,heuristics_aggressive,emphasis_feasibility,emphasis_easycip,emphasis_hardlp,emphasis_optimality,heuristics_fast,heuristics_off
p0548,separating_fast,emphasis_hardlp,presolving_fast,default,presolving_off,heuristics_aggressive,emphasis_feasibility,presolving_aggressive,heuristics_fast,emphasis_easycip,separating_off,separating_aggressive,emphasis_optimality,heuristics_off
neos-501453,default,separating_off,separating_fast,presolving_fast,separating_aggressive,presolving_aggressive,heuristics_fast,heuristics_aggressive,emphasis_optimality,emphasis_feasibility,presolving_off,emphasis_hardlp,emphasis_easycip,heuristics_off
neos-709469,emphasis_hardlp,separating_off,separating_fast,separating_aggressive,presolving_fast,emphasis_feasibility,default,presolving_aggressive,heuristics_off,heuristics_fast,emphasis_easycip,heuristics_aggressive,presolving_off,emphasis_optimality
queens-30,separating_off,separating_fast,separating_aggressive,presolving_off,presolving_fast,heuristics_aggressive,presolving_aggressive,emphasis_hardlp,emphasis_feasibility,default,heuristics_fast,heuristics_off,emphasis_optimality,emphasis_easycip
bell3a,presolving_aggressive,default,separating_aggressive,separating_fast,presolving_fast,heuristics_fast,heuristics_aggressive,separating_off,emphasis_optimality,presolving_off,heuristics_off,emphasis_hardlp,emphasis_easycip,emphasis_feasibility
ns2124243,separating_off,separating_fast,emphasis_feasibility,heuristics_aggressive,presolving_fast,presolving_aggressive,presolving_off,default,separating_aggressive,emphasis_optimality,emphasis_easycip,heuristics_fast,emphasis_hardlp,heuristics_off
reblock354,emphasis_hardlp,separating_off,presolving_fast,presolving_off,separating_fast,default,emphasis_feasibility,heuristics_aggressive,heuristics_fast,emphasis_easycip,separating_aggressive,presolving_aggressive,heuristics_off,emphasis_optimality
ns1854840,separating_fast,separating_off,presolving_off,presolving_fast,separating_aggressive,presolving_aggressive,default,heuristics_fast,heuristics_aggressive,emphasis_optimality,emphasis_feasibility,emphasis_hardlp,emphasis_easycip,heuristics_off
sct1,emphasis_feasibility,presolving_fast,separating_off,default,separating_fast,presolving_aggressive,presolving_off,heuristics_aggressive,separating_aggressive,heuristics_fast,heuristics_off,emphasis_hardlp,emphasis_optimality,emphasis_easycip
neos-1151496,separating_aggressive,emphasis_hardlp,separating_off,separating_fast,presolving_fast,heuristics_off,presolving_aggressive,emphasis_optimality,heuristics_fast,emphasis_easycip,presolving_off,heuristics_aggressive,emphasis_feasibility,default
neos-791021,presolving_fast,separating_off,separating_fast,separating_aggressive,presolving_off,heuristics_aggressive,emphasis_feasibility,presolving_aggressive,heuristics_fast,heuristics_off,emphasis_optimality,emphasis_hardlp,default,emphasis_easycip
neos-1582420,presolving_fast,default,presolving_off,separating_fast,presolving_aggressive,heuristics_fast,heuristics_aggressive,separating_off,emphasis_hardlp,emphasis_easycip,emphasis_feasibility,separating_aggressive,heuristics_off,emphasis_optimality
neos-799838,presolving_fast,separating_off,separating_fast,heuristics_aggressive,separating_aggressive,default,emphasis_feasibility,presolving_off,presolving_aggressive,emphasis_hardlp,heuristics_fast,heuristics_off,emphasis_optimality,emphasis_easycip
neos-1605061,separating_fast,separating_off,separating_aggressive,presolving_fast,presolving_aggressive,heuristics_aggressive,presolving_off,heuristics_off,heuristics_fast,emphasis_hardlp,default,emphasis_feasibility,emphasis_optimality,emphasis_easycip
tw-myciel4,emphasis_hardlp,presolving_fast,separating_off,separating_fast,presolving_aggressive,heuristics_aggressive,emphasis_easycip,emphasis_feasibility,default,heuristics_fast,heuristics_off,presolving_off,separating_aggressive,emphasis_optimality
neos-512201,heuristics_off,separating_fast,presolving_fast,heuristics_aggressive,emphasis_hardlp,heuristics_fast,presolving_aggressive,emphasis_easycip,separating_aggressive,default,presolving_off,separating_off,emphasis_feasibility,emphasis_optimality
neos-1173026,separating_aggressive,presolving_off,emphasis_feasibility,separating_fast,default,presolving_aggressive,presolving_fast,emphasis_hardlp,separating_off,heuristics_aggressive,emphasis_optimality,heuristics_fast,emphasis_easycip,heuristics_off
set3-10,presolving_aggressive,default,heuristics_aggressive,separating_aggressive,presolving_fast,separating_fast,presolving_off,emphasis_optimality,emphasis_feasibility,heuristics_fast,emphasis_hardlp,emphasis_easycip,heuristics_off,separating_off
ns2137859,presolving_fast,default,heuristics_fast,presolving_off,presolving_aggressive,heuristics_aggressive,emphasis_hardlp,separating_fast,separating_aggressive,emphasis_easycip,separating_off,emphasis_optimality,emphasis_feasibility,heuristics_off
neos-1436709,separating_off,separating_fast,presolving_fast,default,presolving_aggressive,separating_aggressive,presolving_off,emphasis_feasibility,heuristics_aggressive,emphasis_optimality,heuristics_fast,emphasis_hardlp,emphasis_easycip,heuristics_off
