fixnet6,presolving_fast,separating_fast,default,presolving_aggressive,separating_aggressive,heuristics_fast,heuristics_aggressive,emphasis_hardlp,emphasis_easycip,presolving_off,emphasis_optimality,separating_off,emphasis_feasibility,heuristics_off
mod010,heuristics_aggressive,emphasis_hardlp,separating_fast,emphasis_feasibility,presolving_aggressive,default,presolving_fast,emphasis_easycip,separating_off,heuristics_fast,separating_aggressive,presolving_off,heuristics_off,emphasis_optimality
neos-632335,separating_fast,default,separating_off,heuristics_aggressive,presolving_fast,emphasis_feasibility,presolving_aggressive,heuristics_off,heuristics_fast,separating_aggressive,emphasis_optimality,emphasis_hardlp,presolving_off,emphasis_easycip
lrn,separating_fast,presolving_off,separating_off,presolving_fast,separating_aggressive,presolving_aggressive,default,emphasis_hardlp,heuristics_off,emphasis_optimality,heuristics_aggressive,heuristics_fast,emphasis_feasibility,emphasis_easycip
neos-931517,presolving_fast,default,presolving_aggressive,separating_fast,heuristics_aggressive,separating_aggressive,presolving_off,emphasis_feasibility,separating_off,heuristics_fast,emphasis_hardlp,emphasis_easycip,emphasis_optimality,heuristics_off
neos-935769,separating_fast,presolving_fast,default,separating_off,presolving_off,presolving_aggressive,separating_aggressive,heuristics_aggressive,emphasis_feasibility,emphasis_hardlp,emphasis_easycip,heuristics_fast,emphasis_optimality,heuristics_off
neos-905856,separating_fast,emphasis_feasibility,emphasis_hardlp,presolving_fast,presolving_aggressive,heuristics_aggressive,emphasis_easycip,default,separating_off,separating_aggressive,heuristics_off,heuristics_fast,presolving_off,emphasis_optimality
neos-787933,separating_off,emphasis_feasibility,separating_fast,heuristics_aggressive,separating_aggressive,presolving_fast,presolving_aggressive,presolving_off,emphasis_optimality,heuristics_fast,emphasis_hardlp,default,emphasis_easycip,heuristics_off
tanglegram2,separating_off,presolving_fast,separating_fast,presolving_aggressive,default,heuristics_aggressive,presolving_off,emphasis_easycip,separating_aggressive,heuristics_fast,emphasis_hardlp,emphasis_feasibility,heuristics_off,emphasis_optimality
ramos3,separating_off,presolving_off,presolving_fast,heuristics_aggressive,separating_fast,presolving_aggressive,emphasis_feasibility,heuristics_fast,emphasis_easycip,separating_aggressive,default,emphasis_hardlp,emphasis_optimality,heuristics_off
neos-520729,separating_fast,presolving_aggressive,separating_off,presolving_fast,heuristics_aggressive,separating_aggressive,default,presolving_off,heuristics_fast,emphasis_optimality,emphasis_feasibility,heuristics_off,emphasis_hardlp,emphasis_easycip
rmine21,separating_off,separating_fast,presolving_off,presolving_fast,presolving_aggressive,heuristics_fast,heuristics_aggressive,separating_aggressive,emphasis_hardlp,emphasis_feasibility,emphasis_easycip,default,heuristics_off,emphasis_optimality
neos-1121679,separating_fast,separating_aggressive,separating_off,presolving_fast,presolving_aggressive,presolving_off,heuristics_off,heuristics_fast,heuristics_aggressive,emphasis_optimality,emphasis_hardlp,emphasis_feasibility,emphasis_easycip,default
ex9,emphasis_optimality,heuristics_off,default,separating_fast,separating_aggressive,separating_off,heuristics_fast,emphasis_feasibility,presolving_aggressive,heuristics_aggressive,presolving_off,presolving_fast,emphasis_easycip,emphasis_hardlp
neos-1056905,separating_fast,presolving_aggressive,heuristics_fast,presolving_fast,separating_aggressive,emphasis_easycip,default,presolving_off,emphasis_hardlp,separating_off,heuristics_aggressive,emphasis_feasibility,heuristics_off,emphasis_optimality
neos-827175,heuristics_aggressive,emphasis_feasibility,separating_off,separating_fast,default,presolving_off,presolving_fast,presolving_aggressive,separating_aggressive,emphasis_optimality,emphasis_hardlp,heuristics_fast,emphasis_easycip,heuristics_off
neos-495307,presolving_fast,default,heuristics_aggressive,emphasis_hardlp,separating_aggressive,presolving_off,emphasis_optimality,separating_off,separating_fast,heuristics_fast,emphasis_feasibility,emphasis_easycip,presolving_aggressive,heuristics_off
neos-1445755,separating_off,separating_fast,emphasis_feasibility,heuristics_fast,default,heuristics_aggressive,separating_aggressive,heuristics_off,emphasis_optimality,presolving_fast,presolving_off,emphasis_hardlp,emphasis_easycip,presolving_aggressive
eilB101,separating_fast,emphasis_hardlp,emphasis_easycip,separating_off,emphasis_feasibility,default,presolving_aggressive,heuristics_aggressive,heuristics_fast,heuristics_off,presolving_fast,presolving_off,separating_aggressive,emphasis_optimality
neos-1112782,emphasis_optimality,separating_fast,presolving_fast,separating_off,heuristics_aggressive,emphasis_hardlp,default,presolving_off,presolving_aggressive,separating_aggressive,heuristics_fast,emphasis_feasibility,emphasis_easycip,heuristics_off
ivu52,emphasis_hardlp,heuristics_fast,emphasis_easycip,separating_off,separating_fast,heuristics_aggressive,default,presolving_fast,presolving_aggressive,emphasis_feasibility,separating_aggressive,presolving_off,heuristics_off,emphasis_optimality
neos-848845,emphasis_feasibility,separating_fast,heuristics_aggressive,presolving_fast,emphasis_hardlp,default,separating_off,presolving_aggressive,separating_aggressive,emphasis_easycip,heuristics_fast,presolving_off,heuristics_off,emphasis_optimality
neos-1417043,presolving_off,presolving_fast,heuristics_aggressive,presolving_aggressive,default,separating_off,separating_fast,separating_aggressive,emphasis_optimality,emphasis_feasibility,heuristics_fast,emphasis_hardlp,emphasis_easycip,heuristics_off
pg5_34,separating_fast,separating_off,presolving_fast,presolving_off,default,presolving_aggressive,emphasis_hardlp,separating_aggressive,emphasis_easycip,heuristics_aggressive,emphasis_feasibility,heuristics_fast,emphasis_optimality,heuristics_off
triptim2,separating_off,separating_fast,presolving_off,separating_aggressive,presolving_fast,presolving_aggressive,heuristics_off,heuristics_aggressive,heuristics_fast,emphasis_easycip,emphasis_hardlp,emphasis_feasibility,default,emphasis_optimality
opt1217,separating_fast,presolving_aggressive,emphasis_feasibility,presolving_fast,default,separating_off,heuristics_aggressive,separating_aggressive,presolving_off,emphasis_hardlp,emphasis_easycip,emphasis_optimality,heuristics_fast,heuristics_off
neos13,emphasis_hardlp,separating_off,separating_fast,presolving_off,emphasis_feasibility,presolving_fast,heuristics_fast,separating_aggressive,heuristics_aggressive,default,presolving_aggressive,emphasis_easycip,heuristics_off,emphasis_optimality
neos-501474,heuristics_fast,separating_off,separating_fast,presolving_off,heuristics_off,presolving_aggressive,emphasis_hardlp,separating_aggressive,emphasis_easycip,presolving_fast,default,heuristics_aggressive,emphasis_optimality,emphasis_feasibility
circ10-3,separating_off,separating_fast,separating_aggressive,presolving_fast,presolving_off,emphasis_hardlp,heuristics_off,presolving_aggressive,heuristics_fast,heuristics_aggressive,emphasis_feasibility,emphasis_easycip,default,emphasis_optimality
neos-506422,presolving_fast,presolving_off,separating_off,separating_fast,heuristics_aggressive,emphasis_feasibility,presolving_aggressive,emphasis_hardlp,emphasis_easycip,default,heuristics_fast,separating_aggressive,emphasis_optimality,heuristics_off
neos-803219,emphasis_hardlp,heuristics_fast,separating_fast,presolving_fast,default,emphasis_easycip,separating_off,separating_aggressive,presolving_aggressive,heuristics_off,presolving_off,emphasis_optimality,heuristics_aggressive,emphasis_feasibility
neos-826812,heuristics_aggressive,separating_fast,emphasis_feasibility,default,separating_off,presolving_fast,presolving_off,presolving_aggressive,separating_aggressive,emphasis_optimality,emphasis_hardlp,heuristics_fast,emphasis_easycip,heuristics_off
gmu-35-40,emphasis_feasibility,heuristics_aggressive,default,presolving_fast,separating_fast,presolving_aggressive,separating_off,presolving_off,emphasis_easycip,separating_aggressive,heuristics_fast,emphasis_hardlp,emphasis_optimality,heuristics_off
neos-1120495,presolving_fast,presolving_aggressive,separating_fast,emphasis_easycip,emphasis_hardlp,separating_off,heuristics_fast,heuristics_aggressive,default,separating_aggressive,heuristics_off,emphasis_feasibility,presolving_off,emphasis_optimality
iis-pima-cov,separating_off,presolving_off,presolving_fast,heuristics_fast,separating_fast,default,presolving_aggressive,heuristics_aggressive,emphasis_easycip,separating_aggressive,emphasis_feasibility,emphasis_hardlp,heuristics_off,emphasis_optimality
liu,separating_fast,separating_off,presolving_aggressive,separating_aggressive,presolving_fast,presolving_off,emphasis_feasibility,heuristics_fast,heuristics_aggressive,emphasis_easycip,emphasis_optimality,default,emphasis_hardlp,heuristics_off
glass4,separating_fast,heuristics_fast,emphasis_hardlp,presolving_fast,separating_aggressive,presolving_aggressive,emphasis_optimality,default,presolving_off,heuristics_aggressive,emphasis_easycip,emphasis_feasibility,separating_off,heuristics_off
neos-941262,separating_fast,presolving_fast,default,separating_off,presolving_off,presolving_aggressive,heuristics_aggressive,separating_aggressive,emphasis_feasibility,emphasis_hardlp,emphasis_easycip,heuristics_fast,emphasis_optimality,heuristics_off
protfold,separating_off,separating_fast,presolving_aggressive,presolving_fast,emphasis_hardlp,separating_aggressive,emphasis_easycip,default,heuristics_aggressive,presolving_off,emphasis_feasibility,heuristics_fast,heuristics_off,emphasis_optimality
neos-1516309,heuristics_aggressive,presolving_fast,default,presolving_off,emphasis_feasibility,separating_fast,presolving_aggressive,separating_aggressive,emphasis_hardlp,emphasis_easycip,separating_off,heuristics_fast,emphasis_optimality,heuristics_off
rout,presolving_fast,presolving_aggressive,separating_off,heuristics_aggressive,separating_fast,default,emphasis_easycip,heuristics_fast,separating_aggressive,heuristics_off,emphasis_feasibility,presolving_off,emphasis_hardlp,emphasis_optimality
neos-960392,separating_off,separating_fast,separating_aggressive,presolving_off,presolving_fast,presolving_aggressive,emphasis_feasibility,heuristics_aggressive,heuristics_fast,emphasis_optimality,emphasis_hardlp,emphasis_easycip,default,heuristics_off
neos-1603512,separating_fast,separating_off,presolving_aggressive,emphasis_feasibility,presolving_fast,heuristics_fast,heuristics_aggressive,separating_aggressive,default,emphasis_easycip,emphasis_hardlp,heuristics_off,presolving_off,emphasis_optimality
neos-860244,presolving_off,emphasis_hardlp,default,separating_fast,emphasis_easycip,separating_off,presolving_fast,heuristics_off,heuristics_fast,heuristics_aggressive,presolving_aggressive,emphasis_feasibility,separating_aggressive,emphasis_optimality
neos-954925,separating_off,presolving_off,separating_fast,presolving_fast,emphasis_feasibility,heuristics_aggressive,presolving_aggressive,default,separating_aggressive,emphasis_hardlp,emphasis_easycip,emphasis_optimality,heuristics_fast,heuristics_off
triptim1,separating_off,separating_fast,presolving_off,separating_aggressive,presolving_fast,presolving_aggressive,heuristics_off,heuristics_aggressive,emphasis_easycip,heuristics_fast,emphasis_hardlp,default,emphasis_feasibility,emphasis_optimality
neos-595925,separating_fast,emphasis_feasibility,separating_off,default,presolving_aggressive,separating_aggressive,presolving_fast,heuristics_aggressive,emphasis_optimality,heuristics_fast,heuristics_off,presolving_off,emphasis_easycip,emphasis_hardlp
satellites3-40-fs,separating_off,separating_fast,emphasis_feasibility,presolving_off,presolving_fast,emphasis_hardlp,separating_aggressive,presolving_aggressive,heuristics_aggressive,heuristics_off,heuristics_fast,emphasis_easycip,emphasis_optimality,default
pp08aCUTS,presolving_fast,emphasis_hardlp,default,presolving_aggressive,heuristics_fast,emphasis_easycip,heuristics_aggressive,separating_fast,presolving_off,separating_aggressive,emphasis_optimality,emphasis_feasibility,separating_off,heuristics_off
prod1,separating_off,separating_fast,presolving_aggressive,presolving_off,emphasis_easycip,presolving_fast,heuristics_fast,emphasis_hardlp,emphasis_feasibility,separating_aggressive,heuristics_off,default,heuristics_aggressive,emphasis_optimality
mitre,separating_fast,default,presolving_aggressive,emphasis_feasibility,heuristics_fast,heuristics_aggressive,separating_off,presolving_fast,separating_aggressive,emphasis_easycip,emphasis_optimality,presolving_off,emphasis_hardlp,heuristics_off
neos-538867,presolving_fast,presolving_aggressive,emphasis_hardlp,separating_fast,emphasis_easycip,heuristics_fast,heuristics_aggressive,default,separating_off,presolving_off,heuristics_off,separating_aggressive,emphasis_feasibility,emphasis_optimality
splan1,separating_off,separating_fast,presolving_off,presolving_fast,presolving_aggressive,heuristics_aggressive,separating_aggressive,default,heuristics_fast,emphasis_feasibility,emphasis_hardlp,emphasis_optimality,heuristics_off,emphasis_easycip
neos-1489999,presolving_fast,separating_fast,heuristics_fast,default,presolving_aggressive,separating_off,separating_aggressive,heuristics_aggressive,emphasis_easycip,emphasis_hardlp,presolving_off,emphasis_feasibility,heuristics_off,emphasis_optimality
atm20-100,separating_fast,presolving_fast,presolving_aggressive,presolving_off,heuristics_aggressive,default,heuristics_fast,separating_aggressive,separating_off,emphasis_hardlp,emphasis_optimality,emphasis_easycip,emphasis_feasibility,heuristics_off
ns4-pr9,presolving_fast,default,separating_fast,presolving_off,presolving_aggressive,heuristics_aggressive,heuristics_fast,separating_off,separating_aggressive,emphasis_hardlp,emphasis_easycip,emphasis_feasibility,emphasis_optimality,heuristics_off
neos-807705,emphasis_hardlp,separating_off,emphasis_easycip,heuristics_fast,separating_fast,separating_aggressive,heuristics_off,presolving_aggressive,default,presolving_fast,presolving_off,heuristics_aggressive,emphasis_feasibility,emphasis_optimality
uct-subprob,emphasis_hardlp,default,separating_fast,presolving_fast,presolving_aggressive,separating_off,heuristics_fast,emphasis_easycip,heuristics_aggressive,heuristics_off,presolving_off,emphasis_feasibility,emphasis_optimality,separating_aggressive
neos-1151496,separating_fast,presolving_aggressive,presolving_fast,heuristics_aggressive,separating_off,emphasis_feasibility,separating_aggressive,heuristics_fast,emphasis_easycip,heuristics_off,default,presolving_off,emphasis_hardlp,emphasis_optimality
misc07,separating_off,emphasis_feasibility,separating_fast,default,emphasis_easycip,heuristics_fast,presolving_fast,presolving_aggressive,heuristics_aggressive,separating_aggressive,heuristics_off,emphasis_hardlp,presolving_off,emphasis_optimality
neos-1396125,presolving_fast,separating_fast,presolving_aggressive,default,separating_aggressive,presolving_off,heuristics_aggressive,separating_off,emphasis_hardlp,emphasis_feasibility,heuristics_fast,emphasis_easycip,emphasis_optimality,heuristics_off
