neos-820879,default,separating_fast,presolving_aggressive,presolving_fast,heuristics_aggressive,separating_off,emphasis_feasibility,presolving_off,heuristics_fast,emphasis_hardlp,separating_aggressive,emphasis_easycip,emphasis_optimality,heuristics_off
protfold,default,separating_off,separating_fast,emphasis_feasibility,presolving_fast,heuristics_fast,presolving_aggressive,heuristics_aggressive,separating_aggressive,emphasis_hardlp,heuristics_off,emphasis_easycip,presolving_off,emphasis_optimality
neos-1440447,separating_off,separating_fast,heuristics_off,emphasis_easycip,presolving_aggressive,emphasis_feasibility,heuristics_fast,presolving_fast,default,emphasis_hardlp,separating_aggressive,heuristics_aggressive,emphasis_optimality,presolving_off
p0201,emphasis_hardlp,separating_off,presolving_fast,emphasis_easycip,separating_fast,heuristics_fast,default,presolving_aggressive,heuristics_aggressive,separating_aggressive,presolving_off,emphasis_feasibility,heuristics_off,emphasis_optimality
bell3a,separating_aggressive,heuristics_fast,default,heuristics_off,emphasis_optimality,presolving_aggressive,separating_fast,heuristics_aggressive,separating_off,presolving_fast,emphasis_feasibility,emphasis_easycip,emphasis_hardlp,presolving_off
gt2,emphasis_easycip,separating_fast,presolving_fast,emphasis_hardlp,presolving_aggressive,default,heuristics_off,heuristics_fast,separating_off,presolving_off,heuristics_aggressive,separating_aggressive,emphasis_optimality,emphasis_feasibility
cov1075,separating_off,presolving_off,presolving_fast,heuristics_fast,emphasis_easycip,default,separating_fast,emphasis_hardlp,presolving_aggressive,separating_aggressive,heuristics_aggressive,heuristics_off,emphasis_feasibility,emphasis_optimality
neos-808214,separating_aggressive,separating_fast,heuristics_aggressive,emphasis_hardlp,default,presolving_aggressive,presolving_fast,emphasis_feasibility,heuristics_fast,emphasis_easycip,heuristics_off,presolving_off,separating_off,emphasis_optimality
sing161,presolving_off,presolving_fast,emphasis_hardlp,emphasis_easycip,separating_off,separating_fast,default,heuristics_fast,heuristics_aggressive,emphasis_optimality,emphasis_feasibility,presolving_aggressive,separating_aggressive,heuristics_off
neos-1112782,emphasis_feasibility,heuristics_aggressive,emphasis_optimality,emphasis_hardlp,default,presolving_aggressive,separating_off,separating_fast,presolving_fast,separating_aggressive,presolving_off,heuristics_fast,emphasis_easycip,heuristics_off
gen,separating_fast,presolving_fast,default,separating_off,presolving_aggressive,presolving_off,heuristics_fast,separating_aggressive,emphasis_hardlp,emphasis_easycip,heuristics_aggressive,heuristics_off,emphasis_feasibility,emphasis_optimality
neos-1442657,separating_off,separating_fast,presolving_fast,presolving_off,emphasis_feasibility,presolving_aggressive,heuristics_aggressive,default,separating_aggressive,emphasis_optimality,emphasis_hardlp,heuristics_fast,heuristics_off,emphasis_easycip
ns1456591,presolving_fast,separating_fast,default,presolving_aggressive,heuristics_aggressive,presolving_off,separating_off,emphasis_feasibility,separating_aggressive,emphasis_hardlp,heuristics_fast,emphasis_optimality,emphasis_easycip,heuristics_off
neos-506422,separating_fast,separating_off,presolving_fast,presolving_aggressive,default,emphasis_feasibility,emphasis_hardlp,separating_aggressive,heuristics_aggressive,presolving_off,heuristics_fast,emphasis_easycip,emphasis_optimality,heuristics_off
gmut-77-40,emphasis_feasibility,emphasis_hardlp,heuristics_aggressive,presolving_fast,separating_fast,default,presolving_off,separating_off,presolving_aggressive,separating_aggressive,heuristics_fast,emphasis_easycip,emphasis_optimality,heuristics_off
ex1010-pi,presolving_fast,default,presolving_off,separating_off,heuristics_fast,heuristics_aggressive,emphasis_easycip,separating_fast,presolving_aggressive,separating_aggressive,emphasis_hardlp,emphasis_optimality,emphasis_feasibility,heuristics_off
rail507,separating_fast,default,presolving_aggressive,heuristics_fast,heuristics_aggressive,presolving_fast,separating_off,separating_aggressive,emphasis_feasibility,presolving_off,emphasis_hardlp,emphasis_easycip,emphasis_optimality,heuristics_off
ns2124243,presolving_fast,separating_off,separating_fast,presolving_off,emphasis_feasibility,default,heuristics_aggressive,presolving_aggressive,emphasis_hardlp,emphasis_easycip,heuristics_fast,emphasis_optimality,separating_aggressive,heuristics_off
liu,separating_fast,emphasis_feasibility,presolving_fast,heuristics_aggressive,default,separating_off,presolving_off,presolving_aggressive,separating_aggressive,emphasis_optimality,emphasis_easycip,emphasis_hardlp,heuristics_fast,heuristics_off
map20,separating_fast,presolving_aggressive,default,separating_off,emphasis_easycip,heuristics_fast,emphasis_feasibility,heuristics_aggressive,presolving_fast,separating_aggressive,emphasis_hardlp,emphasis_optimality,presolving_off,heuristics_off
rococoC10-001000,default,emphasis_feasibility,separating_fast,heuristics_aggressive,presolving_aggressive,heuristics_fast,separating_off,presolving_fast,emphasis_easycip,separating_aggressive,emphasis_hardlp,presolving_off,emphasis_optimality,heuristics_off
enigma,emphasis_hardlp,separating_fast,emphasis_easycip,presolving_fast,heuristics_fast,presolving_aggressive,default,separating_off,presolving_off,separating_aggressive,heuristics_off,emphasis_feasibility,heuristics_aggressive,emphasis_optimality
set3-20,presolving_aggressive,default,heuristics_aggressive,separating_aggressive,presolving_fast,separating_fast,presolving_off,emphasis_optimality,emphasis_feasibility,heuristics_fast,emphasis_hardlp,emphasis_easycip,heuristics_off,separating_off
neos-584146,presolving_fast,default,separating_fast,presolving_aggressive,separating_aggressive,heuristics_aggressive,separating_off,presolving_off,emphasis_feasibility,heuristics_fast,emphasis_hardlp,emphasis_easycip,emphasis_optimality,heuristics_off
d20200,presolving_fast,heuristics_aggressive,emphasis_feasibility,separating_fast,separating_off,default,separating_aggressive,presolving_off,presolving_aggressive,emphasis_optimality,emphasis_easycip,emphasis_hardlp,heuristics_fast,heuristics_off
neos-916173,presolving_fast,separating_off,presolving_off,separating_fast,default,heuristics_aggressive,presolving_aggressive,separating_aggressive,emphasis_hardlp,emphasis_feasibility,emphasis_easycip,emphasis_optimality,heuristics_fast,heuristics_off
neos-1096528,emphasis_hardlp,emphasis_easycip,presolving_aggressive,presolving_fast,separating_off,emphasis_feasibility,separating_fast,heuristics_aggressive,default,presolving_off,heuristics_fast,heuristics_off,separating_aggressive,emphasis_optimality
momentum1,separating_fast,presolving_fast,emphasis_feasibility,separating_off,presolving_off,presolving_aggressive,emphasis_hardlp,default,heuristics_aggressive,emphasis_easycip,heuristics_fast,separating_aggressive,emphasis_optimality,heuristics_off
neos-1467371,emphasis_feasibility,heuristics_aggressive,separating_aggressive,presolving_off,separating_fast,presolving_fast,presolving_aggressive,default,emphasis_optimality,separating_off,emphasis_hardlp,emphasis_easycip,heuristics_fast,heuristics_off
air05,heuristics_aggressive,emphasis_feasibility,separating_fast,separating_off,default,presolving_aggressive,separating_aggressive,emphasis_hardlp,presolving_fast,heuristics_fast,presolving_off,emphasis_optimality,emphasis_easycip,heuristics_off
rmine21,presolving_off,emphasis_hardlp,emphasis_easycip,presolving_fast,heuristics_aggressive,separating_off,separating_fast,emphasis_feasibility,default,heuristics_fast,emphasis_optimality,separating_aggressive,presolving_aggressive,heuristics_off
neos-1420205,separating_fast,presolving_fast,presolving_aggressive,emphasis_easycip,separating_off,heuristics_fast,default,separating_aggressive,heuristics_off,emphasis_hardlp,presolving_off,heuristics_aggressive,emphasis_optimality,emphasis_feasibility
neos-512201,separating_fast,presolving_fast,heuristics_aggressive,emphasis_hardlp,presolving_aggressive,heuristics_off,heuristics_fast,separating_aggressive,emphasis_easycip,default,presolving_off,separating_off,emphasis_feasibility,emphasis_optimality
qnet1,separating_fast,heuristics_aggressive,separating_off,default,presolving_aggressive,separating_aggressive,emphasis_hardlp,presolving_fast,emphasis_feasibility,emphasis_easycip,presolving_off,heuristics_fast,emphasis_optimality,heuristics_off
neos-1440460,separating_off,separating_fast,presolving_fast,emphasis_feasibility,default,presolving_aggressive,separating_aggressive,heuristics_aggressive,presolving_off,emphasis_optimality,heuristics_fast,emphasis_hardlp,emphasis_easycip,heuristics_off
neos-886822,separating_fast,presolving_fast,separating_off,default,separating_aggressive,emphasis_hardlp,presolving_aggressive,presolving_off,heuristics_aggressive,heuristics_fast,emphasis_easycip,emphasis_feasibility,emphasis_optimality,heuristics_off
neos-933562,emphasis_feasibility,separating_fast,default,presolving_aggressive,presolving_fast,heuristics_aggressive,heuristics_fast,presolving_off,emphasis_hardlp,separating_aggressive,emphasis_easycip,heuristics_off,emphasis_optimality,separating_off
neos-829552,emphasis_hardlp,heuristics_off,emphasis_easycip,separating_off,separating_fast,emphasis_feasibility,heuristics_aggressive,presolving_aggressive,presolving_off,presolving_fast,heuristics_fast,default,separating_aggressive,emphasis_optimality
mine-90-10,emphasis_hardlp,separating_off,presolving_off,presolving_fast,separating_fast,default,heuristics_fast,emphasis_feasibility,emphasis_easycip,separating_aggressive,heuristics_aggressive,presolving_aggressive,heuristics_off,emphasis_optimality
ns1853823,presolving_off,presolving_fast,emphasis_hardlp,emphasis_easycip,default,separating_off,separating_fast,heuristics_aggressive,emphasis_feasibility,presolving_aggressive,heuristics_fast,emphasis_optimality,separating_aggressive,heuristics_off
rococoC11-011100,default,presolving_aggressive,heuristics_aggressive,emphasis_feasibility,separating_fast,presolving_fast,separating_off,separating_aggressive,emphasis_hardlp,heuristics_fast,presolving_off,emphasis_optimality,emphasis_easycip,heuristics_off
neos-538867,separating_off,presolving_fast,separating_fast,presolving_aggressive,presolving_off,separating_aggressive,default,emphasis_feasibility,emphasis_easycip,heuristics_fast,heuristics_aggressive,emphasis_optimality,heuristics_off,emphasis_hardlp
tanglegram2,default,presolving_aggressive,separating_aggressive,presolving_off,presolving_fast,separating_fast,heuristics_fast,heuristics_aggressive,emphasis_easycip,separating_off,emphasis_optimality,emphasis_feasibility,heuristics_off,emphasis_hardlp
a1c1s1,presolving_fast,heuristics_aggressive,default,presolving_aggressive,separating_aggressive,separating_fast,presolving_off,emphasis_hardlp,heuristics_fast,emphasis_feasibility,emphasis_easycip,separating_off,emphasis_optimality,heuristics_off
core2536-691,separating_fast,default,presolving_aggressive,separating_aggressive,emphasis_feasibility,heuristics_aggressive,heuristics_fast,presolving_fast,presolving_off,emphasis_optimality,separating_off,emphasis_hardlp,emphasis_easycip,heuristics_off
neos-957270,emphasis_hardlp,emphasis_easycip,presolving_fast,separating_off,separating_fast,heuristics_fast,default,heuristics_off,heuristics_aggressive,presolving_aggressive,emphasis_feasibility,separating_aggressive,presolving_off,emphasis_optimality
neos-555884,emphasis_feasibility,presolving_aggressive,heuristics_aggressive,presolving_fast,default,separating_fast,separating_off,presolving_off,separating_aggressive,emphasis_hardlp,emphasis_easycip,heuristics_fast,heuristics_off,emphasis_optimality
neos-555694,separating_fast,emphasis_feasibility,heuristics_aggressive,presolving_fast,emphasis_hardlp,presolving_aggressive,separating_off,default,separating_aggressive,emphasis_easycip,heuristics_fast,emphasis_optimality,presolving_off,heuristics_off
l152lav,emphasis_easycip,default,separating_fast,separating_off,heuristics_off,heuristics_fast,emphasis_hardlp,presolving_off,presolving_fast,presolving_aggressive,emphasis_feasibility,separating_aggressive,heuristics_aggressive,emphasis_optimality
iis-bupa-cov,heuristics_fast,presolving_fast,presolving_aggressive,separating_off,default,presolving_off,separating_fast,heuristics_aggressive,emphasis_easycip,separating_aggressive,heuristics_off,emphasis_hardlp,emphasis_feasibility,emphasis_optimality
neos-547911,separating_fast,separating_off,default,presolving_aggressive,separating_aggressive,presolving_fast,presolving_off,emphasis_optimality,heuristics_aggressive,heuristics_fast,emphasis_feasibility,heuristics_off,emphasis_hardlp,emphasis_easycip
sp98ic,emphasis_feasibility,heuristics_aggressive,presolving_off,default,presolving_aggressive,separating_off,separating_fast,separating_aggressive,presolving_fast,heuristics_fast,emphasis_optimality,emphasis_hardlp,emphasis_easycip,heuristics_off
fast0507,presolving_off,presolving_fast,default,separating_off,separating_fast,emphasis_easycip,heuristics_fast,presolving_aggressive,heuristics_aggressive,separating_aggressive,emphasis_hardlp,emphasis_feasibility,emphasis_optimality,heuristics_off
germany50-DBM,presolving_aggressive,heuristics_fast,presolving_off,default,presolving_fast,separating_fast,heuristics_aggressive,separating_aggressive,emphasis_hardlp,emphasis_easycip,separating_off,emphasis_feasibility,emphasis_optimality,heuristics_off
neos18,presolving_fast,separating_fast,presolving_aggressive,default,separating_aggressive,heuristics_aggressive,emphasis_feasibility,heuristics_fast,emphasis_easycip,separating_off,emphasis_hardlp,presolving_off,emphasis_optimality,heuristics_off
neos-831188,emphasis_feasibility,separating_fast,presolving_fast,heuristics_aggressive,default,presolving_aggressive,separating_off,separating_aggressive,presolving_off,emphasis_hardlp,emphasis_easycip,heuristics_fast,emphasis_optimality,heuristics_off
Test3,separating_fast,separating_off,emphasis_feasibility,presolving_fast,presolving_aggressive,emphasis_hardlp,default,presolving_off,emphasis_easycip,heuristics_aggressive,separating_aggressive,heuristics_fast,emphasis_optimality,heuristics_off
r80x800,heuristics_aggressive,presolving_fast,presolving_aggressive,default,separating_aggressive,emphasis_optimality,separating_fast,emphasis_hardlp,presolving_off,heuristics_fast,emphasis_feasibility,emphasis_easycip,heuristics_off,separating_off
opm2-z12-s14,presolving_off,presolving_fast,emphasis_hardlp,emphasis_easycip,separating_off,separating_fast,heuristics_aggressive,default,emphasis_feasibility,heuristics_fast,emphasis_optimality,separating_aggressive,heuristics_off,presolving_aggressive
rail03,presolving_fast,emphasis_hardlp,emphasis_easycip,presolving_off,separating_off,separating_fast,default,emphasis_feasibility,heuristics_aggressive,emphasis_optimality,heuristics_off,heuristics_fast,separating_aggressive,presolving_aggressive
neos-801834,separating_fast,default,presolving_fast,heuristics_aggressive,presolving_aggressive,emphasis_feasibility,separating_off,separating_aggressive,heuristics_fast,emphasis_easycip,heuristics_off,emphasis_hardlp,presolving_off,emphasis_optimality
