neos-820879,presolving_fast,presolving_off,default,separating_fast,presolving_aggressive,heuristics_aggressive,separating_off,emphasis_hardlp,emphasis_easycip,heuristics_fast,separating_aggressive,emphasis_feasibility,emphasis_optimality,heuristics_off
protfold,separating_off,separating_fast,presolving_aggressive,presolving_fast,emphasis_hardlp,emphasis_feasibility,heuristics_fast,emphasis_easycip,default,separating_aggressive,heuristics_aggressive,heuristics_off,presolving_off,emphasis_optimality
neos-1440447,separating_off,separating_fast,presolving_fast,emphasis_feasibility,default,presolving_aggressive,separating_aggressive,heuristics_aggressive,presolving_off,emphasis_hardlp,emphasis_easycip,heuristics_fast,emphasis_optimality,heuristics_off
p0201,emphasis_hardlp,default,emphasis_easycip,presolving_fast,heuristics_fast,separating_fast,presolving_aggressive,separating_off,heuristics_aggressive,presolving_off,emphasis_feasibility,separating_aggressive,heuristics_off,emphasis_optimality
bell3a,emphasis_hardlp,presolving_fast,default,presolving_aggressive,heuristics_fast,separating_fast,emphasis_easycip,heuristics_aggressive,presolving_off,emphasis_feasibility,separating_off,separating_aggressive,heuristics_off,emphasis_optimality
gt2,presolving_fast,presolving_off,presolving_aggressive,default,separating_fast,emphasis_optimality,emphasis_hardlp,heuristics_aggressive,emphasis_easycip,separating_aggressive,heuristics_fast,emphasis_feasibility,separating_off,heuristics_off
cov1075,heuristics_fast,emphasis_easycip,presolving_off,presolving_fast,default,separating_off,separating_fast,emphasis_hardlp,presolving_aggressive,separating_aggressive,heuristics_aggressive,emphasis_feasibility,heuristics_off,emphasis_optimality
neos-808214,separating_fast,heuristics_aggressive,presolving_fast,presolving_aggressive,emphasis_feasibility,default,heuristics_fast,emphasis_hardlp,separating_off,separating_aggressive,heuristics_off,emphasis_easycip,presolving_off,emphasis_optimality
sing161,separating_off,separating_fast,separating_aggressive,presolving_off,presolving_fast,presolving_aggressive,heuristics_fast,heuristics_aggressive,emphasis_optimality,emphasis_feasibility,heuristics_off,emphasis_hardlp,default,emphasis_easycip
neos-1112782,emphasis_optimality,emphasis_feasibility,separating_off,separating_fast,presolving_fast,heuristics_aggressive,emphasis_hardlp,presolving_aggressive,default,separating_aggressive,presolving_off,heuristics_fast,emphasis_easycip,heuristics_off
gen,presolving_aggressive,separating_fast,presolving_fast,default,emphasis_hardlp,separating_off,emphasis_feasibility,heuristics_fast,heuristics_aggressive,emphasis_easycip,separating_aggressive,presolving_off,emphasis_optimality,heuristics_off
neos-1442657,separating_off,separating_fast,emphasis_feasibility,presolving_fast,default,separating_aggressive,presolving_aggressive,presolving_off,heuristics_aggressive,emphasis_optimality,emphasis_hardlp,emphasis_easycip,heuristics_fast,heuristics_off
ns1456591,presolving_fast,default,presolving_aggressive,separating_aggressive,heuristics_aggressive,separating_fast,heuristics_fast,presolving_off,emphasis_optimality,separating_off,emphasis_hardlp,emphasis_easycip,emphasis_feasibility,heuristics_off
neos-506422,separating_off,presolving_fast,separating_fast,presolving_off,heuristics_aggressive,default,presolving_aggressive,emphasis_feasibility,emphasis_hardlp,heuristics_fast,separating_aggressive,emphasis_easycip,emphasis_optimality,heuristics_off
gmut-77-40,emphasis_feasibility,separating_fast,presolving_off,presolving_aggressive,separating_off,presolving_fast,heuristics_aggressive,default,separating_aggressive,emphasis_easycip,heuristics_fast,emphasis_optimality,emphasis_hardlp,heuristics_off
ex1010-pi,separating_off,separating_fast,presolving_off,heuristics_aggressive,default,presolving_fast,presolving_aggressive,emphasis_feasibility,emphasis_easycip,separating_aggressive,heuristics_fast,emphasis_optimality,emphasis_hardlp,heuristics_off
rail507,separating_off,separating_fast,presolving_off,presolving_fast,heuristics_fast,default,separating_aggressive,emphasis_easycip,presolving_aggressive,heuristics_aggressive,emphasis_hardlp,emphasis_feasibility,emphasis_optimality,heuristics_off
ns2124243,separating_off,separating_fast,presolving_fast,presolving_aggressive,default,heuristics_aggressive,emphasis_feasibility,separating_aggressive,emphasis_hardlp,presolving_off,emphasis_optimality,heuristics_fast,emphasis_easycip,heuristics_off
liu,separating_off,emphasis_feasibility,separating_fast,presolving_fast,presolving_aggressive,separating_aggressive,heuristics_aggressive,presolving_off,default,heuristics_fast,emphasis_hardlp,emphasis_optimality,emphasis_easycip,heuristics_off
map20,separating_off,emphasis_feasibility,separating_fast,separating_aggressive,presolving_fast,presolving_aggressive,default,heuristics_aggressive,heuristics_fast,emphasis_hardlp,presolving_off,emphasis_easycip,emphasis_optimality,heuristics_off
rococoC10-001000,default,separating_fast,separating_off,emphasis_feasibility,presolving_aggressive,presolving_fast,heuristics_aggressive,separating_aggressive,emphasis_hardlp,heuristics_fast,emphasis_optimality,emphasis_easycip,presolving_off,heuristics_off
enigma,emphasis_hardlp,separating_fast,presolving_fast,default,emphasis_feasibility,presolving_aggressive,heuristics_fast,emphasis_easycip,presolving_off,separating_aggressive,separating_off,heuristics_off,heuristics_aggressive,emphasis_optimality
set3-20,separating_off,separating_fast,presolving_fast,presolving_aggressive,separating_aggressive,presolving_off,heuristics_fast,emphasis_hardlp,emphasis_easycip,default,heuristics_aggressive,emphasis_optimality,emphasis_feasibility,heuristics_off
neos-584146,presolving_fast,separating_off,separating_fast,presolving_aggressive,heuristics_fast,emphasis_easycip,default,emphasis_hardlp,separating_aggressive,heuristics_aggressive,presolving_off,emphasis_feasibility,heuristics_off,emphasis_optimality
d20200,separating_fast,separating_off,separating_aggressive,presolving_fast,presolving_off,presolving_aggressive,heuristics_fast,heuristics_aggressive,emphasis_optimality,emphasis_hardlp,emphasis_feasibility,heuristics_off,default,emphasis_easycip
neos-916173,separating_off,separating_fast,presolving_fast,emphasis_hardlp,emphasis_easycip,default,heuristics_fast,heuristics_aggressive,presolving_aggressive,emphasis_feasibility,separating_aggressive,presolving_off,heuristics_off,emphasis_optimality
neos-1096528,separating_fast,separating_off,presolving_fast,separating_aggressive,presolving_aggressive,emphasis_hardlp,emphasis_easycip,heuristics_fast,emphasis_feasibility,default,heuristics_aggressive,presolving_off,heuristics_off,emphasis_optimality
momentum1,separating_fast,presolving_off,presolving_fast,separating_off,emphasis_feasibility,separating_aggressive,heuristics_aggressive,emphasis_optimality,heuristics_fast,default,presolving_aggressive,emphasis_hardlp,heuristics_off,emphasis_easycip
neos-1467371,presolving_fast,separating_fast,emphasis_feasibility,presolving_aggressive,heuristics_aggressive,default,separating_aggressive,separating_off,presolving_off,emphasis_hardlp,heuristics_fast,emphasis_optimality,emphasis_easycip,heuristics_off
air05,heuristics_aggressive,separating_fast,default,presolving_fast,emphasis_feasibility,presolving_aggressive,emphasis_hardlp,separating_off,emphasis_easycip,separating_aggressive,heuristics_fast,presolving_off,heuristics_off,emphasis_optimality
rmine21,separating_off,separating_fast,presolving_off,presolving_fast,separating_aggressive,presolving_aggressive,heuristics_aggressive,heuristics_fast,emphasis_hardlp,emphasis_feasibility,emphasis_easycip,default,heuristics_off,emphasis_optimality
neos-1420205,presolving_fast,presolving_aggressive,default,separating_fast,presolving_off,emphasis_feasibility,separating_off,separating_aggressive,heuristics_aggressive,emphasis_optimality,heuristics_fast,emphasis_easycip,emphasis_hardlp,heuristics_off
neos-512201,separating_fast,presolving_fast,separating_off,presolving_aggressive,default,emphasis_feasibility,separating_aggressive,heuristics_aggressive,heuristics_fast,emphasis_hardlp,presolving_off,emphasis_easycip,emphasis_optimality,heuristics_off
qnet1,separating_off,separating_fast,default,emphasis_feasibility,heuristics_aggressive,presolving_fast,presolving_aggressive,separating_aggressive,emphasis_hardlp,emphasis_easycip,heuristics_fast,emphasis_optimality,presolving_off,heuristics_off
neos-1440460,separating_off,separating_fast,presolving_fast,emphasis_feasibility,default,separating_aggressive,presolving_aggressive,presolving_off,heuristics_aggressive,emphasis_hardlp,emphasis_easycip,emphasis_optimality,heuristics_fast,heuristics_off
neos-886822,presolving_fast,separating_fast,default,emphasis_feasibility,presolving_aggressive,heuristics_aggressive,emphasis_hardlp,separating_off,separating_aggressive,presolving_off,heuristics_fast,emphasis_easycip,emphasis_optimality,heuristics_off
neos-933562,separating_aggressive,separating_fast,presolving_aggressive,default,separating_off,emphasis_feasibility,presolving_fast,heuristics_aggressive,heuristics_fast,presolving_off,emphasis_optimality,emphasis_hardlp,heuristics_off,emphasis_easycip
neos-829552,separating_off,separating_fast,presolving_off,presolving_fast,heuristics_aggressive,emphasis_feasibility,separating_aggressive,emphasis_hardlp,default,presolving_aggressive,emphasis_easycip,heuristics_fast,emphasis_optimality,heuristics_off
mine-90-10,presolving_fast,presolving_off,separating_off,emphasis_hardlp,separating_fast,default,separating_aggressive,emphasis_easycip,heuristics_fast,heuristics_aggressive,presolving_aggressive,emphasis_feasibility,emphasis_optimality,heuristics_off
ns1853823,emphasis_feasibility,separating_off,separating_fast,heuristics_aggressive,separating_aggressive,presolving_fast,presolving_off,default,presolving_aggressive,emphasis_optimality,heuristics_fast,emphasis_hardlp,emphasis_easycip,heuristics_off
rococoC11-011100,presolving_fast,presolving_aggressive,separating_fast,separating_aggressive,heuristics_aggressive,default,separating_off,emphasis_optimality,emphasis_hardlp,emphasis_feasibility,presolving_off,heuristics_fast,heuristics_off,emphasis_easycip
neos-538867,emphasis_hardlp,emphasis_easycip,presolving_fast,separating_fast,heuristics_fast,presolving_aggressive,default,heuristics_aggressive,heuristics_off,separating_aggressive,presolving_off,emphasis_feasibility,separating_off,emphasis_optimality
tanglegram2,presolving_fast,default,separating_fast,presolving_aggressive,separating_off,heuristics_fast,emphasis_easycip,heuristics_aggressive,separating_aggressive,presolving_off,emphasis_feasibility,emphasis_hardlp,heuristics_off,emphasis_optimality
a1c1s1,presolving_fast,emphasis_hardlp,separating_fast,presolving_aggressive,separating_off,emphasis_easycip,default,separating_aggressive,presolving_off,heuristics_fast,heuristics_aggressive,emphasis_optimality,emphasis_feasibility,heuristics_off
core2536-691,separating_off,separating_fast,default,presolving_off,presolving_aggressive,heuristics_aggressive,separating_aggressive,heuristics_fast,emphasis_feasibility,presolving_fast,emphasis_easycip,emphasis_optimality,emphasis_hardlp,heuristics_off
neos-957270,separating_off,separating_fast,presolving_aggressive,emphasis_feasibility,emphasis_hardlp,heuristics_fast,heuristics_aggressive,heuristics_off,default,separating_aggressive,presolving_fast,emphasis_optimality,presolving_off,emphasis_easycip
neos-555884,separating_off,separating_fast,presolving_off,presolving_fast,separating_aggressive,emphasis_feasibility,heuristics_aggressive,presolving_aggressive,heuristics_fast,emphasis_hardlp,default,emphasis_easycip,heuristics_off,emphasis_optimality
neos-555694,separating_fast,default,emphasis_feasibility,presolving_aggressive,heuristics_aggressive,presolving_fast,emphasis_hardlp,separating_off,separating_aggressive,heuristics_fast,emphasis_easycip,presolving_off,emphasis_optimality,heuristics_off
l152lav,default,emphasis_hardlp,heuristics_aggressive,separating_fast,emphasis_feasibility,presolving_aggressive,heuristics_fast,emphasis_easycip,separating_off,presolving_fast,presolving_off,separating_aggressive,heuristics_off,emphasis_optimality
iis-bupa-cov,separating_off,heuristics_fast,presolving_off,presolving_fast,default,emphasis_easycip,separating_fast,presolving_aggressive,separating_aggressive,heuristics_aggressive,emphasis_hardlp,emphasis_feasibility,heuristics_off,emphasis_optimality
neos-547911,heuristics_fast,emphasis_hardlp,separating_fast,emphasis_easycip,presolving_aggressive,default,separating_aggressive,presolving_fast,separating_off,heuristics_aggressive,presolving_off,heuristics_off,emphasis_optimality,emphasis_feasibility
sp98ic,presolving_off,presolving_fast,separating_fast,emphasis_feasibility,default,presolving_aggressive,heuristics_aggressive,separating_aggressive,separating_off,emphasis_hardlp,emphasis_easycip,heuristics_fast,emphasis_optimality,heuristics_off
fast0507,separating_fast,separating_off,presolving_off,default,heuristics_aggressive,presolving_fast,presolving_aggressive,heuristics_fast,emphasis_feasibility,separating_aggressive,emphasis_easycip,emphasis_optimality,emphasis_hardlp,heuristics_off
germany50-DBM,separating_fast,presolving_off,presolving_aggressive,separating_aggressive,presolving_fast,heuristics_aggressive,default,heuristics_fast,separating_off,emphasis_feasibility,heuristics_off,emphasis_optimality,emphasis_hardlp,emphasis_easycip
neos18,separating_off,separating_fast,presolving_fast,presolving_aggressive,heuristics_fast,emphasis_easycip,emphasis_feasibility,default,separating_aggressive,emphasis_hardlp,heuristics_aggressive,heuristics_off,presolving_off,emphasis_optimality
neos-831188,separating_off,presolving_fast,separating_fast,presolving_off,presolving_aggressive,heuristics_aggressive,default,separating_aggressive,emphasis_hardlp,emphasis_easycip,emphasis_feasibility,heuristics_fast,emphasis_optimality,heuristics_off
Test3,emphasis_feasibility,heuristics_aggressive,separating_fast,separating_off,presolving_aggressive,default,separating_aggressive,heuristics_fast,presolving_fast,presolving_off,emphasis_optimality,emphasis_hardlp,heuristics_off,emphasis_easycip
r80x800,presolving_fast,separating_fast,default,heuristics_aggressive,presolving_aggressive,emphasis_hardlp,separating_off,separating_aggressive,presolving_off,emphasis_optimality,emphasis_easycip,heuristics_fast,emphasis_feasibility,heuristics_off
opm2-z12-s14,separating_off,separating_fast,presolving_off,presolving_fast,separating_aggressive,presolving_aggressive,heuristics_fast,heuristics_aggressive,emphasis_hardlp,emphasis_feasibility,default,emphasis_easycip,heuristics_off,emphasis_optimality
rail03,separating_off,separating_fast,presolving_off,separating_aggressive,presolving_fast,presolving_aggressive,heuristics_aggressive,emphasis_feasibility,heuristics_off,heuristics_fast,emphasis_optimality,emphasis_hardlp,emphasis_easycip,default
neos-801834,presolving_fast,default,presolving_aggressive,emphasis_hardlp,separating_fast,emphasis_easycip,heuristics_fast,heuristics_aggressive,separating_off,presolving_off,emphasis_feasibility,separating_aggressive,emphasis_optimality,heuristics_off
