neos-933550,separating_fast,presolving_fast,emphasis_feasibility,default,presolving_aggressive,heuristics_aggressive,separating_aggressive,heuristics_fast,presolving_off,separating_off,emphasis_hardlp,emphasis_easycip,heuristics_off,emphasis_optimality
pp08aCUTS,emphasis_hardlp,default,presolving_fast,presolving_aggressive,heuristics_aggressive,emphasis_easycip,separating_fast,heuristics_fast,separating_aggressive,presolving_off,emphasis_optimality,heuristics_off,separating_off,emphasis_feasibility
bc1,presolving_off,separating_off,presolving_fast,separating_fast,presolving_aggressive,emphasis_hardlp,default,emphasis_feasibility,emphasis_easycip,heuristics_fast,emphasis_optimality,heuristics_aggressive,separating_aggressive,heuristics_off
neos-1208135,separating_off,emphasis_feasibility,presolving_off,default,heuristics_off,heuristics_aggressive,heuristics_fast,emphasis_easycip,presolving_aggressive,separating_fast,presolving_fast,emphasis_hardlp,separating_aggressive,emphasis_optimality
aligninq,separating_fast,presolving_fast,presolving_aggressive,default,presolving_off,heuristics_aggressive,emphasis_feasibility,separating_aggressive,emphasis_hardlp,separating_off,emphasis_easycip,heuristics_fast,heuristics_off,emphasis_optimality
ex1010-pi,separating_off,heuristics_aggressive,default,presolving_fast,heuristics_fast,presolving_aggressive,separating_fast,presolving_off,emphasis_easycip,emphasis_feasibility,separating_aggressive,emphasis_hardlp,emphasis_optimality,heuristics_off
queens-30,separating_fast,presolving_off,presolving_fast,default,emphasis_feasibility,heuristics_aggressive,emphasis_hardlp,separating_off,presolving_aggressive,emphasis_easycip,separating_aggressive,heuristics_fast,emphasis_optimality,heuristics_off
neos-930752,separating_off,presolving_fast,separating_fast,default,emphasis_feasibility,heuristics_aggressive,presolving_aggressive,presolving_off,separating_aggressive,emphasis_hardlp,emphasis_easycip,emphasis_optimality,heuristics_fast,heuristics_off
neos-582605,default,presolving_fast,presolving_aggressive,separating_aggressive,separating_fast,heuristics_aggressive,separating_off,presolving_off,emphasis_feasibility,emphasis_hardlp,heuristics_fast,emphasis_easycip,emphasis_optimality,heuristics_off
germanrr,emphasis_feasibility,separating_off,presolving_fast,separating_fast,heuristics_aggressive,default,presolving_aggressive,presolving_off,separating_aggressive,emphasis_hardlp,emphasis_easycip,heuristics_fast,emphasis_optimality,heuristics_off
sp97ic,presolving_fast,separating_off,presolving_aggressive,separating_fast,default,heuristics_aggressive,presolving_off,emphasis_feasibility,separating_aggressive,emphasis_hardlp,heuristics_fast,emphasis_optimality,emphasis_easycip,heuristics_off
rococoC12-111000,emphasis_feasibility,separating_off,heuristics_aggressive,separating_fast,presolving_fast,default,presolving_aggressive,separating_aggressive,presolving_off,heuristics_fast,emphasis_hardlp,emphasis_easycip,emphasis_optimality,heuristics_off
pigeon-12,separating_fast,presolving_aggressive,emphasis_easycip,separating_off,separating_aggressive,emphasis_hardlp,emphasis_feasibility,emphasis_optimality,presolving_off,heuristics_aggressive,default,presolving_fast,heuristics_fast,heuristics_off
opm2-z12-s7,presolving_fast,emphasis_hardlp,emphasis_easycip,default,heuristics_aggressive,separating_off,heuristics_fast,presolving_off,emphasis_feasibility,separating_fast,emphasis_optimality,separating_aggressive,presolving_aggressive,heuristics_off
rocII-9-11,presolving_off,separating_off,emphasis_feasibility,separating_fast,heuristics_aggressive,presolving_fast,presolving_aggressive,default,separating_aggressive,emphasis_hardlp,emphasis_easycip,heuristics_fast,emphasis_optimality,heuristics_off
neos-1151496,separating_aggressive,default,emphasis_feasibility,separating_fast,emphasis_hardlp,presolving_fast,heuristics_aggressive,presolving_aggressive,emphasis_easycip,heuristics_off,heuristics_fast,separating_off,presolving_off,emphasis_optimality
lseu,default,separating_fast,emphasis_hardlp,presolving_aggressive,separating_off,emphasis_easycip,presolving_fast,heuristics_fast,presolving_off,heuristics_off,emphasis_feasibility,separating_aggressive,heuristics_aggressive,emphasis_optimality
neos-1121679,emphasis_hardlp,separating_fast,presolving_off,heuristics_fast,emphasis_easycip,separating_off,presolving_fast,presolving_aggressive,default,emphasis_feasibility,heuristics_off,separating_aggressive,heuristics_aggressive,emphasis_optimality
ns2124243,presolving_fast,separating_off,separating_fast,presolving_off,emphasis_feasibility,heuristics_aggressive,default,presolving_aggressive,emphasis_hardlp,emphasis_easycip,heuristics_fast,separating_aggressive,emphasis_optimality,heuristics_off
neos-1126860,emphasis_easycip,presolving_fast,separating_fast,default,presolving_aggressive,separating_off,emphasis_hardlp,emphasis_feasibility,presolving_off,separating_aggressive,heuristics_fast,heuristics_off,heuristics_aggressive,emphasis_optimality
qap10,presolving_fast,separating_off,separating_fast,emphasis_easycip,default,presolving_off,emphasis_hardlp,heuristics_aggressive,heuristics_fast,emphasis_feasibility,presolving_aggressive,separating_aggressive,heuristics_off,emphasis_optimality
momentum3,presolving_off,presolving_fast,emphasis_feasibility,separating_fast,default,separating_off,heuristics_aggressive,presolving_aggressive,heuristics_fast,emphasis_hardlp,separating_aggressive,emphasis_optimality,emphasis_easycip,heuristics_off
rmine14,presolving_off,emphasis_hardlp,presolving_fast,emphasis_easycip,default,heuristics_aggressive,separating_off,separating_fast,emphasis_feasibility,heuristics_fast,emphasis_optimality,separating_aggressive,heuristics_off,presolving_aggressive
roll3000,separating_fast,presolving_fast,default,separating_off,presolving_aggressive,emphasis_hardlp,separating_aggressive,presolving_off,heuristics_aggressive,emphasis_feasibility,emphasis_easycip,heuristics_fast,emphasis_optimality,heuristics_off
neos-1603512,separating_aggressive,emphasis_hardlp,presolving_fast,emphasis_easycip,default,separating_fast,presolving_aggressive,separating_off,heuristics_fast,heuristics_off,heuristics_aggressive,emphasis_feasibility,emphasis_optimality,presolving_off
neos-848150,presolving_fast,emphasis_feasibility,separating_off,emphasis_hardlp,separating_fast,default,separating_aggressive,presolving_aggressive,emphasis_easycip,heuristics_aggressive,heuristics_fast,presolving_off,heuristics_off,emphasis_optimality
neos-595905,separating_fast,presolving_fast,default,presolving_aggressive,heuristics_aggressive,separating_aggressive,emphasis_feasibility,separating_off,emphasis_optimality,heuristics_fast,presolving_off,heuristics_off,emphasis_hardlp,emphasis_easycip
rentacar,presolving_fast,separating_fast,default,emphasis_hardlp,presolving_off,presolving_aggressive,separating_off,heuristics_fast,separating_aggressive,emphasis_easycip,heuristics_aggressive,emphasis_feasibility,emphasis_optimality,heuristics_off
neos-1460246,separating_fast,presolving_fast,default,presolving_aggressive,heuristics_fast,emphasis_hardlp,presolving_off,heuristics_aggressive,separating_aggressive,separating_off,emphasis_feasibility,emphasis_easycip,heuristics_off,emphasis_optimality
ns1631475,emphasis_feasibility,separating_off,heuristics_aggressive,presolving_fast,separating_fast,presolving_aggressive,default,presolving_off,heuristics_fast,separating_aggressive,emphasis_hardlp,emphasis_easycip,emphasis_optimality,heuristics_off
neos-525149,separating_fast,presolving_aggressive,default,emphasis_feasibility,presolving_fast,heuristics_aggressive,separating_off,separating_aggressive,emphasis_hardlp,presolving_off,heuristics_fast,emphasis_easycip,heuristics_off,emphasis_optimality
unitcal_7,separating_fast,emphasis_feasibility,separating_off,presolving_fast,default,presolving_aggressive,heuristics_aggressive,separating_aggressive,presolving_off,emphasis_optimality,emphasis_hardlp,emphasis_easycip,heuristics_fast,heuristics_off
bell3a,separating_aggressive,heuristics_fast,default,separating_fast,presolving_aggressive,heuristics_off,emphasis_optimality,heuristics_aggressive,separating_off,presolving_fast,emphasis_feasibility,emphasis_hardlp,emphasis_easycip,presolving_off
neos-847051,presolving_fast,separating_fast,default,presolving_aggressive,separating_aggressive,heuristics_aggressive,presolving_off,emphasis_feasibility,separating_off,emphasis_hardlp,emphasis_optimality,heuristics_fast,emphasis_easycip,heuristics_off
noswot,emphasis_hardlp,separating_fast,presolving_aggressive,default,separating_off,heuristics_fast,presolving_fast,emphasis_easycip,separating_aggressive,heuristics_off,heuristics_aggressive,presolving_off,emphasis_optimality,emphasis_feasibility
core4872-1529,emphasis_feasibility,presolving_aggressive,heuristics_aggressive,separating_fast,default,separating_off,separating_aggressive,emphasis_optimality,presolving_fast,presolving_off,heuristics_fast,emphasis_easycip,emphasis_hardlp,heuristics_off
neos-1215259,emphasis_feasibility,separating_fast,emphasis_hardlp,presolving_aggressive,default,presolving_fast,separating_aggressive,heuristics_aggressive,heuristics_fast,separating_off,presolving_off,emphasis_easycip,heuristics_off,emphasis_optimality
p0282,presolving_fast,default,separating_fast,emphasis_hardlp,presolving_aggressive,heuristics_fast,separating_aggressive,heuristics_aggressive,emphasis_easycip,presolving_off,emphasis_optimality,heuristics_off,separating_off,emphasis_feasibility
ns1830653,emphasis_hardlp,separating_fast,presolving_fast,emphasis_feasibility,default,presolving_aggressive,heuristics_aggressive,heuristics_fast,separating_aggressive,separating_off,heuristics_off,emphasis_easycip,presolving_off,emphasis_optimality
neos-808072,presolving_off,heuristics_fast,emphasis_feasibility,heuristics_off,separating_fast,emphasis_easycip,emphasis_hardlp,default,presolving_fast,presolving_aggressive,heuristics_aggressive,separating_off,separating_aggressive,emphasis_optimality
neos-574665,separating_fast,separating_off,presolving_fast,default,heuristics_aggressive,presolving_aggressive,separating_aggressive,presolving_off,emphasis_feasibility,emphasis_hardlp,emphasis_easycip,heuristics_fast,emphasis_optimality,heuristics_off
cap6000,emphasis_feasibility,separating_fast,heuristics_aggressive,presolving_fast,presolving_off,presolving_aggressive,default,separating_off,separating_aggressive,emphasis_hardlp,heuristics_fast,emphasis_easycip,emphasis_optimality,heuristics_off
neos-1346382,presolving_off,separating_off,separating_fast,presolving_fast,emphasis_feasibility,default,separating_aggressive,heuristics_aggressive,presolving_aggressive,emphasis_optimality,emphasis_hardlp,heuristics_fast,emphasis_easycip,heuristics_off
neos-585192,default,separating_fast,presolving_aggressive,separating_off,heuristics_fast,emphasis_feasibility,heuristics_off,heuristics_aggressive,separating_aggressive,emphasis_optimality,presolving_fast,emphasis_easycip,emphasis_hardlp,presolving_off
gmut-75-50,emphasis_hardlp,heuristics_aggressive,heuristics_fast,emphasis_easycip,presolving_off,separating_off,default,emphasis_feasibility,separating_fast,presolving_fast,presolving_aggressive,separating_aggressive,emphasis_optimality,heuristics_off
neos-1225589,heuristics_aggressive,emphasis_hardlp,presolving_aggressive,emphasis_optimality,default,presolving_fast,separating_fast,emphasis_feasibility,separating_aggressive,heuristics_fast,separating_off,presolving_off,emphasis_easycip,heuristics_off
reblock420,separating_off,presolving_off,presolving_fast,emphasis_hardlp,separating_fast,emphasis_feasibility,default,heuristics_aggressive,heuristics_fast,emphasis_easycip,separating_aggressive,emphasis_optimality,heuristics_off,presolving_aggressive
rout,separating_fast,presolving_fast,presolving_aggressive,default,separating_off,presolving_off,emphasis_hardlp,heuristics_fast,heuristics_aggressive,emphasis_feasibility,emphasis_easycip,separating_aggressive,emphasis_optimality,heuristics_off
neos-824661,emphasis_feasibility,heuristics_aggressive,separating_off,presolving_fast,separating_fast,default,presolving_aggressive,presolving_off,separating_aggressive,emphasis_optimality,emphasis_hardlp,emphasis_easycip,heuristics_fast,heuristics_off
neos-1053234,emphasis_feasibility,separating_off,presolving_off,presolving_aggressive,emphasis_hardlp,default,separating_fast,presolving_fast,heuristics_aggressive,emphasis_easycip,separating_aggressive,emphasis_optimality,heuristics_fast,heuristics_off
neos-1122047,separating_fast,presolving_fast,emphasis_easycip,presolving_aggressive,emphasis_feasibility,separating_off,presolving_off,default,separating_aggressive,heuristics_fast,heuristics_aggressive,emphasis_hardlp,emphasis_optimality,heuristics_off
neos-1324574,separating_off,presolving_aggressive,default,separating_fast,separating_aggressive,heuristics_aggressive,presolving_fast,emphasis_feasibility,presolving_off,heuristics_fast,emphasis_easycip,emphasis_hardlp,emphasis_optimality,heuristics_off
neos-1620807,separating_fast,separating_aggressive,presolving_fast,presolving_aggressive,default,emphasis_easycip,heuristics_fast,heuristics_aggressive,separating_off,heuristics_off,emphasis_optimality,emphasis_hardlp,presolving_off,emphasis_feasibility
neos-787933,presolving_off,separating_off,separating_fast,presolving_fast,emphasis_hardlp,default,presolving_aggressive,heuristics_aggressive,emphasis_feasibility,heuristics_fast,emphasis_easycip,separating_aggressive,emphasis_optimality,heuristics_off
neos-1281048,presolving_fast,emphasis_hardlp,default,separating_fast,presolving_aggressive,separating_aggressive,separating_off,heuristics_fast,heuristics_aggressive,emphasis_feasibility,emphasis_easycip,heuristics_off,presolving_off,emphasis_optimality
neos-1061020,separating_fast,presolving_aggressive,presolving_fast,emphasis_feasibility,separating_off,default,heuristics_aggressive,separating_aggressive,emphasis_hardlp,presolving_off,heuristics_fast,emphasis_easycip,heuristics_off,emphasis_optimality
momentum2,emphasis_feasibility,separating_off,presolving_off,emphasis_hardlp,separating_fast,presolving_fast,heuristics_aggressive,default,presolving_aggressive,separating_aggressive,emphasis_easycip,heuristics_fast,emphasis_optimality,heuristics_off
hanoi5,presolving_aggressive,separating_fast,default,presolving_fast,heuristics_aggressive,separating_off,heuristics_fast,emphasis_feasibility,separating_aggressive,emphasis_easycip,presolving_off,emphasis_hardlp,emphasis_optimality,heuristics_off
nu120-pr3,presolving_fast,heuristics_aggressive,separating_fast,default,presolving_aggressive,separating_off,presolving_off,emphasis_feasibility,separating_aggressive,heuristics_fast,emphasis_easycip,emphasis_hardlp,emphasis_optimality,heuristics_off
ns4-pr3,emphasis_hardlp,emphasis_easycip,presolving_off,heuristics_fast,separating_fast,presolving_aggressive,default,separating_off,presolving_fast,heuristics_aggressive,separating_aggressive,emphasis_feasibility,heuristics_off,emphasis_optimality
reblock354,emphasis_hardlp,separating_off,presolving_off,presolving_fast,separating_fast,default,emphasis_feasibility,heuristics_aggressive,heuristics_fast,emphasis_easycip,separating_aggressive,presolving_aggressive,heuristics_off,emphasis_optimality
