neos-611838,heuristics_fast,presolving_off,presolving_fast,default,presolving_aggressive,heuristics_aggressive,emphasis_hardlp,separating_aggressive,emphasis_optimality,heuristics_off,emphasis_easycip,separating_fast,separating_off,emphasis_feasibility
vpm2,presolving_fast,emphasis_hardlp,presolving_aggressive,separating_fast,heuristics_fast,default,emphasis_easycip,separating_aggressive,heuristics_aggressive,presolving_off,emphasis_optimality,heuristics_off,emphasis_feasibility,separating_off
neos-829552,separating_off,separating_fast,presolving_fast,presolving_aggressive,emphasis_hardlp,presolving_off,heuristics_aggressive,emphasis_feasibility,heuristics_off,emphasis_easycip,separating_aggressive,heuristics_fast,default,emphasis_optimality
disctom,separating_fast,presolving_fast,separating_off,separating_aggressive,presolving_off,emphasis_easycip,emphasis_hardlp,default,presolving_aggressive,heuristics_fast,heuristics_aggressive,emphasis_optimality,heuristics_off,emphasis_feasibility
shs1023,separating_off,separating_fast,presolving_fast,separating_aggressive,presolving_aggressive,presolving_off,heuristics_off,heuristics_aggressive,default,heuristics_fast,emphasis_optimality,emphasis_hardlp,emphasis_feasibility,emphasis_easycip
misc06,separating_fast,presolving_fast,default,separating_off,presolving_aggressive,heuristics_fast,separating_aggressive,heuristics_aggressive,emphasis_feasibility,emphasis_easycip,emphasis_hardlp,presolving_off,heuristics_off,emphasis_optimality
zib54-UUE,presolving_fast,presolving_aggressive,heuristics_fast,default,presolving_off,emphasis_hardlp,heuristics_aggressive,separating_aggressive,separating_fast,emphasis_easycip,separating_off,emphasis_optimality,emphasis_feasibility,heuristics_off
ns4-pr9,heuristics_fast,separating_fast,presolving_off,presolving_aggressive,default,separating_aggressive,separating_off,presolving_fast,heuristics_aggressive,emphasis_hardlp,emphasis_easycip,heuristics_off,emphasis_feasibility,emphasis_optimality
neos-941782,emphasis_feasibility,separating_fast,emphasis_hardlp,default,presolving_aggressive,heuristics_aggressive,presolving_fast,heuristics_fast,separating_off,presolving_off,separating_aggressive,emphasis_easycip,heuristics_off,emphasis_optimality
map20,separating_fast,presolving_aggressive,default,separating_off,emphasis_easycip,heuristics_fast,emphasis_feasibility,heuristics_aggressive,presolving_fast,separating_aggressive,emphasis_hardlp,emphasis_optimality,presolving_off,heuristics_off
neos-662469,presolving_off,presolving_aggressive,separating_off,separating_fast,presolving_fast,heuristics_aggressive,heuristics_off,separating_aggressive,emphasis_feasibility,heuristics_fast,default,emphasis_optimality,emphasis_hardlp,emphasis_easycip
neos-1460543,emphasis_feasibility,presolving_fast,separating_fast,heuristics_aggressive,default,separating_aggressive,presolving_off,presolving_aggressive,separating_off,emphasis_optimality,emphasis_hardlp,heuristics_fast,emphasis_easycip,heuristics_off
pk1,separating_fast,presolving_fast,separating_off,emphasis_hardlp,presolving_aggressive,heuristics_fast,emphasis_easycip,default,separating_aggressive,heuristics_off,heuristics_aggressive,presolving_off,emphasis_feasibility,emphasis_optimality
stein27,heuristics_fast,separating_off,presolving_off,presolving_fast,presolving_aggressive,separating_fast,default,heuristics_aggressive,emphasis_easycip,separating_aggressive,heuristics_off,emphasis_hardlp,emphasis_feasibility,emphasis_optimality
neos-849702,presolving_off,emphasis_feasibility,heuristics_aggressive,heuristics_fast,emphasis_easycip,presolving_aggressive,presolving_fast,separating_off,separating_aggressive,heuristics_off,separating_fast,default,emphasis_hardlp,emphasis_optimality
rgn,emphasis_hardlp,separating_fast,emphasis_easycip,presolving_fast,heuristics_fast,default,separating_off,presolving_aggressive,presolving_off,separating_aggressive,heuristics_aggressive,heuristics_off,emphasis_optimality,emphasis_feasibility
in,presolving_off,presolving_fast,separating_off,emphasis_hardlp,separating_fast,emphasis_easycip,heuristics_aggressive,emphasis_feasibility,default,heuristics_fast,separating_aggressive,presolving_aggressive,emphasis_optimality,heuristics_off
mod010,separating_fast,heuristics_aggressive,emphasis_feasibility,default,separating_off,presolving_aggressive,separating_aggressive,presolving_fast,presolving_off,emphasis_hardlp,heuristics_fast,emphasis_easycip,emphasis_optimality,heuristics_off
triptim1,separating_off,separating_fast,separating_aggressive,presolving_off,presolving_fast,presolving_aggressive,heuristics_off,heuristics_fast,heuristics_aggressive,emphasis_optimality,emphasis_hardlp,emphasis_feasibility,emphasis_easycip,default
ns1696083,separating_off,separating_fast,presolving_off,presolving_fast,emphasis_hardlp,default,separating_aggressive,heuristics_fast,emphasis_feasibility,emphasis_easycip,presolving_aggressive,heuristics_aggressive,heuristics_off,emphasis_optimality
opm2-z7-s2,emphasis_hardlp,separating_off,presolving_off,presolving_fast,separating_fast,emphasis_feasibility,emphasis_easycip,default,heuristics_aggressive,heuristics_fast,separating_aggressive,presolving_aggressive,emphasis_optimality,heuristics_off
ns1688347,separating_fast,presolving_fast,presolving_aggressive,emphasis_hardlp,default,separating_off,heuristics_aggressive,separating_aggressive,emphasis_easycip,presolving_off,heuristics_fast,emphasis_feasibility,heuristics_off,emphasis_optimality
swath,separating_fast,emphasis_feasibility,heuristics_aggressive,separating_off,presolving_fast,default,presolving_aggressive,presolving_off,heuristics_fast,separating_aggressive,emphasis_hardlp,heuristics_off,emphasis_optimality,emphasis_easycip
neos-787933,separating_off,separating_fast,presolving_off,presolving_fast,emphasis_hardlp,presolving_aggressive,separating_aggressive,emphasis_easycip,default,heuristics_fast,heuristics_aggressive,emphasis_feasibility,emphasis_optimality,heuristics_off
neos-631517,presolving_off,presolving_fast,separating_aggressive,heuristics_aggressive,presolving_aggressive,default,emphasis_optimality,emphasis_hardlp,separating_fast,emphasis_feasibility,emphasis_easycip,separating_off,heuristics_fast,heuristics_off
neos-824661,separating_off,separating_fast,emphasis_feasibility,presolving_aggressive,presolving_fast,heuristics_aggressive,default,separating_aggressive,presolving_off,emphasis_optimality,emphasis_hardlp,heuristics_fast,emphasis_easycip,heuristics_off
bnatt350,separating_off,emphasis_hardlp,presolving_off,separating_fast,presolving_fast,emphasis_feasibility,emphasis_easycip,default,presolving_aggressive,heuristics_aggressive,separating_aggressive,heuristics_off,heuristics_fast,emphasis_optimality
l152lav,separating_fast,heuristics_aggressive,emphasis_feasibility,default,separating_off,presolving_aggressive,separating_aggressive,presolving_off,presolving_fast,emphasis_hardlp,heuristics_fast,emphasis_easycip,emphasis_optimality,heuristics_off
ivu52,default,separating_off,separating_fast,presolving_aggressive,presolving_fast,heuristics_aggressive,emphasis_feasibility,heuristics_fast,emphasis_hardlp,emphasis_easycip,presolving_off,separating_aggressive,heuristics_off,emphasis_optimality
mod011,presolving_fast,default,presolving_aggressive,heuristics_aggressive,separating_aggressive,presolving_off,heuristics_fast,emphasis_optimality,separating_fast,separating_off,emphasis_easycip,emphasis_hardlp,emphasis_feasibility,heuristics_off
air05,heuristics_aggressive,emphasis_feasibility,separating_fast,separating_off,default,separating_aggressive,presolving_aggressive,presolving_fast,emphasis_optimality,emphasis_hardlp,presolving_off,heuristics_fast,emphasis_easycip,heuristics_off
neos-933815,heuristics_aggressive,presolving_fast,presolving_aggressive,default,heuristics_fast,separating_aggressive,emphasis_optimality,heuristics_off,emphasis_hardlp,separating_fast,presolving_off,emphasis_easycip,emphasis_feasibility,separating_off
splan1,separating_off,separating_fast,presolving_off,presolving_fast,presolving_aggressive,separating_aggressive,heuristics_off,heuristics_fast,heuristics_aggressive,emphasis_feasibility,emphasis_optimality,emphasis_hardlp,emphasis_easycip,default
neos-1603512,separating_aggressive,emphasis_hardlp,presolving_fast,emphasis_easycip,separating_fast,default,emphasis_optimality,presolving_aggressive,heuristics_off,heuristics_fast,separating_off,presolving_off,heuristics_aggressive,emphasis_feasibility
neos-1423785,separating_off,separating_fast,presolving_aggressive,separating_aggressive,presolving_fast,heuristics_aggressive,emphasis_feasibility,presolving_off,heuristics_fast,heuristics_off,emphasis_optimality,emphasis_hardlp,emphasis_easycip,default
neos-547911,separating_off,default,separating_fast,presolving_fast,presolving_aggressive,presolving_off,separating_aggressive,heuristics_aggressive,heuristics_fast,emphasis_optimality,emphasis_feasibility,heuristics_off,emphasis_hardlp,emphasis_easycip
neos-1603965,presolving_off,presolving_fast,separating_fast,presolving_aggressive,separating_off,heuristics_aggressive,default,separating_aggressive,heuristics_fast,emphasis_feasibility,heuristics_off,emphasis_optimality,emphasis_hardlp,emphasis_easycip
neos-603073,separating_fast,presolving_fast,emphasis_feasibility,default,presolving_aggressive,heuristics_aggressive,separating_aggressive,heuristics_fast,emphasis_optimality,separating_off,presolving_off,heuristics_off,emphasis_hardlp,emphasis_easycip
markshare2,separating_off,separating_fast,separating_aggressive,presolving_off,presolving_fast,presolving_aggressive,heuristics_off,heuristics_fast,heuristics_aggressive,emphasis_optimality,emphasis_hardlp,emphasis_feasibility,emphasis_easycip,default
lectsched-4-obj,emphasis_feasibility,separating_off,presolving_fast,presolving_aggressive,default,separating_fast,heuristics_aggressive,separating_aggressive,presolving_off,heuristics_off,heuristics_fast,emphasis_optimality,emphasis_hardlp,emphasis_easycip
aligninq,default,separating_off,separating_fast,presolving_fast,emphasis_feasibility,presolving_aggressive,emphasis_hardlp,heuristics_aggressive,separating_aggressive,heuristics_fast,emphasis_easycip,heuristics_off,presolving_off,emphasis_optimality
dsbmip,default,separating_aggressive,presolving_aggressive,separating_fast,presolving_fast,heuristics_aggressive,presolving_off,emphasis_optimality,emphasis_hardlp,heuristics_fast,separating_off,emphasis_easycip,emphasis_feasibility,heuristics_off
qnet1,emphasis_feasibility,separating_fast,heuristics_aggressive,separating_off,presolving_fast,presolving_aggressive,default,heuristics_fast,separating_aggressive,presolving_off,emphasis_hardlp,emphasis_easycip,emphasis_optimality,heuristics_off
bell3a,presolving_aggressive,default,separating_aggressive,presolving_fast,separating_fast,heuristics_fast,heuristics_aggressive,emphasis_optimality,separating_off,emphasis_hardlp,presolving_off,heuristics_off,emphasis_easycip,emphasis_feasibility
ns25-pr3,emphasis_hardlp,separating_fast,heuristics_fast,presolving_fast,separating_off,presolving_aggressive,heuristics_aggressive,default,separating_aggressive,emphasis_easycip,presolving_off,heuristics_off,emphasis_feasibility,emphasis_optimality
qnet1_o,emphasis_feasibility,heuristics_aggressive,presolving_fast,separating_off,separating_fast,presolving_aggressive,default,heuristics_fast,separating_aggressive,emphasis_hardlp,presolving_off,emphasis_easycip,emphasis_optimality,heuristics_off
neos-551991,separating_aggressive,heuristics_aggressive,emphasis_feasibility,default,emphasis_hardlp,presolving_off,presolving_fast,presolving_aggressive,separating_fast,separating_off,emphasis_optimality,heuristics_fast,emphasis_easycip,heuristics_off
nu120-pr3,presolving_fast,heuristics_aggressive,default,presolving_off,presolving_aggressive,separating_aggressive,emphasis_optimality,separating_fast,separating_off,emphasis_feasibility,heuristics_fast,emphasis_easycip,emphasis_hardlp,heuristics_off
mzzv11,separating_fast,emphasis_feasibility,heuristics_aggressive,separating_off,separating_aggressive,heuristics_fast,default,heuristics_off,presolving_off,presolving_fast,emphasis_easycip,emphasis_optimality,presolving_aggressive,emphasis_hardlp
mine-90-10,emphasis_hardlp,separating_off,presolving_off,presolving_fast,separating_fast,emphasis_easycip,default,emphasis_feasibility,heuristics_fast,heuristics_aggressive,separating_aggressive,presolving_aggressive,heuristics_off,emphasis_optimality
neos-555343,presolving_off,presolving_fast,heuristics_aggressive,separating_fast,emphasis_feasibility,default,separating_off,presolving_aggressive,separating_aggressive,emphasis_hardlp,emphasis_easycip,heuristics_fast,heuristics_off,emphasis_optimality
pg,separating_fast,presolving_fast,presolving_off,default,presolving_aggressive,heuristics_fast,emphasis_hardlp,heuristics_aggressive,separating_aggressive,emphasis_easycip,emphasis_optimality,emphasis_feasibility,separating_off,heuristics_off
neos-785899,presolving_fast,presolving_off,separating_fast,emphasis_easycip,separating_off,presolving_aggressive,heuristics_fast,emphasis_hardlp,default,heuristics_aggressive,emphasis_feasibility,separating_aggressive,heuristics_off,emphasis_optimality
ns1853823,separating_off,separating_fast,separating_aggressive,presolving_off,presolving_fast,presolving_aggressive,heuristics_off,heuristics_fast,heuristics_aggressive,emphasis_optimality,emphasis_hardlp,emphasis_feasibility,emphasis_easycip,default
methanosarcina,separating_off,separating_fast,presolving_fast,default,presolving_aggressive,heuristics_aggressive,presolving_off,heuristics_fast,emphasis_hardlp,emphasis_feasibility,emphasis_easycip,separating_aggressive,heuristics_off,emphasis_optimality
neos-933364,heuristics_aggressive,presolving_fast,presolving_aggressive,default,heuristics_fast,separating_aggressive,emphasis_optimality,emphasis_hardlp,separating_fast,emphasis_easycip,presolving_off,heuristics_off,emphasis_feasibility,separating_off
dcmulti,emphasis_hardlp,default,presolving_fast,separating_fast,presolving_aggressive,separating_aggressive,heuristics_aggressive,heuristics_fast,presolving_off,emphasis_easycip,emphasis_optimality,separating_off,heuristics_off,emphasis_feasibility
ns1631475,separating_off,separating_fast,presolving_aggressive,separating_aggressive,heuristics_aggressive,emphasis_feasibility,presolving_fast,default,presolving_off,heuristics_fast,emphasis_hardlp,emphasis_optimality,emphasis_easycip,heuristics_off
neos-548251,separating_off,separating_fast,presolving_aggressive,presolving_fast,separating_aggressive,heuristics_fast,presolving_off,heuristics_aggressive,emphasis_hardlp,default,heuristics_off,emphasis_easycip,emphasis_feasibility,emphasis_optimality
neos15,default,presolving_fast,presolving_aggressive,heuristics_aggressive,emphasis_hardlp,separating_aggressive,presolving_off,heuristics_fast,separating_fast,emphasis_easycip,emphasis_optimality,heuristics_off,emphasis_feasibility,separating_off
neos-1429212,presolving_fast,separating_off,heuristics_aggressive,emphasis_feasibility,presolving_aggressive,separating_fast,default,separating_aggressive,presolving_off,heuristics_fast,emphasis_optimality,emphasis_hardlp,emphasis_easycip,heuristics_off
