neos-948346,presolving_fast,emphasis_hardlp,heuristics_aggressive,separating_fast,emphasis_feasibility,emphasis_easycip,default,presolving_off,separating_off,separating_aggressive,heuristics_fast,presolving_aggressive,emphasis_optimality,heuristics_off
neos-1151496,heuristics_off,separating_aggressive,heuristics_fast,default,separating_fast,presolving_fast,presolving_aggressive,emphasis_hardlp,separating_off,presolving_off,emphasis_easycip,emphasis_optimality,heuristics_aggressive,emphasis_feasibility
satellites2-60,separating_off,separating_fast,separating_aggressive,presolving_fast,presolving_aggressive,emphasis_feasibility,presolving_off,heuristics_off,heuristics_fast,heuristics_aggressive,emphasis_hardlp,emphasis_optimality,emphasis_easycip,default
n3div36,presolving_fast,heuristics_aggressive,emphasis_feasibility,default,separating_fast,presolving_off,presolving_aggressive,separating_off,separating_aggressive,emphasis_hardlp,heuristics_fast,emphasis_optimality,emphasis_easycip,heuristics_off
neos-937446,separating_off,separating_aggressive,presolving_fast,separating_fast,presolving_off,default,presolving_aggressive,heuristics_aggressive,emphasis_feasibility,emphasis_easycip,emphasis_hardlp,heuristics_fast,emphasis_optimality,heuristics_off
neos-555884,emphasis_feasibility,default,separating_off,separating_fast,presolving_fast,heuristics_aggressive,presolving_aggressive,separating_aggressive,presolving_off,emphasis_easycip,emphasis_hardlp,heuristics_fast,heuristics_off,emphasis_optimality
markshare2,separating_off,separating_fast,separating_aggressive,presolving_off,presolving_aggressive,presolving_fast,heuristics_off,heuristics_fast,heuristics_aggressive,emphasis_optimality,emphasis_hardlp,emphasis_feasibility,emphasis_easycip,default
neos-911970,default,heuristics_aggressive,separating_aggressive,presolving_off,presolving_fast,emphasis_optimality,separating_fast,presolving_aggressive,emphasis_hardlp,emphasis_easycip,separating_off,heuristics_off,emphasis_feasibility,heuristics_fast
acc-tight5,separating_aggressive,separating_fast,presolving_fast,emphasis_hardlp,heuristics_off,separating_off,emphasis_easycip,default,presolving_aggressive,heuristics_fast,emphasis_optimality,presolving_off,emphasis_feasibility,heuristics_aggressive
neos-1436709,separating_off,separating_fast,presolving_fast,default,separating_aggressive,presolving_off,presolving_aggressive,emphasis_feasibility,heuristics_fast,heuristics_aggressive,emphasis_optimality,emphasis_hardlp,heuristics_off,emphasis_easycip
neos-824661,separating_off,heuristics_aggressive,emphasis_feasibility,presolving_fast,presolving_aggressive,default,separating_fast,emphasis_hardlp,heuristics_fast,emphasis_optimality,separating_aggressive,presolving_off,emphasis_easycip,heuristics_off
prod2,separating_fast,emphasis_hardlp,emphasis_easycip,default,separating_off,presolving_off,presolving_fast,presolving_aggressive,heuristics_fast,emphasis_feasibility,separating_aggressive,heuristics_off,heuristics_aggressive,emphasis_optimality
neos-631694,emphasis_hardlp,presolving_fast,emphasis_feasibility,presolving_aggressive,heuristics_aggressive,default,heuristics_fast,separating_off,separating_fast,separating_aggressive,emphasis_optimality,presolving_off,emphasis_easycip,heuristics_off
neos-1426635,presolving_off,separating_fast,separating_off,presolving_fast,emphasis_feasibility,default,separating_aggressive,presolving_aggressive,heuristics_aggressive,emphasis_optimality,emphasis_hardlp,heuristics_fast,emphasis_easycip,heuristics_off
gmut-77-40,emphasis_hardlp,emphasis_feasibility,heuristics_aggressive,presolving_fast,heuristics_fast,separating_off,presolving_off,separating_fast,emphasis_easycip,default,presolving_aggressive,separating_aggressive,emphasis_optimality,heuristics_off
neos-555694,separating_fast,emphasis_feasibility,heuristics_aggressive,presolving_fast,presolving_aggressive,separating_off,emphasis_hardlp,default,separating_aggressive,emphasis_easycip,heuristics_fast,emphasis_optimality,presolving_off,heuristics_off
neos-826812,separating_off,presolving_fast,separating_fast,heuristics_aggressive,emphasis_hardlp,emphasis_feasibility,presolving_off,presolving_aggressive,default,separating_aggressive,emphasis_easycip,emphasis_optimality,heuristics_fast,heuristics_off
neos15,presolving_aggressive,default,separating_fast,presolving_fast,emphasis_hardlp,separating_aggressive,presolving_off,heuristics_aggressive,emphasis_optimality,heuristics_fast,emphasis_easycip,emphasis_feasibility,separating_off,heuristics_off
mik-250-1-100-1,presolving_fast,separating_fast,heuristics_fast,separating_off,emphasis_hardlp,presolving_off,presolving_aggressive,emphasis_feasibility,default,separating_aggressive,emphasis_easycip,heuristics_aggressive,emphasis_optimality,heuristics_off
core4872-1529,emphasis_feasibility,presolving_aggressive,heuristics_aggressive,separating_off,separating_fast,default,heuristics_fast,presolving_off,separating_aggressive,presolving_fast,emphasis_optimality,emphasis_easycip,emphasis_hardlp,heuristics_off
neos-1429185,separating_off,separating_fast,default,separating_aggressive,presolving_fast,emphasis_feasibility,heuristics_aggressive,presolving_aggressive,emphasis_optimality,presolving_off,heuristics_fast,emphasis_hardlp,emphasis_easycip,heuristics_off
cdma,separating_fast,presolving_off,presolving_fast,presolving_aggressive,separating_off,separating_aggressive,emphasis_hardlp,heuristics_aggressive,emphasis_feasibility,heuristics_fast,emphasis_optimality,default,heuristics_off,emphasis_easycip
neos6,separating_aggressive,default,presolving_aggressive,separating_fast,presolving_fast,heuristics_aggressive,emphasis_feasibility,presolving_off,emphasis_easycip,emphasis_optimality,emphasis_hardlp,separating_off,heuristics_fast,heuristics_off
fiball,heuristics_off,separating_fast,heuristics_aggressive,separating_off,presolving_aggressive,default,separating_aggressive,presolving_off,presolving_fast,emphasis_feasibility,heuristics_fast,emphasis_hardlp,emphasis_easycip,emphasis_optimality
momentum3,presolving_fast,separating_fast,presolving_aggressive,separating_off,separating_aggressive,presolving_off,heuristics_fast,emphasis_optimality,emphasis_hardlp,emphasis_feasibility,default,heuristics_off,heuristics_aggressive,emphasis_easycip
mkc,emphasis_feasibility,separating_off,separating_fast,presolving_aggressive,presolving_off,heuristics_fast,default,separating_aggressive,presolving_fast,emphasis_hardlp,emphasis_easycip,heuristics_aggressive,heuristics_off,emphasis_optimality
glass4,separating_off,separating_fast,heuristics_fast,separating_aggressive,presolving_fast,presolving_aggressive,default,presolving_off,emphasis_hardlp,emphasis_easycip,heuristics_off,emphasis_optimality,emphasis_feasibility,heuristics_aggressive
neos-934441,emphasis_feasibility,separating_fast,heuristics_aggressive,separating_off,separating_aggressive,presolving_fast,default,presolving_aggressive,presolving_off,emphasis_hardlp,emphasis_easycip,emphasis_optimality,heuristics_fast,heuristics_off
rmine6,presolving_fast,emphasis_feasibility,separating_off,separating_fast,emphasis_hardlp,default,presolving_off,heuristics_fast,heuristics_aggressive,emphasis_easycip,presolving_aggressive,separating_aggressive,heuristics_off,emphasis_optimality
nu60-pr9,presolving_fast,default,presolving_aggressive,separating_aggressive,emphasis_easycip,heuristics_fast,separating_fast,heuristics_aggressive,presolving_off,emphasis_hardlp,emphasis_feasibility,separating_off,heuristics_off,emphasis_optimality
rmatr100-p5,separating_fast,presolving_fast,default,presolving_off,separating_off,presolving_aggressive,separating_aggressive,heuristics_aggressive,emphasis_hardlp,emphasis_easycip,heuristics_fast,emphasis_feasibility,heuristics_off,emphasis_optimality
p100x588b,presolving_fast,heuristics_aggressive,default,separating_fast,presolving_off,presolving_aggressive,separating_aggressive,emphasis_hardlp,emphasis_optimality,heuristics_fast,emphasis_feasibility,separating_off,emphasis_easycip,heuristics_off
csched010,separating_fast,presolving_aggressive,heuristics_aggressive,emphasis_feasibility,separating_off,separating_aggressive,presolving_fast,emphasis_hardlp,default,presolving_off,emphasis_easycip,heuristics_fast,heuristics_off,emphasis_optimality
neos-957323,presolving_off,presolving_fast,emphasis_feasibility,presolving_aggressive,separating_off,separating_fast,separating_aggressive,default,heuristics_aggressive,emphasis_optimality,emphasis_hardlp,emphasis_easycip,heuristics_off,heuristics_fast
neos-1460641,presolving_fast,presolving_aggressive,default,separating_aggressive,heuristics_aggressive,emphasis_feasibility,separating_fast,presolving_off,separating_off,heuristics_fast,emphasis_optimality,emphasis_hardlp,emphasis_easycip,heuristics_off
neos-585192,default,separating_fast,presolving_aggressive,separating_off,emphasis_feasibility,heuristics_off,heuristics_fast,heuristics_aggressive,separating_aggressive,emphasis_optimality,presolving_fast,emphasis_easycip,presolving_off,emphasis_hardlp
neos-1367061,presolving_fast,emphasis_easycip,separating_fast,default,separating_off,separating_aggressive,presolving_off,emphasis_hardlp,presolving_aggressive,heuristics_aggressive,emphasis_feasibility,heuristics_fast,emphasis_optimality,heuristics_off
neos-691073,separating_fast,heuristics_aggressive,presolving_fast,separating_aggressive,default,presolving_aggressive,presolving_off,emphasis_optimality,heuristics_fast,emphasis_feasibility,separating_off,heuristics_off,emphasis_hardlp,emphasis_easycip
mine-90-10,emphasis_hardlp,presolving_fast,separating_off,separating_fast,presolving_off,default,heuristics_fast,heuristics_aggressive,emphasis_feasibility,heuristics_off,emphasis_easycip,separating_aggressive,presolving_aggressive,emphasis_optimality
neos-1464762,emphasis_feasibility,heuristics_aggressive,default,separating_fast,presolving_fast,presolving_off,separating_aggressive,separating_off,presolving_aggressive,heuristics_fast,emphasis_optimality,emphasis_hardlp,emphasis_easycip,heuristics_off
sp98ir,emphasis_feasibility,presolving_fast,presolving_aggressive,presolving_off,heuristics_aggressive,separating_fast,separating_aggressive,separating_off,default,heuristics_fast,emphasis_optimality,emphasis_easycip,heuristics_off,emphasis_hardlp
dano3mip,presolving_fast,presolving_aggressive,default,separating_off,separating_fast,presolving_off,emphasis_easycip,heuristics_aggressive,emphasis_hardlp,emphasis_feasibility,separating_aggressive,heuristics_fast,emphasis_optimality,heuristics_off
neos-501453,presolving_aggressive,emphasis_hardlp,default,emphasis_easycip,separating_fast,presolving_fast,heuristics_off,heuristics_fast,separating_off,separating_aggressive,presolving_off,emphasis_optimality,heuristics_aggressive,emphasis_feasibility
ns1111636,separating_off,separating_fast,separating_aggressive,presolving_off,presolving_fast,default,heuristics_off,presolving_aggressive,emphasis_feasibility,heuristics_fast,heuristics_aggressive,emphasis_optimality,emphasis_easycip,emphasis_hardlp
opm2-z10-s2,presolving_fast,emphasis_hardlp,separating_off,separating_fast,presolving_off,heuristics_fast,emphasis_easycip,default,heuristics_aggressive,separating_aggressive,emphasis_feasibility,presolving_aggressive,heuristics_off,emphasis_optimality
vpphard2,separating_off,separating_fast,separating_aggressive,presolving_off,presolving_fast,presolving_aggressive,heuristics_off,heuristics_fast,heuristics_aggressive,emphasis_feasibility,emphasis_optimality,emphasis_hardlp,emphasis_easycip,default
rococoC10-001000,default,heuristics_aggressive,emphasis_feasibility,presolving_aggressive,separating_fast,heuristics_fast,separating_aggressive,presolving_fast,emphasis_hardlp,emphasis_optimality,separating_off,emphasis_easycip,presolving_off,heuristics_off
hanoi5,heuristics_fast,separating_off,separating_fast,separating_aggressive,presolving_fast,emphasis_feasibility,emphasis_easycip,default,presolving_aggressive,heuristics_aggressive,emphasis_optimality,emphasis_hardlp,presolving_off,heuristics_off
30n20b8,heuristics_aggressive,default,emphasis_feasibility,separating_off,separating_fast,presolving_aggressive,heuristics_off,presolving_fast,emphasis_optimality,heuristics_fast,emphasis_hardlp,separating_aggressive,emphasis_easycip,presolving_off
neos-1423785,separating_fast,presolving_aggressive,presolving_fast,separating_off,separating_aggressive,default,heuristics_fast,emphasis_feasibility,presolving_off,heuristics_aggressive,emphasis_optimality,emphasis_easycip,heuristics_off,emphasis_hardlp
cap6000,presolving_aggressive,separating_fast,separating_aggressive,presolving_fast,emphasis_feasibility,default,presolving_off,separating_off,heuristics_off,heuristics_aggressive,emphasis_hardlp,emphasis_easycip,emphasis_optimality,heuristics_fast
neos-937815,separating_off,separating_aggressive,presolving_fast,separating_fast,presolving_aggressive,default,presolving_off,heuristics_aggressive,emphasis_feasibility,emphasis_hardlp,heuristics_fast,emphasis_easycip,emphasis_optimality,heuristics_off
nu120-pr3,presolving_fast,separating_fast,heuristics_fast,emphasis_easycip,separating_aggressive,presolving_off,presolving_aggressive,emphasis_hardlp,default,separating_off,emphasis_feasibility,heuristics_aggressive,emphasis_optimality,heuristics_off
neos-775946,separating_fast,emphasis_feasibility,presolving_fast,heuristics_aggressive,default,presolving_aggressive,separating_aggressive,separating_off,emphasis_hardlp,emphasis_easycip,heuristics_fast,heuristics_off,emphasis_optimality,presolving_off
ns1456591,separating_fast,separating_aggressive,separating_off,presolving_off,presolving_fast,presolving_aggressive,emphasis_feasibility,default,heuristics_aggressive,heuristics_off,emphasis_optimality,heuristics_fast,emphasis_easycip,emphasis_hardlp
p6b,emphasis_easycip,presolving_off,presolving_aggressive,separating_fast,presolving_fast,emphasis_hardlp,separating_aggressive,heuristics_fast,emphasis_feasibility,default,emphasis_optimality,separating_off,heuristics_off,heuristics_aggressive
bienst2,separating_off,emphasis_hardlp,heuristics_off,emphasis_feasibility,presolving_fast,heuristics_fast,default,heuristics_aggressive,emphasis_optimality,presolving_off,separating_aggressive,presolving_aggressive,emphasis_easycip,separating_fast
neos-796608,presolving_fast,presolving_off,default,separating_fast,separating_aggressive,separating_off,presolving_aggressive,heuristics_fast,emphasis_optimality,heuristics_aggressive,emphasis_hardlp,emphasis_easycip,emphasis_feasibility,heuristics_off
dfn-gwin-UUM,presolving_off,presolving_fast,default,separating_aggressive,heuristics_aggressive,separating_fast,presolving_aggressive,heuristics_fast,emphasis_optimality,separating_off,emphasis_hardlp,emphasis_easycip,heuristics_off,emphasis_feasibility
transportmoment,separating_fast,separating_aggressive,presolving_fast,presolving_aggressive,default,separating_off,presolving_off,heuristics_aggressive,emphasis_optimality,heuristics_fast,emphasis_feasibility,emphasis_hardlp,emphasis_easycip,heuristics_off
neos-849702,presolving_off,emphasis_feasibility,heuristics_aggressive,heuristics_fast,emphasis_easycip,presolving_fast,presolving_aggressive,separating_off,separating_aggressive,heuristics_off,separating_fast,emphasis_hardlp,default,emphasis_optimality
