neos-1426635,separating_off,separating_fast,default,emphasis_feasibility,presolving_fast,presolving_aggressive,separating_aggressive,heuristics_aggressive,presolving_off,emphasis_hardlp,emphasis_easycip,emphasis_optimality,heuristics_fast,heuristics_off
neos-876808,separating_off,presolving_off,separating_fast,presolving_fast,separating_aggressive,heuristics_aggressive,heuristics_off,presolving_aggressive,emphasis_hardlp,emphasis_feasibility,heuristics_fast,emphasis_optimality,emphasis_easycip,default
neos-555884,separating_off,separating_fast,presolving_off,presolving_fast,separating_aggressive,emphasis_feasibility,presolving_aggressive,heuristics_aggressive,emphasis_hardlp,emphasis_easycip,heuristics_fast,default,heuristics_off,emphasis_optimality
mine-166-5,presolving_fast,presolving_off,separating_off,emphasis_hardlp,separating_fast,default,emphasis_easycip,separating_aggressive,heuristics_fast,presolving_aggressive,heuristics_aggressive,emphasis_feasibility,emphasis_optimality,heuristics_off
neos-717614,separating_aggressive,presolving_fast,presolving_aggressive,emphasis_optimality,presolving_off,default,heuristics_fast,heuristics_aggressive,separating_fast,heuristics_off,emphasis_easycip,emphasis_hardlp,emphasis_feasibility,separating_off
neos-860244,emphasis_hardlp,presolving_off,emphasis_easycip,presolving_fast,default,separating_off,separating_fast,heuristics_fast,heuristics_aggressive,heuristics_off,presolving_aggressive,emphasis_feasibility,separating_aggressive,emphasis_optimality
air04,separating_fast,heuristics_aggressive,presolving_fast,emphasis_feasibility,default,presolving_aggressive,emphasis_hardlp,presolving_off,separating_off,separating_aggressive,heuristics_fast,emphasis_easycip,heuristics_off,emphasis_optimality
neos-476283,separating_off,separating_fast,presolving_fast,heuristics_aggressive,emphasis_feasibility,presolving_aggressive,default,separating_aggressive,presolving_off,heuristics_fast,emphasis_optimality,emphasis_hardlp,emphasis_easycip,heuristics_off
neos-885524,separating_fast,presolving_off,separating_off,presolving_aggressive,default,presolving_fast,separating_aggressive,heuristics_aggressive,emphasis_feasibility,emphasis_optimality,heuristics_fast,emphasis_hardlp,emphasis_easycip,heuristics_off
neos-1445755,separating_off,separating_fast,heuristics_fast,emphasis_feasibility,default,separating_aggressive,heuristics_aggressive,heuristics_off,emphasis_optimality,presolving_off,presolving_fast,emphasis_hardlp,emphasis_easycip,presolving_aggressive
reblock354,presolving_fast,separating_off,presolving_off,separating_fast,emphasis_hardlp,separating_aggressive,emphasis_easycip,default,presolving_aggressive,heuristics_aggressive,heuristics_fast,emphasis_feasibility,emphasis_optimality,heuristics_off
22433,separating_off,emphasis_easycip,emphasis_hardlp,heuristics_fast,separating_fast,presolving_off,presolving_aggressive,heuristics_off,presolving_fast,emphasis_feasibility,default,heuristics_aggressive,emphasis_optimality,separating_aggressive
neos-941313,separating_off,emphasis_feasibility,separating_fast,presolving_off,separating_aggressive,presolving_aggressive,heuristics_aggressive,presolving_fast,heuristics_fast,heuristics_off,default,emphasis_hardlp,emphasis_optimality,emphasis_easycip
neos-1058477,emphasis_feasibility,heuristics_aggressive,default,separating_off,separating_fast,presolving_aggressive,presolving_fast,emphasis_hardlp,separating_aggressive,presolving_off,emphasis_optimality,heuristics_fast,emphasis_easycip,heuristics_off
neos-948346,separating_off,separating_fast,presolving_off,presolving_fast,emphasis_feasibility,presolving_aggressive,heuristics_aggressive,default,separating_aggressive,emphasis_optimality,emphasis_hardlp,emphasis_easycip,heuristics_fast,heuristics_off
neos-494568,emphasis_feasibility,default,presolving_fast,presolving_aggressive,heuristics_aggressive,separating_fast,separating_off,presolving_off,separating_aggressive,emphasis_hardlp,emphasis_easycip,heuristics_fast,emphasis_optimality,heuristics_off
neos-593853,presolving_fast,default,separating_fast,presolving_off,presolving_aggressive,separating_aggressive,separating_off,heuristics_aggressive,emphasis_optimality,heuristics_fast,heuristics_off,emphasis_feasibility,emphasis_easycip,emphasis_hardlp
neos-886822,presolving_fast,separating_fast,default,heuristics_aggressive,emphasis_feasibility,separating_off,presolving_aggressive,separating_aggressive,emphasis_hardlp,presolving_off,heuristics_fast,emphasis_optimality,emphasis_easycip,heuristics_off
queens-30,separating_off,separating_fast,separating_aggressive,presolving_off,presolving_fast,presolving_aggressive,heuristics_fast,heuristics_aggressive,emphasis_hardlp,heuristics_off,emphasis_optimality,emphasis_feasibility,emphasis_easycip,default
neos-1225589,presolving_fast,heuristics_aggressive,emphasis_feasibility,separating_off,separating_fast,emphasis_hardlp,default,presolving_aggressive,emphasis_optimality,separating_aggressive,heuristics_fast,presolving_off,emphasis_easycip,heuristics_off
ns1663818,separating_off,separating_fast,presolving_off,presolving_fast,separating_aggressive,presolving_aggressive,heuristics_off,heuristics_fast,heuristics_aggressive,emphasis_hardlp,emphasis_feasibility,emphasis_easycip,emphasis_optimality,default
neos-1599274,emphasis_feasibility,heuristics_aggressive,presolving_fast,default,presolving_off,separating_fast,presolving_aggressive,emphasis_hardlp,separating_aggressive,emphasis_easycip,separating_off,heuristics_fast,emphasis_optimality,heuristics_off
neos-1445532,separating_fast,presolving_aggressive,separating_off,presolving_fast,presolving_off,separating_aggressive,default,heuristics_aggressive,emphasis_hardlp,heuristics_fast,emphasis_feasibility,emphasis_optimality,emphasis_easycip,heuristics_off
neos-1451294,separating_fast,presolving_fast,presolving_aggressive,default,separating_aggressive,heuristics_aggressive,separating_off,presolving_off,emphasis_hardlp,emphasis_feasibility,emphasis_easycip,heuristics_fast,heuristics_off,emphasis_optimality
haprp,separating_aggressive,default,presolving_off,emphasis_optimality,separating_fast,presolving_fast,presolving_aggressive,heuristics_fast,heuristics_aggressive,heuristics_off,emphasis_feasibility,emphasis_easycip,emphasis_hardlp,separating_off
bell3a,emphasis_hardlp,default,separating_fast,presolving_fast,heuristics_fast,emphasis_easycip,presolving_aggressive,heuristics_aggressive,heuristics_off,separating_off,separating_aggressive,emphasis_feasibility,emphasis_optimality,presolving_off
dsbmip,separating_off,separating_fast,presolving_fast,default,presolving_aggressive,presolving_off,heuristics_aggressive,separating_aggressive,heuristics_fast,emphasis_optimality,emphasis_hardlp,emphasis_feasibility,emphasis_easycip,heuristics_off
ran14x18_1,presolving_fast,default,emphasis_hardlp,heuristics_aggressive,presolving_aggressive,heuristics_fast,emphasis_easycip,separating_fast,separating_aggressive,presolving_off,emphasis_optimality,emphasis_feasibility,heuristics_off,separating_off
g200x740i,presolving_fast,default,heuristics_aggressive,presolving_aggressive,emphasis_hardlp,separating_aggressive,heuristics_fast,separating_fast,presolving_off,emphasis_feasibility,emphasis_easycip,emphasis_optimality,separating_off,heuristics_off
go19,presolving_off,presolving_fast,separating_fast,default,heuristics_fast,separating_off,presolving_aggressive,emphasis_easycip,heuristics_aggressive,emphasis_feasibility,separating_aggressive,emphasis_hardlp,emphasis_optimality,heuristics_off
l152lav,default,separating_fast,emphasis_hardlp,presolving_fast,heuristics_aggressive,emphasis_feasibility,emphasis_easycip,separating_off,heuristics_fast,presolving_aggressive,presolving_off,heuristics_off,separating_aggressive,emphasis_optimality
neos-839894,presolving_off,presolving_fast,heuristics_aggressive,emphasis_hardlp,separating_off,separating_fast,emphasis_feasibility,default,separating_aggressive,presolving_aggressive,heuristics_fast,emphasis_optimality,emphasis_easycip,heuristics_off
gesa3,separating_fast,default,presolving_aggressive,heuristics_aggressive,presolving_fast,separating_off,emphasis_feasibility,separating_aggressive,presolving_off,emphasis_hardlp,emphasis_easycip,heuristics_fast,emphasis_optimality,heuristics_off
neos-911970,separating_fast,separating_off,presolving_fast,presolving_aggressive,presolving_off,default,emphasis_feasibility,separating_aggressive,heuristics_aggressive,emphasis_hardlp,emphasis_easycip,emphasis_optimality,heuristics_fast,heuristics_off
bg512142,default,emphasis_hardlp,presolving_fast,presolving_aggressive,heuristics_aggressive,heuristics_fast,separating_fast,separating_aggressive,emphasis_easycip,presolving_off,emphasis_feasibility,separating_off,emphasis_optimality,heuristics_off
dg012142,default,heuristics_aggressive,emphasis_hardlp,presolving_aggressive,heuristics_fast,separating_fast,separating_aggressive,presolving_fast,emphasis_feasibility,emphasis_easycip,presolving_off,separating_off,emphasis_optimality,heuristics_off
p6b,presolving_fast,presolving_off,separating_fast,separating_aggressive,presolving_aggressive,default,separating_off,emphasis_easycip,heuristics_aggressive,emphasis_hardlp,heuristics_fast,emphasis_feasibility,heuristics_off,emphasis_optimality
neos-1417043,presolving_off,presolving_fast,heuristics_aggressive,presolving_aggressive,default,separating_aggressive,separating_fast,separating_off,emphasis_optimality,emphasis_feasibility,heuristics_fast,emphasis_hardlp,emphasis_easycip,heuristics_off
neos-785914,presolving_fast,default,emphasis_hardlp,heuristics_aggressive,presolving_aggressive,heuristics_fast,emphasis_feasibility,emphasis_easycip,separating_fast,presolving_off,separating_aggressive,separating_off,emphasis_optimality,heuristics_off
cdma,separating_fast,presolving_off,emphasis_optimality,separating_aggressive,presolving_fast,heuristics_aggressive,separating_off,presolving_aggressive,emphasis_feasibility,default,heuristics_off,heuristics_fast,emphasis_hardlp,emphasis_easycip
sp98ir,presolving_off,presolving_fast,separating_fast,separating_aggressive,default,presolving_aggressive,heuristics_fast,heuristics_aggressive,emphasis_optimality,emphasis_hardlp,emphasis_easycip,emphasis_feasibility,heuristics_off,separating_off
uc-case3,separating_off,separating_fast,presolving_fast,emphasis_feasibility,heuristics_aggressive,default,separating_aggressive,presolving_off,presolving_aggressive,heuristics_fast,emphasis_optimality,emphasis_hardlp,heuristics_off,emphasis_easycip
opm2-z7-s2,presolving_fast,separating_off,presolving_off,emphasis_hardlp,separating_fast,separating_aggressive,emphasis_easycip,default,presolving_aggressive,heuristics_fast,heuristics_aggressive,emphasis_feasibility,emphasis_optimality,heuristics_off
neos-826694,separating_off,separating_fast,presolving_fast,presolving_aggressive,heuristics_aggressive,emphasis_feasibility,default,separating_aggressive,presolving_off,heuristics_fast,emphasis_optimality,emphasis_hardlp,emphasis_easycip,heuristics_off
ns1111636,separating_off,separating_fast,separating_aggressive,presolving_off,presolving_fast,presolving_aggressive,emphasis_feasibility,default,heuristics_aggressive,emphasis_optimality,emphasis_hardlp,heuristics_fast,emphasis_easycip,heuristics_off
neos-1151496,separating_fast,presolving_fast,presolving_aggressive,emphasis_feasibility,separating_aggressive,heuristics_aggressive,separating_off,default,presolving_off,heuristics_fast,heuristics_off,emphasis_easycip,emphasis_optimality,emphasis_hardlp
p2756,separating_fast,presolving_fast,separating_aggressive,heuristics_aggressive,default,separating_off,presolving_off,presolving_aggressive,emphasis_hardlp,heuristics_fast,emphasis_optimality,emphasis_feasibility,heuristics_off,emphasis_easycip
neos-801834,presolving_fast,presolving_aggressive,emphasis_hardlp,separating_off,default,heuristics_aggressive,emphasis_easycip,separating_fast,emphasis_feasibility,separating_aggressive,presolving_off,heuristics_fast,heuristics_off,emphasis_optimality
neos-1281048,separating_fast,heuristics_off,heuristics_fast,presolving_fast,emphasis_hardlp,presolving_aggressive,heuristics_aggressive,emphasis_easycip,default,emphasis_feasibility,separating_off,separating_aggressive,presolving_off,emphasis_optimality
pg5_34,separating_fast,separating_off,presolving_aggressive,default,presolving_off,presolving_fast,emphasis_easycip,separating_aggressive,heuristics_aggressive,emphasis_feasibility,emphasis_hardlp,heuristics_fast,emphasis_optimality,heuristics_off
reblock420,separating_off,presolving_off,presolving_fast,separating_fast,separating_aggressive,emphasis_hardlp,emphasis_easycip,presolving_aggressive,heuristics_aggressive,default,heuristics_fast,emphasis_feasibility,heuristics_off,emphasis_optimality
flugpl,default,separating_fast,presolving_aggressive,presolving_fast,heuristics_aggressive,separating_aggressive,presolving_off,emphasis_hardlp,emphasis_feasibility,emphasis_easycip,heuristics_fast,emphasis_optimality,separating_off,heuristics_off
neos-807639,presolving_fast,emphasis_hardlp,presolving_aggressive,default,separating_fast,separating_aggressive,emphasis_easycip,heuristics_off,presolving_off,heuristics_fast,heuristics_aggressive,separating_off,emphasis_optimality,emphasis_feasibility
neos-1396125,presolving_fast,separating_fast,default,presolving_off,separating_aggressive,presolving_aggressive,heuristics_aggressive,separating_off,emphasis_hardlp,heuristics_fast,emphasis_easycip,emphasis_optimality,emphasis_feasibility,heuristics_off
neos-631164,presolving_fast,emphasis_feasibility,separating_fast,presolving_aggressive,heuristics_aggressive,default,separating_aggressive,presolving_off,separating_off,emphasis_optimality,emphasis_hardlp,emphasis_easycip,heuristics_fast,heuristics_off
dolom1,separating_fast,presolving_fast,default,presolving_off,presolving_aggressive,separating_off,heuristics_aggressive,separating_aggressive,emphasis_hardlp,emphasis_feasibility,heuristics_fast,emphasis_easycip,emphasis_optimality,heuristics_off
neos-950242,separating_fast,separating_off,separating_aggressive,presolving_fast,presolving_aggressive,heuristics_off,heuristics_fast,heuristics_aggressive,emphasis_feasibility,presolving_off,emphasis_optimality,emphasis_hardlp,emphasis_easycip,default
neos-1208135,separating_fast,separating_off,presolving_off,presolving_aggressive,presolving_fast,separating_aggressive,heuristics_fast,emphasis_feasibility,heuristics_aggressive,default,heuristics_off,emphasis_easycip,emphasis_optimality,emphasis_hardlp
neos-931538,presolving_fast,emphasis_feasibility,default,presolving_aggressive,heuristics_aggressive,separating_aggressive,separating_off,separating_fast,heuristics_fast,presolving_off,emphasis_hardlp,emphasis_easycip,emphasis_optimality,heuristics_off
atlanta-ip,separating_off,separating_fast,presolving_off,presolving_fast,separating_aggressive,presolving_aggressive,heuristics_aggressive,emphasis_hardlp,heuristics_fast,emphasis_optimality,emphasis_feasibility,default,emphasis_easycip,heuristics_off
ns25-pr3,presolving_fast,heuristics_aggressive,presolving_aggressive,separating_fast,presolving_off,default,heuristics_fast,separating_off,separating_aggressive,emphasis_hardlp,emphasis_easycip,emphasis_feasibility,emphasis_optimality,heuristics_off
