vpphard,separating_fast,separating_off,presolving_fast,emphasis_feasibility,presolving_off,heuristics_fast,heuristics_aggressive,separating_aggressive,default,presolving_aggressive,heuristics_off,emphasis_hardlp,emphasis_easycip,emphasis_optimality
neos-791021,separating_fast,separating_off,presolving_fast,emphasis_feasibility,separating_aggressive,presolving_off,heuristics_aggressive,emphasis_optimality,presolving_aggressive,default,heuristics_off,heuristics_fast,emphasis_hardlp,emphasis_easycip
neos-1208069,emphasis_easycip,heuristics_aggressive,heuristics_fast,emphasis_feasibility,default,separating_off,emphasis_hardlp,separating_fast,separating_aggressive,presolving_aggressive,presolving_off,heuristics_off,presolving_fast,emphasis_optimality
n370a,heuristics_aggressive,presolving_fast,separating_aggressive,presolving_aggressive,heuristics_fast,default,emphasis_hardlp,emphasis_feasibility,emphasis_optimality,separating_fast,presolving_off,separating_off,emphasis_easycip,heuristics_off
neos-501453,separating_fast,presolving_fast,separating_aggressive,separating_off,emphasis_feasibility,emphasis_easycip,default,heuristics_fast,heuristics_aggressive,presolving_off,presolving_aggressive,heuristics_off,emphasis_hardlp,emphasis_optimality
qnet1,heuristics_aggressive,separating_off,default,separating_fast,presolving_off,presolving_aggressive,emphasis_hardlp,emphasis_feasibility,separating_aggressive,emphasis_easycip,presolving_fast,heuristics_fast,emphasis_optimality,heuristics_off
neos-506428,separating_fast,separating_off,presolving_fast,separating_aggressive,presolving_off,heuristics_fast,presolving_aggressive,emphasis_feasibility,heuristics_aggressive,heuristics_off,emphasis_hardlp,default,emphasis_optimality,emphasis_easycip
neos-1120495,presolving_aggressive,heuristics_off,emphasis_easycip,presolving_fast,separating_fast,emphasis_hardlp,default,separating_off,heuristics_fast,emphasis_feasibility,separating_aggressive,heuristics_aggressive,presolving_off,emphasis_optimality
neos-544324,separating_off,separating_fast,presolving_fast,default,presolving_aggressive,emphasis_feasibility,heuristics_aggressive,separating_aggressive,presolving_off,emphasis_easycip,emphasis_hardlp,heuristics_off,heuristics_fast,emphasis_optimality
neos-860300,presolving_aggressive,separating_off,heuristics_fast,emphasis_hardlp,presolving_fast,default,separating_fast,heuristics_aggressive,emphasis_easycip,presolving_off,heuristics_off,separating_aggressive,emphasis_feasibility,emphasis_optimality
neos-933562,emphasis_feasibility,separating_fast,presolving_fast,presolving_aggressive,heuristics_aggressive,default,heuristics_fast,separating_off,separating_aggressive,presolving_off,emphasis_hardlp,emphasis_optimality,heuristics_off,emphasis_easycip
roy,heuristics_fast,emphasis_hardlp,presolving_aggressive,default,separating_off,presolving_fast,separating_fast,separating_aggressive,emphasis_optimality,emphasis_easycip,presolving_off,heuristics_aggressive,emphasis_feasibility,heuristics_off
tanglegram1,separating_fast,presolving_aggressive,heuristics_aggressive,presolving_fast,separating_off,separating_aggressive,presolving_off,heuristics_fast,emphasis_feasibility,default,emphasis_hardlp,emphasis_easycip,emphasis_optimality,heuristics_off
neos-841664,separating_aggressive,presolving_off,presolving_aggressive,heuristics_aggressive,separating_fast,default,presolving_fast,emphasis_hardlp,emphasis_optimality,separating_off,heuristics_fast,emphasis_easycip,heuristics_off,emphasis_feasibility
liu,separating_fast,heuristics_aggressive,emphasis_feasibility,presolving_aggressive,default,presolving_fast,separating_off,separating_aggressive,presolving_off,heuristics_off,heuristics_fast,emphasis_hardlp,emphasis_optimality,emphasis_easycip
neos-848845,emphasis_feasibility,separating_off,default,separating_fast,presolving_fast,emphasis_easycip,heuristics_aggressive,heuristics_off,emphasis_hardlp,presolving_aggressive,heuristics_fast,separating_aggressive,presolving_off,emphasis_optimality
neos-1417043,separating_aggressive,presolving_off,presolving_fast,separating_off,heuristics_fast,emphasis_hardlp,separating_fast,heuristics_aggressive,emphasis_optimality,emphasis_easycip,presolving_aggressive,heuristics_off,default,emphasis_feasibility
maxgasflow,presolving_aggressive,presolving_off,emphasis_feasibility,separating_fast,presolving_fast,heuristics_aggressive,default,emphasis_hardlp,separating_aggressive,emphasis_easycip,separating_off,heuristics_off,heuristics_fast,emphasis_optimality
neos-530627,presolving_fast,heuristics_fast,separating_off,separating_fast,presolving_off,presolving_aggressive,heuristics_off,separating_aggressive,default,emphasis_optimality,heuristics_aggressive,emphasis_hardlp,emphasis_easycip,emphasis_feasibility
air03,default,separating_fast,separating_off,heuristics_aggressive,emphasis_hardlp,heuristics_off,emphasis_feasibility,presolving_off,presolving_fast,heuristics_fast,emphasis_optimality,emphasis_easycip,presolving_aggressive,separating_aggressive
ns2137859,separating_fast,default,presolving_off,separating_off,presolving_fast,presolving_aggressive,heuristics_aggressive,separating_aggressive,heuristics_fast,heuristics_off,emphasis_feasibility,emphasis_optimality,emphasis_hardlp,emphasis_easycip
gesa2,separating_off,separating_fast,presolving_off,presolving_fast,default,presolving_aggressive,separating_aggressive,emphasis_optimality,heuristics_fast,emphasis_hardlp,emphasis_easycip,heuristics_aggressive,emphasis_feasibility,heuristics_off
nw04,separating_fast,separating_off,presolving_fast,heuristics_aggressive,heuristics_off,heuristics_fast,separating_aggressive,emphasis_feasibility,emphasis_easycip,emphasis_hardlp,default,presolving_off,presolving_aggressive,emphasis_optimality
rail507,emphasis_feasibility,separating_fast,heuristics_aggressive,presolving_aggressive,default,separating_aggressive,heuristics_fast,presolving_off,presolving_fast,separating_off,emphasis_optimality,emphasis_hardlp,heuristics_off,emphasis_easycip
neos-941698,emphasis_feasibility,default,separating_fast,presolving_fast,presolving_aggressive,heuristics_aggressive,separating_off,separating_aggressive,heuristics_off,heuristics_fast,emphasis_hardlp,presolving_off,emphasis_optimality,emphasis_easycip
neos-930752,separating_off,separating_fast,presolving_aggressive,emphasis_feasibility,default,presolving_fast,presolving_off,heuristics_aggressive,emphasis_easycip,emphasis_hardlp,separating_aggressive,heuristics_fast,emphasis_optimality,heuristics_off
pk1,presolving_fast,separating_aggressive,emphasis_feasibility,separating_fast,presolving_off,emphasis_hardlp,emphasis_easycip,emphasis_optimality,default,separating_off,heuristics_fast,heuristics_aggressive,presolving_aggressive,heuristics_off
d20200,presolving_fast,heuristics_aggressive,separating_fast,emphasis_feasibility,separating_aggressive,default,separating_off,presolving_off,presolving_aggressive,emphasis_easycip,emphasis_optimality,heuristics_fast,emphasis_hardlp,heuristics_off
neos-1603965,separating_off,separating_fast,presolving_fast,presolving_off,heuristics_aggressive,emphasis_optimality,default,separating_aggressive,emphasis_hardlp,heuristics_off,emphasis_easycip,presolving_aggressive,heuristics_fast,emphasis_feasibility
pg5_34,presolving_fast,separating_fast,separating_aggressive,presolving_off,heuristics_aggressive,emphasis_hardlp,emphasis_easycip,default,separating_off,presolving_aggressive,heuristics_fast,emphasis_feasibility,emphasis_optimality,heuristics_off
neos-1429461,separating_fast,separating_off,presolving_fast,presolving_aggressive,default,presolving_off,separating_aggressive,emphasis_optimality,heuristics_fast,emphasis_feasibility,heuristics_aggressive,emphasis_hardlp,emphasis_easycip,heuristics_off
neos-1429185,separating_off,presolving_fast,separating_fast,default,presolving_off,separating_aggressive,presolving_aggressive,emphasis_feasibility,heuristics_aggressive,heuristics_fast,emphasis_optimality,emphasis_easycip,emphasis_hardlp,heuristics_off
neos-1425699,separating_fast,heuristics_fast,emphasis_hardlp,default,presolving_fast,emphasis_optimality,emphasis_easycip,presolving_off,heuristics_off,separating_off,separating_aggressive,presolving_aggressive,emphasis_feasibility,heuristics_aggressive
pigeon-12,separating_fast,presolving_aggressive,separating_aggressive,emphasis_easycip,separating_off,emphasis_hardlp,emphasis_feasibility,heuristics_aggressive,default,presolving_off,presolving_fast,heuristics_fast,emphasis_optimality,heuristics_off
opm2-z10-s2,presolving_fast,separating_off,presolving_off,heuristics_fast,heuristics_aggressive,emphasis_hardlp,emphasis_easycip,separating_fast,default,emphasis_feasibility,separating_aggressive,heuristics_off,presolving_aggressive,emphasis_optimality
neos-538916,presolving_fast,emphasis_optimality,default,heuristics_off,emphasis_easycip,separating_fast,separating_aggressive,presolving_off,presolving_aggressive,heuristics_aggressive,separating_off,heuristics_fast,emphasis_feasibility,emphasis_hardlp
neos-1593097,separating_aggressive,presolving_aggressive,heuristics_fast,emphasis_feasibility,heuristics_aggressive,separating_off,separating_fast,emphasis_optimality,default,presolving_fast,emphasis_hardlp,emphasis_easycip,presolving_off,heuristics_off
sts405,heuristics_fast,presolving_fast,separating_fast,presolving_off,presolving_aggressive,default,heuristics_aggressive,emphasis_hardlp,emphasis_easycip,separating_off,separating_aggressive,emphasis_feasibility,heuristics_off,emphasis_optimality
misc03,heuristics_fast,emphasis_hardlp,default,separating_fast,presolving_aggressive,separating_off,emphasis_easycip,presolving_off,presolving_fast,heuristics_off,heuristics_aggressive,emphasis_optimality,separating_aggressive,emphasis_feasibility
ns1856153,separating_off,separating_fast,separating_aggressive,presolving_off,presolving_fast,heuristics_aggressive,presolving_aggressive,emphasis_optimality,emphasis_feasibility,emphasis_easycip,default,heuristics_fast,emphasis_hardlp,heuristics_off
pigeon-19,separating_aggressive,presolving_aggressive,separating_fast,heuristics_aggressive,emphasis_hardlp,separating_off,presolving_off,presolving_fast,emphasis_optimality,emphasis_feasibility,emphasis_easycip,heuristics_off,default,heuristics_fast
neos-1171448,separating_fast,presolving_fast,presolving_aggressive,separating_off,presolving_off,separating_aggressive,emphasis_feasibility,heuristics_aggressive,default,emphasis_hardlp,emphasis_easycip,heuristics_fast,emphasis_optimality,heuristics_off
set1ch,emphasis_hardlp,separating_fast,presolving_fast,presolving_aggressive,heuristics_aggressive,separating_aggressive,presolving_off,emphasis_easycip,default,heuristics_fast,emphasis_feasibility,emphasis_optimality,heuristics_off,separating_off
neos-839838,separating_off,separating_fast,presolving_fast,emphasis_feasibility,emphasis_hardlp,presolving_off,default,heuristics_fast,heuristics_aggressive,emphasis_easycip,presolving_aggressive,separating_aggressive,emphasis_optimality,heuristics_off
neos-808072,presolving_off,heuristics_off,emphasis_easycip,separating_fast,presolving_fast,heuristics_fast,emphasis_hardlp,presolving_aggressive,separating_off,heuristics_aggressive,separating_aggressive,emphasis_feasibility,default,emphasis_optimality
bnatt400,separating_off,separating_fast,presolving_off,presolving_aggressive,emphasis_hardlp,presolving_fast,heuristics_aggressive,emphasis_feasibility,heuristics_fast,emphasis_easycip,default,separating_aggressive,emphasis_optimality,heuristics_off
neos-826812,separating_off,presolving_fast,separating_fast,heuristics_aggressive,emphasis_feasibility,presolving_off,emphasis_hardlp,default,presolving_aggressive,emphasis_easycip,heuristics_fast,separating_aggressive,emphasis_optimality,heuristics_off
neos11,presolving_aggressive,default,separating_off,separating_fast,separating_aggressive,heuristics_aggressive,emphasis_feasibility,emphasis_easycip,presolving_fast,heuristics_fast,presolving_off,emphasis_optimality,emphasis_hardlp,heuristics_off
tr12-30,presolving_off,emphasis_hardlp,separating_fast,presolving_fast,heuristics_aggressive,default,separating_aggressive,presolving_aggressive,heuristics_fast,emphasis_feasibility,emphasis_easycip,separating_off,emphasis_optimality,heuristics_off
neos-1171692,separating_fast,emphasis_feasibility,separating_off,presolving_fast,heuristics_aggressive,default,presolving_off,presolving_aggressive,separating_aggressive,emphasis_easycip,emphasis_optimality,emphasis_hardlp,heuristics_off,heuristics_fast
sing2,separating_off,separating_fast,heuristics_aggressive,presolving_fast,presolving_off,presolving_aggressive,default,emphasis_feasibility,heuristics_off,separating_aggressive,heuristics_fast,emphasis_hardlp,emphasis_easycip,emphasis_optimality
neos-824695,separating_off,presolving_aggressive,separating_fast,emphasis_feasibility,default,heuristics_aggressive,separating_aggressive,presolving_fast,presolving_off,emphasis_optimality,emphasis_hardlp,emphasis_easycip,heuristics_fast,heuristics_off
ex9,separating_fast,emphasis_feasibility,heuristics_aggressive,presolving_fast,heuristics_off,emphasis_hardlp,default,separating_off,presolving_aggressive,heuristics_fast,emphasis_optimality,separating_aggressive,emphasis_easycip,presolving_off
neos-826224,separating_off,presolving_fast,separating_fast,presolving_aggressive,heuristics_aggressive,emphasis_hardlp,default,emphasis_feasibility,emphasis_easycip,presolving_off,separating_aggressive,heuristics_fast,emphasis_optimality,heuristics_off
neos-935627,separating_aggressive,presolving_fast,default,separating_off,separating_fast,presolving_aggressive,presolving_off,heuristics_aggressive,emphasis_feasibility,emphasis_hardlp,emphasis_easycip,heuristics_fast,emphasis_optimality,heuristics_off
neos-942830,default,emphasis_feasibility,presolving_aggressive,heuristics_off,heuristics_aggressive,separating_fast,presolving_fast,emphasis_hardlp,separating_aggressive,separating_off,presolving_off,heuristics_fast,emphasis_optimality,emphasis_easycip
bab1,separating_fast,default,emphasis_feasibility,presolving_aggressive,heuristics_aggressive,separating_off,separating_aggressive,presolving_off,presolving_fast,emphasis_hardlp,emphasis_easycip,heuristics_fast,emphasis_optimality,heuristics_off
neos-512201,separating_fast,presolving_fast,heuristics_off,emphasis_hardlp,presolving_aggressive,separating_aggressive,heuristics_fast,heuristics_aggressive,emphasis_easycip,default,presolving_off,separating_off,emphasis_feasibility,emphasis_optimality
neos-1467067,separating_fast,presolving_off,presolving_fast,presolving_aggressive,default,separating_off,separating_aggressive,heuristics_aggressive,emphasis_feasibility,heuristics_off,emphasis_optimality,emphasis_hardlp,emphasis_easycip,heuristics_fast
bley_xl1,separating_off,separating_fast,heuristics_off,emphasis_feasibility,separating_aggressive,presolving_aggressive,emphasis_hardlp,presolving_off,presolving_fast,heuristics_aggressive,heuristics_fast,emphasis_optimality,emphasis_easycip,default
neos-826694,separating_off,presolving_fast,presolving_aggressive,separating_fast,presolving_off,heuristics_fast,heuristics_aggressive,emphasis_feasibility,default,separating_aggressive,emphasis_hardlp,emphasis_optimality,heuristics_off,emphasis_easycip
