neos-1605075,presolving_off,separating_fast,presolving_fast,separating_off,presolving_aggressive,separating_aggressive,heuristics_aggressive,emphasis_feasibility,default,heuristics_fast,emphasis_hardlp,emphasis_optimality,heuristics_off,emphasis_easycip
neos-1330346,presolving_fast,separating_fast,separating_off,separating_aggressive,presolving_aggressive,heuristics_aggressive,emphasis_feasibility,default,presolving_off,heuristics_fast,emphasis_hardlp,emphasis_easycip,heuristics_off,emphasis_optimality
neos-598183,separating_fast,separating_off,emphasis_feasibility,default,presolving_aggressive,separating_aggressive,heuristics_aggressive,emphasis_optimality,presolving_fast,presolving_off,emphasis_hardlp,heuristics_off,heuristics_fast,emphasis_easycip
n15-3,presolving_off,separating_off,separating_fast,presolving_fast,presolving_aggressive,heuristics_fast,heuristics_aggressive,separating_aggressive,default,emphasis_hardlp,emphasis_easycip,emphasis_optimality,emphasis_feasibility,heuristics_off
aflow40b,presolving_fast,default,heuristics_aggressive,presolving_aggressive,emphasis_hardlp,separating_fast,separating_aggressive,separating_off,presolving_off,heuristics_fast,emphasis_feasibility,emphasis_easycip,emphasis_optimality,heuristics_off
n3705,presolving_fast,separating_fast,heuristics_aggressive,separating_off,default,presolving_aggressive,presolving_off,separating_aggressive,emphasis_hardlp,emphasis_feasibility,heuristics_fast,emphasis_optimality,emphasis_easycip,heuristics_off
neos-631710,separating_off,separating_fast,presolving_fast,emphasis_feasibility,heuristics_aggressive,separating_aggressive,default,presolving_off,presolving_aggressive,heuristics_off,heuristics_fast,emphasis_optimality,emphasis_hardlp,emphasis_easycip
neos-936660,presolving_fast,separating_fast,default,separating_off,separating_aggressive,presolving_off,presolving_aggressive,heuristics_aggressive,emphasis_feasibility,emphasis_hardlp,emphasis_easycip,heuristics_fast,emphasis_optimality,heuristics_off
neos-555884,presolving_fast,separating_off,separating_fast,presolving_off,separating_aggressive,emphasis_feasibility,presolving_aggressive,heuristics_aggressive,emphasis_hardlp,emphasis_easycip,heuristics_fast,default,heuristics_off,emphasis_optimality
vpphard2,separating_off,separating_fast,presolving_fast,presolving_aggressive,separating_aggressive,presolving_off,emphasis_feasibility,heuristics_aggressive,heuristics_fast,emphasis_optimality,emphasis_hardlp,heuristics_off,emphasis_easycip,default
neos-911970,presolving_fast,separating_fast,presolving_off,presolving_aggressive,separating_aggressive,default,emphasis_feasibility,separating_off,heuristics_aggressive,emphasis_hardlp,emphasis_optimality,emphasis_easycip,heuristics_fast,heuristics_off
fixnet6,presolving_fast,separating_fast,presolving_aggressive,default,separating_aggressive,heuristics_fast,emphasis_hardlp,presolving_off,emphasis_easycip,heuristics_aggressive,separating_off,emphasis_optimality,emphasis_feasibility,heuristics_off
neos15,emphasis_hardlp,default,presolving_fast,presolving_aggressive,heuristics_aggressive,emphasis_feasibility,separating_aggressive,presolving_off,emphasis_easycip,heuristics_fast,separating_fast,separating_off,emphasis_optimality,heuristics_off
neos-850681,emphasis_feasibility,heuristics_aggressive,separating_off,separating_fast,default,presolving_fast,presolving_aggressive,separating_aggressive,heuristics_fast,emphasis_hardlp,presolving_off,heuristics_off,emphasis_optimality,emphasis_easycip
core2536-691,separating_off,separating_fast,presolving_aggressive,default,heuristics_aggressive,emphasis_feasibility,presolving_off,heuristics_fast,separating_aggressive,presolving_fast,emphasis_optimality,emphasis_easycip,heuristics_off,emphasis_hardlp
pk1,default,presolving_fast,presolving_aggressive,emphasis_hardlp,separating_aggressive,heuristics_fast,heuristics_aggressive,separating_fast,emphasis_easycip,emphasis_feasibility,separating_off,heuristics_off,presolving_off,emphasis_optimality
neos-1440225,emphasis_hardlp,default,emphasis_feasibility,emphasis_easycip,separating_fast,separating_off,heuristics_fast,presolving_fast,heuristics_aggressive,heuristics_off,presolving_aggressive,presolving_off,separating_aggressive,emphasis_optimality
neos-1445765,separating_off,separating_fast,emphasis_feasibility,heuristics_fast,heuristics_aggressive,default,separating_aggressive,heuristics_off,emphasis_optimality,presolving_off,presolving_fast,emphasis_hardlp,emphasis_easycip,presolving_aggressive
fiball,separating_aggressive,separating_fast,presolving_off,presolving_fast,presolving_aggressive,default,separating_off,heuristics_aggressive,emphasis_optimality,emphasis_feasibility,heuristics_off,heuristics_fast,emphasis_hardlp,emphasis_easycip
neos-820879,presolving_fast,separating_fast,default,presolving_off,presolving_aggressive,heuristics_aggressive,separating_off,emphasis_hardlp,emphasis_easycip,heuristics_fast,emphasis_feasibility,separating_aggressive,emphasis_optimality,heuristics_off
neos-942830,separating_fast,separating_aggressive,presolving_aggressive,default,presolving_fast,heuristics_aggressive,emphasis_feasibility,presolving_off,emphasis_hardlp,separating_off,heuristics_fast,heuristics_off,emphasis_easycip,emphasis_optimality
neos-956971,presolving_off,presolving_fast,separating_off,separating_fast,heuristics_aggressive,emphasis_feasibility,presolving_aggressive,default,separating_aggressive,emphasis_hardlp,emphasis_easycip,heuristics_fast,emphasis_optimality,heuristics_off
neos-495307,default,presolving_fast,heuristics_aggressive,emphasis_hardlp,emphasis_optimality,emphasis_easycip,separating_aggressive,heuristics_fast,emphasis_feasibility,separating_off,separating_fast,presolving_off,presolving_aggressive,heuristics_off
rococoC10-001000,separating_fast,default,separating_off,presolving_fast,presolving_aggressive,heuristics_aggressive,emphasis_feasibility,separating_aggressive,emphasis_hardlp,heuristics_fast,emphasis_easycip,emphasis_optimality,presolving_off,heuristics_off
neos-937446,presolving_fast,separating_fast,default,separating_off,separating_aggressive,presolving_off,presolving_aggressive,heuristics_aggressive,emphasis_feasibility,emphasis_hardlp,emphasis_easycip,heuristics_fast,emphasis_optimality,heuristics_off
neos-948126,presolving_fast,separating_fast,default,separating_off,separating_aggressive,presolving_off,presolving_aggressive,heuristics_aggressive,emphasis_feasibility,emphasis_hardlp,emphasis_easycip,heuristics_fast,emphasis_optimality,heuristics_off
mkc1,presolving_fast,presolving_off,separating_off,separating_fast,heuristics_aggressive,emphasis_easycip,presolving_aggressive,default,emphasis_hardlp,heuristics_fast,emphasis_feasibility,separating_aggressive,emphasis_optimality,heuristics_off
neos-1367061,separating_off,separating_fast,presolving_fast,presolving_off,heuristics_aggressive,separating_aggressive,presolving_aggressive,emphasis_feasibility,emphasis_optimality,default,heuristics_fast,heuristics_off,emphasis_hardlp,emphasis_easycip
neos-957389,separating_off,emphasis_hardlp,separating_fast,emphasis_feasibility,presolving_aggressive,heuristics_fast,separating_aggressive,presolving_fast,heuristics_aggressive,default,heuristics_off,emphasis_optimality,emphasis_easycip,presolving_off
ramos3,presolving_off,presolving_fast,emphasis_easycip,separating_off,separating_fast,heuristics_fast,heuristics_aggressive,emphasis_hardlp,default,presolving_aggressive,emphasis_feasibility,separating_aggressive,emphasis_optimality,heuristics_off
bab5,separating_off,presolving_fast,separating_fast,presolving_aggressive,presolving_off,heuristics_aggressive,emphasis_hardlp,emphasis_feasibility,emphasis_easycip,separating_aggressive,default,heuristics_fast,heuristics_off,emphasis_optimality
p0033,emphasis_hardlp,heuristics_fast,emphasis_easycip,separating_fast,default,presolving_fast,separating_off,presolving_aggressive,heuristics_aggressive,heuristics_off,presolving_off,separating_aggressive,emphasis_feasibility,emphasis_optimality
p0548,separating_fast,separating_aggressive,presolving_fast,separating_off,heuristics_fast,default,presolving_aggressive,heuristics_aggressive,presolving_off,emphasis_hardlp,emphasis_optimality,emphasis_feasibility,heuristics_off,emphasis_easycip
rmine14,separating_off,presolving_off,presolving_fast,separating_fast,heuristics_aggressive,presolving_aggressive,separating_aggressive,emphasis_hardlp,emphasis_feasibility,heuristics_fast,emphasis_easycip,default,heuristics_off,emphasis_optimality
air05,separating_fast,presolving_fast,default,presolving_aggressive,presolving_off,heuristics_fast,heuristics_aggressive,emphasis_easycip,emphasis_hardlp,emphasis_feasibility,separating_off,heuristics_off,separating_aggressive,emphasis_optimality
mitre,separating_fast,default,presolving_aggressive,heuristics_fast,emphasis_feasibility,separating_aggressive,presolving_fast,heuristics_aggressive,separating_off,emphasis_optimality,heuristics_off,presolving_off,emphasis_hardlp,emphasis_easycip
neos-905856,presolving_fast,emphasis_hardlp,separating_fast,emphasis_feasibility,presolving_aggressive,emphasis_easycip,heuristics_aggressive,default,separating_off,separating_aggressive,heuristics_off,heuristics_fast,presolving_off,emphasis_optimality
momentum2,separating_fast,presolving_aggressive,default,separating_off,separating_aggressive,presolving_off,presolving_fast,heuristics_aggressive,emphasis_optimality,emphasis_feasibility,emphasis_hardlp,heuristics_fast,emphasis_easycip,heuristics_off
l152lav,emphasis_hardlp,default,emphasis_easycip,separating_fast,presolving_fast,heuristics_fast,heuristics_aggressive,presolving_aggressive,emphasis_feasibility,presolving_off,separating_off,heuristics_off,separating_aggressive,emphasis_optimality
protfold,separating_off,separating_fast,presolving_aggressive,emphasis_feasibility,presolving_fast,emphasis_hardlp,separating_aggressive,default,heuristics_aggressive,presolving_off,emphasis_easycip,heuristics_off,heuristics_fast,emphasis_optimality
neos6,separating_fast,separating_aggressive,presolving_off,heuristics_aggressive,presolving_fast,presolving_aggressive,default,separating_off,emphasis_feasibility,emphasis_optimality,heuristics_fast,emphasis_hardlp,emphasis_easycip,heuristics_off
air04,separating_fast,presolving_fast,presolving_aggressive,presolving_off,default,heuristics_fast,separating_off,heuristics_aggressive,emphasis_easycip,heuristics_off,emphasis_hardlp,emphasis_feasibility,separating_aggressive,emphasis_optimality
neos-1616732,separating_off,presolving_fast,heuristics_fast,separating_fast,presolving_off,emphasis_easycip,default,emphasis_hardlp,presolving_aggressive,separating_aggressive,heuristics_aggressive,emphasis_feasibility,heuristics_off,emphasis_optimality
bnatt400,emphasis_feasibility,separating_off,separating_fast,presolving_fast,presolving_aggressive,separating_aggressive,heuristics_aggressive,heuristics_fast,emphasis_hardlp,default,emphasis_easycip,presolving_off,heuristics_off,emphasis_optimality
sct32,separating_off,separating_fast,default,separating_aggressive,presolving_fast,presolving_off,presolving_aggressive,heuristics_fast,heuristics_aggressive,emphasis_optimality,emphasis_feasibility,emphasis_hardlp,emphasis_easycip,heuristics_off
nag,separating_off,emphasis_feasibility,separating_fast,heuristics_aggressive,default,presolving_fast,presolving_aggressive,separating_aggressive,emphasis_easycip,emphasis_hardlp,presolving_off,heuristics_fast,emphasis_optimality,heuristics_off
neos-578379,separating_off,separating_fast,emphasis_feasibility,heuristics_off,heuristics_fast,default,separating_aggressive,heuristics_aggressive,presolving_aggressive,emphasis_optimality,presolving_fast,presolving_off,emphasis_hardlp,emphasis_easycip
neos-1126860,presolving_off,emphasis_hardlp,emphasis_easycip,separating_off,presolving_fast,default,separating_fast,heuristics_fast,separating_aggressive,presolving_aggressive,emphasis_optimality,heuristics_aggressive,emphasis_feasibility,heuristics_off
neos808444,separating_off,presolving_fast,separating_fast,presolving_aggressive,heuristics_aggressive,emphasis_feasibility,separating_aggressive,presolving_off,emphasis_hardlp,emphasis_optimality,emphasis_easycip,heuristics_off,default,heuristics_fast
neos-849702,emphasis_feasibility,separating_fast,heuristics_aggressive,presolving_fast,presolving_aggressive,emphasis_hardlp,default,separating_off,separating_aggressive,presolving_off,emphasis_easycip,heuristics_fast,heuristics_off,emphasis_optimality
gesa3,default,presolving_fast,separating_fast,presolving_aggressive,heuristics_aggressive,separating_off,emphasis_feasibility,presolving_off,separating_aggressive,emphasis_hardlp,heuristics_fast,emphasis_easycip,emphasis_optimality,heuristics_off
gesa2-o,presolving_fast,default,separating_fast,presolving_aggressive,separating_aggressive,emphasis_hardlp,separating_off,heuristics_fast,heuristics_aggressive,presolving_off,emphasis_feasibility,emphasis_easycip,emphasis_optimality,heuristics_off
neos-906865,separating_off,presolving_fast,separating_fast,emphasis_hardlp,emphasis_easycip,default,presolving_aggressive,emphasis_feasibility,heuristics_aggressive,separating_aggressive,presolving_off,heuristics_fast,heuristics_off,emphasis_optimality
bell5,emphasis_hardlp,separating_off,separating_fast,default,heuristics_fast,presolving_fast,heuristics_off,emphasis_feasibility,emphasis_easycip,heuristics_aggressive,presolving_aggressive,separating_aggressive,presolving_off,emphasis_optimality
t1722,emphasis_feasibility,separating_fast,default,separating_off,separating_aggressive,presolving_aggressive,presolving_fast,emphasis_optimality,heuristics_off,heuristics_aggressive,presolving_off,heuristics_fast,emphasis_hardlp,emphasis_easycip
sp97ic,presolving_fast,separating_fast,default,presolving_off,heuristics_aggressive,separating_aggressive,presolving_aggressive,separating_off,heuristics_fast,emphasis_optimality,emphasis_hardlp,emphasis_feasibility,emphasis_easycip,heuristics_off
shipsched,separating_fast,separating_off,emphasis_easycip,presolving_off,presolving_fast,presolving_aggressive,heuristics_fast,default,separating_aggressive,heuristics_aggressive,emphasis_optimality,emphasis_hardlp,heuristics_off,emphasis_feasibility
set3-15,separating_fast,presolving_fast,presolving_aggressive,separating_off,separating_aggressive,presolving_off,emphasis_hardlp,heuristics_fast,default,heuristics_aggressive,emphasis_easycip,emphasis_optimality,emphasis_feasibility,heuristics_off
neos-935496,separating_fast,separating_aggressive,presolving_aggressive,default,separating_off,presolving_fast,heuristics_fast,heuristics_aggressive,emphasis_feasibility,emphasis_optimality,emphasis_hardlp,presolving_off,emphasis_easycip,heuristics_off
neos-501453,separating_fast,heuristics_off,heuristics_fast,separating_off,separating_aggressive,heuristics_aggressive,presolving_aggressive,emphasis_optimality,default,emphasis_hardlp,emphasis_feasibility,presolving_fast,presolving_off,emphasis_easycip
uc-case11,separating_fast,heuristics_aggressive,separating_aggressive,presolving_aggressive,separating_off,heuristics_fast,emphasis_feasibility,emphasis_optimality,default,presolving_fast,heuristics_off,presolving_off,emphasis_easycip,emphasis_hardlp
