neos-933562,separating_aggressive,separating_fast,presolving_aggressive,default,emphasis_feasibility,heuristics_aggressive,separating_off,presolving_fast,heuristics_fast,presolving_off,emphasis_hardlp,emphasis_easycip,heuristics_off,emphasis_optimality
bc1,presolving_off,separating_aggressive,presolving_aggressive,emphasis_optimality,heuristics_aggressive,presolving_fast,heuristics_fast,emphasis_feasibility,default,heuristics_off,emphasis_hardlp,emphasis_easycip,separating_fast,separating_off
dg012142,default,heuristics_aggressive,separating_fast,emphasis_hardlp,presolving_aggressive,presolving_fast,heuristics_fast,separating_aggressive,presolving_off,emphasis_feasibility,separating_off,emphasis_optimality,emphasis_easycip,heuristics_off
neos-1605061,separating_fast,presolving_off,presolving_fast,emphasis_feasibility,separating_off,presolving_aggressive,heuristics_aggressive,separating_aggressive,emphasis_hardlp,heuristics_fast,emphasis_easycip,default,heuristics_off,emphasis_optimality
neos-1429185,separating_off,separating_fast,emphasis_feasibility,presolving_fast,default,presolving_aggressive,separating_aggressive,heuristics_aggressive,presolving_off,emphasis_hardlp,emphasis_easycip,emphasis_optimality,heuristics_fast,heuristics_off
neos-780889,separating_off,separating_fast,separating_aggressive,presolving_fast,presolving_off,presolving_aggressive,heuristics_fast,heuristics_aggressive,emphasis_optimality,default,heuristics_off,emphasis_hardlp,emphasis_feasibility,emphasis_easycip
neos-1420546,separating_fast,presolving_fast,separating_off,default,presolving_off,presolving_aggressive,emphasis_feasibility,heuristics_aggressive,separating_aggressive,emphasis_hardlp,emphasis_optimality,heuristics_fast,emphasis_easycip,heuristics_off
mod010,heuristics_aggressive,separating_fast,presolving_fast,emphasis_feasibility,default,presolving_aggressive,emphasis_hardlp,separating_off,emphasis_easycip,heuristics_fast,presolving_off,heuristics_off,separating_aggressive,emphasis_optimality
ns1663818,separating_off,separating_fast,presolving_off,presolving_fast,presolving_aggressive,heuristics_off,heuristics_fast,heuristics_aggressive,emphasis_hardlp,emphasis_feasibility,separating_aggressive,emphasis_easycip,default,emphasis_optimality
ns1904248,separating_off,presolving_fast,separating_fast,emphasis_feasibility,separating_aggressive,presolving_off,presolving_aggressive,heuristics_aggressive,heuristics_fast,emphasis_optimality,emphasis_hardlp,heuristics_off,emphasis_easycip,default
d10200,separating_off,separating_fast,separating_aggressive,presolving_off,presolving_fast,presolving_aggressive,heuristics_fast,heuristics_off,heuristics_aggressive,emphasis_optimality,emphasis_feasibility,emphasis_hardlp,default,emphasis_easycip
newdano,presolving_fast,default,separating_fast,presolving_aggressive,separating_aggressive,emphasis_hardlp,heuristics_fast,emphasis_easycip,separating_off,heuristics_aggressive,emphasis_feasibility,presolving_off,heuristics_off,emphasis_optimality
neos-1109824,emphasis_hardlp,separating_off,separating_fast,presolving_fast,emphasis_easycip,presolving_aggressive,heuristics_aggressive,default,heuristics_fast,emphasis_feasibility,separating_aggressive,presolving_off,heuristics_off,emphasis_optimality
ns2137859,separating_off,separating_fast,emphasis_feasibility,default,presolving_aggressive,separating_aggressive,heuristics_aggressive,presolving_fast,heuristics_fast,emphasis_hardlp,presolving_off,emphasis_optimality,emphasis_easycip,heuristics_off
n3705,presolving_fast,separating_off,separating_fast,heuristics_aggressive,default,presolving_aggressive,presolving_off,separating_aggressive,heuristics_fast,emphasis_hardlp,emphasis_optimality,emphasis_feasibility,emphasis_easycip,heuristics_off
neos-504674,separating_fast,presolving_fast,separating_off,presolving_aggressive,default,emphasis_feasibility,separating_aggressive,heuristics_aggressive,emphasis_hardlp,heuristics_fast,presolving_off,emphasis_easycip,emphasis_optimality,heuristics_off
neos-595904,separating_fast,separating_off,presolving_aggressive,emphasis_feasibility,presolving_fast,presolving_off,heuristics_aggressive,default,separating_aggressive,emphasis_hardlp,emphasis_easycip,heuristics_fast,emphasis_optimality,heuristics_off
neos-1622252,presolving_fast,separating_aggressive,presolving_aggressive,heuristics_aggressive,separating_fast,heuristics_fast,emphasis_easycip,separating_off,default,emphasis_hardlp,emphasis_feasibility,heuristics_off,presolving_off,emphasis_optimality
neos-876808,separating_off,presolving_off,separating_fast,presolving_fast,separating_aggressive,heuristics_aggressive,heuristics_off,heuristics_fast,emphasis_hardlp,emphasis_feasibility,presolving_aggressive,emphasis_optimality,emphasis_easycip,default
neos-538867,emphasis_hardlp,presolving_fast,emphasis_easycip,separating_fast,presolving_aggressive,heuristics_fast,default,heuristics_aggressive,heuristics_off,separating_aggressive,presolving_off,emphasis_feasibility,separating_off,emphasis_optimality
neos-825075,separating_fast,heuristics_off,emphasis_feasibility,default,emphasis_hardlp,heuristics_aggressive,separating_aggressive,heuristics_fast,presolving_fast,presolving_aggressive,separating_off,emphasis_easycip,presolving_off,emphasis_optimality
flugpl,default,separating_fast,presolving_aggressive,emphasis_hardlp,presolving_fast,presolving_off,separating_aggressive,heuristics_aggressive,emphasis_easycip,heuristics_fast,emphasis_optimality,emphasis_feasibility,separating_off,heuristics_off
pigeon-10,separating_fast,emphasis_hardlp,separating_off,presolving_aggressive,presolving_fast,default,emphasis_feasibility,emphasis_easycip,presolving_off,heuristics_aggressive,separating_aggressive,heuristics_fast,heuristics_off,emphasis_optimality
core2536-691,separating_off,separating_fast,presolving_aggressive,default,presolving_off,heuristics_aggressive,emphasis_feasibility,separating_aggressive,heuristics_fast,presolving_fast,emphasis_easycip,emphasis_optimality,heuristics_off,emphasis_hardlp
bab3,separating_off,presolving_off,presolving_aggressive,emphasis_hardlp,presolving_fast,heuristics_off,heuristics_fast,separating_fast,separating_aggressive,heuristics_aggressive,emphasis_easycip,emphasis_feasibility,emphasis_optimality,default
satellites1-25,separating_off,separating_fast,presolving_off,separating_aggressive,emphasis_feasibility,presolving_fast,heuristics_aggressive,presolving_aggressive,heuristics_fast,emphasis_hardlp,heuristics_off,emphasis_optimality,emphasis_easycip,default
harp2,separating_fast,emphasis_feasibility,separating_off,emphasis_hardlp,presolving_fast,default,separating_aggressive,presolving_off,presolving_aggressive,heuristics_aggressive,emphasis_optimality,heuristics_off,heuristics_fast,emphasis_easycip
gen,default,presolving_aggressive,presolving_fast,separating_fast,separating_off,heuristics_fast,emphasis_hardlp,separating_aggressive,heuristics_aggressive,emphasis_feasibility,presolving_off,emphasis_optimality,emphasis_easycip,heuristics_off
ns1631475,separating_off,separating_fast,presolving_fast,emphasis_feasibility,separating_aggressive,presolving_off,presolving_aggressive,heuristics_aggressive,default,heuristics_fast,emphasis_hardlp,emphasis_easycip,emphasis_optimality,heuristics_off
tr12-30,presolving_fast,presolving_aggressive,default,separating_aggressive,presolving_off,heuristics_fast,heuristics_aggressive,emphasis_hardlp,emphasis_easycip,separating_fast,emphasis_optimality,emphasis_feasibility,heuristics_off,separating_off
atlanta-ip,separating_off,separating_fast,presolving_off,presolving_fast,presolving_aggressive,heuristics_aggressive,separating_aggressive,emphasis_feasibility,emphasis_hardlp,heuristics_fast,emphasis_optimality,emphasis_easycip,default,heuristics_off
neos-1228986,separating_off,separating_fast,default,emphasis_feasibility,presolving_fast,presolving_aggressive,separating_aggressive,heuristics_aggressive,emphasis_hardlp,presolving_off,heuristics_fast,emphasis_optimality,emphasis_easycip,heuristics_off
neos-633273,separating_fast,separating_off,default,presolving_fast,heuristics_aggressive,heuristics_fast,presolving_aggressive,emphasis_feasibility,emphasis_hardlp,separating_aggressive,heuristics_off,emphasis_optimality,emphasis_easycip,presolving_off
neos-810326,presolving_fast,heuristics_aggressive,emphasis_feasibility,separating_fast,default,emphasis_hardlp,separating_aggressive,emphasis_easycip,presolving_off,presolving_aggressive,heuristics_fast,separating_off,heuristics_off,emphasis_optimality
neos-831188,separating_off,separating_fast,presolving_fast,presolving_aggressive,presolving_off,default,heuristics_aggressive,separating_aggressive,emphasis_hardlp,emphasis_feasibility,heuristics_fast,emphasis_easycip,heuristics_off,emphasis_optimality
rmatr100-p5,presolving_off,presolving_fast,emphasis_hardlp,emphasis_feasibility,default,separating_fast,separating_off,presolving_aggressive,heuristics_aggressive,separating_aggressive,emphasis_easycip,heuristics_fast,emphasis_optimality,heuristics_off
rocII-9-11,separating_fast,emphasis_feasibility,separating_off,separating_aggressive,heuristics_aggressive,presolving_off,presolving_fast,default,presolving_aggressive,heuristics_off,heuristics_fast,emphasis_optimality,emphasis_hardlp,emphasis_easycip
neos-1480121,separating_fast,default,presolving_fast,presolving_aggressive,heuristics_fast,emphasis_hardlp,emphasis_easycip,separating_aggressive,separating_off,heuristics_aggressive,emphasis_feasibility,emphasis_optimality,presolving_off,heuristics_off
ns930473,presolving_fast,separating_aggressive,presolving_aggressive,presolving_off,emphasis_easycip,separating_fast,heuristics_aggressive,emphasis_optimality,heuristics_fast,default,separating_off,emphasis_feasibility,emphasis_hardlp,heuristics_off
ns1830653,separating_fast,default,separating_aggressive,separating_off,emphasis_feasibility,presolving_fast,heuristics_aggressive,presolving_aggressive,emphasis_hardlp,presolving_off,heuristics_fast,emphasis_easycip,heuristics_off,emphasis_optimality
janos-us-DDM,presolving_aggressive,separating_aggressive,separating_fast,default,presolving_fast,presolving_off,heuristics_fast,heuristics_off,heuristics_aggressive,separating_off,emphasis_hardlp,emphasis_feasibility,emphasis_optimality,emphasis_easycip
neos-555694,separating_fast,default,emphasis_feasibility,heuristics_aggressive,presolving_fast,presolving_aggressive,emphasis_hardlp,separating_off,separating_aggressive,heuristics_fast,emphasis_easycip,presolving_off,emphasis_optimality,heuristics_off
opt1217,separating_fast,presolving_aggressive,emphasis_feasibility,default,presolving_fast,heuristics_aggressive,separating_aggressive,separating_off,presolving_off,emphasis_hardlp,heuristics_fast,emphasis_optimality,emphasis_easycip,heuristics_off
neos-1423785,separating_off,presolving_fast,separating_fast,presolving_aggressive,heuristics_aggressive,default,separating_aggressive,presolving_off,heuristics_fast,emphasis_feasibility,emphasis_hardlp,emphasis_easycip,emphasis_optimality,heuristics_off
neos-847302,emphasis_feasibility,default,separating_fast,presolving_fast,separating_aggressive,heuristics_aggressive,presolving_aggressive,presolving_off,emphasis_hardlp,heuristics_fast,emphasis_easycip,separating_off,heuristics_off,emphasis_optimality
blend2,separating_fast,default,presolving_aggressive,presolving_fast,heuristics_aggressive,separating_off,separating_aggressive,emphasis_easycip,heuristics_fast,emphasis_hardlp,presolving_off,emphasis_feasibility,emphasis_optimality,heuristics_off
neos-1173026,presolving_off,separating_fast,emphasis_feasibility,separating_off,presolving_fast,presolving_aggressive,default,separating_aggressive,emphasis_hardlp,heuristics_aggressive,emphasis_optimality,emphasis_easycip,heuristics_off,heuristics_fast
mkc1,separating_off,presolving_fast,separating_fast,presolving_off,heuristics_aggressive,presolving_aggressive,emphasis_easycip,default,emphasis_hardlp,heuristics_fast,emphasis_feasibility,separating_aggressive,emphasis_optimality,heuristics_off
neos-807705,emphasis_hardlp,heuristics_fast,separating_fast,emphasis_easycip,separating_off,separating_aggressive,presolving_aggressive,heuristics_off,default,presolving_fast,heuristics_aggressive,presolving_off,emphasis_feasibility,emphasis_optimality
rout,presolving_fast,presolving_aggressive,separating_off,heuristics_aggressive,separating_fast,default,emphasis_easycip,heuristics_fast,separating_aggressive,presolving_off,emphasis_hardlp,heuristics_off,emphasis_optimality,emphasis_feasibility
neos-1516309,presolving_fast,heuristics_aggressive,presolving_off,emphasis_feasibility,default,separating_fast,presolving_aggressive,separating_aggressive,emphasis_hardlp,emphasis_easycip,separating_off,heuristics_fast,emphasis_optimality,heuristics_off
neos-655508,presolving_fast,separating_off,default,separating_fast,heuristics_aggressive,presolving_aggressive,emphasis_hardlp,separating_aggressive,presolving_off,emphasis_feasibility,heuristics_fast,emphasis_easycip,emphasis_optimality,heuristics_off
sts729,separating_off,heuristics_fast,presolving_off,separating_fast,presolving_fast,emphasis_easycip,default,separating_aggressive,presolving_aggressive,heuristics_aggressive,emphasis_feasibility,heuristics_off,emphasis_hardlp,emphasis_optimality
neos-1437164,heuristics_aggressive,emphasis_feasibility,separating_off,presolving_fast,default,presolving_aggressive,separating_fast,separating_aggressive,emphasis_hardlp,heuristics_fast,presolving_off,emphasis_easycip,emphasis_optimality,heuristics_off
neos-1425699,separating_off,presolving_aggressive,heuristics_off,separating_fast,heuristics_fast,emphasis_easycip,default,heuristics_aggressive,separating_aggressive,emphasis_optimality,emphasis_feasibility,presolving_off,emphasis_hardlp,presolving_fast
neos-848198,presolving_aggressive,presolving_fast,default,separating_aggressive,presolving_off,heuristics_aggressive,emphasis_hardlp,separating_fast,heuristics_fast,emphasis_optimality,emphasis_feasibility,emphasis_easycip,separating_off,heuristics_off
rmine21,separating_off,separating_fast,presolving_off,presolving_fast,presolving_aggressive,heuristics_fast,heuristics_aggressive,separating_aggressive,emphasis_hardlp,emphasis_feasibility,emphasis_easycip,default,heuristics_off,emphasis_optimality
roll3000,separating_fast,default,presolving_fast,presolving_aggressive,separating_aggressive,heuristics_aggressive,emphasis_feasibility,separating_off,presolving_off,emphasis_optimality,heuristics_fast,emphasis_easycip,emphasis_hardlp,heuristics_off
rocII-7-11,separating_fast,emphasis_feasibility,separating_off,separating_aggressive,heuristics_aggressive,presolving_off,default,presolving_fast,heuristics_fast,presolving_aggressive,heuristics_off,emphasis_optimality,emphasis_hardlp,emphasis_easycip
satellites2-60,separating_off,separating_fast,emphasis_feasibility,presolving_off,presolving_fast,separating_aggressive,presolving_aggressive,heuristics_aggressive,heuristics_off,heuristics_fast,emphasis_hardlp,emphasis_optimality,emphasis_easycip,default
nsa,separating_off,separating_fast,separating_aggressive,default,presolving_aggressive,heuristics_off,heuristics_fast,emphasis_feasibility,heuristics_aggressive,presolving_off,emphasis_hardlp,presolving_fast,emphasis_easycip,emphasis_optimality
