neos-826650,heuristics_aggressive,separating_off,separating_fast,emphasis_feasibility,default,presolving_fast,presolving_aggressive,separating_aggressive,emphasis_hardlp,emphasis_easycip,presolving_off,heuristics_fast,emphasis_optimality,heuristics_off
sts729,separating_off,heuristics_fast,separating_fast,presolving_fast,presolving_aggressive,default,presolving_off,separating_aggressive,heuristics_aggressive,emphasis_easycip,emphasis_feasibility,heuristics_off,emphasis_hardlp,emphasis_optimality
neos-476283,presolving_fast,separating_off,separating_fast,default,presolving_aggressive,presolving_off,separating_aggressive,heuristics_fast,heuristics_aggressive,emphasis_hardlp,emphasis_feasibility,emphasis_easycip,emphasis_optimality,heuristics_off
mkc1,separating_off,separating_fast,presolving_fast,presolving_aggressive,presolving_off,emphasis_easycip,heuristics_aggressive,default,emphasis_hardlp,emphasis_feasibility,separating_aggressive,heuristics_fast,emphasis_optimality,heuristics_off
r80x800,heuristics_aggressive,presolving_fast,presolving_aggressive,default,separating_aggressive,presolving_off,heuristics_fast,emphasis_optimality,separating_fast,emphasis_hardlp,emphasis_feasibility,emphasis_easycip,separating_off,heuristics_off
rmine25,presolving_off,presolving_fast,emphasis_hardlp,emphasis_easycip,separating_off,default,separating_fast,heuristics_aggressive,emphasis_feasibility,heuristics_fast,separating_aggressive,emphasis_optimality,presolving_aggressive,heuristics_off
lseu,separating_fast,emphasis_feasibility,default,emphasis_hardlp,emphasis_easycip,presolving_aggressive,heuristics_fast,presolving_fast,presolving_off,heuristics_aggressive,separating_aggressive,separating_off,emphasis_optimality,heuristics_off
neos-934441,presolving_fast,emphasis_feasibility,heuristics_aggressive,separating_aggressive,presolving_off,separating_off,presolving_aggressive,separating_fast,default,emphasis_hardlp,emphasis_easycip,emphasis_optimality,heuristics_fast,heuristics_off
pg5_34,separating_fast,default,presolving_fast,presolving_aggressive,heuristics_fast,heuristics_aggressive,separating_aggressive,presolving_off,emphasis_feasibility,separating_off,emphasis_optimality,heuristics_off,emphasis_hardlp,emphasis_easycip
neos-1208135,separating_off,separating_aggressive,presolving_off,emphasis_feasibility,separating_fast,default,heuristics_off,presolving_fast,presolving_aggressive,heuristics_aggressive,heuristics_fast,emphasis_hardlp,emphasis_easycip,emphasis_optimality
ns2124243,separating_off,separating_fast,presolving_off,emphasis_feasibility,presolving_fast,presolving_aggressive,heuristics_aggressive,default,separating_aggressive,heuristics_fast,emphasis_optimality,emphasis_hardlp,emphasis_easycip,heuristics_off
neos-1058477,default,presolving_aggressive,separating_aggressive,presolving_fast,heuristics_aggressive,separating_fast,presolving_off,emphasis_optimality,emphasis_feasibility,emphasis_hardlp,heuristics_fast,emphasis_easycip,separating_off,heuristics_off
neos-1456979,emphasis_feasibility,separating_off,separating_fast,presolving_fast,default,presolving_aggressive,heuristics_aggressive,separating_aggressive,presolving_off,heuristics_off,emphasis_hardlp,heuristics_fast,emphasis_optimality,emphasis_easycip
neos-555343,presolving_fast,presolving_off,heuristics_aggressive,separating_fast,emphasis_feasibility,separating_off,presolving_aggressive,default,separating_aggressive,emphasis_hardlp,emphasis_easycip,heuristics_fast,heuristics_off,emphasis_optimality
neos-691058,presolving_off,separating_fast,presolving_aggressive,emphasis_feasibility,presolving_fast,separating_aggressive,separating_off,default,heuristics_aggressive,emphasis_hardlp,emphasis_optimality,emphasis_easycip,heuristics_fast,heuristics_off
rmatr200-p20,presolving_off,heuristics_aggressive,emphasis_feasibility,emphasis_hardlp,emphasis_easycip,heuristics_fast,presolving_fast,separating_off,default,separating_fast,presolving_aggressive,emphasis_optimality,separating_aggressive,heuristics_off
disctom,presolving_fast,default,presolving_off,emphasis_hardlp,separating_aggressive,separating_off,separating_fast,emphasis_easycip,presolving_aggressive,emphasis_optimality,heuristics_fast,heuristics_aggressive,heuristics_off,emphasis_feasibility
neos-565815,emphasis_feasibility,default,separating_fast,presolving_fast,heuristics_aggressive,presolving_off,separating_aggressive,presolving_aggressive,emphasis_hardlp,emphasis_easycip,separating_off,heuristics_fast,heuristics_off,emphasis_optimality
neos-494568,separating_fast,default,heuristics_aggressive,presolving_fast,presolving_aggressive,emphasis_feasibility,separating_aggressive,presolving_off,separating_off,emphasis_hardlp,emphasis_easycip,heuristics_fast,emphasis_optimality,heuristics_off
co-100,heuristics_aggressive,presolving_fast,presolving_aggressive,default,separating_aggressive,emphasis_feasibility,emphasis_optimality,separating_fast,heuristics_fast,emphasis_hardlp,presolving_off,emphasis_easycip,separating_off,heuristics_off
d10200,separating_off,separating_fast,separating_aggressive,presolving_fast,emphasis_hardlp,emphasis_feasibility,presolving_off,heuristics_fast,presolving_aggressive,heuristics_aggressive,default,heuristics_off,emphasis_optimality,emphasis_easycip
neos-827175,heuristics_aggressive,emphasis_feasibility,separating_off,separating_fast,default,presolving_fast,presolving_off,presolving_aggressive,separating_aggressive,emphasis_optimality,emphasis_hardlp,emphasis_easycip,heuristics_fast,heuristics_off
neos-956971,emphasis_feasibility,separating_fast,presolving_fast,heuristics_aggressive,default,presolving_off,separating_aggressive,presolving_aggressive,emphasis_hardlp,separating_off,heuristics_fast,emphasis_easycip,emphasis_optimality,heuristics_off
neos-1436709,separating_off,separating_fast,presolving_fast,default,presolving_aggressive,separating_aggressive,emphasis_feasibility,heuristics_aggressive,emphasis_optimality,presolving_off,heuristics_fast,emphasis_hardlp,emphasis_easycip,heuristics_off
neos-954925,separating_fast,presolving_fast,heuristics_aggressive,emphasis_feasibility,default,separating_off,separating_aggressive,presolving_off,presolving_aggressive,emphasis_hardlp,heuristics_fast,emphasis_easycip,emphasis_optimality,heuristics_off
ds,separating_fast,emphasis_feasibility,separating_off,default,presolving_aggressive,heuristics_aggressive,presolving_fast,separating_aggressive,emphasis_hardlp,presolving_off,heuristics_off,heuristics_fast,emphasis_easycip,emphasis_optimality
neos-506422,presolving_fast,separating_fast,emphasis_feasibility,separating_off,heuristics_aggressive,default,presolving_aggressive,separating_aggressive,presolving_off,emphasis_hardlp,emphasis_easycip,heuristics_fast,heuristics_off,emphasis_optimality
sts405,separating_off,heuristics_fast,presolving_fast,separating_fast,presolving_aggressive,default,emphasis_easycip,presolving_off,separating_aggressive,heuristics_aggressive,heuristics_off,emphasis_feasibility,emphasis_hardlp,emphasis_optimality
leo2,heuristics_aggressive,emphasis_feasibility,presolving_aggressive,default,separating_off,separating_aggressive,separating_fast,emphasis_optimality,heuristics_fast,emphasis_hardlp,presolving_off,presolving_fast,emphasis_easycip,heuristics_off
tanglegram2,separating_aggressive,presolving_aggressive,default,presolving_fast,heuristics_aggressive,separating_fast,presolving_off,heuristics_fast,emphasis_easycip,emphasis_feasibility,separating_off,emphasis_optimality,heuristics_off,emphasis_hardlp
ns1688347,separating_fast,presolving_fast,separating_off,presolving_off,presolving_aggressive,separating_aggressive,heuristics_aggressive,emphasis_hardlp,heuristics_fast,emphasis_feasibility,emphasis_easycip,default,heuristics_off,emphasis_optimality
n4-3,presolving_aggressive,presolving_fast,heuristics_fast,default,heuristics_aggressive,emphasis_hardlp,presolving_off,separating_aggressive,separating_fast,emphasis_easycip,separating_off,emphasis_optimality,emphasis_feasibility,heuristics_off
neos-936660,separating_off,presolving_fast,separating_aggressive,presolving_off,separating_fast,default,presolving_aggressive,heuristics_aggressive,emphasis_feasibility,emphasis_easycip,emphasis_hardlp,heuristics_fast,emphasis_optimality,heuristics_off
sp97ic,presolving_fast,separating_off,separating_fast,presolving_aggressive,default,presolving_off,separating_aggressive,emphasis_hardlp,heuristics_fast,heuristics_aggressive,emphasis_easycip,heuristics_off,emphasis_feasibility,emphasis_optimality
ns60-pr3,emphasis_hardlp,emphasis_easycip,presolving_off,heuristics_fast,separating_fast,presolving_aggressive,separating_off,presolving_fast,default,heuristics_aggressive,separating_aggressive,emphasis_feasibility,heuristics_off,emphasis_optimality
rocII-4-11,separating_fast,separating_off,separating_aggressive,presolving_off,presolving_fast,presolving_aggressive,heuristics_aggressive,heuristics_off,heuristics_fast,default,emphasis_feasibility,emphasis_optimality,emphasis_hardlp,emphasis_easycip
neos-881765,emphasis_hardlp,presolving_fast,presolving_aggressive,separating_aggressive,heuristics_fast,separating_off,default,separating_fast,heuristics_off,emphasis_feasibility,emphasis_easycip,heuristics_aggressive,presolving_off,emphasis_optimality
neos-1330635,separating_off,separating_fast,presolving_fast,default,separating_aggressive,emphasis_hardlp,presolving_off,presolving_aggressive,heuristics_aggressive,heuristics_fast,emphasis_easycip,emphasis_feasibility,emphasis_optimality,heuristics_off
neos-584146,separating_fast,presolving_fast,presolving_aggressive,separating_off,separating_aggressive,default,heuristics_aggressive,presolving_off,heuristics_fast,emphasis_hardlp,emphasis_feasibility,emphasis_easycip,heuristics_off,emphasis_optimality
ns903616,separating_off,separating_fast,separating_aggressive,presolving_off,presolving_fast,presolving_aggressive,heuristics_off,heuristics_fast,heuristics_aggressive,emphasis_feasibility,emphasis_optimality,emphasis_hardlp,emphasis_easycip,default
neos-957143,emphasis_feasibility,separating_fast,presolving_fast,heuristics_aggressive,default,presolving_off,separating_aggressive,presolving_aggressive,emphasis_hardlp,separating_off,heuristics_fast,emphasis_easycip,emphasis_optimality,heuristics_off
neos-1445765,separating_fast,separating_off,emphasis_feasibility,heuristics_aggressive,default,emphasis_optimality,heuristics_fast,separating_aggressive,heuristics_off,emphasis_hardlp,presolving_off,presolving_fast,emphasis_easycip,presolving_aggressive
enlight13,presolving_aggressive,heuristics_aggressive,default,separating_off,separating_fast,emphasis_feasibility,separating_aggressive,presolving_fast,heuristics_fast,presolving_off,emphasis_hardlp,emphasis_easycip,heuristics_off,emphasis_optimality
neos-1053234,separating_fast,separating_off,presolving_off,default,presolving_fast,presolving_aggressive,separating_aggressive,emphasis_feasibility,heuristics_aggressive,emphasis_optimality,emphasis_hardlp,heuristics_fast,emphasis_easycip,heuristics_off
stp3d,separating_fast,separating_off,presolving_off,presolving_fast,default,presolving_aggressive,heuristics_aggressive,separating_aggressive,emphasis_feasibility,emphasis_easycip,heuristics_fast,emphasis_hardlp,emphasis_optimality,heuristics_off
mzzv42z,emphasis_feasibility,heuristics_aggressive,default,separating_off,separating_fast,heuristics_off,heuristics_fast,separating_aggressive,presolving_fast,emphasis_easycip,presolving_off,emphasis_optimality,emphasis_hardlp,presolving_aggressive
rmine14,emphasis_hardlp,separating_off,presolving_off,presolving_fast,separating_fast,default,emphasis_feasibility,emphasis_easycip,heuristics_aggressive,heuristics_fast,separating_aggressive,emphasis_optimality,presolving_aggressive,heuristics_off
neos-693347,separating_fast,emphasis_feasibility,default,presolving_fast,presolving_aggressive,heuristics_aggressive,emphasis_hardlp,separating_off,presolving_off,separating_aggressive,heuristics_fast,emphasis_easycip,heuristics_off,emphasis_optimality
rococoC11-011100,heuristics_aggressive,separating_off,separating_fast,emphasis_feasibility,default,presolving_fast,emphasis_hardlp,presolving_aggressive,emphasis_easycip,separating_aggressive,presolving_off,heuristics_fast,emphasis_optimality,heuristics_off
neos-1173026,presolving_fast,separating_off,separating_fast,presolving_off,emphasis_feasibility,default,presolving_aggressive,separating_aggressive,heuristics_aggressive,emphasis_optimality,emphasis_hardlp,emphasis_easycip,heuristics_fast,heuristics_off
neos-1460265,emphasis_feasibility,presolving_fast,separating_fast,heuristics_aggressive,separating_aggressive,presolving_off,presolving_aggressive,default,separating_off,emphasis_optimality,emphasis_hardlp,emphasis_easycip,heuristics_fast,heuristics_off
neos-1445738,presolving_aggressive,presolving_fast,default,heuristics_fast,emphasis_hardlp,presolving_off,separating_fast,emphasis_easycip,heuristics_aggressive,separating_off,separating_aggressive,emphasis_feasibility,heuristics_off,emphasis_optimality
pg,separating_fast,presolving_fast,heuristics_fast,presolving_off,default,presolving_aggressive,emphasis_hardlp,heuristics_aggressive,separating_off,separating_aggressive,emphasis_easycip,emphasis_feasibility,emphasis_optimality,heuristics_off
neos-631694,separating_aggressive,heuristics_aggressive,emphasis_hardlp,emphasis_feasibility,default,presolving_fast,presolving_aggressive,separating_off,separating_fast,presolving_off,heuristics_fast,emphasis_easycip,emphasis_optimality,heuristics_off
neos-738098,separating_off,separating_fast,presolving_fast,presolving_aggressive,emphasis_feasibility,default,heuristics_aggressive,separating_aggressive,presolving_off,heuristics_fast,emphasis_hardlp,emphasis_optimality,emphasis_easycip,heuristics_off
neos-801834,presolving_aggressive,default,presolving_fast,separating_fast,heuristics_fast,separating_aggressive,heuristics_aggressive,emphasis_feasibility,emphasis_easycip,presolving_off,emphasis_optimality,separating_off,heuristics_off,emphasis_hardlp
neos-775946,separating_fast,default,presolving_aggressive,emphasis_feasibility,presolving_fast,heuristics_aggressive,emphasis_hardlp,separating_off,separating_aggressive,presolving_off,heuristics_fast,emphasis_easycip,emphasis_optimality,heuristics_off
neos-1440460,separating_off,separating_fast,presolving_fast,default,presolving_aggressive,separating_aggressive,emphasis_feasibility,heuristics_aggressive,emphasis_optimality,heuristics_fast,presolving_off,emphasis_hardlp,emphasis_easycip,heuristics_off
neos-555884,separating_fast,presolving_aggressive,heuristics_aggressive,emphasis_feasibility,presolving_fast,separating_off,default,separating_aggressive,presolving_off,heuristics_fast,emphasis_hardlp,emphasis_easycip,emphasis_optimality,heuristics_off
neos-1420790,separating_fast,presolving_aggressive,presolving_fast,default,heuristics_aggressive,emphasis_feasibility,separating_off,separating_aggressive,presolving_off,emphasis_optimality,heuristics_fast,emphasis_easycip,emphasis_hardlp,heuristics_off
neos-1427181,separating_off,separating_fast,presolving_fast,presolving_aggressive,default,separating_aggressive,heuristics_aggressive,emphasis_feasibility,emphasis_optimality,presolving_off,emphasis_hardlp,heuristics_fast,emphasis_easycip,heuristics_off
