dano3_3,presolving_aggressive,heuristics_fast,presolving_fast,default,emphasis_easycip,separating_fast,separating_off,emphasis_hardlp,separating_aggressive,emphasis_optimality,presolving_off,heuristics_aggressive,emphasis_feasibility,heuristics_off
mik-250-1-100-1,presolving_fast,presolving_aggressive,default,separating_fast,presolving_off,heuristics_fast,heuristics_aggressive,separating_off,emphasis_optimality,emphasis_hardlp,emphasis_feasibility,separating_aggressive,emphasis_easycip,heuristics_off
bienst1,heuristics_fast,separating_off,separating_fast,presolving_fast,emphasis_hardlp,emphasis_easycip,default,emphasis_feasibility,presolving_off,heuristics_aggressive,presolving_aggressive,heuristics_off,separating_aggressive,emphasis_optimality
ns4-pr9,presolving_off,separating_fast,emphasis_easycip,separating_aggressive,separating_off,presolving_fast,default,heuristics_aggressive,presolving_aggressive,heuristics_fast,emphasis_hardlp,heuristics_off,emphasis_feasibility,emphasis_optimality
neos-1467467,emphasis_feasibility,presolving_fast,default,separating_fast,heuristics_aggressive,separating_aggressive,presolving_off,presolving_aggressive,emphasis_optimality,separating_off,emphasis_hardlp,emphasis_easycip,heuristics_fast,heuristics_off
neos-1445755,separating_off,separating_fast,emphasis_feasibility,heuristics_fast,heuristics_aggressive,separating_aggressive,default,emphasis_optimality,heuristics_off,presolving_off,presolving_fast,emphasis_hardlp,emphasis_easycip,presolving_aggressive
momentum1,presolving_fast,separating_fast,emphasis_feasibility,separating_off,presolving_off,default,presolving_aggressive,emphasis_easycip,emphasis_optimality,emphasis_hardlp,separating_aggressive,heuristics_aggressive,heuristics_off,heuristics_fast
shs1023,separating_aggressive,separating_fast,presolving_off,presolving_fast,separating_off,presolving_aggressive,heuristics_off,heuristics_fast,heuristics_aggressive,emphasis_optimality,emphasis_feasibility,emphasis_hardlp,emphasis_easycip,default
g200x740i,separating_aggressive,separating_fast,presolving_fast,heuristics_aggressive,default,emphasis_hardlp,presolving_off,presolving_aggressive,heuristics_fast,emphasis_optimality,emphasis_feasibility,emphasis_easycip,separating_off,heuristics_off
neos-935769,separating_off,presolving_off,presolving_aggressive,separating_fast,presolving_fast,default,separating_aggressive,emphasis_feasibility,heuristics_aggressive,emphasis_optimality,emphasis_easycip,emphasis_hardlp,heuristics_fast,heuristics_off
neos-930752,presolving_fast,emphasis_feasibility,separating_off,presolving_aggressive,separating_aggressive,presolving_off,heuristics_aggressive,default,separating_fast,heuristics_off,emphasis_optimality,emphasis_easycip,emphasis_hardlp,heuristics_fast
rocII-9-11,presolving_off,separating_off,separating_fast,separating_aggressive,presolving_aggressive,presolving_fast,heuristics_off,heuristics_fast,heuristics_aggressive,emphasis_optimality,emphasis_feasibility,emphasis_hardlp,emphasis_easycip,default
set3-20,presolving_aggressive,default,separating_aggressive,heuristics_aggressive,separating_fast,presolving_fast,presolving_off,emphasis_optimality,emphasis_feasibility,heuristics_fast,emphasis_hardlp,emphasis_easycip,heuristics_off,separating_off
neos-1324574,separating_aggressive,default,presolving_off,presolving_aggressive,heuristics_fast,emphasis_feasibility,emphasis_easycip,separating_off,presolving_fast,emphasis_hardlp,separating_fast,heuristics_aggressive,heuristics_off,emphasis_optimality
neos12,separating_aggressive,heuristics_aggressive,default,separating_off,separating_fast,presolving_off,presolving_aggressive,emphasis_feasibility,presolving_fast,heuristics_fast,emphasis_easycip,heuristics_off,emphasis_optimality,emphasis_hardlp
neos-820879,separating_fast,presolving_fast,emphasis_easycip,presolving_aggressive,heuristics_aggressive,default,separating_off,emphasis_feasibility,presolving_off,separating_aggressive,heuristics_off,heuristics_fast,emphasis_optimality,emphasis_hardlp
atlanta-ip,separating_off,presolving_fast,presolving_off,presolving_aggressive,heuristics_aggressive,separating_fast,emphasis_feasibility,default,emphasis_hardlp,emphasis_optimality,separating_aggressive,heuristics_off,emphasis_easycip,heuristics_fast
neos-555298,emphasis_feasibility,separating_fast,heuristics_aggressive,presolving_off,presolving_fast,presolving_aggressive,separating_off,heuristics_off,default,separating_aggressive,heuristics_fast,emphasis_hardlp,emphasis_easycip,emphasis_optimality
neos-1311124,separating_fast,separating_off,presolving_off,presolving_fast,heuristics_aggressive,emphasis_feasibility,default,separating_aggressive,presolving_aggressive,emphasis_optimality,emphasis_hardlp,heuristics_fast,emphasis_easycip,heuristics_off
neos-555927,presolving_fast,heuristics_aggressive,heuristics_fast,separating_off,presolving_off,presolving_aggressive,emphasis_feasibility,separating_fast,separating_aggressive,heuristics_off,emphasis_hardlp,emphasis_easycip,default,emphasis_optimality
opm2-z12-s14,presolving_off,presolving_fast,emphasis_hardlp,emphasis_easycip,separating_off,separating_fast,heuristics_aggressive,default,emphasis_feasibility,heuristics_fast,emphasis_optimality,separating_aggressive,presolving_aggressive,heuristics_off
seymour-disj-10,separating_off,presolving_off,default,emphasis_hardlp,separating_aggressive,heuristics_fast,heuristics_aggressive,presolving_aggressive,separating_fast,presolving_fast,emphasis_feasibility,emphasis_easycip,heuristics_off,emphasis_optimality
neos11,separating_aggressive,presolving_fast,presolving_aggressive,heuristics_aggressive,separating_fast,default,heuristics_fast,presolving_off,emphasis_feasibility,emphasis_easycip,separating_off,emphasis_optimality,emphasis_hardlp,heuristics_off
neos-1437164,emphasis_feasibility,heuristics_aggressive,emphasis_optimality,separating_off,separating_fast,emphasis_hardlp,separating_aggressive,presolving_fast,default,presolving_off,heuristics_fast,emphasis_easycip,presolving_aggressive,heuristics_off
neos-984165,separating_off,separating_fast,presolving_off,presolving_fast,presolving_aggressive,separating_aggressive,default,heuristics_aggressive,emphasis_feasibility,emphasis_easycip,heuristics_fast,emphasis_optimality,emphasis_hardlp,heuristics_off
neos-941262,separating_off,presolving_off,presolving_fast,presolving_aggressive,separating_aggressive,default,separating_fast,heuristics_aggressive,emphasis_feasibility,emphasis_easycip,emphasis_optimality,emphasis_hardlp,heuristics_fast,heuristics_off
danoint,presolving_fast,separating_fast,default,emphasis_feasibility,heuristics_aggressive,presolving_off,presolving_aggressive,separating_aggressive,separating_off,heuristics_fast,emphasis_hardlp,emphasis_easycip,heuristics_off,emphasis_optimality
neos-1053591,separating_aggressive,separating_fast,presolving_fast,separating_off,presolving_off,default,emphasis_hardlp,emphasis_feasibility,heuristics_fast,heuristics_aggressive,emphasis_optimality,emphasis_easycip,presolving_aggressive,heuristics_off
sts729,heuristics_fast,emphasis_hardlp,separating_off,emphasis_easycip,presolving_off,separating_fast,presolving_fast,default,presolving_aggressive,separating_aggressive,heuristics_aggressive,emphasis_feasibility,heuristics_off,emphasis_optimality
d10200,presolving_fast,separating_aggressive,default,heuristics_aggressive,separating_off,separating_fast,presolving_off,emphasis_feasibility,presolving_aggressive,heuristics_fast,emphasis_hardlp,emphasis_optimality,emphasis_easycip,heuristics_off
ivu52,separating_fast,separating_off,presolving_off,presolving_aggressive,default,presolving_fast,heuristics_aggressive,separating_aggressive,emphasis_optimality,emphasis_hardlp,heuristics_fast,emphasis_feasibility,emphasis_easycip,heuristics_off
gesa2-o,separating_fast,presolving_off,separating_off,default,presolving_aggressive,presolving_fast,emphasis_hardlp,heuristics_off,separating_aggressive,heuristics_fast,emphasis_optimality,heuristics_aggressive,emphasis_easycip,emphasis_feasibility
neos-691058,presolving_off,separating_fast,presolving_aggressive,emphasis_feasibility,presolving_fast,separating_off,separating_aggressive,heuristics_aggressive,default,emphasis_hardlp,emphasis_optimality,heuristics_off,emphasis_easycip,heuristics_fast
neos-430149,emphasis_easycip,separating_fast,emphasis_optimality,emphasis_hardlp,presolving_fast,presolving_aggressive,heuristics_fast,default,separating_off,emphasis_feasibility,heuristics_off,heuristics_aggressive,presolving_off,separating_aggressive
ns1904248,separating_fast,presolving_off,presolving_fast,emphasis_feasibility,separating_off,separating_aggressive,presolving_aggressive,heuristics_aggressive,heuristics_off,heuristics_fast,emphasis_optimality,emphasis_easycip,emphasis_hardlp,default
neos-1445532,separating_off,separating_fast,emphasis_feasibility,presolving_fast,emphasis_hardlp,presolving_off,presolving_aggressive,heuristics_aggressive,heuristics_off,emphasis_easycip,default,separating_aggressive,heuristics_fast,emphasis_optimality
opt1217,presolving_fast,heuristics_fast,separating_fast,presolving_aggressive,heuristics_aggressive,emphasis_easycip,separating_off,separating_aggressive,emphasis_feasibility,emphasis_hardlp,default,emphasis_optimality,heuristics_off,presolving_off
ns4-pr3,emphasis_hardlp,emphasis_easycip,presolving_off,separating_fast,heuristics_fast,presolving_aggressive,default,separating_off,presolving_fast,heuristics_aggressive,separating_aggressive,emphasis_feasibility,heuristics_off,emphasis_optimality
neos-955800,presolving_fast,separating_off,separating_fast,emphasis_hardlp,heuristics_aggressive,separating_aggressive,presolving_aggressive,heuristics_fast,emphasis_feasibility,default,emphasis_easycip,presolving_off,heuristics_off,emphasis_optimality
23588,presolving_off,separating_off,presolving_fast,separating_fast,emphasis_feasibility,default,presolving_aggressive,heuristics_aggressive,emphasis_hardlp,emphasis_easycip,separating_aggressive,emphasis_optimality,heuristics_off,heuristics_fast
neos-1420546,separating_fast,heuristics_aggressive,separating_off,separating_aggressive,presolving_aggressive,emphasis_feasibility,default,presolving_off,presolving_fast,emphasis_hardlp,heuristics_fast,emphasis_optimality,emphasis_easycip,heuristics_off
qnet1,separating_fast,heuristics_aggressive,separating_off,default,presolving_aggressive,emphasis_hardlp,emphasis_easycip,separating_aggressive,heuristics_fast,emphasis_feasibility,presolving_fast,heuristics_off,presolving_off,emphasis_optimality
neos-595904,separating_fast,heuristics_aggressive,separating_aggressive,presolving_fast,emphasis_feasibility,separating_off,presolving_off,heuristics_fast,emphasis_optimality,default,presolving_aggressive,emphasis_easycip,emphasis_hardlp,heuristics_off
l152lav,separating_fast,default,separating_off,presolving_off,heuristics_off,emphasis_easycip,presolving_fast,presolving_aggressive,heuristics_fast,emphasis_hardlp,separating_aggressive,heuristics_aggressive,emphasis_feasibility,emphasis_optimality
neos-933550,separating_off,presolving_fast,separating_fast,presolving_aggressive,heuristics_fast,heuristics_aggressive,emphasis_easycip,separating_aggressive,presolving_off,default,emphasis_feasibility,heuristics_off,emphasis_optimality,emphasis_hardlp
neos-631164,presolving_off,heuristics_aggressive,presolving_fast,separating_aggressive,presolving_aggressive,emphasis_feasibility,default,separating_fast,heuristics_fast,emphasis_optimality,emphasis_hardlp,separating_off,emphasis_easycip,heuristics_off
neos-551991,separating_aggressive,emphasis_feasibility,heuristics_aggressive,emphasis_hardlp,default,presolving_fast,separating_off,presolving_aggressive,separating_fast,presolving_off,heuristics_fast,emphasis_easycip,emphasis_optimality,heuristics_off
neos-544324,default,separating_off,separating_fast,presolving_fast,presolving_aggressive,heuristics_aggressive,emphasis_feasibility,emphasis_hardlp,separating_aggressive,presolving_off,emphasis_easycip,heuristics_off,heuristics_fast,emphasis_optimality
nsa,presolving_aggressive,heuristics_fast,emphasis_easycip,emphasis_hardlp,separating_off,separating_fast,separating_aggressive,default,presolving_fast,heuristics_off,emphasis_optimality,presolving_off,heuristics_aggressive,emphasis_feasibility
neos-1442119,separating_off,separating_fast,presolving_off,presolving_fast,default,presolving_aggressive,separating_aggressive,emphasis_feasibility,heuristics_fast,heuristics_aggressive,emphasis_optimality,emphasis_hardlp,emphasis_easycip,heuristics_off
neos-1460641,separating_fast,emphasis_feasibility,separating_aggressive,presolving_fast,heuristics_aggressive,default,presolving_off,presolving_aggressive,emphasis_hardlp,emphasis_optimality,emphasis_easycip,separating_off,heuristics_off,heuristics_fast
neos-956971,presolving_fast,presolving_off,separating_off,emphasis_feasibility,heuristics_aggressive,separating_fast,presolving_aggressive,default,emphasis_optimality,emphasis_easycip,separating_aggressive,emphasis_hardlp,heuristics_fast,heuristics_off
neos-933966,separating_aggressive,presolving_fast,presolving_aggressive,default,separating_off,heuristics_aggressive,separating_fast,presolving_off,emphasis_feasibility,heuristics_fast,emphasis_hardlp,emphasis_optimality,emphasis_easycip,heuristics_off
mkc1,heuristics_aggressive,separating_fast,emphasis_feasibility,presolving_fast,presolving_aggressive,separating_off,separating_aggressive,emphasis_optimality,default,emphasis_hardlp,presolving_off,heuristics_fast,heuristics_off,emphasis_easycip
neos-1109824,emphasis_hardlp,emphasis_feasibility,separating_fast,presolving_fast,emphasis_easycip,presolving_aggressive,default,heuristics_off,heuristics_fast,separating_off,heuristics_aggressive,separating_aggressive,presolving_off,emphasis_optimality
rgn,presolving_fast,separating_fast,emphasis_hardlp,default,presolving_aggressive,emphasis_easycip,presolving_off,heuristics_fast,heuristics_off,separating_off,separating_aggressive,heuristics_aggressive,emphasis_optimality,emphasis_feasibility
neos-1200887,separating_off,heuristics_fast,presolving_fast,default,presolving_aggressive,separating_fast,emphasis_feasibility,emphasis_hardlp,separating_aggressive,presolving_off,heuristics_off,emphasis_easycip,emphasis_optimality,heuristics_aggressive
rail507,separating_fast,emphasis_feasibility,heuristics_aggressive,default,presolving_aggressive,separating_off,separating_aggressive,heuristics_fast,presolving_off,presolving_fast,emphasis_optimality,heuristics_off,emphasis_hardlp,emphasis_easycip
neos-1603965,separating_off,separating_fast,separating_aggressive,presolving_off,presolving_fast,heuristics_aggressive,presolving_aggressive,emphasis_optimality,default,heuristics_fast,emphasis_feasibility,heuristics_off,emphasis_hardlp,emphasis_easycip
stockholm,separating_off,presolving_off,presolving_fast,emphasis_hardlp,emphasis_feasibility,presolving_aggressive,heuristics_aggressive,default,separating_fast,separating_aggressive,heuristics_fast,emphasis_optimality,emphasis_easycip,heuristics_off
dano3mip,presolving_aggressive,presolving_fast,separating_fast,separating_off,default,presolving_off,emphasis_feasibility,emphasis_easycip,heuristics_aggressive,emphasis_hardlp,separating_aggressive,heuristics_fast,emphasis_optimality,heuristics_off
