vpphard,presolving_fast,separating_off,separating_fast,presolving_aggressive,separating_aggressive,emphasis_feasibility,heuristics_aggressive,presolving_off,emphasis_hardlp,emphasis_easycip,default,heuristics_off,heuristics_fast,emphasis_optimality
neos-791021,separating_off,separating_fast,separating_aggressive,presolving_fast,emphasis_feasibility,presolving_off,heuristics_aggressive,presolving_aggressive,emphasis_hardlp,emphasis_easycip,heuristics_fast,default,heuristics_off,emphasis_optimality
neos-1208069,separating_fast,presolving_aggressive,separating_aggressive,separating_off,presolving_fast,presolving_off,heuristics_fast,heuristics_aggressive,emphasis_feasibility,default,emphasis_easycip,heuristics_off,emphasis_hardlp,emphasis_optimality
n370a,presolving_fast,separating_fast,separating_off,heuristics_aggressive,default,presolving_aggressive,presolving_off,separating_aggressive,emphasis_feasibility,emphasis_hardlp,heuristics_fast,emphasis_optimality,emphasis_easycip,heuristics_off
neos-501453,separating_fast,separating_off,heuristics_fast,default,separating_aggressive,heuristics_off,emphasis_optimality,emphasis_feasibility,presolving_aggressive,heuristics_aggressive,emphasis_hardlp,presolving_fast,emphasis_easycip,presolving_off
qnet1,separating_off,separating_fast,default,presolving_aggressive,emphasis_feasibility,heuristics_aggressive,presolving_fast,separating_aggressive,heuristics_fast,emphasis_hardlp,emphasis_optimality,emphasis_easycip,presolving_off,heuristics_off
neos-506428,separating_off,separating_fast,presolving_off,emphasis_feasibility,presolving_fast,separating_aggressive,presolving_aggressive,heuristics_aggressive,heuristics_fast,emphasis_optimality,emphasis_hardlp,default,emphasis_easycip,heuristics_off
neos-1120495,emphasis_easycip,presolving_aggressive,emphasis_hardlp,presolving_fast,separating_fast,heuristics_fast,separating_off,default,heuristics_off,heuristics_aggressive,separating_aggressive,emphasis_feasibility,presolving_off,emphasis_optimality
neos-544324,separating_aggressive,presolving_aggressive,separating_fast,default,heuristics_fast,presolving_fast,heuristics_aggressive,emphasis_hardlp,emphasis_easycip,separating_off,presolving_off,heuristics_off,emphasis_feasibility,emphasis_optimality
neos-860300,separating_off,emphasis_feasibility,presolving_aggressive,default,emphasis_hardlp,separating_fast,heuristics_fast,heuristics_aggressive,separating_aggressive,presolving_off,presolving_fast,heuristics_off,emphasis_easycip,emphasis_optimality
neos-933562,separating_aggressive,separating_fast,presolving_aggressive,default,emphasis_feasibility,separating_off,heuristics_aggressive,presolving_fast,presolving_off,heuristics_fast,emphasis_optimality,emphasis_hardlp,heuristics_off,emphasis_easycip
roy,presolving_aggressive,default,presolving_fast,separating_fast,heuristics_aggressive,emphasis_hardlp,separating_aggressive,presolving_off,emphasis_feasibility,separating_off,heuristics_fast,emphasis_easycip,emphasis_optimality,heuristics_off
tanglegram1,separating_off,separating_fast,presolving_fast,presolving_aggressive,separating_aggressive,default,heuristics_aggressive,presolving_off,emphasis_feasibility,emphasis_hardlp,heuristics_fast,emphasis_easycip,heuristics_off,emphasis_optimality
neos-841664,presolving_fast,separating_fast,presolving_aggressive,separating_aggressive,default,emphasis_hardlp,heuristics_aggressive,emphasis_optimality,separating_off,presolving_off,heuristics_fast,emphasis_feasibility,emphasis_easycip,heuristics_off
liu,separating_off,separating_fast,presolving_fast,presolving_aggressive,separating_aggressive,emphasis_feasibility,presolving_off,default,heuristics_fast,heuristics_aggressive,emphasis_optimality,emphasis_easycip,emphasis_hardlp,heuristics_off
neos-848845,emphasis_feasibility,separating_fast,presolving_fast,heuristics_aggressive,default,separating_aggressive,presolving_aggressive,emphasis_hardlp,separating_off,presolving_off,heuristics_fast,emphasis_easycip,heuristics_off,emphasis_optimality
neos-1417043,presolving_off,heuristics_aggressive,presolving_fast,presolving_aggressive,default,separating_aggressive,separating_fast,separating_off,emphasis_optimality,emphasis_feasibility,heuristics_fast,emphasis_hardlp,emphasis_easycip,heuristics_off
maxgasflow,separating_fast,presolving_off,presolving_fast,emphasis_feasibility,emphasis_hardlp,presolving_aggressive,heuristics_aggressive,emphasis_easycip,default,separating_off,separating_aggressive,heuristics_off,heuristics_fast,emphasis_optimality
neos-530627,presolving_aggressive,separating_aggressive,presolving_fast,default,heuristics_fast,separating_fast,emphasis_hardlp,heuristics_aggressive,separating_off,heuristics_off,emphasis_optimality,emphasis_easycip,presolving_off,emphasis_feasibility
air03,heuristics_aggressive,presolving_aggressive,emphasis_feasibility,separating_fast,default,separating_off,emphasis_hardlp,presolving_fast,heuristics_off,heuristics_fast,emphasis_easycip,separating_aggressive,presolving_off,emphasis_optimality
ns2137859,separating_off,separating_fast,emphasis_feasibility,default,presolving_aggressive,heuristics_aggressive,separating_aggressive,presolving_fast,emphasis_hardlp,heuristics_fast,emphasis_easycip,presolving_off,emphasis_optimality,heuristics_off
gesa2,separating_fast,default,presolving_fast,presolving_aggressive,separating_off,heuristics_aggressive,presolving_off,separating_aggressive,emphasis_feasibility,emphasis_hardlp,heuristics_fast,emphasis_easycip,emphasis_optimality,heuristics_off
nw04,separating_off,heuristics_off,separating_fast,presolving_aggressive,heuristics_aggressive,emphasis_feasibility,separating_aggressive,default,heuristics_fast,presolving_fast,emphasis_hardlp,emphasis_optimality,presolving_off,emphasis_easycip
rail507,separating_fast,separating_off,separating_aggressive,emphasis_feasibility,presolving_off,presolving_aggressive,heuristics_aggressive,default,presolving_fast,heuristics_fast,emphasis_optimality,heuristics_off,emphasis_easycip,emphasis_hardlp
neos-941698,separating_aggressive,separating_fast,default,presolving_aggressive,heuristics_aggressive,emphasis_feasibility,presolving_fast,heuristics_fast,presolving_off,heuristics_off,emphasis_hardlp,separating_off,emphasis_optimality,emphasis_easycip
neos-930752,separating_off,presolving_fast,separating_fast,presolving_aggressive,default,presolving_off,separating_aggressive,heuristics_fast,heuristics_aggressive,emphasis_easycip,emphasis_optimality,emphasis_hardlp,emphasis_feasibility,heuristics_off
pk1,presolving_aggressive,default,presolving_fast,emphasis_hardlp,separating_aggressive,heuristics_fast,heuristics_aggressive,separating_fast,emphasis_easycip,emphasis_feasibility,heuristics_off,emphasis_optimality,separating_off,presolving_off
d20200,separating_fast,separating_off,separating_aggressive,presolving_fast,presolving_off,heuristics_aggressive,presolving_aggressive,heuristics_fast,emphasis_hardlp,emphasis_feasibility,emphasis_optimality,heuristics_off,default,emphasis_easycip
neos-1603965,presolving_aggressive,separating_fast,presolving_fast,presolving_off,separating_off,heuristics_off,default,heuristics_fast,emphasis_hardlp,emphasis_easycip,heuristics_aggressive,separating_aggressive,emphasis_feasibility,emphasis_optimality
pg5_34,separating_fast,separating_off,presolving_off,presolving_fast,default,presolving_aggressive,emphasis_hardlp,emphasis_feasibility,emphasis_easycip,separating_aggressive,heuristics_aggressive,heuristics_fast,emphasis_optimality,heuristics_off
neos-1429461,separating_off,separating_fast,presolving_fast,emphasis_feasibility,default,presolving_aggressive,separating_aggressive,heuristics_aggressive,presolving_off,emphasis_hardlp,heuristics_fast,emphasis_easycip,emphasis_optimality,heuristics_off
neos-1429185,separating_off,separating_fast,emphasis_feasibility,presolving_fast,default,presolving_aggressive,separating_aggressive,heuristics_aggressive,presolving_off,heuristics_fast,emphasis_hardlp,emphasis_easycip,emphasis_optimality,heuristics_off
neos-1425699,separating_off,presolving_aggressive,separating_fast,heuristics_off,heuristics_fast,emphasis_feasibility,emphasis_easycip,heuristics_aggressive,default,separating_aggressive,emphasis_optimality,presolving_fast,presolving_off,emphasis_hardlp
pigeon-12,separating_off,separating_fast,emphasis_hardlp,presolving_fast,presolving_aggressive,emphasis_feasibility,default,heuristics_fast,emphasis_easycip,presolving_off,separating_aggressive,heuristics_aggressive,heuristics_off,emphasis_optimality
opm2-z10-s2,separating_off,presolving_off,presolving_fast,separating_fast,emphasis_easycip,emphasis_hardlp,default,separating_aggressive,presolving_aggressive,heuristics_fast,heuristics_aggressive,emphasis_feasibility,heuristics_off,emphasis_optimality
neos-538916,presolving_aggressive,emphasis_hardlp,emphasis_easycip,presolving_fast,default,heuristics_fast,heuristics_aggressive,separating_fast,separating_aggressive,heuristics_off,emphasis_feasibility,presolving_off,emphasis_optimality,separating_off
neos-1593097,emphasis_feasibility,separating_off,separating_fast,presolving_off,presolving_fast,separating_aggressive,presolving_aggressive,heuristics_aggressive,heuristics_off,default,emphasis_optimality,heuristics_fast,emphasis_hardlp,emphasis_easycip
sts405,separating_off,heuristics_fast,separating_fast,presolving_off,presolving_fast,default,emphasis_easycip,separating_aggressive,presolving_aggressive,heuristics_aggressive,emphasis_feasibility,heuristics_off,emphasis_hardlp,emphasis_optimality
misc03,presolving_aggressive,separating_fast,default,separating_off,heuristics_fast,emphasis_easycip,emphasis_hardlp,separating_aggressive,presolving_fast,heuristics_off,heuristics_aggressive,emphasis_feasibility,presolving_off,emphasis_optimality
ns1856153,separating_off,separating_fast,emphasis_feasibility,presolving_fast,separating_aggressive,presolving_off,presolving_aggressive,heuristics_aggressive,heuristics_off,heuristics_fast,emphasis_optimality,emphasis_hardlp,emphasis_easycip,default
pigeon-19,separating_off,separating_fast,emphasis_hardlp,presolving_fast,presolving_aggressive,presolving_off,emphasis_feasibility,separating_aggressive,heuristics_fast,default,emphasis_easycip,heuristics_aggressive,heuristics_off,emphasis_optimality
neos-1171448,separating_off,separating_fast,presolving_off,presolving_fast,presolving_aggressive,emphasis_feasibility,separating_aggressive,heuristics_aggressive,default,emphasis_hardlp,emphasis_easycip,heuristics_fast,emphasis_optimality,heuristics_off
set1ch,presolving_fast,default,presolving_aggressive,heuristics_aggressive,separating_aggressive,emphasis_hardlp,separating_fast,emphasis_easycip,emphasis_feasibility,heuristics_fast,presolving_off,emphasis_optimality,heuristics_off,separating_off
neos-839838,presolving_fast,separating_off,presolving_off,emphasis_hardlp,separating_fast,emphasis_feasibility,default,heuristics_fast,heuristics_aggressive,presolving_aggressive,emphasis_optimality,separating_aggressive,emphasis_easycip,heuristics_off
neos-808072,emphasis_feasibility,separating_fast,heuristics_aggressive,presolving_fast,default,presolving_aggressive,separating_off,separating_aggressive,presolving_off,emphasis_hardlp,heuristics_off,heuristics_fast,emphasis_easycip,emphasis_optimality
bnatt400,emphasis_feasibility,separating_fast,presolving_fast,presolving_aggressive,separating_off,separating_aggressive,heuristics_aggressive,default,presolving_off,heuristics_off,emphasis_hardlp,heuristics_fast,emphasis_optimality,emphasis_easycip
neos-826812,separating_fast,presolving_off,default,separating_off,presolving_fast,presolving_aggressive,heuristics_aggressive,emphasis_feasibility,separating_aggressive,heuristics_fast,emphasis_optimality,emphasis_hardlp,emphasis_easycip,heuristics_off
neos11,separating_off,presolving_fast,default,separating_fast,separating_aggressive,presolving_aggressive,heuristics_aggressive,emphasis_feasibility,presolving_off,emphasis_hardlp,heuristics_fast,emphasis_easycip,emphasis_optimality,heuristics_off
tr12-30,presolving_fast,default,presolving_aggressive,separating_aggressive,heuristics_aggressive,emphasis_hardlp,heuristics_fast,separating_fast,presolving_off,emphasis_optimality,emphasis_easycip,emphasis_feasibility,heuristics_off,separating_off
neos-1171692,separating_off,separating_fast,presolving_off,presolving_fast,presolving_aggressive,emphasis_feasibility,separating_aggressive,heuristics_aggressive,default,emphasis_hardlp,emphasis_easycip,heuristics_fast,emphasis_optimality,heuristics_off
sing2,separating_off,separating_fast,presolving_off,presolving_fast,heuristics_aggressive,separating_aggressive,presolving_aggressive,emphasis_feasibility,default,heuristics_fast,emphasis_hardlp,emphasis_optimality,emphasis_easycip,heuristics_off
neos-824695,separating_off,separating_fast,emphasis_feasibility,presolving_aggressive,default,presolving_fast,heuristics_aggressive,presolving_off,separating_aggressive,emphasis_optimality,heuristics_fast,emphasis_hardlp,emphasis_easycip,heuristics_off
ex9,emphasis_feasibility,default,separating_fast,heuristics_off,separating_aggressive,emphasis_optimality,separating_off,heuristics_fast,heuristics_aggressive,presolving_aggressive,presolving_fast,emphasis_easycip,emphasis_hardlp,presolving_off
neos-826224,separating_off,separating_fast,presolving_off,emphasis_feasibility,heuristics_aggressive,presolving_fast,presolving_aggressive,separating_aggressive,emphasis_hardlp,default,heuristics_fast,heuristics_off,emphasis_easycip,emphasis_optimality
neos-935627,presolving_fast,separating_off,separating_fast,default,presolving_off,separating_aggressive,presolving_aggressive,heuristics_aggressive,emphasis_feasibility,emphasis_hardlp,emphasis_easycip,heuristics_fast,emphasis_optimality,heuristics_off
neos-942830,separating_aggressive,separating_fast,default,presolving_aggressive,heuristics_aggressive,emphasis_feasibility,presolving_fast,presolving_off,emphasis_hardlp,heuristics_fast,heuristics_off,emphasis_easycip,separating_off,emphasis_optimality
bab1,separating_fast,emphasis_feasibility,separating_off,presolving_fast,presolving_aggressive,heuristics_aggressive,default,emphasis_optimality,separating_aggressive,presolving_off,heuristics_off,emphasis_hardlp,heuristics_fast,emphasis_easycip
neos-512201,separating_fast,separating_off,presolving_fast,default,presolving_aggressive,separating_aggressive,emphasis_feasibility,heuristics_aggressive,heuristics_fast,presolving_off,emphasis_hardlp,emphasis_easycip,emphasis_optimality,heuristics_off
neos-1467067,separating_off,separating_fast,presolving_fast,default,emphasis_feasibility,separating_aggressive,heuristics_aggressive,presolving_off,presolving_aggressive,heuristics_fast,emphasis_hardlp,emphasis_easycip,heuristics_off,emphasis_optimality
bley_xl1,separating_off,separating_fast,emphasis_feasibility,separating_aggressive,heuristics_off,heuristics_fast,emphasis_optimality,heuristics_aggressive,presolving_aggressive,emphasis_hardlp,default,presolving_fast,emphasis_easycip,presolving_off
neos-826694,separating_off,separating_fast,presolving_fast,presolving_aggressive,heuristics_aggressive,emphasis_feasibility,default,separating_aggressive,presolving_off,heuristics_fast,emphasis_hardlp,emphasis_easycip,emphasis_optimality,heuristics_off
