neos-934278,default,presolving_fast,presolving_aggressive,heuristics_aggressive,separating_fast,separating_off,separating_aggressive,presolving_off,emphasis_feasibility,emphasis_hardlp,heuristics_fast,emphasis_optimality,emphasis_easycip,heuristics_off
prod1,separating_off,separating_fast,presolving_off,presolving_aggressive,emphasis_hardlp,emphasis_easycip,presolving_fast,heuristics_fast,default,separating_aggressive,heuristics_off,heuristics_aggressive,emphasis_feasibility,emphasis_optimality
neos-551991,presolving_fast,default,presolving_aggressive,separating_off,separating_fast,separating_aggressive,heuristics_fast,heuristics_aggressive,emphasis_feasibility,heuristics_off,emphasis_hardlp,emphasis_easycip,presolving_off,emphasis_optimality
neos-941717,separating_aggressive,separating_fast,default,presolving_aggressive,presolving_fast,heuristics_aggressive,emphasis_feasibility,emphasis_hardlp,presolving_off,separating_off,heuristics_fast,emphasis_easycip,heuristics_off,emphasis_optimality
a1c1s1,presolving_fast,emphasis_hardlp,separating_fast,presolving_aggressive,separating_aggressive,default,separating_off,presolving_off,heuristics_fast,heuristics_aggressive,emphasis_easycip,emphasis_optimality,emphasis_feasibility,heuristics_off
siena1,presolving_off,presolving_fast,separating_fast,presolving_aggressive,default,heuristics_aggressive,separating_off,emphasis_hardlp,emphasis_feasibility,separating_aggressive,heuristics_fast,emphasis_optimality,emphasis_easycip,heuristics_off
pigeon-19,separating_off,separating_fast,presolving_fast,presolving_aggressive,emphasis_hardlp,emphasis_feasibility,presolving_off,emphasis_easycip,default,separating_aggressive,heuristics_aggressive,heuristics_fast,heuristics_off,emphasis_optimality
p0282,presolving_fast,emphasis_hardlp,default,separating_fast,presolving_aggressive,heuristics_fast,emphasis_easycip,heuristics_aggressive,separating_aggressive,presolving_off,emphasis_optimality,emphasis_feasibility,heuristics_off,separating_off
cdma,separating_fast,presolving_fast,presolving_off,heuristics_aggressive,separating_aggressive,separating_off,presolving_aggressive,emphasis_optimality,emphasis_feasibility,default,heuristics_fast,emphasis_hardlp,heuristics_off,emphasis_easycip
neos-937446,presolving_fast,separating_fast,default,separating_off,presolving_off,presolving_aggressive,separating_aggressive,emphasis_feasibility,heuristics_aggressive,emphasis_hardlp,emphasis_easycip,emphasis_optimality,heuristics_fast,heuristics_off
neos-1223462,emphasis_feasibility,separating_off,heuristics_aggressive,separating_fast,presolving_off,presolving_fast,emphasis_hardlp,separating_aggressive,default,presolving_aggressive,emphasis_easycip,heuristics_fast,heuristics_off,emphasis_optimality
ns1856153,separating_off,separating_fast,presolving_fast,presolving_off,emphasis_feasibility,separating_aggressive,presolving_aggressive,emphasis_hardlp,heuristics_aggressive,heuristics_off,heuristics_fast,emphasis_easycip,default,emphasis_optimality
roy,presolving_fast,default,separating_fast,presolving_aggressive,emphasis_hardlp,heuristics_aggressive,separating_off,presolving_off,heuristics_fast,emphasis_feasibility,separating_aggressive,emphasis_easycip,emphasis_optimality,heuristics_off
neos-942830,separating_aggressive,separating_fast,default,presolving_fast,presolving_aggressive,heuristics_aggressive,emphasis_feasibility,emphasis_hardlp,presolving_off,heuristics_fast,heuristics_off,emphasis_easycip,separating_off,emphasis_optimality
neos-1330346,presolving_fast,separating_fast,presolving_aggressive,separating_off,default,separating_aggressive,emphasis_feasibility,heuristics_aggressive,presolving_off,heuristics_fast,emphasis_hardlp,emphasis_easycip,heuristics_off,emphasis_optimality
neos-595904,emphasis_feasibility,presolving_aggressive,separating_fast,heuristics_aggressive,presolving_off,emphasis_optimality,emphasis_easycip,default,separating_off,heuristics_fast,emphasis_hardlp,separating_aggressive,presolving_fast,heuristics_off
t1722,separating_off,separating_fast,heuristics_aggressive,emphasis_feasibility,separating_aggressive,emphasis_optimality,default,presolving_aggressive,heuristics_fast,presolving_fast,heuristics_off,presolving_off,emphasis_hardlp,emphasis_easycip
splan1,separating_off,presolving_fast,separating_fast,presolving_off,presolving_aggressive,heuristics_aggressive,emphasis_feasibility,separating_aggressive,default,emphasis_hardlp,heuristics_fast,emphasis_optimality,heuristics_off,emphasis_easycip
neos-785914,presolving_fast,default,heuristics_aggressive,emphasis_hardlp,presolving_aggressive,presolving_off,separating_off,separating_fast,emphasis_easycip,separating_aggressive,heuristics_fast,emphasis_feasibility,emphasis_optimality,heuristics_off
neos-1516309,heuristics_aggressive,presolving_fast,default,separating_fast,presolving_off,emphasis_feasibility,presolving_aggressive,separating_aggressive,emphasis_hardlp,emphasis_easycip,separating_off,heuristics_fast,emphasis_optimality,heuristics_off
lectsched-1-obj,separating_off,heuristics_aggressive,separating_fast,presolving_aggressive,emphasis_feasibility,default,separating_aggressive,presolving_fast,heuristics_off,emphasis_optimality,heuristics_fast,emphasis_easycip,emphasis_hardlp,presolving_off
neos-1096528,separating_off,separating_fast,presolving_fast,presolving_aggressive,heuristics_fast,emphasis_hardlp,emphasis_easycip,emphasis_feasibility,default,heuristics_aggressive,separating_aggressive,presolving_off,heuristics_off,emphasis_optimality
t1717,separating_off,separating_fast,heuristics_aggressive,emphasis_feasibility,separating_aggressive,emphasis_optimality,default,presolving_fast,presolving_aggressive,heuristics_off,heuristics_fast,presolving_off,emphasis_hardlp,emphasis_easycip
neos-916792,separating_off,separating_fast,presolving_fast,emphasis_hardlp,emphasis_easycip,default,heuristics_fast,heuristics_aggressive,presolving_aggressive,separating_aggressive,presolving_off,emphasis_feasibility,heuristics_off,emphasis_optimality
neos-848150,emphasis_feasibility,separating_fast,heuristics_aggressive,presolving_fast,emphasis_hardlp,default,separating_aggressive,presolving_aggressive,heuristics_fast,emphasis_easycip,separating_off,heuristics_off,presolving_off,emphasis_optimality
neos-1437164,heuristics_aggressive,presolving_fast,separating_off,separating_fast,emphasis_feasibility,default,emphasis_hardlp,presolving_aggressive,heuristics_fast,separating_aggressive,presolving_off,emphasis_optimality,emphasis_easycip,heuristics_off
reblock67,presolving_fast,presolving_off,emphasis_hardlp,separating_fast,default,separating_off,heuristics_aggressive,heuristics_fast,emphasis_easycip,emphasis_feasibility,separating_aggressive,presolving_aggressive,emphasis_optimality,heuristics_off
berlin_5_8_0,separating_fast,presolving_off,presolving_aggressive,presolving_fast,heuristics_fast,emphasis_feasibility,default,emphasis_easycip,separating_off,emphasis_hardlp,separating_aggressive,heuristics_aggressive,emphasis_optimality,heuristics_off
ns1111636,separating_off,separating_fast,separating_aggressive,presolving_off,presolving_fast,presolving_aggressive,heuristics_aggressive,emphasis_optimality,emphasis_feasibility,default,emphasis_hardlp,emphasis_easycip,heuristics_fast,heuristics_off
neos-785899,presolving_fast,default,emphasis_hardlp,heuristics_aggressive,presolving_aggressive,presolving_off,separating_fast,heuristics_fast,emphasis_easycip,emphasis_feasibility,separating_off,separating_aggressive,emphasis_optimality,heuristics_off
neos-1467067,separating_fast,separating_off,emphasis_feasibility,default,separating_aggressive,presolving_fast,heuristics_aggressive,presolving_off,presolving_aggressive,heuristics_fast,heuristics_off,emphasis_optimality,emphasis_hardlp,emphasis_easycip
n370a,presolving_fast,separating_off,separating_fast,heuristics_aggressive,default,presolving_aggressive,presolving_off,emphasis_hardlp,emphasis_feasibility,separating_aggressive,heuristics_fast,emphasis_optimality,emphasis_easycip,heuristics_off
pg5_34,separating_fast,presolving_fast,separating_off,presolving_off,default,presolving_aggressive,emphasis_hardlp,emphasis_easycip,emphasis_feasibility,heuristics_aggressive,separating_aggressive,heuristics_fast,emphasis_optimality,heuristics_off
neos-611838,presolving_off,presolving_fast,separating_fast,presolving_aggressive,emphasis_hardlp,default,separating_off,heuristics_aggressive,emphasis_easycip,separating_aggressive,emphasis_feasibility,heuristics_fast,emphasis_optimality,heuristics_off
mcsched,heuristics_aggressive,default,separating_aggressive,presolving_fast,separating_fast,presolving_aggressive,emphasis_feasibility,separating_off,emphasis_optimality,heuristics_fast,emphasis_hardlp,heuristics_off,emphasis_easycip,presolving_off
sct1,separating_off,heuristics_aggressive,separating_fast,default,separating_aggressive,presolving_aggressive,emphasis_feasibility,presolving_fast,presolving_off,heuristics_fast,emphasis_optimality,emphasis_hardlp,emphasis_easycip,heuristics_off
sts729,separating_off,heuristics_fast,separating_fast,presolving_off,presolving_fast,default,emphasis_easycip,separating_aggressive,presolving_aggressive,heuristics_aggressive,emphasis_hardlp,emphasis_feasibility,heuristics_off,emphasis_optimality
germany50-DBM,presolving_off,separating_fast,presolving_aggressive,separating_aggressive,presolving_fast,default,separating_off,heuristics_fast,heuristics_aggressive,heuristics_off,emphasis_optimality,emphasis_feasibility,emphasis_hardlp,emphasis_easycip
neos-1126860,presolving_off,presolving_fast,emphasis_hardlp,emphasis_easycip,heuristics_fast,default,separating_off,separating_fast,separating_aggressive,presolving_aggressive,heuristics_aggressive,emphasis_optimality,emphasis_feasibility,heuristics_off
ran16x16,presolving_fast,default,emphasis_hardlp,heuristics_aggressive,presolving_aggressive,heuristics_fast,emphasis_easycip,presolving_off,separating_fast,separating_aggressive,emphasis_feasibility,emphasis_optimality,heuristics_off,separating_off
neos-933562,separating_aggressive,separating_fast,presolving_aggressive,default,separating_off,heuristics_aggressive,emphasis_feasibility,presolving_fast,emphasis_optimality,presolving_off,heuristics_fast,heuristics_off,emphasis_hardlp,emphasis_easycip
rocII-9-11,separating_fast,emphasis_feasibility,separating_off,separating_aggressive,presolving_off,presolving_fast,heuristics_off,presolving_aggressive,heuristics_fast,heuristics_aggressive,default,emphasis_optimality,emphasis_hardlp,emphasis_easycip
30n20b8,separating_off,heuristics_aggressive,emphasis_feasibility,presolving_aggressive,separating_fast,separating_aggressive,default,heuristics_off,presolving_off,presolving_fast,heuristics_fast,emphasis_optimality,emphasis_hardlp,emphasis_easycip
neos-827015,separating_fast,presolving_off,presolving_fast,separating_off,heuristics_aggressive,presolving_aggressive,emphasis_feasibility,separating_aggressive,emphasis_hardlp,default,heuristics_fast,heuristics_off,emphasis_optimality,emphasis_easycip
neos-937511,presolving_fast,separating_fast,default,separating_off,presolving_off,presolving_aggressive,separating_aggressive,emphasis_feasibility,heuristics_aggressive,emphasis_hardlp,emphasis_easycip,emphasis_optimality,heuristics_fast,heuristics_off
macrophage,separating_off,presolving_fast,presolving_aggressive,separating_fast,heuristics_aggressive,default,separating_aggressive,presolving_off,heuristics_fast,emphasis_hardlp,emphasis_feasibility,emphasis_easycip,heuristics_off,emphasis_optimality
csched010,presolving_fast,presolving_aggressive,separating_fast,separating_off,default,emphasis_easycip,separating_aggressive,heuristics_fast,heuristics_aggressive,emphasis_feasibility,presolving_off,heuristics_off,emphasis_hardlp,emphasis_optimality
markshare2,presolving_fast,separating_fast,separating_aggressive,heuristics_fast,emphasis_feasibility,presolving_aggressive,heuristics_aggressive,presolving_off,emphasis_hardlp,separating_off,heuristics_off,emphasis_optimality,emphasis_easycip,default
neos-1425699,heuristics_off,separating_off,presolving_aggressive,separating_fast,heuristics_fast,emphasis_easycip,presolving_off,default,heuristics_aggressive,emphasis_feasibility,emphasis_optimality,separating_aggressive,presolving_fast,emphasis_hardlp
neos-1121679,presolving_fast,separating_fast,separating_aggressive,heuristics_fast,emphasis_feasibility,presolving_aggressive,heuristics_aggressive,presolving_off,emphasis_hardlp,separating_off,heuristics_off,emphasis_optimality,emphasis_easycip,default
neos-631709,separating_off,presolving_fast,separating_fast,separating_aggressive,presolving_aggressive,heuristics_aggressive,emphasis_feasibility,default,presolving_off,heuristics_off,heuristics_fast,emphasis_hardlp,emphasis_optimality,emphasis_easycip
neos-906865,presolving_fast,presolving_aggressive,separating_fast,separating_off,emphasis_hardlp,emphasis_easycip,default,emphasis_feasibility,presolving_off,heuristics_aggressive,separating_aggressive,heuristics_fast,heuristics_off,emphasis_optimality
bell3a,emphasis_hardlp,presolving_fast,default,separating_fast,separating_off,presolving_aggressive,heuristics_fast,heuristics_aggressive,emphasis_easycip,emphasis_feasibility,presolving_off,separating_aggressive,heuristics_off,emphasis_optimality
rococoC11-011100,separating_fast,presolving_aggressive,presolving_fast,separating_aggressive,heuristics_aggressive,emphasis_optimality,default,separating_off,emphasis_feasibility,heuristics_fast,emphasis_hardlp,presolving_off,emphasis_easycip,heuristics_off
neos-1595230,presolving_fast,separating_aggressive,presolving_aggressive,default,separating_fast,heuristics_aggressive,heuristics_fast,emphasis_hardlp,emphasis_easycip,heuristics_off,emphasis_feasibility,presolving_off,emphasis_optimality,separating_off
opm2-z12-s7,separating_off,presolving_off,presolving_fast,separating_fast,separating_aggressive,heuristics_fast,emphasis_hardlp,emphasis_feasibility,presolving_aggressive,default,heuristics_aggressive,emphasis_easycip,heuristics_off,emphasis_optimality
neos-1061020,presolving_fast,separating_fast,presolving_aggressive,default,heuristics_fast,heuristics_aggressive,separating_aggressive,emphasis_feasibility,separating_off,presolving_off,heuristics_off,emphasis_optimality,emphasis_hardlp,emphasis_easycip
neos-839859,presolving_fast,emphasis_hardlp,presolving_off,heuristics_aggressive,separating_off,separating_fast,default,emphasis_feasibility,heuristics_fast,presolving_aggressive,separating_aggressive,emphasis_optimality,emphasis_easycip,heuristics_off
neos-584866,presolving_fast,heuristics_aggressive,separating_off,separating_fast,presolving_aggressive,default,separating_aggressive,emphasis_feasibility,heuristics_fast,emphasis_hardlp,presolving_off,heuristics_off,emphasis_easycip,emphasis_optimality
neos-595925,emphasis_feasibility,separating_fast,separating_off,presolving_aggressive,default,presolving_fast,heuristics_aggressive,separating_aggressive,emphasis_optimality,heuristics_fast,heuristics_off,presolving_off,emphasis_easycip,emphasis_hardlp
mod010,heuristics_aggressive,separating_fast,presolving_fast,default,presolving_aggressive,emphasis_hardlp,heuristics_fast,emphasis_feasibility,emphasis_easycip,presolving_off,separating_off,separating_aggressive,heuristics_off,emphasis_optimality
