danoint,separating_fast,separating_off,presolving_fast,presolving_aggressive,default,separating_aggressive,heuristics_aggressive,heuristics_fast,emphasis_hardlp,emphasis_feasibility,presolving_off,emphasis_easycip,heuristics_off,emphasis_optimality
reblock420,presolving_fast,separating_off,emphasis_hardlp,presolving_off,separating_fast,default,emphasis_easycip,emphasis_feasibility,heuristics_aggressive,heuristics_fast,separating_aggressive,presolving_aggressive,emphasis_optimality,heuristics_off
ns1631475,separating_off,separating_fast,presolving_fast,presolving_aggressive,heuristics_aggressive,emphasis_feasibility,default,separating_aggressive,presolving_off,heuristics_fast,emphasis_hardlp,emphasis_optimality,emphasis_easycip,heuristics_off
ds-big,separating_fast,separating_off,emphasis_feasibility,default,presolving_aggressive,presolving_fast,heuristics_aggressive,emphasis_hardlp,separating_aggressive,presolving_off,heuristics_fast,emphasis_easycip,emphasis_optimality,heuristics_off
neos-1622252,separating_off,separating_fast,presolving_fast,presolving_aggressive,default,separating_aggressive,heuristics_fast,heuristics_aggressive,presolving_off,emphasis_hardlp,emphasis_feasibility,emphasis_easycip,heuristics_off,emphasis_optimality
ns930473,separating_off,presolving_aggressive,separating_fast,presolving_fast,default,separating_aggressive,presolving_off,emphasis_feasibility,heuristics_fast,heuristics_aggressive,emphasis_easycip,emphasis_optimality,emphasis_hardlp,heuristics_off
bienst2,separating_fast,separating_off,presolving_fast,default,presolving_aggressive,separating_aggressive,heuristics_fast,heuristics_aggressive,emphasis_hardlp,emphasis_feasibility,emphasis_easycip,presolving_off,heuristics_off,emphasis_optimality
neos-430149,separating_fast,presolving_fast,separating_off,presolving_aggressive,default,separating_aggressive,emphasis_hardlp,emphasis_feasibility,heuristics_aggressive,presolving_off,heuristics_fast,emphasis_easycip,emphasis_optimality,heuristics_off
toll-like,separating_off,separating_fast,presolving_fast,presolving_aggressive,default,heuristics_aggressive,emphasis_feasibility,heuristics_fast,separating_aggressive,emphasis_hardlp,emphasis_easycip,presolving_off,heuristics_off,emphasis_optimality
neos-555001,separating_off,separating_fast,emphasis_feasibility,presolving_fast,separating_aggressive,heuristics_aggressive,presolving_aggressive,default,presolving_off,heuristics_fast,emphasis_hardlp,emphasis_easycip,heuristics_off,emphasis_optimality
23588,presolving_fast,separating_off,separating_fast,presolving_off,presolving_aggressive,default,emphasis_hardlp,separating_aggressive,heuristics_fast,emphasis_feasibility,heuristics_aggressive,emphasis_optimality,emphasis_easycip,heuristics_off
neos-498623,separating_fast,emphasis_feasibility,heuristics_aggressive,default,presolving_fast,presolving_aggressive,separating_off,separating_aggressive,presolving_off,emphasis_hardlp,heuristics_fast,emphasis_optimality,emphasis_easycip,heuristics_off
sts729,separating_off,heuristics_fast,presolving_fast,separating_fast,presolving_aggressive,default,emphasis_easycip,presolving_off,separating_aggressive,heuristics_aggressive,emphasis_feasibility,heuristics_off,emphasis_hardlp,emphasis_optimality
neos-595925,separating_fast,presolving_fast,default,presolving_aggressive,emphasis_feasibility,separating_off,heuristics_aggressive,separating_aggressive,presolving_off,heuristics_fast,emphasis_hardlp,emphasis_optimality,emphasis_easycip,heuristics_off
pp08a,presolving_fast,separating_fast,default,presolving_aggressive,emphasis_hardlp,heuristics_fast,separating_aggressive,presolving_off,heuristics_aggressive,emphasis_optimality,emphasis_easycip,emphasis_feasibility,separating_off,heuristics_off
neos-631710,separating_off,separating_fast,presolving_fast,presolving_aggressive,heuristics_aggressive,emphasis_feasibility,default,separating_aggressive,presolving_off,heuristics_fast,emphasis_hardlp,emphasis_optimality,emphasis_easycip,heuristics_off
vpphard,separating_off,presolving_fast,separating_fast,presolving_off,presolving_aggressive,emphasis_hardlp,heuristics_aggressive,emphasis_easycip,heuristics_fast,emphasis_feasibility,separating_aggressive,heuristics_off,default,emphasis_optimality
roll3000,separating_fast,default,presolving_fast,presolving_aggressive,heuristics_aggressive,separating_off,separating_aggressive,emphasis_feasibility,heuristics_fast,presolving_off,emphasis_hardlp,emphasis_optimality,emphasis_easycip,heuristics_off
gesa2,separating_fast,presolving_fast,default,presolving_aggressive,separating_off,heuristics_aggressive,presolving_off,separating_aggressive,emphasis_hardlp,heuristics_fast,emphasis_easycip,emphasis_optimality,emphasis_feasibility,heuristics_off
neos-1605075,separating_fast,presolving_fast,emphasis_feasibility,default,presolving_aggressive,heuristics_aggressive,emphasis_hardlp,separating_aggressive,heuristics_fast,separating_off,presolving_off,emphasis_easycip,heuristics_off,emphasis_optimality
noswot,default,separating_off,separating_fast,presolving_aggressive,separating_aggressive,presolving_fast,heuristics_aggressive,heuristics_fast,emphasis_feasibility,emphasis_hardlp,presolving_off,emphasis_easycip,heuristics_off,emphasis_optimality
neos-1599274,emphasis_feasibility,separating_fast,heuristics_aggressive,presolving_off,presolving_fast,default,presolving_aggressive,separating_aggressive,separating_off,emphasis_hardlp,emphasis_easycip,heuristics_fast,emphasis_optimality,heuristics_off
gen,presolving_fast,separating_fast,default,presolving_aggressive,heuristics_aggressive,separating_aggressive,emphasis_hardlp,heuristics_fast,separating_off,emphasis_feasibility,presolving_off,emphasis_optimality,emphasis_easycip,heuristics_off
neos-801834,separating_off,separating_fast,presolving_fast,presolving_aggressive,default,heuristics_aggressive,emphasis_feasibility,emphasis_hardlp,heuristics_fast,separating_aggressive,emphasis_easycip,presolving_off,heuristics_off,emphasis_optimality
neos-948268,separating_off,separating_fast,presolving_fast,presolving_aggressive,heuristics_aggressive,default,emphasis_feasibility,separating_aggressive,presolving_off,heuristics_fast,emphasis_hardlp,emphasis_easycip,heuristics_off,emphasis_optimality
rvb-sub,default,separating_fast,separating_off,presolving_fast,emphasis_hardlp,heuristics_aggressive,presolving_aggressive,heuristics_fast,emphasis_feasibility,emphasis_easycip,presolving_off,separating_aggressive,emphasis_optimality,heuristics_off
mas76,separating_fast,presolving_off,emphasis_hardlp,presolving_fast,emphasis_easycip,separating_off,presolving_aggressive,heuristics_fast,default,heuristics_aggressive,separating_aggressive,emphasis_feasibility,emphasis_optimality,heuristics_off
neos-1053234,separating_fast,presolving_fast,separating_off,presolving_aggressive,presolving_off,emphasis_feasibility,default,separating_aggressive,heuristics_aggressive,emphasis_optimality,emphasis_hardlp,heuristics_fast,emphasis_easycip,heuristics_off
fast0507,separating_off,separating_fast,presolving_fast,default,presolving_aggressive,presolving_off,heuristics_aggressive,heuristics_fast,emphasis_easycip,separating_aggressive,emphasis_feasibility,emphasis_hardlp,emphasis_optimality,heuristics_off
neos-1620770,separating_off,separating_fast,presolving_fast,presolving_aggressive,default,separating_aggressive,heuristics_fast,heuristics_aggressive,presolving_off,emphasis_hardlp,emphasis_feasibility,emphasis_easycip,heuristics_off,emphasis_optimality
neos-1415183,separating_off,separating_fast,presolving_fast,default,presolving_aggressive,separating_aggressive,heuristics_aggressive,emphasis_feasibility,presolving_off,heuristics_fast,emphasis_hardlp,emphasis_easycip,heuristics_off,emphasis_optimality
neos-1346382,separating_off,separating_fast,presolving_fast,presolving_aggressive,default,emphasis_feasibility,separating_aggressive,heuristics_aggressive,presolving_off,emphasis_optimality,emphasis_hardlp,heuristics_fast,emphasis_easycip,heuristics_off
neos-551991,presolving_fast,presolving_aggressive,default,separating_fast,separating_off,heuristics_aggressive,separating_aggressive,presolving_off,heuristics_fast,emphasis_feasibility,emphasis_hardlp,emphasis_easycip,heuristics_off,emphasis_optimality
dfn-gwin-UUM,presolving_off,presolving_fast,presolving_aggressive,separating_aggressive,default,separating_fast,heuristics_aggressive,separating_off,heuristics_fast,emphasis_optimality,emphasis_hardlp,emphasis_feasibility,emphasis_easycip,heuristics_off
ex1010-pi,separating_off,presolving_fast,separating_fast,default,presolving_aggressive,presolving_off,heuristics_fast,heuristics_aggressive,emphasis_easycip,separating_aggressive,emphasis_feasibility,emphasis_hardlp,emphasis_optimality,heuristics_off
neos-686190,emphasis_feasibility,default,separating_fast,heuristics_aggressive,separating_off,presolving_fast,presolving_aggressive,separating_aggressive,presolving_off,emphasis_hardlp,emphasis_easycip,heuristics_fast,heuristics_off,emphasis_optimality
neos-1324574,separating_fast,separating_off,presolving_fast,presolving_aggressive,default,heuristics_aggressive,emphasis_feasibility,separating_aggressive,presolving_off,heuristics_fast,emphasis_hardlp,emphasis_easycip,heuristics_off,emphasis_optimality
neos-655508,presolving_fast,separating_off,separating_fast,default,heuristics_aggressive,presolving_aggressive,presolving_off,emphasis_feasibility,separating_aggressive,emphasis_hardlp,heuristics_fast,emphasis_easycip,emphasis_optimality,heuristics_off
neos-1430701,separating_off,separating_fast,presolving_fast,presolving_aggressive,default,emphasis_feasibility,separating_aggressive,heuristics_aggressive,presolving_off,emphasis_optimality,emphasis_hardlp,heuristics_fast,emphasis_easycip,heuristics_off
neos-937815,separating_off,separating_fast,default,presolving_fast,separating_aggressive,presolving_off,presolving_aggressive,heuristics_aggressive,emphasis_feasibility,emphasis_hardlp,emphasis_easycip,emphasis_optimality,heuristics_fast,heuristics_off
p2756,separating_fast,presolving_fast,emphasis_hardlp,emphasis_feasibility,heuristics_aggressive,default,presolving_aggressive,separating_off,separating_aggressive,presolving_off,heuristics_fast,emphasis_optimality,emphasis_easycip,heuristics_off
neos-1426662,separating_off,separating_fast,presolving_fast,presolving_aggressive,default,emphasis_feasibility,separating_aggressive,heuristics_aggressive,presolving_off,emphasis_optimality,emphasis_hardlp,heuristics_fast,emphasis_easycip,heuristics_off
dano3_5,separating_off,separating_fast,presolving_fast,presolving_aggressive,default,separating_aggressive,emphasis_feasibility,presolving_off,heuristics_aggressive,heuristics_fast,emphasis_hardlp,emphasis_easycip,emphasis_optimality,heuristics_off
neos-933364,presolving_fast,separating_fast,presolving_aggressive,default,heuristics_aggressive,separating_aggressive,heuristics_fast,presolving_off,emphasis_hardlp,emphasis_feasibility,emphasis_optimality,separating_off,emphasis_easycip,heuristics_off
neos-611135,emphasis_feasibility,separating_fast,heuristics_aggressive,presolving_off,presolving_fast,default,presolving_aggressive,separating_aggressive,separating_off,emphasis_hardlp,emphasis_easycip,heuristics_fast,emphasis_optimality,heuristics_off
bienst1,separating_fast,separating_off,presolving_fast,presolving_aggressive,default,separating_aggressive,heuristics_fast,heuristics_aggressive,emphasis_hardlp,emphasis_feasibility,emphasis_easycip,presolving_off,heuristics_off,emphasis_optimality
neos-955800,separating_off,separating_fast,emphasis_hardlp,presolving_fast,presolving_aggressive,emphasis_feasibility,heuristics_aggressive,separating_aggressive,default,heuristics_fast,emphasis_easycip,presolving_off,heuristics_off,emphasis_optimality
neos-738098,separating_off,separating_fast,presolving_fast,presolving_aggressive,heuristics_aggressive,emphasis_feasibility,separating_aggressive,default,presolving_off,heuristics_fast,emphasis_hardlp,emphasis_easycip,heuristics_off,emphasis_optimality
van,presolving_fast,separating_off,separating_fast,presolving_aggressive,emphasis_feasibility,default,heuristics_aggressive,separating_aggressive,presolving_off,emphasis_hardlp,heuristics_fast,emphasis_optimality,emphasis_easycip,heuristics_off
mzzv11,emphasis_feasibility,separating_off,separating_fast,heuristics_aggressive,separating_aggressive,default,presolving_off,presolving_fast,presolving_aggressive,heuristics_fast,heuristics_off,emphasis_optimality,emphasis_hardlp,emphasis_easycip
neos-1330346,separating_off,separating_fast,presolving_fast,presolving_aggressive,default,separating_aggressive,heuristics_aggressive,emphasis_feasibility,presolving_off,heuristics_fast,emphasis_hardlp,emphasis_easycip,heuristics_off,emphasis_optimality
neos-555298,separating_off,separating_fast,emphasis_feasibility,presolving_fast,presolving_aggressive,heuristics_aggressive,separating_aggressive,presolving_off,default,heuristics_fast,emphasis_hardlp,emphasis_easycip,heuristics_off,emphasis_optimality
sp98ir,presolving_fast,separating_fast,presolving_aggressive,default,heuristics_aggressive,separating_aggressive,presolving_off,separating_off,emphasis_feasibility,heuristics_fast,emphasis_hardlp,emphasis_optimality,emphasis_easycip,heuristics_off
neos-1173026,separating_fast,separating_off,presolving_fast,presolving_aggressive,presolving_off,default,separating_aggressive,emphasis_feasibility,heuristics_aggressive,emphasis_hardlp,emphasis_optimality,heuristics_fast,emphasis_easycip,heuristics_off
opm2-z10-s2,presolving_fast,emphasis_hardlp,separating_off,presolving_off,separating_fast,emphasis_easycip,default,emphasis_feasibility,heuristics_aggressive,heuristics_fast,separating_aggressive,presolving_aggressive,emphasis_optimality,heuristics_off
g200x740i,presolving_fast,separating_fast,default,presolving_aggressive,heuristics_aggressive,separating_aggressive,emphasis_hardlp,presolving_off,heuristics_fast,emphasis_optimality,emphasis_feasibility,emphasis_easycip,separating_off,heuristics_off
neos-931517,presolving_fast,separating_off,separating_fast,default,presolving_aggressive,heuristics_aggressive,emphasis_feasibility,separating_aggressive,presolving_off,emphasis_hardlp,heuristics_fast,emphasis_easycip,heuristics_off,emphasis_optimality
r80x800,presolving_fast,separating_fast,default,heuristics_aggressive,presolving_aggressive,separating_aggressive,emphasis_hardlp,presolving_off,heuristics_fast,emphasis_optimality,emphasis_feasibility,emphasis_easycip,separating_off,heuristics_off
satellites3-40-fs,separating_off,separating_fast,separating_aggressive,presolving_off,presolving_fast,presolving_aggressive,heuristics_off,heuristics_fast,heuristics_aggressive,emphasis_optimality,emphasis_hardlp,emphasis_feasibility,emphasis_easycip,default
neos-593853,separating_fast,presolving_off,presolving_fast,default,presolving_aggressive,separating_off,separating_aggressive,heuristics_fast,heuristics_aggressive,emphasis_feasibility,emphasis_optimality,emphasis_hardlp,heuristics_off,emphasis_easycip
net12,separating_off,separating_fast,presolving_fast,presolving_aggressive,presolving_off,emphasis_feasibility,separating_aggressive,default,heuristics_aggressive,heuristics_fast,emphasis_optimality,emphasis_hardlp,emphasis_easycip,heuristics_off
