neos-1467067,separating_off,separating_fast,separating_aggressive,default,presolving_off,presolving_fast,presolving_aggressive,heuristics_aggressive,emphasis_feasibility,emphasis_easycip,heuristics_fast,heuristics_off,emphasis_optimality,emphasis_hardlp
neos-847051,separating_fast,presolving_off,presolving_fast,heuristics_aggressive,emphasis_hardlp,separating_aggressive,presolving_aggressive,default,emphasis_feasibility,heuristics_fast,emphasis_optimality,separating_off,emphasis_easycip,heuristics_off
rmine21,presolving_fast,emphasis_easycip,separating_off,separating_fast,presolving_off,emphasis_hardlp,separating_aggressive,heuristics_off,heuristics_fast,emphasis_optimality,presolving_aggressive,heuristics_aggressive,emphasis_feasibility,default
bab5,separating_off,separating_fast,separating_aggressive,presolving_fast,emphasis_feasibility,presolving_aggressive,heuristics_aggressive,heuristics_off,presolving_off,emphasis_optimality,emphasis_hardlp,heuristics_fast,default,emphasis_easycip
prod2,separating_fast,emphasis_hardlp,emphasis_easycip,separating_off,presolving_aggressive,separating_aggressive,presolving_off,heuristics_fast,default,presolving_fast,emphasis_feasibility,heuristics_aggressive,heuristics_off,emphasis_optimality
neos-841664,presolving_fast,default,emphasis_optimality,separating_aggressive,presolving_aggressive,heuristics_aggressive,presolving_off,separating_off,emphasis_feasibility,separating_fast,emphasis_hardlp,emphasis_easycip,heuristics_off,heuristics_fast
neos-1096528,emphasis_easycip,separating_fast,presolving_fast,separating_off,presolving_aggressive,emphasis_hardlp,heuristics_off,heuristics_fast,heuristics_aggressive,emphasis_feasibility,default,presolving_off,separating_aggressive,emphasis_optimality
fast0507,default,separating_off,separating_fast,emphasis_feasibility,heuristics_aggressive,presolving_fast,presolving_aggressive,separating_aggressive,presolving_off,heuristics_fast,emphasis_optimality,emphasis_hardlp,emphasis_easycip,heuristics_off
neos-1430811,separating_off,separating_fast,presolving_fast,separating_aggressive,heuristics_aggressive,presolving_off,presolving_aggressive,heuristics_off,heuristics_fast,emphasis_easycip,emphasis_hardlp,emphasis_feasibility,emphasis_optimality,default
neos-1427181,separating_off,separating_fast,emphasis_feasibility,heuristics_aggressive,presolving_fast,default,presolving_off,presolving_aggressive,separating_aggressive,emphasis_optimality,heuristics_off,emphasis_hardlp,heuristics_fast,emphasis_easycip
enlight13,separating_fast,heuristics_aggressive,presolving_fast,heuristics_fast,emphasis_easycip,separating_aggressive,presolving_aggressive,separating_off,presolving_off,heuristics_off,emphasis_feasibility,emphasis_optimality,emphasis_hardlp,default
mkc,separating_fast,separating_off,presolving_fast,default,presolving_off,presolving_aggressive,emphasis_feasibility,emphasis_easycip,heuristics_fast,heuristics_aggressive,emphasis_hardlp,separating_aggressive,heuristics_off,emphasis_optimality
neos-631694,heuristics_aggressive,emphasis_feasibility,presolving_fast,presolving_aggressive,emphasis_hardlp,separating_aggressive,separating_off,default,separating_fast,presolving_off,heuristics_off,emphasis_easycip,heuristics_fast,emphasis_optimality
neos-691058,separating_fast,presolving_off,presolving_aggressive,emphasis_feasibility,presolving_fast,separating_aggressive,heuristics_aggressive,separating_off,emphasis_hardlp,default,heuristics_fast,emphasis_optimality,heuristics_off,emphasis_easycip
bienst2,separating_off,emphasis_hardlp,emphasis_feasibility,heuristics_fast,presolving_fast,heuristics_off,emphasis_optimality,default,heuristics_aggressive,separating_aggressive,presolving_aggressive,separating_fast,emphasis_easycip,presolving_off
23588,separating_fast,presolving_off,emphasis_feasibility,separating_off,presolving_fast,presolving_aggressive,default,emphasis_hardlp,heuristics_aggressive,separating_aggressive,heuristics_fast,heuristics_off,emphasis_optimality,emphasis_easycip
go19,presolving_off,presolving_aggressive,separating_fast,presolving_fast,separating_off,heuristics_fast,emphasis_hardlp,emphasis_feasibility,heuristics_aggressive,emphasis_easycip,default,separating_aggressive,heuristics_off,emphasis_optimality
neos-831188,separating_fast,emphasis_feasibility,presolving_fast,presolving_aggressive,heuristics_aggressive,separating_off,presolving_off,emphasis_hardlp,heuristics_fast,default,separating_aggressive,heuristics_off,emphasis_optimality,emphasis_easycip
atm20-100,separating_aggressive,presolving_aggressive,separating_fast,emphasis_feasibility,presolving_off,heuristics_aggressive,presolving_fast,emphasis_easycip,heuristics_fast,emphasis_hardlp,default,emphasis_optimality,heuristics_off,separating_off
neos-1441553,separating_fast,emphasis_hardlp,emphasis_feasibility,default,separating_off,presolving_fast,heuristics_fast,emphasis_easycip,presolving_aggressive,heuristics_aggressive,separating_aggressive,presolving_off,heuristics_off,emphasis_optimality
neos-574665,presolving_aggressive,separating_fast,presolving_fast,emphasis_easycip,separating_off,separating_aggressive,heuristics_aggressive,emphasis_feasibility,default,presolving_off,emphasis_hardlp,heuristics_off,heuristics_fast,emphasis_optimality
neos-1311124,separating_off,separating_fast,presolving_off,emphasis_feasibility,default,heuristics_aggressive,presolving_fast,separating_aggressive,presolving_aggressive,emphasis_optimality,heuristics_fast,emphasis_hardlp,heuristics_off,emphasis_easycip
g200x740i,separating_aggressive,presolving_aggressive,default,presolving_fast,heuristics_aggressive,emphasis_hardlp,separating_fast,presolving_off,heuristics_fast,emphasis_easycip,separating_off,emphasis_optimality,heuristics_off,emphasis_feasibility
rococoC12-111000,emphasis_feasibility,separating_fast,separating_aggressive,separating_off,heuristics_aggressive,presolving_fast,presolving_aggressive,heuristics_off,heuristics_fast,default,emphasis_optimality,emphasis_hardlp,presolving_off,emphasis_easycip
circ10-3,separating_fast,separating_off,emphasis_feasibility,presolving_fast,separating_aggressive,presolving_aggressive,presolving_off,heuristics_aggressive,emphasis_easycip,default,heuristics_fast,heuristics_off,emphasis_optimality,emphasis_hardlp
rmine25,presolving_fast,emphasis_easycip,separating_off,separating_fast,emphasis_hardlp,separating_aggressive,presolving_off,heuristics_off,heuristics_fast,emphasis_optimality,presolving_aggressive,heuristics_aggressive,emphasis_feasibility,default
neos15,presolving_fast,presolving_aggressive,default,presolving_off,heuristics_fast,emphasis_hardlp,emphasis_feasibility,emphasis_easycip,separating_fast,separating_aggressive,separating_off,heuristics_aggressive,emphasis_optimality,heuristics_off
stockholm,separating_off,presolving_fast,presolving_off,presolving_aggressive,heuristics_aggressive,emphasis_easycip,default,separating_aggressive,heuristics_fast,emphasis_hardlp,separating_fast,emphasis_feasibility,emphasis_optimality,heuristics_off
gen,presolving_off,presolving_fast,presolving_aggressive,heuristics_fast,emphasis_hardlp,separating_off,separating_fast,heuristics_aggressive,separating_aggressive,emphasis_easycip,default,heuristics_off,emphasis_optimality,emphasis_feasibility
vpphard,separating_off,separating_fast,heuristics_aggressive,emphasis_feasibility,emphasis_easycip,separating_aggressive,presolving_fast,presolving_aggressive,default,presolving_off,heuristics_fast,heuristics_off,emphasis_optimality,emphasis_hardlp
binkar10_1,separating_aggressive,presolving_fast,presolving_aggressive,separating_fast,heuristics_aggressive,emphasis_feasibility,presolving_off,emphasis_easycip,heuristics_fast,emphasis_hardlp,default,separating_off,heuristics_off,emphasis_optimality
neos-1430701,separating_fast,separating_off,emphasis_feasibility,presolving_fast,default,separating_aggressive,presolving_aggressive,heuristics_aggressive,heuristics_fast,emphasis_hardlp,emphasis_easycip,presolving_off,heuristics_off,emphasis_optimality
p0033,emphasis_hardlp,emphasis_easycip,separating_off,separating_fast,presolving_aggressive,presolving_off,presolving_fast,heuristics_off,heuristics_fast,default,separating_aggressive,heuristics_aggressive,emphasis_feasibility,emphasis_optimality
ran16x16,separating_aggressive,presolving_fast,presolving_aggressive,heuristics_aggressive,default,heuristics_fast,presolving_off,emphasis_optimality,emphasis_hardlp,heuristics_off,emphasis_easycip,separating_fast,emphasis_feasibility,separating_off
10teams,heuristics_aggressive,presolving_aggressive,heuristics_fast,default,presolving_fast,heuristics_off,emphasis_feasibility,separating_fast,separating_aggressive,presolving_off,emphasis_optimality,emphasis_hardlp,separating_off,emphasis_easycip
ns1696083,separating_fast,separating_off,emphasis_feasibility,heuristics_off,heuristics_aggressive,heuristics_fast,separating_aggressive,presolving_aggressive,emphasis_easycip,default,presolving_off,emphasis_hardlp,presolving_fast,emphasis_optimality
neos-595904,emphasis_feasibility,separating_fast,presolving_fast,separating_off,presolving_off,heuristics_aggressive,emphasis_easycip,presolving_aggressive,emphasis_hardlp,default,separating_aggressive,heuristics_fast,emphasis_optimality,heuristics_off
neos-931517,presolving_fast,heuristics_aggressive,default,separating_fast,separating_aggressive,presolving_aggressive,presolving_off,emphasis_feasibility,heuristics_fast,separating_off,emphasis_hardlp,emphasis_easycip,heuristics_off,emphasis_optimality
neos-916792,separating_fast,separating_off,presolving_fast,default,presolving_aggressive,heuristics_aggressive,emphasis_feasibility,separating_aggressive,presolving_off,emphasis_optimality,emphasis_easycip,emphasis_hardlp,heuristics_fast,heuristics_off
neos-937511,separating_off,presolving_off,default,presolving_fast,separating_fast,separating_aggressive,presolving_aggressive,emphasis_feasibility,heuristics_aggressive,emphasis_easycip,emphasis_hardlp,heuristics_fast,emphasis_optimality,heuristics_off
neos-1330346,separating_aggressive,separating_fast,presolving_fast,default,separating_off,emphasis_hardlp,presolving_aggressive,heuristics_aggressive,presolving_off,heuristics_fast,emphasis_feasibility,emphasis_optimality,heuristics_off,emphasis_easycip
neos-1593097,separating_off,separating_fast,default,presolving_fast,separating_aggressive,presolving_aggressive,emphasis_feasibility,emphasis_easycip,emphasis_optimality,heuristics_off,heuristics_fast,heuristics_aggressive,presolving_off,emphasis_hardlp
neos-942830,default,emphasis_feasibility,separating_off,separating_fast,presolving_off,presolving_fast,presolving_aggressive,emphasis_hardlp,heuristics_fast,separating_aggressive,heuristics_off,heuristics_aggressive,emphasis_optimality,emphasis_easycip
neos-1436713,separating_off,emphasis_feasibility,separating_fast,heuristics_aggressive,presolving_fast,default,separating_aggressive,presolving_aggressive,presolving_off,emphasis_optimality,emphasis_hardlp,heuristics_fast,emphasis_easycip,heuristics_off
neos-1622252,presolving_fast,heuristics_fast,separating_fast,emphasis_hardlp,emphasis_easycip,default,emphasis_feasibility,separating_off,separating_aggressive,presolving_aggressive,heuristics_off,heuristics_aggressive,presolving_off,emphasis_optimality
neos-1620770,presolving_fast,heuristics_fast,emphasis_hardlp,emphasis_easycip,default,separating_fast,emphasis_feasibility,separating_off,separating_aggressive,presolving_aggressive,heuristics_off,heuristics_aggressive,presolving_off,emphasis_optimality
bienst1,separating_off,presolving_fast,heuristics_fast,emphasis_feasibility,separating_fast,emphasis_optimality,emphasis_hardlp,separating_aggressive,presolving_aggressive,default,heuristics_aggressive,presolving_off,heuristics_off,emphasis_easycip
mitre,separating_fast,default,separating_off,emphasis_easycip,presolving_aggressive,presolving_off,heuristics_off,heuristics_aggressive,emphasis_feasibility,heuristics_fast,separating_aggressive,emphasis_hardlp,presolving_fast,emphasis_optimality
neos-1425699,separating_fast,presolving_aggressive,heuristics_fast,separating_off,heuristics_off,emphasis_hardlp,emphasis_easycip,presolving_fast,default,presolving_off,emphasis_feasibility,separating_aggressive,emphasis_optimality,heuristics_aggressive
p0548,presolving_fast,heuristics_aggressive,default,presolving_off,emphasis_easycip,separating_off,separating_aggressive,heuristics_fast,separating_fast,presolving_aggressive,emphasis_hardlp,emphasis_feasibility,emphasis_optimality,heuristics_off
neos-957389,emphasis_hardlp,separating_off,separating_fast,default,presolving_fast,heuristics_fast,separating_aggressive,emphasis_feasibility,emphasis_easycip,heuristics_off,heuristics_aggressive,presolving_aggressive,presolving_off,emphasis_optimality
gmu-35-40,separating_fast,presolving_aggressive,presolving_fast,default,emphasis_feasibility,presolving_off,emphasis_hardlp,emphasis_easycip,heuristics_aggressive,heuristics_fast,separating_off,separating_aggressive,emphasis_optimality,heuristics_off
neos-1211578,heuristics_off,presolving_aggressive,heuristics_fast,emphasis_hardlp,separating_fast,separating_off,default,emphasis_feasibility,emphasis_easycip,separating_aggressive,presolving_fast,heuristics_aggressive,emphasis_optimality,presolving_off
egout,emphasis_hardlp,separating_fast,heuristics_fast,default,presolving_fast,presolving_aggressive,emphasis_optimality,emphasis_easycip,separating_aggressive,heuristics_off,heuristics_aggressive,presolving_off,separating_off,emphasis_feasibility
neos-892255,emphasis_hardlp,separating_off,separating_aggressive,emphasis_feasibility,default,heuristics_fast,presolving_fast,presolving_aggressive,heuristics_aggressive,emphasis_optimality,emphasis_easycip,separating_fast,presolving_off,heuristics_off
neos-1460246,default,presolving_aggressive,emphasis_hardlp,separating_fast,emphasis_easycip,presolving_fast,heuristics_fast,heuristics_aggressive,heuristics_off,separating_aggressive,presolving_off,separating_off,emphasis_feasibility,emphasis_optimality
mine-166-5,emphasis_hardlp,separating_off,separating_fast,emphasis_feasibility,presolving_fast,heuristics_aggressive,emphasis_easycip,default,heuristics_fast,presolving_off,heuristics_off,separating_aggressive,presolving_aggressive,emphasis_optimality
neos13,emphasis_feasibility,presolving_fast,separating_off,separating_fast,presolving_off,heuristics_aggressive,presolving_aggressive,separating_aggressive,default,emphasis_optimality,heuristics_fast,heuristics_off,emphasis_hardlp,emphasis_easycip
sing161,separating_off,separating_fast,separating_aggressive,presolving_off,presolving_fast,presolving_aggressive,heuristics_off,heuristics_fast,heuristics_aggressive,emphasis_optimality,emphasis_hardlp,emphasis_feasibility,emphasis_easycip,default
m100n500k4r1,default,separating_off,separating_aggressive,presolving_aggressive,separating_fast,heuristics_aggressive,emphasis_hardlp,presolving_off,presolving_fast,heuristics_fast,emphasis_feasibility,emphasis_easycip,heuristics_off,emphasis_optimality
neos-839859,heuristics_aggressive,emphasis_hardlp,separating_fast,emphasis_optimality,presolving_off,emphasis_feasibility,emphasis_easycip,separating_off,presolving_aggressive,presolving_fast,default,heuristics_fast,separating_aggressive,heuristics_off
