neos-633273,separating_fast,separating_off,default,emphasis_feasibility,heuristics_aggressive,presolving_aggressive,heuristics_fast,heuristics_off,separating_aggressive,presolving_fast,emphasis_optimality,emphasis_hardlp,emphasis_easycip,presolving_off
sp98ar,presolving_off,presolving_fast,default,separating_fast,separating_off,separating_aggressive,presolving_aggressive,heuristics_fast,heuristics_aggressive,emphasis_feasibility,emphasis_hardlp,emphasis_optimality,emphasis_easycip,heuristics_off
mspp16,separating_off,separating_fast,separating_aggressive,presolving_fast,presolving_aggressive,heuristics_aggressive,heuristics_fast,emphasis_feasibility,heuristics_off,emphasis_easycip,default,emphasis_hardlp,presolving_off,emphasis_optimality
neos-555298,separating_off,separating_fast,presolving_off,presolving_fast,emphasis_feasibility,emphasis_hardlp,presolving_aggressive,heuristics_aggressive,heuristics_off,emphasis_easycip,separating_aggressive,heuristics_fast,default,emphasis_optimality
bg512142,emphasis_hardlp,default,presolving_fast,presolving_aggressive,separating_fast,heuristics_aggressive,heuristics_fast,separating_aggressive,presolving_off,emphasis_easycip,emphasis_feasibility,separating_off,emphasis_optimality,heuristics_off
triptim2,separating_off,separating_fast,presolving_off,presolving_fast,presolving_aggressive,separating_aggressive,heuristics_fast,heuristics_aggressive,emphasis_hardlp,emphasis_feasibility,heuristics_off,emphasis_easycip,default,emphasis_optimality
reblock354,presolving_fast,separating_off,presolving_off,emphasis_hardlp,separating_fast,default,emphasis_easycip,presolving_aggressive,heuristics_aggressive,separating_aggressive,heuristics_fast,emphasis_feasibility,heuristics_off,emphasis_optimality
ger50_17_trans,presolving_off,presolving_fast,presolving_aggressive,separating_off,default,separating_fast,separating_aggressive,emphasis_optimality,heuristics_off,heuristics_fast,heuristics_aggressive,emphasis_hardlp,emphasis_feasibility,emphasis_easycip
neos-555343,separating_off,separating_fast,presolving_fast,presolving_aggressive,emphasis_hardlp,emphasis_feasibility,default,separating_aggressive,heuristics_fast,emphasis_easycip,heuristics_aggressive,presolving_off,heuristics_off,emphasis_optimality
n370a,separating_fast,presolving_fast,separating_off,heuristics_aggressive,default,presolving_aggressive,presolving_off,emphasis_hardlp,separating_aggressive,emphasis_feasibility,heuristics_fast,emphasis_optimality,emphasis_easycip,heuristics_off
sing359,separating_off,separating_fast,separating_aggressive,presolving_off,presolving_fast,presolving_aggressive,heuristics_fast,heuristics_aggressive,emphasis_optimality,heuristics_off,emphasis_hardlp,emphasis_feasibility,emphasis_easycip,default
neos-775946,separating_fast,emphasis_feasibility,presolving_aggressive,default,heuristics_aggressive,emphasis_hardlp,separating_off,presolving_fast,separating_aggressive,heuristics_fast,emphasis_easycip,presolving_off,emphasis_optimality,heuristics_off
bienst1,presolving_fast,presolving_aggressive,separating_fast,default,emphasis_hardlp,separating_off,heuristics_aggressive,emphasis_easycip,heuristics_fast,emphasis_feasibility,presolving_off,separating_aggressive,heuristics_off,emphasis_optimality
neos-847051,default,separating_fast,presolving_fast,presolving_aggressive,separating_off,separating_aggressive,heuristics_aggressive,heuristics_fast,presolving_off,emphasis_hardlp,emphasis_feasibility,emphasis_easycip,emphasis_optimality,heuristics_off
neos-916792,presolving_fast,separating_off,separating_fast,emphasis_hardlp,emphasis_easycip,heuristics_fast,default,presolving_aggressive,heuristics_aggressive,separating_aggressive,emphasis_feasibility,heuristics_off,presolving_off,emphasis_optimality
lectsched-1-obj,heuristics_aggressive,emphasis_feasibility,separating_off,separating_fast,presolving_aggressive,default,separating_aggressive,presolving_fast,heuristics_fast,emphasis_easycip,heuristics_off,emphasis_optimality,emphasis_hardlp,presolving_off
l152lav,heuristics_aggressive,default,separating_fast,emphasis_hardlp,emphasis_feasibility,presolving_aggressive,emphasis_easycip,separating_off,presolving_fast,heuristics_fast,presolving_off,heuristics_off,separating_aggressive,emphasis_optimality
neos-1439395,separating_off,separating_fast,default,emphasis_feasibility,presolving_fast,presolving_aggressive,separating_aggressive,heuristics_aggressive,presolving_off,emphasis_optimality,emphasis_hardlp,heuristics_fast,emphasis_easycip,heuristics_off
neos-808072,heuristics_aggressive,emphasis_feasibility,separating_fast,presolving_fast,default,presolving_off,presolving_aggressive,separating_aggressive,separating_off,heuristics_fast,emphasis_hardlp,emphasis_easycip,heuristics_off,emphasis_optimality
neos-826650,separating_off,presolving_fast,heuristics_aggressive,separating_fast,presolving_aggressive,default,emphasis_feasibility,separating_aggressive,emphasis_hardlp,emphasis_easycip,presolving_off,heuristics_fast,emphasis_optimality,heuristics_off
neos18,separating_off,separating_fast,presolving_aggressive,heuristics_fast,default,presolving_fast,separating_aggressive,heuristics_aggressive,emphasis_easycip,emphasis_feasibility,emphasis_hardlp,heuristics_off,emphasis_optimality,presolving_off
neos-1460543,emphasis_feasibility,separating_fast,presolving_fast,separating_off,heuristics_aggressive,presolving_off,separating_aggressive,presolving_aggressive,default,emphasis_optimality,emphasis_hardlp,emphasis_easycip,heuristics_fast,heuristics_off
neos-555884,separating_off,separating_fast,presolving_off,presolving_fast,separating_aggressive,presolving_aggressive,emphasis_feasibility,heuristics_aggressive,default,emphasis_hardlp,emphasis_easycip,heuristics_fast,heuristics_off,emphasis_optimality
swath,separating_fast,emphasis_feasibility,presolving_aggressive,separating_off,heuristics_aggressive,presolving_fast,default,separating_aggressive,presolving_off,emphasis_optimality,emphasis_easycip,emphasis_hardlp,heuristics_fast,heuristics_off
neos-522351,presolving_fast,presolving_aggressive,default,separating_aggressive,separating_fast,heuristics_aggressive,emphasis_hardlp,separating_off,presolving_off,emphasis_optimality,heuristics_fast,emphasis_feasibility,emphasis_easycip,heuristics_off
khb05250,presolving_fast,presolving_aggressive,default,presolving_off,emphasis_hardlp,separating_fast,separating_aggressive,heuristics_fast,heuristics_aggressive,emphasis_easycip,emphasis_optimality,separating_off,heuristics_off,emphasis_feasibility
stp3d,separating_off,separating_fast,presolving_fast,presolving_off,presolving_aggressive,heuristics_aggressive,emphasis_feasibility,separating_aggressive,emphasis_hardlp,heuristics_fast,emphasis_easycip,default,heuristics_off,emphasis_optimality
neos-826224,heuristics_aggressive,separating_off,emphasis_feasibility,separating_fast,presolving_off,presolving_fast,default,presolving_aggressive,emphasis_hardlp,emphasis_easycip,separating_aggressive,heuristics_off,heuristics_fast,emphasis_optimality
ns4-pr3,presolving_fast,heuristics_aggressive,separating_fast,presolving_off,presolving_aggressive,default,separating_off,heuristics_fast,emphasis_easycip,separating_aggressive,emphasis_hardlp,emphasis_feasibility,emphasis_optimality,heuristics_off
neos-1445755,separating_off,separating_fast,heuristics_fast,emphasis_feasibility,default,heuristics_aggressive,separating_aggressive,heuristics_off,emphasis_optimality,presolving_off,presolving_fast,emphasis_hardlp,emphasis_easycip,presolving_aggressive
neos-525149,emphasis_hardlp,emphasis_easycip,presolving_aggressive,heuristics_fast,emphasis_feasibility,separating_fast,default,separating_off,heuristics_aggressive,presolving_fast,presolving_off,emphasis_optimality,separating_aggressive,heuristics_off
neos-849702,emphasis_feasibility,separating_fast,heuristics_aggressive,presolving_fast,default,presolving_off,separating_off,presolving_aggressive,emphasis_hardlp,separating_aggressive,emphasis_easycip,heuristics_fast,heuristics_off,emphasis_optimality
msc98-ip,separating_off,separating_fast,emphasis_feasibility,presolving_fast,separating_aggressive,heuristics_aggressive,presolving_aggressive,emphasis_hardlp,default,emphasis_optimality,presolving_off,heuristics_off,heuristics_fast,emphasis_easycip
neos-885524,separating_fast,presolving_off,presolving_aggressive,default,separating_off,presolving_fast,separating_aggressive,emphasis_feasibility,heuristics_aggressive,emphasis_optimality,heuristics_fast,emphasis_hardlp,emphasis_easycip,heuristics_off
neos-1451294,presolving_fast,separating_fast,presolving_aggressive,separating_aggressive,default,heuristics_aggressive,separating_off,presolving_off,emphasis_feasibility,emphasis_hardlp,heuristics_fast,emphasis_easycip,heuristics_off,emphasis_optimality
rmatr100-p5,presolving_off,emphasis_hardlp,presolving_fast,separating_fast,presolving_aggressive,emphasis_feasibility,default,heuristics_aggressive,emphasis_easycip,separating_aggressive,separating_off,heuristics_fast,emphasis_optimality,heuristics_off
gesa2,separating_fast,default,separating_off,presolving_fast,presolving_aggressive,heuristics_aggressive,emphasis_feasibility,presolving_off,separating_aggressive,heuristics_fast,emphasis_optimality,emphasis_hardlp,emphasis_easycip,heuristics_off
n3705,presolving_fast,separating_fast,heuristics_aggressive,default,separating_off,presolving_aggressive,presolving_off,emphasis_hardlp,separating_aggressive,emphasis_feasibility,heuristics_fast,emphasis_optimality,emphasis_easycip,heuristics_off
neos-1582420,default,emphasis_hardlp,separating_fast,presolving_fast,separating_off,presolving_aggressive,emphasis_easycip,heuristics_fast,emphasis_feasibility,heuristics_aggressive,separating_aggressive,presolving_off,emphasis_optimality,heuristics_off
neos-1603518,separating_fast,presolving_aggressive,separating_off,separating_aggressive,presolving_fast,heuristics_aggressive,presolving_off,heuristics_fast,emphasis_feasibility,default,heuristics_off,emphasis_hardlp,emphasis_easycip,emphasis_optimality
roll3000,default,separating_fast,presolving_fast,presolving_aggressive,separating_off,separating_aggressive,heuristics_aggressive,heuristics_fast,presolving_off,emphasis_feasibility,emphasis_optimality,emphasis_easycip,emphasis_hardlp,heuristics_off
modglob,presolving_fast,default,presolving_aggressive,presolving_off,emphasis_hardlp,separating_aggressive,heuristics_aggressive,emphasis_easycip,separating_fast,heuristics_fast,separating_off,emphasis_optimality,emphasis_feasibility,heuristics_off
a1c1s1,presolving_fast,emphasis_hardlp,presolving_aggressive,separating_fast,default,separating_off,emphasis_easycip,separating_aggressive,heuristics_fast,presolving_off,heuristics_aggressive,emphasis_optimality,emphasis_feasibility,heuristics_off
neos-1062641,separating_fast,default,separating_off,heuristics_aggressive,presolving_fast,separating_aggressive,emphasis_feasibility,presolving_aggressive,emphasis_hardlp,presolving_off,emphasis_easycip,heuristics_fast,emphasis_optimality,heuristics_off
lseu,default,presolving_fast,emphasis_hardlp,presolving_aggressive,emphasis_easycip,heuristics_fast,separating_fast,heuristics_aggressive,emphasis_feasibility,presolving_off,separating_aggressive,separating_off,heuristics_off,emphasis_optimality
neos-631164,emphasis_feasibility,presolving_fast,separating_off,presolving_aggressive,heuristics_aggressive,separating_aggressive,default,presolving_off,separating_fast,emphasis_optimality,emphasis_hardlp,heuristics_off,heuristics_fast,emphasis_easycip
neos-1593097,separating_off,emphasis_feasibility,separating_fast,presolving_off,presolving_fast,separating_aggressive,presolving_aggressive,heuristics_aggressive,default,heuristics_off,heuristics_fast,emphasis_optimality,emphasis_hardlp,emphasis_easycip
mining,separating_off,presolving_off,presolving_fast,separating_fast,heuristics_fast,heuristics_aggressive,emphasis_hardlp,emphasis_feasibility,presolving_aggressive,heuristics_off,separating_aggressive,emphasis_optimality,emphasis_easycip,default
lrn,separating_fast,separating_off,presolving_fast,separating_aggressive,presolving_off,presolving_aggressive,emphasis_hardlp,default,emphasis_optimality,heuristics_aggressive,heuristics_off,heuristics_fast,emphasis_feasibility,emphasis_easycip
d10200,separating_off,separating_fast,separating_aggressive,presolving_fast,presolving_off,heuristics_fast,presolving_aggressive,heuristics_off,heuristics_aggressive,emphasis_feasibility,default,emphasis_optimality,emphasis_hardlp,emphasis_easycip
neos-810286,heuristics_aggressive,emphasis_feasibility,presolving_fast,emphasis_hardlp,presolving_off,heuristics_fast,emphasis_easycip,default,separating_off,separating_aggressive,separating_fast,presolving_aggressive,heuristics_off,emphasis_optimality
neos-1429212,separating_off,separating_fast,presolving_fast,emphasis_hardlp,presolving_aggressive,default,heuristics_fast,emphasis_easycip,emphasis_feasibility,separating_aggressive,heuristics_aggressive,presolving_off,emphasis_optimality,heuristics_off
neos-935496,separating_fast,default,separating_aggressive,separating_off,presolving_aggressive,presolving_fast,emphasis_feasibility,heuristics_fast,heuristics_aggressive,emphasis_optimality,emphasis_hardlp,emphasis_easycip,presolving_off,heuristics_off
neos-881765,separating_fast,emphasis_feasibility,presolving_fast,presolving_aggressive,heuristics_aggressive,emphasis_hardlp,default,separating_off,emphasis_easycip,separating_aggressive,heuristics_off,heuristics_fast,presolving_off,emphasis_optimality
neos-905856,separating_fast,presolving_fast,emphasis_feasibility,presolving_aggressive,heuristics_aggressive,emphasis_hardlp,default,separating_off,separating_aggressive,heuristics_fast,emphasis_easycip,presolving_off,heuristics_off,emphasis_optimality
neos-598183,separating_fast,emphasis_feasibility,separating_off,presolving_aggressive,heuristics_aggressive,presolving_off,presolving_fast,emphasis_optimality,default,separating_aggressive,emphasis_hardlp,heuristics_fast,heuristics_off,emphasis_easycip
neos-583731,emphasis_hardlp,emphasis_feasibility,presolving_off,presolving_fast,heuristics_aggressive,emphasis_easycip,separating_off,default,presolving_aggressive,separating_fast,heuristics_fast,separating_aggressive,heuristics_off,emphasis_optimality
neos-960392,separating_off,separating_fast,separating_aggressive,presolving_off,presolving_fast,presolving_aggressive,heuristics_aggressive,emphasis_feasibility,default,emphasis_optimality,emphasis_hardlp,emphasis_easycip,heuristics_fast,heuristics_off
neos-937815,presolving_fast,separating_off,separating_fast,default,separating_aggressive,presolving_off,presolving_aggressive,heuristics_aggressive,emphasis_feasibility,emphasis_hardlp,emphasis_easycip,emphasis_optimality,heuristics_fast,heuristics_off
neos-807705,emphasis_hardlp,heuristics_fast,heuristics_off,separating_off,separating_fast,emphasis_easycip,separating_aggressive,presolving_aggressive,default,presolving_fast,presolving_off,heuristics_aggressive,emphasis_feasibility,emphasis_optimality
air04,separating_fast,heuristics_aggressive,presolving_fast,presolving_off,presolving_aggressive,emphasis_feasibility,default,emphasis_hardlp,separating_off,emphasis_easycip,separating_aggressive,heuristics_fast,heuristics_off,emphasis_optimality
