disctom,heuristics_aggressive,default,presolving_fast,presolving_aggressive,emphasis_easycip,emphasis_hardlp,separating_aggressive,emphasis_feasibility,heuristics_fast,presolving_off,emphasis_optimality,separating_fast,heuristics_off,separating_off
neos-941782,separating_fast,separating_aggressive,presolving_fast,presolving_aggressive,emphasis_feasibility,default,heuristics_aggressive,presolving_off,separating_off,heuristics_fast,emphasis_hardlp,heuristics_off,emphasis_optimality,emphasis_easycip
neos-522351,presolving_fast,emphasis_hardlp,default,presolving_aggressive,heuristics_aggressive,heuristics_fast,separating_fast,separating_aggressive,presolving_off,emphasis_easycip,emphasis_optimality,emphasis_feasibility,separating_off,heuristics_off
neos-506422,separating_off,presolving_fast,separating_fast,presolving_off,heuristics_aggressive,emphasis_feasibility,default,presolving_aggressive,emphasis_hardlp,heuristics_fast,separating_aggressive,emphasis_optimality,emphasis_easycip,heuristics_off
t1717,heuristics_aggressive,separating_fast,emphasis_feasibility,default,separating_off,separating_aggressive,presolving_off,presolving_fast,presolving_aggressive,emphasis_optimality,heuristics_fast,heuristics_off,emphasis_hardlp,emphasis_easycip
neos-1582420,separating_off,default,emphasis_hardlp,presolving_fast,separating_fast,heuristics_fast,heuristics_aggressive,presolving_aggressive,emphasis_easycip,emphasis_feasibility,separating_aggressive,emphasis_optimality,presolving_off,heuristics_off
neos-1415183,presolving_fast,heuristics_aggressive,separating_off,separating_fast,presolving_aggressive,emphasis_feasibility,emphasis_hardlp,default,separating_aggressive,heuristics_fast,presolving_off,emphasis_easycip,heuristics_off,emphasis_optimality
neos-1228986,separating_off,separating_fast,default,emphasis_feasibility,presolving_fast,presolving_aggressive,separating_aggressive,heuristics_aggressive,heuristics_fast,emphasis_hardlp,presolving_off,emphasis_optimality,emphasis_easycip,heuristics_off
neos-584866,presolving_fast,heuristics_aggressive,separating_off,presolving_aggressive,default,separating_fast,separating_aggressive,emphasis_feasibility,emphasis_hardlp,presolving_off,heuristics_fast,emphasis_easycip,heuristics_off,emphasis_optimality
neos-1622252,presolving_fast,heuristics_aggressive,separating_aggressive,presolving_aggressive,emphasis_hardlp,default,separating_fast,heuristics_fast,emphasis_feasibility,emphasis_easycip,separating_off,presolving_off,heuristics_off,emphasis_optimality
30n20b8,separating_off,heuristics_aggressive,emphasis_feasibility,separating_fast,presolving_aggressive,default,presolving_fast,separating_aggressive,presolving_off,heuristics_off,heuristics_fast,emphasis_optimality,emphasis_hardlp,emphasis_easycip
tr12-30,presolving_fast,emphasis_hardlp,default,presolving_aggressive,heuristics_aggressive,heuristics_fast,separating_aggressive,emphasis_easycip,separating_fast,presolving_off,emphasis_optimality,emphasis_feasibility,heuristics_off,separating_off
map20,separating_off,separating_fast,emphasis_feasibility,default,separating_aggressive,presolving_fast,presolving_aggressive,heuristics_fast,heuristics_aggressive,emphasis_hardlp,presolving_off,emphasis_easycip,emphasis_optimality,heuristics_off
pigeon-12,separating_off,separating_fast,emphasis_hardlp,presolving_fast,presolving_aggressive,emphasis_feasibility,presolving_off,emphasis_easycip,default,separating_aggressive,heuristics_fast,heuristics_aggressive,heuristics_off,emphasis_optimality
neos-512201,separating_fast,presolving_fast,separating_off,default,presolving_aggressive,emphasis_feasibility,separating_aggressive,heuristics_aggressive,heuristics_fast,emphasis_hardlp,presolving_off,emphasis_easycip,emphasis_optimality,heuristics_off
mzzv42z,emphasis_feasibility,separating_off,separating_fast,separating_aggressive,presolving_off,heuristics_aggressive,presolving_fast,presolving_aggressive,emphasis_hardlp,default,heuristics_fast,emphasis_easycip,heuristics_off,emphasis_optimality
nb10tb,presolving_off,presolving_fast,separating_off,separating_fast,emphasis_feasibility,presolving_aggressive,heuristics_aggressive,separating_aggressive,emphasis_hardlp,default,emphasis_easycip,heuristics_fast,emphasis_optimality,heuristics_off
neos-520729,separating_fast,presolving_aggressive,separating_off,separating_aggressive,heuristics_aggressive,presolving_fast,presolving_off,heuristics_fast,emphasis_optimality,default,emphasis_feasibility,heuristics_off,emphasis_hardlp,emphasis_easycip
neos-1430811,separating_off,presolving_fast,separating_fast,presolving_off,heuristics_fast,presolving_aggressive,heuristics_aggressive,emphasis_hardlp,emphasis_optimality,separating_aggressive,default,emphasis_easycip,emphasis_feasibility,heuristics_off
iis-pima-cov,separating_off,presolving_off,presolving_fast,default,separating_fast,heuristics_fast,heuristics_aggressive,presolving_aggressive,emphasis_easycip,emphasis_hardlp,separating_aggressive,emphasis_feasibility,emphasis_optimality,heuristics_off
vpm2,default,emphasis_hardlp,presolving_aggressive,presolving_fast,heuristics_fast,separating_fast,separating_aggressive,emphasis_easycip,heuristics_aggressive,separating_off,presolving_off,emphasis_optimality,emphasis_feasibility,heuristics_off
neos-1223462,emphasis_feasibility,presolving_off,presolving_fast,separating_off,separating_fast,heuristics_aggressive,emphasis_hardlp,default,separating_aggressive,presolving_aggressive,emphasis_easycip,heuristics_fast,heuristics_off,emphasis_optimality
neos-1121679,separating_fast,separating_aggressive,separating_off,presolving_off,presolving_fast,presolving_aggressive,heuristics_off,heuristics_fast,heuristics_aggressive,emphasis_optimality,emphasis_feasibility,emphasis_hardlp,emphasis_easycip,default
neos-1171737,separating_off,presolving_off,separating_fast,presolving_fast,emphasis_feasibility,presolving_aggressive,default,separating_aggressive,heuristics_aggressive,emphasis_hardlp,emphasis_easycip,heuristics_fast,emphasis_optimality,heuristics_off
dano3_5,presolving_aggressive,presolving_fast,separating_fast,presolving_off,separating_off,default,separating_aggressive,heuristics_aggressive,heuristics_fast,emphasis_hardlp,emphasis_optimality,emphasis_feasibility,emphasis_easycip,heuristics_off
app1-2,separating_off,presolving_fast,presolving_off,separating_aggressive,presolving_aggressive,heuristics_aggressive,separating_fast,default,emphasis_optimality,heuristics_fast,emphasis_hardlp,emphasis_feasibility,heuristics_off,emphasis_easycip
neos-935496,separating_fast,separating_aggressive,separating_off,presolving_aggressive,default,presolving_fast,emphasis_feasibility,heuristics_fast,heuristics_aggressive,emphasis_optimality,emphasis_hardlp,presolving_off,emphasis_easycip,heuristics_off
neos-960392,separating_off,separating_fast,separating_aggressive,presolving_off,presolving_fast,presolving_aggressive,heuristics_aggressive,emphasis_feasibility,heuristics_fast,emphasis_hardlp,default,heuristics_off,emphasis_optimality,emphasis_easycip
momentum1,separating_fast,separating_off,presolving_off,emphasis_feasibility,presolving_fast,heuristics_aggressive,separating_aggressive,heuristics_fast,emphasis_optimality,default,emphasis_hardlp,emphasis_easycip,presolving_aggressive,heuristics_off
neos-948268,presolving_fast,heuristics_aggressive,separating_off,emphasis_hardlp,separating_fast,emphasis_feasibility,default,presolving_aggressive,separating_aggressive,presolving_off,heuristics_fast,emphasis_easycip,heuristics_off,emphasis_optimality
dc1l,presolving_off,presolving_fast,separating_fast,presolving_aggressive,heuristics_aggressive,separating_aggressive,emphasis_feasibility,heuristics_fast,emphasis_hardlp,emphasis_optimality,emphasis_easycip,default,separating_off,heuristics_off
neos-856059,separating_off,presolving_fast,default,separating_fast,separating_aggressive,presolving_off,heuristics_fast,emphasis_hardlp,emphasis_easycip,presolving_aggressive,heuristics_aggressive,emphasis_feasibility,heuristics_off,emphasis_optimality
neos-1489999,presolving_fast,default,heuristics_fast,separating_off,separating_fast,presolving_aggressive,separating_aggressive,emphasis_hardlp,emphasis_easycip,presolving_off,heuristics_aggressive,emphasis_feasibility,emphasis_optimality,heuristics_off
net12,separating_fast,separating_off,presolving_off,presolving_fast,emphasis_feasibility,presolving_aggressive,separating_aggressive,heuristics_aggressive,emphasis_hardlp,heuristics_off,heuristics_fast,emphasis_optimality,emphasis_easycip,default
neos-1605075,separating_fast,presolving_fast,heuristics_aggressive,separating_aggressive,presolving_off,separating_off,presolving_aggressive,emphasis_feasibility,default,heuristics_fast,emphasis_hardlp,heuristics_off,emphasis_optimality,emphasis_easycip
ns930473,presolving_fast,separating_aggressive,presolving_aggressive,presolving_off,emphasis_optimality,separating_fast,heuristics_aggressive,emphasis_easycip,heuristics_fast,separating_off,default,emphasis_hardlp,emphasis_feasibility,heuristics_off
iis-bupa-cov,separating_off,presolving_off,default,presolving_fast,heuristics_fast,heuristics_aggressive,separating_fast,emphasis_hardlp,presolving_aggressive,emphasis_easycip,emphasis_feasibility,separating_aggressive,emphasis_optimality,heuristics_off
neos-547911,heuristics_fast,emphasis_easycip,default,emphasis_hardlp,separating_fast,presolving_aggressive,separating_aggressive,presolving_fast,separating_off,presolving_off,heuristics_off,heuristics_aggressive,emphasis_optimality,emphasis_feasibility
neos-1330635,separating_off,separating_fast,presolving_fast,default,separating_aggressive,presolving_off,emphasis_feasibility,presolving_aggressive,heuristics_aggressive,heuristics_fast,emphasis_hardlp,emphasis_easycip,emphasis_optimality,heuristics_off
neos-881765,separating_fast,emphasis_feasibility,emphasis_hardlp,presolving_aggressive,presolving_fast,heuristics_aggressive,heuristics_fast,emphasis_easycip,heuristics_off,separating_off,default,separating_aggressive,presolving_off,emphasis_optimality
gesa2,separating_fast,default,presolving_aggressive,separating_off,presolving_fast,heuristics_aggressive,emphasis_feasibility,presolving_off,separating_aggressive,heuristics_fast,emphasis_optimality,emphasis_hardlp,emphasis_easycip,heuristics_off
neos-916792,separating_off,separating_fast,presolving_fast,heuristics_fast,emphasis_hardlp,default,emphasis_easycip,presolving_aggressive,separating_aggressive,heuristics_aggressive,emphasis_feasibility,heuristics_off,emphasis_optimality,presolving_off
a1c1s1,emphasis_hardlp,presolving_fast,presolving_aggressive,separating_fast,emphasis_easycip,default,separating_aggressive,separating_off,presolving_off,heuristics_fast,heuristics_aggressive,emphasis_optimality,emphasis_feasibility,heuristics_off
bab3,separating_off,emphasis_hardlp,presolving_off,presolving_aggressive,heuristics_fast,separating_fast,presolving_fast,heuristics_off,emphasis_easycip,separating_aggressive,heuristics_aggressive,emphasis_feasibility,emphasis_optimality,default
neos-827175,heuristics_aggressive,separating_fast,emphasis_feasibility,separating_off,presolving_fast,default,presolving_off,presolving_aggressive,separating_aggressive,emphasis_optimality,heuristics_fast,emphasis_hardlp,emphasis_easycip,heuristics_off
gesa3_o,presolving_fast,default,separating_fast,presolving_aggressive,emphasis_hardlp,separating_aggressive,heuristics_fast,heuristics_aggressive,separating_off,emphasis_feasibility,presolving_off,emphasis_easycip,heuristics_off,emphasis_optimality
maxgasflow,separating_fast,presolving_off,presolving_fast,emphasis_feasibility,emphasis_hardlp,heuristics_aggressive,emphasis_easycip,presolving_aggressive,default,separating_off,separating_aggressive,heuristics_off,heuristics_fast,emphasis_optimality
neos-791021,separating_off,separating_fast,presolving_off,separating_aggressive,presolving_fast,emphasis_feasibility,heuristics_aggressive,presolving_aggressive,emphasis_hardlp,heuristics_fast,emphasis_easycip,default,heuristics_off,emphasis_optimality
ds,separating_fast,heuristics_aggressive,separating_off,presolving_off,presolving_fast,presolving_aggressive,emphasis_feasibility,default,emphasis_hardlp,heuristics_fast,emphasis_easycip,separating_aggressive,heuristics_off,emphasis_optimality
uc-case11,separating_fast,separating_off,separating_aggressive,presolving_aggressive,heuristics_aggressive,emphasis_feasibility,default,presolving_off,emphasis_optimality,presolving_fast,heuristics_fast,heuristics_off,emphasis_easycip,emphasis_hardlp
neos-848198,presolving_aggressive,presolving_fast,default,separating_aggressive,heuristics_aggressive,emphasis_hardlp,separating_fast,presolving_off,heuristics_fast,emphasis_optimality,heuristics_off,emphasis_feasibility,emphasis_easycip,separating_off
neos-1109824,presolving_fast,emphasis_hardlp,emphasis_easycip,separating_off,separating_fast,presolving_aggressive,heuristics_aggressive,heuristics_fast,default,emphasis_feasibility,presolving_off,separating_aggressive,heuristics_off,emphasis_optimality
neos-1440460,separating_off,separating_fast,emphasis_feasibility,presolving_fast,default,presolving_aggressive,separating_aggressive,heuristics_aggressive,presolving_off,emphasis_hardlp,emphasis_easycip,emphasis_optimality,heuristics_fast,heuristics_off
lotsize,presolving_fast,default,presolving_aggressive,heuristics_aggressive,separating_aggressive,heuristics_fast,emphasis_optimality,presolving_off,emphasis_hardlp,separating_fast,emphasis_feasibility,emphasis_easycip,separating_off,heuristics_off
neos-1599274,presolving_fast,heuristics_aggressive,emphasis_feasibility,presolving_off,default,separating_fast,emphasis_hardlp,presolving_aggressive,emphasis_easycip,separating_aggressive,heuristics_fast,separating_off,emphasis_optimality,heuristics_off
neos-905856,separating_fast,presolving_fast,emphasis_hardlp,heuristics_aggressive,emphasis_feasibility,presolving_aggressive,heuristics_fast,emphasis_easycip,separating_off,separating_aggressive,heuristics_off,default,presolving_off,emphasis_optimality
neos-503737,separating_fast,presolving_fast,presolving_aggressive,heuristics_aggressive,emphasis_feasibility,separating_off,separating_aggressive,presolving_off,default,emphasis_optimality,heuristics_fast,emphasis_hardlp,emphasis_easycip,heuristics_off
neos-810326,heuristics_aggressive,presolving_fast,emphasis_feasibility,separating_fast,default,presolving_off,presolving_aggressive,separating_aggressive,emphasis_hardlp,emphasis_easycip,heuristics_fast,separating_off,heuristics_off,emphasis_optimality
fiber,presolving_fast,emphasis_hardlp,separating_fast,heuristics_aggressive,default,presolving_aggressive,emphasis_easycip,separating_off,separating_aggressive,heuristics_fast,presolving_off,emphasis_feasibility,emphasis_optimality,heuristics_off
n3-3,presolving_off,presolving_fast,separating_fast,default,separating_off,presolving_aggressive,heuristics_fast,heuristics_aggressive,separating_aggressive,emphasis_hardlp,emphasis_easycip,emphasis_optimality,emphasis_feasibility,heuristics_off
neos-1595230,presolving_fast,heuristics_aggressive,emphasis_hardlp,emphasis_easycip,default,presolving_aggressive,heuristics_fast,separating_aggressive,separating_fast,emphasis_feasibility,heuristics_off,presolving_off,emphasis_optimality,separating_off
