neos-933966,default,presolving_fast,presolving_aggressive,heuristics_aggressive,separating_fast,emphasis_feasibility,separating_aggressive,presolving_off,separating_off,emphasis_hardlp,heuristics_fast,emphasis_optimality,emphasis_easycip,heuristics_off
flugpl,separating_fast,default,presolving_aggressive,presolving_fast,heuristics_aggressive,separating_aggressive,emphasis_hardlp,presolving_off,emphasis_feasibility,emphasis_easycip,heuristics_fast,emphasis_optimality,separating_off,heuristics_off
neos-839859,emphasis_hardlp,presolving_fast,heuristics_aggressive,separating_off,separating_fast,default,presolving_off,emphasis_feasibility,presolving_aggressive,heuristics_fast,separating_aggressive,emphasis_optimality,emphasis_easycip,heuristics_off
bnatt400,emphasis_feasibility,separating_off,presolving_fast,separating_fast,presolving_aggressive,separating_aggressive,heuristics_aggressive,heuristics_fast,heuristics_off,emphasis_hardlp,presolving_off,default,emphasis_easycip,emphasis_optimality
neos-1420205,presolving_fast,presolving_aggressive,default,separating_fast,presolving_off,separating_off,emphasis_feasibility,separating_aggressive,heuristics_fast,emphasis_optimality,heuristics_aggressive,emphasis_easycip,heuristics_off,emphasis_hardlp
neos-593853,presolving_off,presolving_fast,default,separating_fast,presolving_aggressive,separating_off,separating_aggressive,emphasis_optimality,heuristics_fast,heuristics_aggressive,heuristics_off,emphasis_easycip,emphasis_hardlp,emphasis_feasibility
neos-850681,emphasis_feasibility,heuristics_aggressive,separating_off,separating_fast,default,presolving_fast,presolving_aggressive,separating_aggressive,heuristics_fast,emphasis_hardlp,heuristics_off,emphasis_optimality,emphasis_easycip,presolving_off
gen,presolving_fast,presolving_aggressive,default,separating_fast,heuristics_aggressive,heuristics_fast,emphasis_hardlp,separating_off,separating_aggressive,emphasis_feasibility,emphasis_easycip,presolving_off,emphasis_optimality,heuristics_off
rococoC10-001000,separating_off,separating_fast,presolving_fast,emphasis_feasibility,default,presolving_aggressive,heuristics_aggressive,separating_aggressive,heuristics_fast,emphasis_hardlp,presolving_off,emphasis_optimality,emphasis_easycip,heuristics_off
mitre,separating_fast,separating_off,default,presolving_aggressive,heuristics_aggressive,separating_aggressive,presolving_fast,heuristics_fast,emphasis_feasibility,emphasis_optimality,presolving_off,heuristics_off,emphasis_hardlp,emphasis_easycip
neos-1436713,separating_off,separating_fast,emphasis_feasibility,presolving_fast,default,presolving_aggressive,separating_aggressive,heuristics_aggressive,presolving_off,emphasis_optimality,emphasis_hardlp,heuristics_fast,emphasis_easycip,heuristics_off
neos-1112787,separating_fast,presolving_fast,separating_off,emphasis_optimality,presolving_aggressive,heuristics_aggressive,separating_aggressive,emphasis_feasibility,default,presolving_off,heuristics_fast,emphasis_hardlp,emphasis_easycip,heuristics_off
neos-555927,separating_off,separating_fast,presolving_off,presolving_fast,emphasis_feasibility,separating_aggressive,presolving_aggressive,emphasis_hardlp,heuristics_fast,heuristics_aggressive,emphasis_easycip,default,heuristics_off,emphasis_optimality
neos-1200887,separating_off,separating_fast,presolving_fast,presolving_off,default,presolving_aggressive,emphasis_feasibility,separating_aggressive,emphasis_hardlp,heuristics_aggressive,emphasis_easycip,heuristics_fast,emphasis_optimality,heuristics_off
mkc,separating_off,emphasis_easycip,separating_fast,heuristics_fast,presolving_aggressive,default,emphasis_feasibility,presolving_fast,heuristics_aggressive,emphasis_hardlp,heuristics_off,presolving_off,separating_aggressive,emphasis_optimality
neos-916792,separating_off,separating_fast,presolving_fast,emphasis_hardlp,heuristics_fast,emphasis_easycip,default,presolving_aggressive,separating_aggressive,heuristics_aggressive,emphasis_feasibility,heuristics_off,emphasis_optimality,presolving_off
neos-941262,presolving_fast,separating_fast,presolving_off,separating_off,presolving_aggressive,default,separating_aggressive,heuristics_aggressive,emphasis_feasibility,emphasis_hardlp,emphasis_easycip,emphasis_optimality,heuristics_fast,heuristics_off
mzzv11,emphasis_feasibility,separating_off,separating_fast,separating_aggressive,presolving_off,presolving_fast,heuristics_aggressive,default,presolving_aggressive,emphasis_hardlp,heuristics_fast,emphasis_easycip,heuristics_off,emphasis_optimality
neos-1620770,presolving_fast,separating_aggressive,presolving_aggressive,separating_fast,default,separating_off,heuristics_fast,heuristics_aggressive,heuristics_off,emphasis_feasibility,emphasis_easycip,presolving_off,emphasis_hardlp,emphasis_optimality
dano3_5,separating_fast,separating_off,presolving_off,presolving_aggressive,presolving_fast,heuristics_aggressive,default,separating_aggressive,heuristics_fast,emphasis_hardlp,emphasis_feasibility,emphasis_easycip,emphasis_optimality,heuristics_off
triptim3,separating_off,separating_fast,presolving_off,presolving_fast,presolving_aggressive,heuristics_aggressive,heuristics_fast,separating_aggressive,emphasis_hardlp,heuristics_off,emphasis_feasibility,emphasis_easycip,default,emphasis_optimality
neos-551991,presolving_fast,presolving_aggressive,default,separating_aggressive,separating_off,heuristics_fast,separating_fast,heuristics_aggressive,emphasis_feasibility,heuristics_off,emphasis_hardlp,presolving_off,emphasis_easycip,emphasis_optimality
set1ch,presolving_fast,default,presolving_aggressive,heuristics_aggressive,separating_aggressive,emphasis_hardlp,heuristics_fast,separating_fast,emphasis_optimality,presolving_off,emphasis_easycip,emphasis_feasibility,heuristics_off,separating_off
50v-10,heuristics_aggressive,default,presolving_aggressive,emphasis_feasibility,emphasis_hardlp,separating_off,presolving_fast,emphasis_easycip,separating_fast,heuristics_off,separating_aggressive,presolving_off,heuristics_fast,emphasis_optimality
dcmulti,presolving_fast,presolving_aggressive,emphasis_hardlp,default,separating_fast,presolving_off,separating_off,heuristics_fast,heuristics_aggressive,emphasis_easycip,separating_aggressive,emphasis_feasibility,emphasis_optimality,heuristics_off
neos808444,separating_off,separating_fast,presolving_fast,presolving_off,presolving_aggressive,emphasis_feasibility,separating_aggressive,heuristics_aggressive,emphasis_hardlp,heuristics_off,emphasis_easycip,heuristics_fast,default,emphasis_optimality
circ10-3,separating_off,separating_fast,separating_aggressive,presolving_off,presolving_fast,presolving_aggressive,heuristics_off,heuristics_fast,heuristics_aggressive,emphasis_hardlp,emphasis_feasibility,emphasis_optimality,emphasis_easycip,default
neos-584866,presolving_fast,heuristics_aggressive,separating_off,presolving_aggressive,default,separating_aggressive,separating_fast,emphasis_hardlp,emphasis_feasibility,presolving_off,heuristics_fast,emphasis_easycip,heuristics_off,emphasis_optimality
neos-934441,default,presolving_fast,presolving_aggressive,heuristics_aggressive,separating_aggressive,emphasis_feasibility,separating_fast,presolving_off,separating_off,emphasis_hardlp,heuristics_fast,emphasis_optimality,emphasis_easycip,heuristics_off
neos-937815,presolving_fast,separating_off,separating_fast,presolving_off,default,presolving_aggressive,heuristics_aggressive,separating_aggressive,emphasis_feasibility,emphasis_hardlp,emphasis_easycip,emphasis_optimality,heuristics_fast,heuristics_off
eil33-2,separating_off,separating_fast,emphasis_hardlp,default,heuristics_fast,emphasis_easycip,presolving_fast,heuristics_aggressive,heuristics_off,emphasis_feasibility,presolving_aggressive,presolving_off,separating_aggressive,emphasis_optimality
ns1663818,separating_off,separating_fast,presolving_off,presolving_fast,presolving_aggressive,separating_aggressive,heuristics_off,heuristics_fast,heuristics_aggressive,emphasis_hardlp,emphasis_optimality,emphasis_feasibility,emphasis_easycip,default
iis-100-0-cov,separating_off,emphasis_easycip,heuristics_fast,emphasis_hardlp,default,presolving_off,presolving_fast,separating_fast,presolving_aggressive,heuristics_aggressive,separating_aggressive,emphasis_feasibility,heuristics_off,emphasis_optimality
ns894236,separating_off,separating_fast,separating_aggressive,presolving_fast,presolving_aggressive,emphasis_feasibility,default,heuristics_off,presolving_off,heuristics_fast,heuristics_aggressive,emphasis_optimality,emphasis_hardlp,emphasis_easycip
pk1,presolving_aggressive,default,presolving_fast,separating_aggressive,heuristics_fast,heuristics_aggressive,emphasis_hardlp,separating_fast,emphasis_easycip,emphasis_feasibility,heuristics_off,emphasis_optimality,separating_off,presolving_off
khb05250,presolving_fast,default,presolving_aggressive,presolving_off,emphasis_hardlp,separating_aggressive,heuristics_fast,heuristics_aggressive,separating_fast,emphasis_easycip,emphasis_optimality,separating_off,heuristics_off,emphasis_feasibility
neos-631517,presolving_fast,presolving_aggressive,separating_aggressive,separating_fast,presolving_off,default,heuristics_aggressive,emphasis_feasibility,emphasis_optimality,emphasis_hardlp,separating_off,emphasis_easycip,heuristics_fast,heuristics_off
glass4,separating_fast,presolving_aggressive,separating_aggressive,presolving_fast,heuristics_fast,emphasis_feasibility,emphasis_optimality,default,presolving_off,heuristics_aggressive,separating_off,heuristics_off,emphasis_hardlp,emphasis_easycip
van,presolving_fast,presolving_aggressive,default,separating_fast,separating_aggressive,heuristics_aggressive,emphasis_feasibility,separating_off,emphasis_hardlp,presolving_off,heuristics_fast,emphasis_optimality,emphasis_easycip,heuristics_off
neos-848198,presolving_aggressive,presolving_fast,default,separating_aggressive,heuristics_aggressive,emphasis_hardlp,presolving_off,separating_fast,heuristics_fast,emphasis_optimality,heuristics_off,emphasis_feasibility,emphasis_easycip,separating_off
neos-935348,presolving_fast,separating_fast,presolving_off,separating_off,presolving_aggressive,default,heuristics_aggressive,separating_aggressive,emphasis_feasibility,emphasis_hardlp,emphasis_easycip,emphasis_optimality,heuristics_fast,heuristics_off
p0548,separating_fast,separating_off,presolving_fast,default,presolving_aggressive,heuristics_aggressive,emphasis_hardlp,separating_aggressive,presolving_off,heuristics_fast,emphasis_optimality,emphasis_feasibility,emphasis_easycip,heuristics_off
neos-501453,separating_fast,default,separating_aggressive,heuristics_off,heuristics_fast,emphasis_optimality,separating_off,presolving_aggressive,heuristics_aggressive,emphasis_feasibility,presolving_fast,emphasis_hardlp,emphasis_easycip,presolving_off
neos-709469,emphasis_hardlp,separating_off,separating_fast,presolving_fast,heuristics_fast,default,heuristics_aggressive,separating_aggressive,emphasis_easycip,emphasis_feasibility,presolving_aggressive,heuristics_off,presolving_off,emphasis_optimality
queens-30,separating_off,separating_fast,separating_aggressive,presolving_fast,presolving_off,presolving_aggressive,heuristics_fast,heuristics_aggressive,emphasis_hardlp,default,emphasis_feasibility,emphasis_easycip,emphasis_optimality,heuristics_off
bell3a,emphasis_hardlp,separating_fast,presolving_fast,default,heuristics_fast,heuristics_aggressive,presolving_aggressive,emphasis_easycip,emphasis_feasibility,separating_off,presolving_off,separating_aggressive,heuristics_off,emphasis_optimality
ns2124243,separating_off,separating_fast,presolving_fast,presolving_aggressive,default,heuristics_aggressive,emphasis_feasibility,separating_aggressive,presolving_off,emphasis_optimality,emphasis_hardlp,heuristics_fast,emphasis_easycip,heuristics_off
reblock354,presolving_fast,separating_off,presolving_off,emphasis_hardlp,separating_fast,default,emphasis_easycip,presolving_aggressive,heuristics_fast,heuristics_aggressive,separating_aggressive,emphasis_feasibility,emphasis_optimality,heuristics_off
ns1854840,separating_off,emphasis_feasibility,separating_fast,heuristics_aggressive,presolving_off,presolving_fast,separating_aggressive,presolving_aggressive,emphasis_hardlp,default,heuristics_fast,heuristics_off,emphasis_easycip,emphasis_optimality
sct1,separating_off,heuristics_aggressive,presolving_fast,emphasis_feasibility,separating_fast,separating_aggressive,presolving_aggressive,default,presolving_off,heuristics_fast,emphasis_optimality,emphasis_hardlp,emphasis_easycip,heuristics_off
neos-1151496,separating_fast,presolving_aggressive,heuristics_aggressive,presolving_fast,separating_off,emphasis_feasibility,separating_aggressive,heuristics_off,heuristics_fast,emphasis_easycip,presolving_off,emphasis_hardlp,default,emphasis_optimality
neos-791021,separating_off,separating_fast,emphasis_feasibility,presolving_off,presolving_fast,emphasis_hardlp,separating_aggressive,heuristics_aggressive,emphasis_easycip,presolving_aggressive,heuristics_fast,default,heuristics_off,emphasis_optimality
neos-1582420,presolving_fast,default,separating_off,separating_fast,presolving_aggressive,heuristics_aggressive,emphasis_feasibility,emphasis_hardlp,heuristics_fast,separating_aggressive,emphasis_easycip,emphasis_optimality,presolving_off,heuristics_off
neos-799838,presolving_fast,separating_off,separating_fast,separating_aggressive,presolving_off,presolving_aggressive,heuristics_fast,default,heuristics_aggressive,heuristics_off,emphasis_optimality,emphasis_hardlp,emphasis_easycip,emphasis_feasibility
neos-1605061,separating_fast,separating_off,presolving_off,emphasis_feasibility,presolving_fast,presolving_aggressive,separating_aggressive,heuristics_fast,heuristics_aggressive,emphasis_hardlp,emphasis_easycip,heuristics_off,default,emphasis_optimality
tw-myciel4,separating_off,separating_fast,presolving_aggressive,separating_aggressive,heuristics_off,emphasis_easycip,presolving_fast,heuristics_fast,emphasis_hardlp,emphasis_feasibility,presolving_off,heuristics_aggressive,default,emphasis_optimality
neos-512201,separating_fast,separating_off,presolving_fast,default,presolving_aggressive,emphasis_feasibility,separating_aggressive,heuristics_fast,heuristics_aggressive,emphasis_hardlp,presolving_off,emphasis_easycip,emphasis_optimality,heuristics_off
neos-1173026,separating_off,separating_fast,presolving_fast,emphasis_feasibility,default,presolving_off,presolving_aggressive,separating_aggressive,emphasis_hardlp,heuristics_aggressive,emphasis_optimality,emphasis_easycip,heuristics_fast,heuristics_off
set3-10,separating_off,separating_fast,presolving_fast,presolving_aggressive,presolving_off,separating_aggressive,heuristics_fast,emphasis_hardlp,emphasis_easycip,default,heuristics_aggressive,emphasis_optimality,emphasis_feasibility,heuristics_off
ns2137859,separating_off,separating_fast,emphasis_feasibility,default,presolving_fast,presolving_aggressive,separating_aggressive,heuristics_aggressive,emphasis_hardlp,heuristics_fast,emphasis_easycip,presolving_off,emphasis_optimality,heuristics_off
neos-1436709,separating_off,separating_fast,emphasis_feasibility,presolving_fast,default,presolving_aggressive,separating_aggressive,heuristics_aggressive,presolving_off,emphasis_optimality,emphasis_hardlp,heuristics_fast,emphasis_easycip,heuristics_off
