neos-957270,presolving_fast,separating_off,separating_fast,heuristics_aggressive,emphasis_easycip,presolving_aggressive,heuristics_fast,emphasis_hardlp,emphasis_feasibility,separating_aggressive,default,presolving_off,heuristics_off,emphasis_optimality
neos-1330635,separating_off,presolving_fast,separating_fast,separating_aggressive,default,emphasis_hardlp,presolving_aggressive,presolving_off,heuristics_fast,heuristics_aggressive,emphasis_easycip,emphasis_feasibility,emphasis_optimality,heuristics_off
neos-956971,presolving_fast,presolving_off,separating_off,emphasis_feasibility,heuristics_aggressive,default,separating_fast,presolving_aggressive,emphasis_optimality,emphasis_easycip,separating_aggressive,emphasis_hardlp,heuristics_fast,heuristics_off
rocII-9-11,separating_off,separating_fast,presolving_off,separating_aggressive,presolving_fast,presolving_aggressive,heuristics_aggressive,emphasis_feasibility,heuristics_fast,heuristics_off,default,emphasis_optimality,emphasis_hardlp,emphasis_easycip
reblock354,emphasis_hardlp,separating_off,presolving_fast,presolving_off,separating_fast,default,emphasis_feasibility,heuristics_aggressive,heuristics_fast,emphasis_easycip,separating_aggressive,presolving_aggressive,heuristics_off,emphasis_optimality
neos-520729,presolving_fast,presolving_aggressive,separating_fast,presolving_off,separating_off,default,separating_aggressive,emphasis_hardlp,emphasis_feasibility,heuristics_fast,heuristics_aggressive,emphasis_easycip,emphasis_optimality,heuristics_off
neos-1053591,separating_fast,separating_aggressive,default,presolving_aggressive,emphasis_hardlp,emphasis_easycip,presolving_off,presolving_fast,heuristics_fast,heuristics_aggressive,separating_off,emphasis_optimality,emphasis_feasibility,heuristics_off
neos-584866,separating_off,presolving_fast,emphasis_hardlp,presolving_aggressive,emphasis_easycip,separating_fast,presolving_off,default,separating_aggressive,heuristics_aggressive,heuristics_fast,emphasis_feasibility,heuristics_off,emphasis_optimality
in,presolving_off,presolving_fast,separating_off,emphasis_hardlp,separating_fast,emphasis_easycip,heuristics_aggressive,presolving_aggressive,heuristics_fast,emphasis_feasibility,default,separating_aggressive,emphasis_optimality,heuristics_off
glass4,separating_off,separating_fast,emphasis_feasibility,presolving_fast,presolving_aggressive,emphasis_easycip,separating_aggressive,presolving_off,heuristics_aggressive,default,heuristics_fast,emphasis_optimality,emphasis_hardlp,heuristics_off
mkc,separating_off,presolving_fast,presolving_off,emphasis_hardlp,separating_fast,presolving_aggressive,emphasis_easycip,default,heuristics_fast,heuristics_aggressive,emphasis_feasibility,separating_aggressive,heuristics_off,emphasis_optimality
neos-631710,separating_off,separating_aggressive,presolving_fast,default,separating_fast,heuristics_aggressive,emphasis_feasibility,presolving_off,presolving_aggressive,heuristics_fast,emphasis_hardlp,emphasis_optimality,emphasis_easycip,heuristics_off
rococoC10-001000,emphasis_feasibility,separating_off,heuristics_aggressive,presolving_fast,default,separating_fast,presolving_aggressive,heuristics_fast,separating_aggressive,presolving_off,emphasis_hardlp,emphasis_easycip,emphasis_optimality,heuristics_off
n3-3,heuristics_fast,presolving_aggressive,presolving_fast,heuristics_aggressive,default,presolving_off,separating_aggressive,separating_fast,emphasis_hardlp,emphasis_easycip,separating_off,emphasis_feasibility,heuristics_off,emphasis_optimality
dsbmip,emphasis_hardlp,presolving_fast,emphasis_easycip,separating_fast,separating_aggressive,default,presolving_off,presolving_aggressive,heuristics_aggressive,heuristics_fast,separating_off,emphasis_feasibility,emphasis_optimality,heuristics_off
neos-1595230,heuristics_fast,presolving_fast,separating_aggressive,separating_off,emphasis_easycip,presolving_aggressive,emphasis_hardlp,default,separating_fast,presolving_off,heuristics_off,heuristics_aggressive,emphasis_optimality,emphasis_feasibility
neos-934531,separating_off,presolving_fast,separating_fast,presolving_aggressive,separating_aggressive,heuristics_aggressive,presolving_off,default,emphasis_feasibility,heuristics_off,emphasis_optimality,emphasis_easycip,heuristics_fast,emphasis_hardlp
neos-662469,separating_off,presolving_aggressive,separating_fast,presolving_fast,heuristics_aggressive,presolving_off,emphasis_feasibility,separating_aggressive,heuristics_off,default,heuristics_fast,emphasis_optimality,emphasis_hardlp,emphasis_easycip
neos-631709,separating_off,heuristics_aggressive,emphasis_feasibility,presolving_fast,separating_aggressive,presolving_aggressive,emphasis_hardlp,presolving_off,default,heuristics_fast,separating_fast,emphasis_optimality,emphasis_easycip,heuristics_off
neos-850681,emphasis_feasibility,heuristics_fast,emphasis_hardlp,emphasis_easycip,presolving_aggressive,heuristics_off,heuristics_aggressive,separating_fast,presolving_fast,presolving_off,default,separating_off,separating_aggressive,emphasis_optimality
pigeon-13,presolving_aggressive,emphasis_easycip,separating_off,emphasis_hardlp,separating_aggressive,separating_fast,emphasis_feasibility,heuristics_aggressive,presolving_fast,default,presolving_off,heuristics_fast,emphasis_optimality,heuristics_off
neos-824695,separating_off,separating_fast,emphasis_feasibility,presolving_aggressive,presolving_fast,heuristics_aggressive,default,separating_aggressive,emphasis_optimality,emphasis_hardlp,emphasis_easycip,presolving_off,heuristics_fast,heuristics_off
set3-15,default,separating_aggressive,presolving_fast,presolving_aggressive,heuristics_aggressive,separating_fast,presolving_off,emphasis_optimality,heuristics_fast,emphasis_hardlp,emphasis_easycip,emphasis_feasibility,separating_off,heuristics_off
bnatt400,separating_off,separating_fast,presolving_off,emphasis_hardlp,presolving_aggressive,presolving_fast,heuristics_aggressive,emphasis_feasibility,emphasis_easycip,heuristics_fast,default,separating_aggressive,heuristics_off,emphasis_optimality
sts405,heuristics_fast,presolving_fast,presolving_aggressive,separating_off,default,presolving_off,separating_fast,heuristics_aggressive,separating_aggressive,emphasis_easycip,emphasis_hardlp,heuristics_off,emphasis_feasibility,emphasis_optimality
neos-702280,default,presolving_aggressive,heuristics_aggressive,separating_off,separating_fast,presolving_fast,presolving_off,emphasis_feasibility,heuristics_fast,emphasis_easycip,separating_aggressive,emphasis_hardlp,emphasis_optimality,heuristics_off
neos-555884,separating_off,separating_fast,presolving_aggressive,separating_aggressive,presolving_off,presolving_fast,emphasis_feasibility,heuristics_aggressive,heuristics_fast,heuristics_off,emphasis_hardlp,emphasis_optimality,default,emphasis_easycip
gmu-35-40,heuristics_aggressive,presolving_off,emphasis_feasibility,separating_fast,default,presolving_fast,presolving_aggressive,separating_aggressive,emphasis_hardlp,emphasis_easycip,separating_off,heuristics_fast,emphasis_optimality,heuristics_off
fiball,separating_aggressive,presolving_fast,heuristics_aggressive,default,presolving_aggressive,separating_fast,emphasis_feasibility,presolving_off,separating_off,heuristics_fast,emphasis_optimality,emphasis_hardlp,emphasis_easycip,heuristics_off
neos-1109824,emphasis_hardlp,presolving_fast,emphasis_feasibility,separating_fast,emphasis_easycip,presolving_aggressive,default,heuristics_aggressive,separating_off,presolving_off,heuristics_off,heuristics_fast,separating_aggressive,emphasis_optimality
markshare2,separating_off,separating_fast,separating_aggressive,presolving_off,presolving_fast,presolving_aggressive,heuristics_off,heuristics_fast,heuristics_aggressive,emphasis_optimality,emphasis_hardlp,emphasis_feasibility,emphasis_easycip,default
neos-498623,separating_fast,emphasis_feasibility,heuristics_aggressive,presolving_aggressive,default,presolving_fast,separating_off,separating_aggressive,presolving_off,emphasis_hardlp,heuristics_fast,emphasis_easycip,emphasis_optimality,heuristics_off
ns4-pr9,heuristics_fast,separating_fast,presolving_off,presolving_aggressive,emphasis_easycip,presolving_fast,default,separating_off,emphasis_hardlp,separating_aggressive,heuristics_aggressive,emphasis_feasibility,heuristics_off,emphasis_optimality
neos-941262,separating_off,presolving_fast,separating_fast,default,separating_aggressive,presolving_off,presolving_aggressive,heuristics_aggressive,emphasis_feasibility,emphasis_easycip,emphasis_hardlp,emphasis_optimality,heuristics_fast,heuristics_off
leo1,presolving_off,separating_fast,separating_aggressive,presolving_fast,separating_off,presolving_aggressive,heuristics_off,heuristics_fast,heuristics_aggressive,emphasis_optimality,emphasis_hardlp,default,emphasis_feasibility,emphasis_easycip
prod1,separating_off,emphasis_hardlp,separating_fast,emphasis_easycip,presolving_off,heuristics_fast,presolving_fast,presolving_aggressive,default,emphasis_feasibility,separating_aggressive,heuristics_aggressive,emphasis_optimality,heuristics_off
vpphard,separating_off,presolving_fast,separating_fast,presolving_aggressive,heuristics_fast,heuristics_aggressive,presolving_off,emphasis_hardlp,emphasis_feasibility,default,emphasis_easycip,separating_aggressive,heuristics_off,emphasis_optimality
qnet1_o,emphasis_feasibility,heuristics_aggressive,separating_off,presolving_fast,emphasis_hardlp,separating_fast,default,presolving_aggressive,presolving_off,emphasis_easycip,heuristics_fast,separating_aggressive,heuristics_off,emphasis_optimality
ns1663818,separating_off,separating_fast,presolving_off,presolving_fast,separating_aggressive,presolving_aggressive,heuristics_off,heuristics_fast,heuristics_aggressive,emphasis_optimality,emphasis_hardlp,emphasis_feasibility,emphasis_easycip,default
timtab1,separating_fast,presolving_fast,separating_aggressive,emphasis_easycip,presolving_aggressive,heuristics_fast,heuristics_aggressive,default,presolving_off,emphasis_feasibility,separating_off,heuristics_off,emphasis_optimality,emphasis_hardlp
neos-1423785,separating_off,separating_fast,presolving_fast,presolving_aggressive,heuristics_aggressive,emphasis_feasibility,separating_aggressive,default,presolving_off,heuristics_fast,emphasis_optimality,emphasis_hardlp,emphasis_easycip,heuristics_off
neos-530627,separating_off,separating_fast,default,presolving_fast,presolving_aggressive,heuristics_fast,separating_aggressive,emphasis_feasibility,heuristics_aggressive,emphasis_easycip,heuristics_off,emphasis_optimality,emphasis_hardlp,presolving_off
neos-522351,presolving_fast,presolving_aggressive,separating_fast,default,separating_off,presolving_off,heuristics_aggressive,emphasis_feasibility,emphasis_easycip,separating_aggressive,heuristics_fast,emphasis_hardlp,emphasis_optimality,heuristics_off
neos-611135,separating_fast,presolving_off,presolving_fast,heuristics_aggressive,default,emphasis_feasibility,presolving_aggressive,separating_aggressive,emphasis_hardlp,emphasis_easycip,heuristics_fast,separating_off,emphasis_optimality,heuristics_off
mspp16,separating_off,presolving_fast,separating_fast,presolving_aggressive,heuristics_aggressive,heuristics_fast,emphasis_feasibility,emphasis_easycip,separating_aggressive,presolving_off,emphasis_hardlp,default,heuristics_off,emphasis_optimality
macrophage,presolving_aggressive,presolving_fast,heuristics_aggressive,default,separating_fast,emphasis_feasibility,presolving_off,heuristics_fast,separating_aggressive,emphasis_easycip,separating_off,emphasis_hardlp,heuristics_off,emphasis_optimality
germany50-DBM,presolving_off,presolving_fast,presolving_aggressive,separating_aggressive,heuristics_fast,default,separating_fast,heuristics_aggressive,emphasis_hardlp,separating_off,emphasis_easycip,heuristics_off,emphasis_optimality,emphasis_feasibility
iis-bupa-cov,separating_off,heuristics_fast,presolving_fast,presolving_aggressive,default,separating_fast,presolving_off,separating_aggressive,heuristics_aggressive,emphasis_easycip,heuristics_off,emphasis_hardlp,emphasis_feasibility,emphasis_optimality
fast0507,separating_fast,default,presolving_aggressive,separating_off,presolving_off,presolving_fast,heuristics_aggressive,emphasis_feasibility,separating_aggressive,heuristics_fast,emphasis_optimality,emphasis_hardlp,emphasis_easycip,heuristics_off
ns1208400,separating_aggressive,separating_fast,default,presolving_aggressive,emphasis_hardlp,heuristics_aggressive,presolving_fast,emphasis_feasibility,presolving_off,heuristics_fast,emphasis_optimality,separating_off,heuristics_off,emphasis_easycip
neos-595905,separating_fast,default,presolving_aggressive,presolving_fast,heuristics_aggressive,separating_aggressive,emphasis_optimality,emphasis_feasibility,heuristics_fast,separating_off,presolving_off,heuristics_off,emphasis_easycip,emphasis_hardlp
neos-1171692,separating_off,separating_fast,presolving_fast,default,emphasis_feasibility,presolving_aggressive,separating_aggressive,heuristics_aggressive,presolving_off,emphasis_optimality,emphasis_hardlp,heuristics_fast,emphasis_easycip,heuristics_off
ns1688347,separating_fast,presolving_fast,heuristics_aggressive,presolving_off,presolving_aggressive,separating_off,separating_aggressive,emphasis_hardlp,heuristics_fast,emphasis_feasibility,emphasis_easycip,default,heuristics_off,emphasis_optimality
tr12-30,presolving_fast,default,presolving_aggressive,emphasis_hardlp,separating_fast,heuristics_aggressive,presolving_off,separating_aggressive,heuristics_fast,emphasis_easycip,emphasis_optimality,emphasis_feasibility,heuristics_off,separating_off
maxgasflow,presolving_off,separating_fast,presolving_fast,separating_aggressive,presolving_aggressive,emphasis_hardlp,heuristics_aggressive,default,separating_off,emphasis_easycip,heuristics_fast,emphasis_optimality,emphasis_feasibility,heuristics_off
50v-10,separating_off,emphasis_feasibility,default,separating_fast,heuristics_aggressive,presolving_fast,emphasis_easycip,presolving_aggressive,separating_aggressive,presolving_off,emphasis_hardlp,heuristics_off,heuristics_fast,emphasis_optimality
neos-931538,separating_off,presolving_fast,emphasis_feasibility,default,separating_aggressive,presolving_aggressive,presolving_off,separating_fast,heuristics_aggressive,heuristics_off,heuristics_fast,emphasis_hardlp,emphasis_easycip,emphasis_optimality
neos-1460543,emphasis_feasibility,presolving_fast,separating_fast,heuristics_aggressive,default,separating_aggressive,presolving_aggressive,presolving_off,separating_off,emphasis_optimality,emphasis_hardlp,heuristics_fast,emphasis_easycip,heuristics_off
neos-948268,separating_off,presolving_fast,emphasis_hardlp,presolving_aggressive,default,separating_fast,emphasis_easycip,separating_aggressive,heuristics_aggressive,presolving_off,heuristics_fast,emphasis_feasibility,heuristics_off,emphasis_optimality
m100n500k4r1,heuristics_aggressive,emphasis_feasibility,default,presolving_off,separating_fast,presolving_fast,separating_aggressive,presolving_aggressive,emphasis_easycip,separating_off,emphasis_hardlp,heuristics_fast,emphasis_optimality,heuristics_off
rentacar,presolving_fast,heuristics_fast,presolving_aggressive,default,heuristics_aggressive,separating_fast,separating_aggressive,presolving_off,emphasis_hardlp,emphasis_easycip,separating_off,emphasis_feasibility,emphasis_optimality,heuristics_off
