neos-1215891,separating_off,separating_fast,presolving_fast,presolving_aggressive,emphasis_feasibility,default,separating_aggressive,heuristics_aggressive,emphasis_hardlp,presolving_off,heuristics_fast,emphasis_easycip,heuristics_off,emphasis_optimality
neos-933364,presolving_fast,separating_fast,default,presolving_aggressive,separating_off,separating_aggressive,heuristics_aggressive,presolving_off,emphasis_hardlp,heuristics_fast,emphasis_feasibility,emphasis_easycip,emphasis_optimality,heuristics_off
mzzv42z,emphasis_feasibility,separating_off,separating_fast,heuristics_aggressive,separating_aggressive,presolving_fast,default,presolving_off,presolving_aggressive,heuristics_off,heuristics_fast,emphasis_optimality,emphasis_hardlp,emphasis_easycip
ds,separating_fast,separating_off,default,presolving_fast,emphasis_feasibility,presolving_aggressive,heuristics_aggressive,separating_aggressive,emphasis_hardlp,presolving_off,heuristics_off,heuristics_fast,emphasis_easycip,emphasis_optimality
momentum2,presolving_off,presolving_fast,separating_off,separating_fast,separating_aggressive,heuristics_aggressive,emphasis_hardlp,emphasis_feasibility,default,presolving_aggressive,emphasis_optimality,emphasis_easycip,heuristics_fast,heuristics_off
air04,separating_fast,default,separating_off,emphasis_feasibility,presolving_fast,presolving_aggressive,heuristics_aggressive,separating_aggressive,emphasis_hardlp,presolving_off,heuristics_fast,emphasis_easycip,heuristics_off,emphasis_optimality
neos-495307,separating_fast,separating_off,presolving_fast,default,separating_aggressive,presolving_off,presolving_aggressive,heuristics_fast,heuristics_aggressive,emphasis_hardlp,emphasis_feasibility,emphasis_optimality,heuristics_off,emphasis_easycip
neos-955215,presolving_fast,separating_fast,default,presolving_aggressive,separating_aggressive,heuristics_aggressive,presolving_off,emphasis_hardlp,separating_off,heuristics_fast,emphasis_easycip,emphasis_feasibility,emphasis_optimality,heuristics_off
mod008,separating_fast,presolving_off,separating_off,presolving_fast,emphasis_hardlp,emphasis_easycip,heuristics_fast,default,presolving_aggressive,separating_aggressive,heuristics_aggressive,emphasis_feasibility,heuristics_off,emphasis_optimality
dfn-gwin-UUM,presolving_off,presolving_fast,presolving_aggressive,separating_aggressive,default,separating_fast,heuristics_aggressive,separating_off,heuristics_fast,emphasis_optimality,emphasis_hardlp,emphasis_feasibility,emphasis_easycip,heuristics_off
neos-1460246,emphasis_feasibility,separating_fast,heuristics_aggressive,presolving_fast,default,presolving_aggressive,separating_aggressive,presolving_off,separating_off,emphasis_optimality,emphasis_hardlp,heuristics_fast,emphasis_easycip,heuristics_off
neos-791021,separating_off,separating_fast,emphasis_feasibility,separating_aggressive,presolving_fast,heuristics_aggressive,presolving_aggressive,default,presolving_off,heuristics_off,heuristics_fast,emphasis_optimality,emphasis_hardlp,emphasis_easycip
neos-933815,presolving_fast,separating_fast,default,presolving_aggressive,separating_off,separating_aggressive,heuristics_aggressive,presolving_off,emphasis_hardlp,heuristics_fast,emphasis_feasibility,emphasis_easycip,emphasis_optimality,heuristics_off
cov1075,separating_off,separating_fast,heuristics_fast,presolving_fast,presolving_off,default,presolving_aggressive,emphasis_easycip,separating_aggressive,heuristics_aggressive,emphasis_hardlp,emphasis_feasibility,heuristics_off,emphasis_optimality
ns930473,separating_off,separating_fast,presolving_aggressive,presolving_fast,emphasis_feasibility,separating_aggressive,default,presolving_off,heuristics_fast,heuristics_aggressive,emphasis_optimality,emphasis_hardlp,emphasis_easycip,heuristics_off
l152lav,separating_fast,default,separating_off,presolving_fast,heuristics_aggressive,emphasis_feasibility,presolving_aggressive,heuristics_fast,emphasis_hardlp,emphasis_easycip,presolving_off,separating_aggressive,heuristics_off,emphasis_optimality
nug08,separating_fast,presolving_fast,emphasis_feasibility,default,separating_off,heuristics_aggressive,presolving_aggressive,separating_aggressive,presolving_off,heuristics_off,heuristics_fast,emphasis_hardlp,emphasis_easycip,emphasis_optimality
neos-506428,separating_off,separating_fast,separating_aggressive,presolving_off,presolving_fast,presolving_aggressive,heuristics_fast,heuristics_aggressive,heuristics_off,emphasis_optimality,emphasis_hardlp,emphasis_feasibility,emphasis_easycip,default
stein45,separating_off,heuristics_fast,separating_fast,presolving_fast,default,presolving_off,presolving_aggressive,emphasis_easycip,separating_aggressive,heuristics_aggressive,emphasis_hardlp,emphasis_feasibility,heuristics_off,emphasis_optimality
vpm2,presolving_fast,separating_fast,default,emphasis_hardlp,presolving_aggressive,heuristics_fast,separating_aggressive,separating_off,emphasis_easycip,heuristics_aggressive,presolving_off,heuristics_off,emphasis_optimality,emphasis_feasibility
neos-1620807,presolving_fast,separating_fast,separating_off,separating_aggressive,presolving_aggressive,emphasis_hardlp,default,heuristics_fast,emphasis_easycip,heuristics_aggressive,heuristics_off,emphasis_feasibility,presolving_off,emphasis_optimality
reblock420,presolving_fast,separating_off,emphasis_hardlp,presolving_off,separating_fast,default,emphasis_feasibility,emphasis_easycip,heuristics_aggressive,heuristics_fast,separating_aggressive,presolving_aggressive,emphasis_optimality,heuristics_off
rmatr200-p10,separating_off,separating_fast,presolving_fast,presolving_aggressive,presolving_off,default,heuristics_aggressive,emphasis_feasibility,separating_aggressive,emphasis_hardlp,heuristics_fast,emphasis_optimality,emphasis_easycip,heuristics_off
binkar10_1,presolving_fast,separating_fast,default,presolving_aggressive,heuristics_aggressive,presolving_off,heuristics_fast,emphasis_hardlp,separating_aggressive,separating_off,emphasis_feasibility,emphasis_easycip,emphasis_optimality,heuristics_off
pigeon-19,separating_off,separating_fast,presolving_aggressive,presolving_fast,separating_aggressive,emphasis_hardlp,emphasis_feasibility,default,heuristics_aggressive,presolving_off,heuristics_fast,emphasis_easycip,emphasis_optimality,heuristics_off
neos-631709,separating_off,separating_fast,separating_aggressive,presolving_fast,presolving_aggressive,presolving_off,heuristics_fast,heuristics_aggressive,emphasis_feasibility,default,emphasis_hardlp,heuristics_off,emphasis_optimality,emphasis_easycip
n370a,presolving_fast,separating_fast,heuristics_aggressive,default,presolving_aggressive,separating_aggressive,presolving_off,heuristics_fast,emphasis_hardlp,emphasis_feasibility,separating_off,emphasis_optimality,emphasis_easycip,heuristics_off
iis-100-0-cov,separating_off,heuristics_fast,separating_fast,presolving_fast,default,presolving_off,presolving_aggressive,emphasis_easycip,separating_aggressive,heuristics_aggressive,emphasis_hardlp,emphasis_feasibility,heuristics_off,emphasis_optimality
triptim2,separating_fast,presolving_aggressive,separating_off,heuristics_aggressive,presolving_fast,separating_aggressive,default,presolving_off,emphasis_feasibility,heuristics_fast,emphasis_optimality,emphasis_hardlp,heuristics_off,emphasis_easycip
n15-3,separating_fast,separating_off,presolving_fast,heuristics_fast,presolving_off,presolving_aggressive,default,separating_aggressive,heuristics_aggressive,emphasis_optimality,emphasis_hardlp,emphasis_feasibility,emphasis_easycip,heuristics_off
neos-1442119,separating_off,separating_fast,presolving_fast,default,presolving_aggressive,emphasis_feasibility,separating_aggressive,heuristics_aggressive,presolving_off,emphasis_optimality,emphasis_hardlp,heuristics_fast,emphasis_easycip,heuristics_off
map20,separating_off,separating_fast,separating_aggressive,presolving_fast,presolving_aggressive,presolving_off,emphasis_feasibility,default,heuristics_fast,heuristics_aggressive,emphasis_optimality,emphasis_hardlp,emphasis_easycip,heuristics_off
neos-498623,separating_fast,emphasis_feasibility,heuristics_aggressive,default,presolving_aggressive,presolving_fast,separating_off,separating_aggressive,presolving_off,emphasis_hardlp,heuristics_fast,emphasis_optimality,emphasis_easycip,heuristics_off
rlp1,separating_fast,default,presolving_aggressive,separating_aggressive,heuristics_aggressive,presolving_fast,separating_off,heuristics_fast,emphasis_hardlp,presolving_off,emphasis_feasibility,emphasis_optimality,emphasis_easycip,heuristics_off
n3seq24,emphasis_feasibility,separating_fast,heuristics_aggressive,presolving_fast,presolving_off,emphasis_hardlp,separating_off,presolving_aggressive,emphasis_easycip,default,heuristics_fast,separating_aggressive,emphasis_optimality,heuristics_off
rococoC11-011100,separating_fast,presolving_fast,presolving_aggressive,heuristics_aggressive,default,separating_off,separating_aggressive,emphasis_feasibility,presolving_off,heuristics_fast,emphasis_hardlp,emphasis_easycip,emphasis_optimality,heuristics_off
neos-503737,separating_fast,heuristics_aggressive,separating_aggressive,default,presolving_fast,presolving_aggressive,emphasis_feasibility,separating_off,presolving_off,emphasis_hardlp,heuristics_fast,emphasis_optimality,emphasis_easycip,heuristics_off
neos-983171,separating_off,separating_fast,presolving_fast,default,separating_aggressive,presolving_off,presolving_aggressive,emphasis_feasibility,heuristics_aggressive,emphasis_hardlp,emphasis_easycip,emphasis_optimality,heuristics_fast,heuristics_off
p6b,presolving_fast,separating_off,emphasis_hardlp,separating_fast,presolving_aggressive,default,presolving_off,emphasis_easycip,heuristics_fast,heuristics_aggressive,emphasis_feasibility,separating_aggressive,emphasis_optimality,heuristics_off
neos-826694,separating_off,separating_fast,presolving_fast,separating_aggressive,presolving_aggressive,heuristics_aggressive,emphasis_feasibility,default,presolving_off,heuristics_fast,emphasis_optimality,emphasis_hardlp,emphasis_easycip,heuristics_off
neos-914441,separating_off,separating_fast,presolving_fast,default,separating_aggressive,presolving_off,presolving_aggressive,heuristics_aggressive,emphasis_feasibility,heuristics_fast,emphasis_optimality,emphasis_hardlp,emphasis_easycip,heuristics_off
mkc,separating_off,separating_fast,presolving_fast,presolving_aggressive,default,presolving_off,emphasis_feasibility,heuristics_fast,heuristics_aggressive,emphasis_hardlp,emphasis_easycip,separating_aggressive,heuristics_off,emphasis_optimality
neos-1208135,separating_fast,separating_aggressive,presolving_fast,presolving_aggressive,default,separating_off,heuristics_aggressive,emphasis_feasibility,presolving_off,heuristics_fast,emphasis_hardlp,emphasis_optimality,emphasis_easycip,heuristics_off
acc-tight5,separating_off,separating_fast,presolving_fast,separating_aggressive,presolving_aggressive,heuristics_aggressive,emphasis_hardlp,emphasis_feasibility,default,heuristics_fast,presolving_off,emphasis_easycip,heuristics_off,emphasis_optimality
neos-935627,separating_off,separating_fast,presolving_fast,default,separating_aggressive,presolving_off,presolving_aggressive,emphasis_feasibility,heuristics_aggressive,emphasis_hardlp,emphasis_easycip,emphasis_optimality,heuristics_fast,heuristics_off
neos16,default,separating_fast,presolving_aggressive,separating_off,heuristics_aggressive,separating_aggressive,emphasis_feasibility,presolving_fast,heuristics_fast,presolving_off,emphasis_optimality,emphasis_hardlp,emphasis_easycip,heuristics_off
shs1023,separating_fast,presolving_fast,presolving_aggressive,separating_off,default,separating_aggressive,presolving_off,heuristics_fast,heuristics_aggressive,heuristics_off,emphasis_optimality,emphasis_hardlp,emphasis_feasibility,emphasis_easycip
neos-1330346,separating_off,presolving_fast,separating_fast,separating_aggressive,presolving_aggressive,default,heuristics_aggressive,presolving_off,heuristics_fast,emphasis_feasibility,emphasis_hardlp,emphasis_easycip,heuristics_off,emphasis_optimality
neos-1415183,separating_off,presolving_fast,separating_fast,default,separating_aggressive,presolving_aggressive,heuristics_aggressive,presolving_off,heuristics_fast,emphasis_hardlp,emphasis_feasibility,emphasis_easycip,heuristics_off,emphasis_optimality
neos-825075,separating_fast,presolving_fast,emphasis_hardlp,emphasis_feasibility,default,presolving_aggressive,heuristics_aggressive,separating_aggressive,heuristics_fast,separating_off,emphasis_easycip,presolving_off,heuristics_off,emphasis_optimality
neos-826841,separating_fast,separating_off,presolving_fast,heuristics_aggressive,emphasis_feasibility,default,presolving_aggressive,presolving_off,emphasis_hardlp,separating_aggressive,emphasis_easycip,emphasis_optimality,heuristics_fast,heuristics_off
dcmulti,presolving_fast,separating_fast,default,presolving_aggressive,emphasis_hardlp,heuristics_aggressive,presolving_off,heuristics_fast,separating_off,emphasis_easycip,separating_aggressive,emphasis_feasibility,emphasis_optimality,heuristics_off
neos-504674,separating_fast,presolving_fast,separating_off,default,presolving_aggressive,separating_aggressive,heuristics_aggressive,emphasis_hardlp,emphasis_feasibility,presolving_off,heuristics_fast,emphasis_easycip,emphasis_optimality,heuristics_off
markshare1,separating_off,separating_fast,separating_aggressive,presolving_off,presolving_fast,presolving_aggressive,heuristics_off,heuristics_fast,heuristics_aggressive,emphasis_optimality,emphasis_hardlp,emphasis_feasibility,emphasis_easycip,default
in,separating_off,separating_fast,separating_aggressive,presolving_off,presolving_fast,presolving_aggressive,heuristics_off,heuristics_fast,heuristics_aggressive,emphasis_optimality,emphasis_hardlp,emphasis_feasibility,emphasis_easycip,default
qap10,separating_fast,presolving_fast,separating_off,emphasis_feasibility,default,presolving_aggressive,heuristics_aggressive,separating_aggressive,presolving_off,heuristics_off,emphasis_hardlp,heuristics_fast,emphasis_easycip,emphasis_optimality
n9-3,separating_fast,presolving_fast,presolving_aggressive,default,heuristics_fast,separating_aggressive,presolving_off,heuristics_aggressive,emphasis_hardlp,separating_off,emphasis_easycip,emphasis_feasibility,emphasis_optimality,heuristics_off
harp2,separating_fast,presolving_fast,emphasis_hardlp,default,presolving_aggressive,heuristics_aggressive,emphasis_feasibility,separating_off,heuristics_fast,emphasis_easycip,presolving_off,separating_aggressive,emphasis_optimality,heuristics_off
sct5,separating_off,separating_fast,presolving_fast,emphasis_feasibility,default,presolving_aggressive,heuristics_aggressive,separating_aggressive,presolving_off,heuristics_fast,emphasis_hardlp,heuristics_off,emphasis_optimality,emphasis_easycip
neos-631164,presolving_off,presolving_fast,heuristics_aggressive,separating_aggressive,presolving_aggressive,default,separating_fast,emphasis_hardlp,emphasis_feasibility,separating_off,emphasis_optimality,heuristics_fast,emphasis_easycip,heuristics_off
mining,separating_off,presolving_off,presolving_fast,emphasis_hardlp,separating_fast,emphasis_easycip,separating_aggressive,heuristics_off,heuristics_fast,emphasis_feasibility,presolving_aggressive,heuristics_aggressive,emphasis_optimality,default
