stein27,emphasis_easycip,default,emphasis_hardlp,presolving_fast,heuristics_fast,presolving_aggressive,heuristics_aggressive,presolving_off,separating_fast,separating_aggressive,separating_off,heuristics_off,emphasis_feasibility,emphasis_optimality
p6b,presolving_fast,separating_fast,presolving_aggressive,default,separating_aggressive,presolving_off,emphasis_hardlp,emphasis_easycip,separating_off,heuristics_aggressive,heuristics_fast,emphasis_feasibility,emphasis_optimality,heuristics_off
neos-885086,separating_off,presolving_off,separating_fast,presolving_fast,presolving_aggressive,emphasis_feasibility,separating_aggressive,heuristics_aggressive,default,emphasis_hardlp,emphasis_easycip,heuristics_fast,emphasis_optimality,heuristics_off
gesa3,separating_fast,presolving_fast,default,presolving_aggressive,heuristics_aggressive,separating_aggressive,emphasis_feasibility,separating_off,presolving_off,emphasis_hardlp,heuristics_fast,emphasis_optimality,emphasis_easycip,heuristics_off
neos-538916,emphasis_hardlp,presolving_aggressive,presolving_fast,emphasis_easycip,separating_fast,heuristics_fast,heuristics_aggressive,default,heuristics_off,separating_aggressive,presolving_off,emphasis_feasibility,separating_off,emphasis_optimality
neos-1211578,separating_off,separating_fast,default,emphasis_feasibility,presolving_fast,presolving_aggressive,separating_aggressive,heuristics_aggressive,emphasis_hardlp,presolving_off,heuristics_fast,emphasis_optimality,emphasis_easycip,heuristics_off
neos-827015,separating_fast,presolving_off,presolving_fast,separating_off,presolving_aggressive,separating_aggressive,heuristics_aggressive,emphasis_feasibility,default,emphasis_hardlp,heuristics_off,heuristics_fast,emphasis_easycip,emphasis_optimality
n3seq24,separating_off,separating_fast,presolving_off,presolving_fast,heuristics_aggressive,emphasis_feasibility,separating_aggressive,emphasis_hardlp,presolving_aggressive,heuristics_off,default,heuristics_fast,emphasis_easycip,emphasis_optimality
ns1904248,separating_off,presolving_fast,separating_fast,separating_aggressive,presolving_off,emphasis_feasibility,presolving_aggressive,heuristics_aggressive,heuristics_off,heuristics_fast,emphasis_optimality,default,emphasis_hardlp,emphasis_easycip
10teams,presolving_fast,presolving_off,emphasis_hardlp,separating_fast,default,emphasis_easycip,presolving_aggressive,separating_off,separating_aggressive,emphasis_feasibility,heuristics_aggressive,heuristics_fast,heuristics_off,emphasis_optimality
neos-948346,separating_off,presolving_fast,separating_fast,presolving_off,emphasis_feasibility,presolving_aggressive,heuristics_aggressive,default,separating_aggressive,emphasis_optimality,emphasis_hardlp,emphasis_easycip,heuristics_fast,heuristics_off
neos-1228986,separating_off,separating_fast,default,emphasis_feasibility,presolving_fast,presolving_aggressive,separating_aggressive,heuristics_aggressive,emphasis_hardlp,presolving_off,heuristics_fast,emphasis_optimality,emphasis_easycip,heuristics_off
neos-808214,heuristics_aggressive,separating_fast,emphasis_feasibility,presolving_fast,presolving_aggressive,default,separating_off,separating_aggressive,heuristics_fast,emphasis_easycip,heuristics_off,presolving_off,emphasis_hardlp,emphasis_optimality
rocII-9-11,separating_fast,emphasis_feasibility,separating_off,separating_aggressive,presolving_off,heuristics_off,presolving_fast,heuristics_fast,heuristics_aggressive,presolving_aggressive,default,emphasis_optimality,emphasis_hardlp,emphasis_easycip
leo2,emphasis_feasibility,heuristics_aggressive,separating_off,separating_fast,default,presolving_aggressive,separating_aggressive,emphasis_optimality,presolving_fast,heuristics_fast,presolving_off,emphasis_hardlp,emphasis_easycip,heuristics_off
mine-90-10,presolving_fast,presolving_off,emphasis_hardlp,separating_off,separating_fast,default,emphasis_easycip,separating_aggressive,heuristics_fast,presolving_aggressive,heuristics_aggressive,emphasis_feasibility,emphasis_optimality,heuristics_off
markshare2,separating_fast,separating_aggressive,separating_off,presolving_off,presolving_fast,presolving_aggressive,heuristics_off,heuristics_fast,heuristics_aggressive,emphasis_optimality,emphasis_feasibility,emphasis_hardlp,emphasis_easycip,default
neos-631784,presolving_fast,separating_off,separating_fast,separating_aggressive,presolving_aggressive,heuristics_aggressive,emphasis_feasibility,default,presolving_off,heuristics_off,heuristics_fast,emphasis_hardlp,emphasis_easycip,emphasis_optimality
tw-myciel4,separating_fast,separating_aggressive,presolving_fast,presolving_aggressive,emphasis_hardlp,separating_off,heuristics_aggressive,heuristics_fast,emphasis_easycip,presolving_off,heuristics_off,emphasis_feasibility,emphasis_optimality,default
neos-936660,presolving_fast,separating_fast,separating_off,default,presolving_off,separating_aggressive,presolving_aggressive,emphasis_feasibility,heuristics_aggressive,emphasis_hardlp,emphasis_easycip,heuristics_fast,emphasis_optimality,heuristics_off
neos-522351,presolving_fast,presolving_aggressive,default,separating_aggressive,heuristics_aggressive,separating_fast,separating_off,emphasis_hardlp,presolving_off,heuristics_fast,emphasis_optimality,emphasis_feasibility,emphasis_easycip,heuristics_off
neos-582605,presolving_fast,separating_fast,presolving_aggressive,separating_off,default,separating_aggressive,heuristics_aggressive,presolving_off,emphasis_hardlp,heuristics_fast,emphasis_easycip,emphasis_feasibility,heuristics_off,emphasis_optimality
dfn-gwin-UUM,presolving_off,separating_aggressive,presolving_aggressive,presolving_fast,default,separating_off,separating_fast,heuristics_aggressive,heuristics_fast,emphasis_optimality,emphasis_hardlp,emphasis_feasibility,emphasis_easycip,heuristics_off
neos-1330635,separating_off,separating_fast,default,separating_aggressive,presolving_fast,presolving_aggressive,emphasis_feasibility,presolving_off,heuristics_aggressive,emphasis_hardlp,heuristics_fast,emphasis_easycip,heuristics_off,emphasis_optimality
neos-934441,default,presolving_fast,heuristics_aggressive,separating_fast,separating_aggressive,presolving_aggressive,emphasis_feasibility,presolving_off,separating_off,emphasis_hardlp,emphasis_easycip,heuristics_fast,emphasis_optimality,heuristics_off
misc07,separating_off,separating_fast,emphasis_feasibility,default,heuristics_fast,emphasis_easycip,presolving_fast,presolving_aggressive,heuristics_aggressive,emphasis_hardlp,separating_aggressive,presolving_off,heuristics_off,emphasis_optimality
neos-583731,emphasis_hardlp,presolving_fast,heuristics_aggressive,emphasis_feasibility,separating_off,presolving_off,default,presolving_aggressive,emphasis_easycip,separating_fast,heuristics_fast,separating_aggressive,heuristics_off,emphasis_optimality
neos-1225589,separating_fast,presolving_fast,heuristics_aggressive,presolving_aggressive,default,separating_aggressive,emphasis_optimality,separating_off,heuristics_fast,emphasis_feasibility,emphasis_hardlp,presolving_off,emphasis_easycip,heuristics_off
newdano,presolving_fast,separating_fast,default,presolving_aggressive,emphasis_hardlp,separating_aggressive,heuristics_fast,heuristics_aggressive,emphasis_easycip,separating_off,emphasis_feasibility,presolving_off,heuristics_off,emphasis_optimality
opm2-z10-s2,separating_off,presolving_off,presolving_fast,separating_fast,separating_aggressive,emphasis_hardlp,presolving_aggressive,emphasis_easycip,default,heuristics_aggressive,heuristics_fast,emphasis_feasibility,heuristics_off,emphasis_optimality
neos-948126,presolving_fast,separating_fast,separating_off,presolving_off,default,separating_aggressive,presolving_aggressive,heuristics_aggressive,emphasis_feasibility,emphasis_hardlp,emphasis_easycip,heuristics_fast,emphasis_optimality,heuristics_off
gmu-35-40,emphasis_feasibility,heuristics_aggressive,default,presolving_fast,presolving_aggressive,separating_fast,presolving_off,separating_aggressive,separating_off,emphasis_easycip,emphasis_hardlp,heuristics_fast,emphasis_optimality,heuristics_off
set3-10,separating_off,separating_fast,presolving_fast,separating_aggressive,presolving_off,presolving_aggressive,heuristics_fast,emphasis_hardlp,heuristics_aggressive,emphasis_easycip,default,emphasis_optimality,emphasis_feasibility,heuristics_off
nw04,heuristics_aggressive,heuristics_off,separating_off,separating_fast,presolving_aggressive,emphasis_feasibility,separating_aggressive,default,presolving_fast,heuristics_fast,emphasis_hardlp,emphasis_optimality,presolving_off,emphasis_easycip
neos-662469,presolving_fast,presolving_aggressive,default,heuristics_aggressive,separating_fast,separating_aggressive,heuristics_off,heuristics_fast,emphasis_feasibility,separating_off,presolving_off,emphasis_easycip,emphasis_optimality,emphasis_hardlp
neos-957323,presolving_fast,separating_off,emphasis_feasibility,separating_fast,presolving_off,heuristics_aggressive,default,presolving_aggressive,separating_aggressive,emphasis_hardlp,emphasis_easycip,emphasis_optimality,heuristics_fast,heuristics_off
neos-1445755,separating_off,separating_fast,emphasis_feasibility,heuristics_fast,default,heuristics_aggressive,separating_aggressive,heuristics_off,emphasis_optimality,presolving_off,presolving_fast,emphasis_easycip,emphasis_hardlp,presolving_aggressive
dano3_5,presolving_aggressive,separating_fast,presolving_off,presolving_fast,separating_off,heuristics_aggressive,separating_aggressive,default,heuristics_fast,emphasis_hardlp,emphasis_feasibility,emphasis_optimality,emphasis_easycip,heuristics_off
lseu,default,emphasis_easycip,emphasis_hardlp,emphasis_feasibility,presolving_fast,heuristics_fast,separating_fast,presolving_aggressive,heuristics_aggressive,presolving_off,heuristics_off,separating_aggressive,separating_off,emphasis_optimality
qnet1_o,separating_off,separating_fast,emphasis_feasibility,default,presolving_fast,presolving_aggressive,heuristics_aggressive,separating_aggressive,emphasis_hardlp,heuristics_fast,emphasis_easycip,emphasis_optimality,presolving_off,heuristics_off
maxgasflow,emphasis_feasibility,separating_fast,presolving_off,emphasis_hardlp,presolving_fast,presolving_aggressive,heuristics_aggressive,emphasis_easycip,default,separating_off,separating_aggressive,heuristics_off,heuristics_fast,emphasis_optimality
ns1208400,separating_fast,presolving_aggressive,heuristics_aggressive,emphasis_feasibility,separating_off,presolving_fast,heuristics_fast,default,separating_aggressive,emphasis_easycip,presolving_off,heuristics_off,emphasis_optimality,emphasis_hardlp
blend2,separating_fast,default,presolving_aggressive,separating_aggressive,heuristics_aggressive,presolving_fast,separating_off,presolving_off,heuristics_fast,emphasis_feasibility,emphasis_easycip,emphasis_hardlp,emphasis_optimality,heuristics_off
harp2,emphasis_hardlp,emphasis_feasibility,separating_off,separating_fast,default,presolving_fast,presolving_aggressive,heuristics_fast,separating_aggressive,presolving_off,heuristics_off,heuristics_aggressive,emphasis_easycip,emphasis_optimality
neos-1445532,presolving_aggressive,separating_fast,separating_off,presolving_fast,separating_aggressive,presolving_off,default,heuristics_aggressive,emphasis_hardlp,emphasis_feasibility,heuristics_fast,emphasis_easycip,emphasis_optimality,heuristics_off
in,separating_off,separating_fast,presolving_fast,presolving_off,separating_aggressive,presolving_aggressive,heuristics_aggressive,emphasis_feasibility,emphasis_optimality,default,heuristics_off,heuristics_fast,emphasis_hardlp,emphasis_easycip
neos-932721,emphasis_feasibility,presolving_fast,presolving_aggressive,separating_aggressive,default,separating_fast,separating_off,heuristics_aggressive,heuristics_fast,presolving_off,emphasis_optimality,heuristics_off,emphasis_hardlp,emphasis_easycip
d10200,separating_off,presolving_off,separating_fast,separating_aggressive,presolving_fast,heuristics_fast,heuristics_aggressive,presolving_aggressive,heuristics_off,emphasis_optimality,emphasis_feasibility,emphasis_hardlp,emphasis_easycip,default
pw-myciel4,separating_fast,presolving_fast,default,presolving_aggressive,separating_aggressive,heuristics_aggressive,separating_off,heuristics_fast,emphasis_hardlp,emphasis_feasibility,emphasis_easycip,heuristics_off,presolving_off,emphasis_optimality
neos-520729,separating_fast,presolving_aggressive,heuristics_aggressive,separating_off,separating_aggressive,heuristics_fast,default,presolving_off,presolving_fast,emphasis_feasibility,emphasis_optimality,heuristics_off,emphasis_hardlp,emphasis_easycip
bg512142,default,presolving_fast,presolving_aggressive,heuristics_aggressive,emphasis_hardlp,heuristics_fast,separating_fast,separating_aggressive,presolving_off,emphasis_feasibility,emphasis_easycip,separating_off,emphasis_optimality,heuristics_off
neos-494568,presolving_fast,presolving_off,heuristics_aggressive,presolving_aggressive,default,separating_fast,emphasis_feasibility,separating_aggressive,separating_off,emphasis_hardlp,emphasis_easycip,heuristics_fast,heuristics_off,emphasis_optimality
neos-1426662,separating_off,separating_fast,emphasis_feasibility,presolving_fast,default,presolving_aggressive,separating_aggressive,heuristics_aggressive,presolving_off,emphasis_optimality,emphasis_hardlp,heuristics_fast,emphasis_easycip,heuristics_off
neos-803219,emphasis_hardlp,presolving_fast,default,heuristics_fast,separating_fast,separating_off,separating_aggressive,presolving_aggressive,emphasis_easycip,presolving_off,heuristics_off,emphasis_optimality,heuristics_aggressive,emphasis_feasibility
rococoC11-011100,presolving_aggressive,heuristics_aggressive,separating_fast,presolving_fast,separating_off,emphasis_optimality,separating_aggressive,default,emphasis_feasibility,heuristics_fast,emphasis_hardlp,emphasis_easycip,presolving_off,heuristics_off
neos-1456979,separating_off,separating_fast,presolving_fast,presolving_aggressive,heuristics_aggressive,emphasis_feasibility,default,separating_aggressive,presolving_off,emphasis_hardlp,emphasis_easycip,heuristics_fast,emphasis_optimality,heuristics_off
dano3_4,presolving_off,presolving_aggressive,separating_fast,presolving_fast,separating_off,heuristics_aggressive,default,separating_aggressive,heuristics_fast,emphasis_hardlp,emphasis_feasibility,emphasis_easycip,emphasis_optimality,heuristics_off
tanglegram1,separating_off,presolving_fast,presolving_aggressive,separating_fast,separating_aggressive,presolving_off,emphasis_feasibility,heuristics_aggressive,emphasis_hardlp,default,heuristics_off,heuristics_fast,emphasis_easycip,emphasis_optimality
eil33-2,separating_off,separating_fast,default,emphasis_feasibility,heuristics_fast,presolving_aggressive,heuristics_aggressive,heuristics_off,emphasis_easycip,presolving_fast,emphasis_hardlp,presolving_off,separating_aggressive,emphasis_optimality
neos-612162,presolving_fast,presolving_off,separating_fast,default,presolving_aggressive,emphasis_hardlp,separating_off,separating_aggressive,heuristics_aggressive,emphasis_easycip,emphasis_feasibility,heuristics_fast,emphasis_optimality,heuristics_off
csched010,presolving_aggressive,separating_aggressive,separating_fast,default,separating_off,emphasis_easycip,presolving_fast,heuristics_fast,presolving_off,heuristics_aggressive,heuristics_off,emphasis_optimality,emphasis_hardlp,emphasis_feasibility
