neos-1516309,emphasis_feasibility,heuristics_aggressive,separating_fast,default,presolving_fast,separating_aggressive,presolving_aggressive,emphasis_hardlp,emphasis_easycip,heuristics_fast,separating_off,presolving_off,emphasis_optimality,heuristics_off
neos-1109824,emphasis_hardlp,presolving_fast,emphasis_feasibility,separating_fast,emphasis_easycip,presolving_aggressive,default,heuristics_aggressive,separating_off,presolving_off,heuristics_off,heuristics_fast,separating_aggressive,emphasis_optimality
misc07,emphasis_hardlp,separating_off,presolving_fast,emphasis_easycip,heuristics_aggressive,emphasis_feasibility,separating_fast,default,heuristics_fast,heuristics_off,presolving_aggressive,presolving_off,separating_aggressive,emphasis_optimality
siena1,presolving_aggressive,separating_fast,presolving_fast,default,separating_off,emphasis_feasibility,heuristics_aggressive,separating_aggressive,presolving_off,heuristics_fast,emphasis_optimality,emphasis_easycip,emphasis_hardlp,heuristics_off
t1717,emphasis_feasibility,heuristics_aggressive,separating_fast,default,separating_off,presolving_aggressive,separating_aggressive,presolving_off,presolving_fast,heuristics_fast,heuristics_off,emphasis_hardlp,emphasis_optimality,emphasis_easycip
hanoi5,presolving_aggressive,heuristics_fast,presolving_fast,default,separating_off,separating_fast,presolving_off,heuristics_aggressive,emphasis_easycip,separating_aggressive,emphasis_feasibility,heuristics_off,emphasis_optimality,emphasis_hardlp
haprp,presolving_aggressive,separating_fast,default,heuristics_aggressive,separating_off,separating_aggressive,emphasis_feasibility,presolving_fast,presolving_off,heuristics_fast,emphasis_optimality,emphasis_hardlp,emphasis_easycip,heuristics_off
noswot,separating_off,default,separating_fast,presolving_fast,presolving_aggressive,presolving_off,heuristics_aggressive,emphasis_feasibility,separating_aggressive,emphasis_hardlp,heuristics_fast,heuristics_off,emphasis_optimality,emphasis_easycip
neos-738098,separating_off,separating_fast,presolving_fast,presolving_aggressive,emphasis_feasibility,heuristics_aggressive,default,separating_aggressive,presolving_off,heuristics_fast,emphasis_optimality,emphasis_hardlp,emphasis_easycip,heuristics_off
stein45,separating_off,heuristics_fast,presolving_fast,default,presolving_aggressive,presolving_off,separating_fast,heuristics_aggressive,emphasis_easycip,separating_aggressive,emphasis_hardlp,emphasis_feasibility,heuristics_off,emphasis_optimality
neos-808072,emphasis_feasibility,emphasis_hardlp,separating_fast,separating_off,emphasis_easycip,presolving_fast,presolving_aggressive,heuristics_fast,heuristics_off,heuristics_aggressive,separating_aggressive,default,presolving_off,emphasis_optimality
Test3,emphasis_feasibility,separating_off,presolving_fast,separating_fast,default,presolving_aggressive,heuristics_aggressive,separating_aggressive,presolving_off,emphasis_optimality,emphasis_hardlp,heuristics_fast,emphasis_easycip,heuristics_off
neos-595904,separating_fast,presolving_fast,default,presolving_aggressive,heuristics_aggressive,heuristics_fast,separating_aggressive,presolving_off,emphasis_feasibility,emphasis_optimality,separating_off,heuristics_off,emphasis_hardlp,emphasis_easycip
neos-538916,emphasis_optimality,default,presolving_fast,presolving_aggressive,presolving_off,separating_aggressive,separating_fast,heuristics_aggressive,heuristics_off,heuristics_fast,emphasis_easycip,separating_off,emphasis_feasibility,emphasis_hardlp
ic97_potential,separating_fast,presolving_fast,emphasis_feasibility,default,separating_off,presolving_aggressive,heuristics_aggressive,separating_aggressive,presolving_off,heuristics_fast,emphasis_hardlp,emphasis_optimality,emphasis_easycip,heuristics_off
transportmoment,separating_aggressive,default,presolving_aggressive,heuristics_aggressive,presolving_off,presolving_fast,separating_fast,emphasis_optimality,heuristics_fast,emphasis_hardlp,emphasis_feasibility,separating_off,emphasis_easycip,heuristics_off
egout,presolving_fast,presolving_aggressive,default,separating_fast,separating_aggressive,heuristics_aggressive,heuristics_fast,emphasis_hardlp,presolving_off,emphasis_optimality,emphasis_easycip,emphasis_feasibility,heuristics_off,separating_off
iis-bupa-cov,separating_off,heuristics_fast,presolving_fast,presolving_aggressive,default,presolving_off,separating_fast,separating_aggressive,heuristics_aggressive,emphasis_easycip,heuristics_off,emphasis_hardlp,emphasis_feasibility,emphasis_optimality
liu,separating_off,separating_fast,default,presolving_fast,presolving_aggressive,presolving_off,emphasis_hardlp,emphasis_feasibility,separating_aggressive,emphasis_easycip,heuristics_fast,heuristics_aggressive,emphasis_optimality,heuristics_off
bc1,separating_fast,presolving_aggressive,heuristics_aggressive,separating_aggressive,presolving_off,presolving_fast,default,separating_off,emphasis_feasibility,heuristics_fast,emphasis_optimality,heuristics_off,emphasis_hardlp,emphasis_easycip
neos-1053591,separating_aggressive,default,separating_fast,presolving_aggressive,emphasis_hardlp,presolving_fast,heuristics_aggressive,presolving_off,heuristics_fast,emphasis_optimality,emphasis_easycip,separating_off,emphasis_feasibility,heuristics_off
enigma,separating_aggressive,presolving_aggressive,heuristics_aggressive,default,separating_fast,presolving_fast,emphasis_hardlp,separating_off,heuristics_fast,emphasis_feasibility,presolving_off,emphasis_easycip,emphasis_optimality,heuristics_off
germanrr,separating_fast,presolving_fast,separating_off,emphasis_feasibility,default,presolving_aggressive,heuristics_aggressive,presolving_off,separating_aggressive,emphasis_optimality,emphasis_hardlp,emphasis_easycip,heuristics_fast,heuristics_off
neos-1126860,presolving_off,presolving_fast,emphasis_hardlp,emphasis_easycip,default,heuristics_fast,separating_fast,separating_off,separating_aggressive,presolving_aggressive,heuristics_aggressive,emphasis_optimality,emphasis_feasibility,heuristics_off
leo1,heuristics_aggressive,emphasis_feasibility,separating_fast,default,separating_aggressive,presolving_fast,presolving_aggressive,presolving_off,heuristics_fast,emphasis_easycip,separating_off,emphasis_optimality,emphasis_hardlp,heuristics_off
set1ch,default,presolving_aggressive,presolving_fast,heuristics_aggressive,separating_aggressive,separating_fast,emphasis_hardlp,presolving_off,emphasis_easycip,heuristics_fast,emphasis_optimality,heuristics_off,emphasis_feasibility,separating_off
dsbmip,separating_fast,default,separating_aggressive,presolving_fast,presolving_aggressive,heuristics_aggressive,presolving_off,emphasis_optimality,emphasis_hardlp,heuristics_fast,separating_off,emphasis_easycip,emphasis_feasibility,heuristics_off
ex9,presolving_aggressive,presolving_fast,separating_aggressive,presolving_off,default,separating_fast,heuristics_aggressive,emphasis_optimality,separating_off,emphasis_hardlp,heuristics_fast,emphasis_feasibility,emphasis_easycip,heuristics_off
neos-916792,separating_off,separating_fast,presolving_fast,default,presolving_aggressive,presolving_off,separating_aggressive,heuristics_aggressive,emphasis_feasibility,heuristics_fast,emphasis_hardlp,emphasis_optimality,emphasis_easycip,heuristics_off
neos-931538,separating_off,presolving_fast,emphasis_feasibility,default,separating_aggressive,presolving_aggressive,presolving_off,separating_fast,heuristics_aggressive,heuristics_off,heuristics_fast,emphasis_hardlp,emphasis_easycip,emphasis_optimality
leo2,heuristics_aggressive,emphasis_feasibility,separating_fast,default,separating_aggressive,presolving_fast,presolving_aggressive,presolving_off,heuristics_fast,emphasis_easycip,separating_off,emphasis_optimality,emphasis_hardlp,heuristics_off
neos-1460265,emphasis_feasibility,presolving_fast,separating_fast,heuristics_aggressive,separating_aggressive,presolving_off,presolving_aggressive,default,emphasis_optimality,separating_off,emphasis_hardlp,emphasis_easycip,heuristics_fast,heuristics_off
23588,presolving_fast,separating_off,separating_fast,emphasis_hardlp,emphasis_feasibility,presolving_aggressive,heuristics_fast,default,emphasis_easycip,heuristics_off,heuristics_aggressive,presolving_off,separating_aggressive,emphasis_optimality
p0033,emphasis_hardlp,separating_fast,presolving_fast,emphasis_easycip,separating_off,heuristics_fast,default,presolving_aggressive,heuristics_aggressive,presolving_off,emphasis_feasibility,separating_aggressive,heuristics_off,emphasis_optimality
rmatr200-p20,presolving_off,heuristics_aggressive,emphasis_feasibility,emphasis_hardlp,emphasis_easycip,heuristics_fast,presolving_fast,separating_off,default,separating_fast,presolving_aggressive,emphasis_optimality,separating_aggressive,heuristics_off
ns60-pr3,heuristics_fast,presolving_fast,presolving_aggressive,presolving_off,default,emphasis_hardlp,emphasis_easycip,separating_fast,separating_aggressive,heuristics_aggressive,separating_off,heuristics_off,emphasis_feasibility,emphasis_optimality
neos-1215891,separating_off,separating_fast,emphasis_feasibility,emphasis_hardlp,presolving_fast,presolving_aggressive,default,heuristics_aggressive,presolving_off,separating_aggressive,heuristics_fast,heuristics_off,emphasis_easycip,emphasis_optimality
neos-593853,separating_fast,presolving_fast,presolving_aggressive,separating_off,separating_aggressive,presolving_off,default,heuristics_fast,heuristics_aggressive,emphasis_optimality,emphasis_hardlp,emphasis_feasibility,heuristics_off,emphasis_easycip
neos-806323,presolving_fast,separating_off,default,separating_fast,presolving_aggressive,heuristics_aggressive,separating_aggressive,presolving_off,emphasis_feasibility,heuristics_fast,emphasis_hardlp,emphasis_easycip,heuristics_off,emphasis_optimality
neos-1096528,separating_off,presolving_fast,separating_fast,separating_aggressive,presolving_aggressive,heuristics_fast,heuristics_aggressive,emphasis_hardlp,presolving_off,emphasis_feasibility,emphasis_easycip,default,heuristics_off,emphasis_optimality
reblock67,emphasis_hardlp,separating_off,separating_fast,presolving_fast,default,presolving_off,heuristics_aggressive,emphasis_feasibility,heuristics_fast,emphasis_easycip,separating_aggressive,heuristics_off,presolving_aggressive,emphasis_optimality
sct1,emphasis_feasibility,presolving_fast,separating_off,separating_fast,default,presolving_aggressive,presolving_off,heuristics_aggressive,separating_aggressive,emphasis_easycip,heuristics_fast,emphasis_hardlp,emphasis_optimality,heuristics_off
neos-565815,emphasis_feasibility,heuristics_aggressive,default,presolving_fast,separating_off,separating_fast,presolving_off,separating_aggressive,presolving_aggressive,emphasis_easycip,emphasis_optimality,emphasis_hardlp,heuristics_fast,heuristics_off
neos6,presolving_fast,emphasis_feasibility,separating_fast,presolving_aggressive,heuristics_aggressive,separating_aggressive,default,presolving_off,emphasis_optimality,separating_off,emphasis_hardlp,emphasis_easycip,heuristics_fast,heuristics_off
aligninq,separating_fast,presolving_fast,emphasis_hardlp,separating_off,emphasis_feasibility,default,presolving_aggressive,emphasis_easycip,heuristics_aggressive,separating_aggressive,presolving_off,heuristics_fast,heuristics_off,emphasis_optimality
neos-544324,separating_fast,presolving_aggressive,default,separating_off,presolving_fast,separating_aggressive,heuristics_aggressive,emphasis_hardlp,presolving_off,heuristics_fast,emphasis_feasibility,emphasis_easycip,heuristics_off,emphasis_optimality
maxgasflow,separating_aggressive,presolving_fast,presolving_aggressive,default,presolving_off,separating_fast,heuristics_aggressive,emphasis_optimality,heuristics_fast,emphasis_hardlp,emphasis_feasibility,separating_off,emphasis_easycip,heuristics_off
neos-611838,heuristics_fast,presolving_off,presolving_fast,default,presolving_aggressive,heuristics_aggressive,emphasis_hardlp,separating_aggressive,emphasis_optimality,heuristics_off,emphasis_easycip,separating_fast,separating_off,emphasis_feasibility
neos-631164,presolving_off,presolving_fast,heuristics_aggressive,separating_aggressive,presolving_aggressive,default,emphasis_optimality,emphasis_hardlp,separating_fast,emphasis_feasibility,emphasis_easycip,heuristics_fast,separating_off,heuristics_off
nb10tb,presolving_fast,emphasis_feasibility,separating_off,separating_fast,heuristics_aggressive,presolving_aggressive,default,separating_aggressive,presolving_off,heuristics_fast,emphasis_hardlp,emphasis_optimality,emphasis_easycip,heuristics_off
markshare1,separating_off,separating_fast,separating_aggressive,presolving_off,presolving_fast,presolving_aggressive,heuristics_off,heuristics_fast,heuristics_aggressive,emphasis_optimality,emphasis_hardlp,emphasis_feasibility,emphasis_easycip,default
m100n500k4r1,presolving_off,presolving_fast,heuristics_aggressive,emphasis_feasibility,default,separating_off,separating_fast,separating_aggressive,presolving_aggressive,emphasis_hardlp,emphasis_easycip,emphasis_optimality,heuristics_fast,heuristics_off
neos-1208135,separating_off,separating_aggressive,presolving_off,separating_fast,emphasis_feasibility,default,heuristics_off,presolving_fast,heuristics_aggressive,presolving_aggressive,heuristics_fast,emphasis_hardlp,emphasis_easycip,emphasis_optimality
neos-1597104,separating_off,presolving_fast,separating_fast,presolving_off,presolving_aggressive,separating_aggressive,heuristics_aggressive,emphasis_easycip,heuristics_fast,emphasis_hardlp,emphasis_feasibility,default,heuristics_off,emphasis_optimality
ns25-pr3,heuristics_fast,presolving_fast,presolving_aggressive,presolving_off,default,emphasis_easycip,separating_fast,separating_aggressive,emphasis_hardlp,heuristics_aggressive,separating_off,emphasis_feasibility,heuristics_off,emphasis_optimality
neos-934531,separating_off,separating_fast,presolving_fast,emphasis_hardlp,separating_aggressive,presolving_off,heuristics_aggressive,emphasis_easycip,presolving_aggressive,default,heuristics_off,heuristics_fast,emphasis_feasibility,emphasis_optimality
neos-1311124,separating_off,separating_fast,presolving_off,presolving_fast,emphasis_feasibility,default,separating_aggressive,heuristics_aggressive,presolving_aggressive,emphasis_optimality,emphasis_hardlp,heuristics_fast,emphasis_easycip,heuristics_off
neos-848845,emphasis_feasibility,separating_off,default,separating_fast,presolving_fast,emphasis_easycip,heuristics_aggressive,heuristics_off,emphasis_hardlp,presolving_aggressive,heuristics_fast,separating_aggressive,presolving_off,emphasis_optimality
rococoC11-011100,heuristics_aggressive,separating_off,emphasis_feasibility,separating_fast,default,presolving_fast,presolving_aggressive,emphasis_hardlp,separating_aggressive,presolving_off,emphasis_easycip,heuristics_fast,heuristics_off,emphasis_optimality
neos-709469,emphasis_hardlp,separating_fast,presolving_fast,separating_aggressive,presolving_aggressive,heuristics_fast,default,emphasis_feasibility,separating_off,emphasis_easycip,heuristics_off,heuristics_aggressive,presolving_off,emphasis_optimality
neos15,default,presolving_fast,presolving_aggressive,separating_aggressive,heuristics_aggressive,emphasis_hardlp,separating_fast,presolving_off,emphasis_easycip,heuristics_fast,emphasis_optimality,emphasis_feasibility,separating_off,heuristics_off
