neos-631517,presolving_fast,presolving_aggressive,presolving_off,heuristics_aggressive,separating_fast,separating_aggressive,emphasis_feasibility,default,separating_off,emphasis_optimality,heuristics_fast,emphasis_hardlp,emphasis_easycip,heuristics_off
aflow30a,presolving_fast,default,emphasis_hardlp,presolving_aggressive,heuristics_aggressive,separating_aggressive,separating_fast,heuristics_fast,emphasis_easycip,emphasis_optimality,emphasis_feasibility,separating_off,presolving_off,heuristics_off
neos-1126860,presolving_off,presolving_fast,emphasis_hardlp,emphasis_easycip,default,separating_off,separating_fast,heuristics_fast,separating_aggressive,presolving_aggressive,emphasis_optimality,heuristics_aggressive,emphasis_feasibility,heuristics_off
neos-820879,presolving_fast,separating_fast,default,presolving_aggressive,heuristics_aggressive,presolving_off,separating_off,emphasis_feasibility,heuristics_fast,emphasis_hardlp,emphasis_easycip,separating_aggressive,emphasis_optimality,heuristics_off
dano3_5,separating_fast,presolving_off,separating_off,presolving_aggressive,presolving_fast,heuristics_aggressive,separating_aggressive,default,heuristics_fast,emphasis_optimality,emphasis_hardlp,emphasis_feasibility,emphasis_easycip,heuristics_off
neos13,separating_fast,emphasis_feasibility,separating_off,presolving_fast,presolving_off,separating_aggressive,presolving_aggressive,emphasis_hardlp,heuristics_aggressive,heuristics_fast,default,emphasis_optimality,emphasis_easycip,heuristics_off
qnet1_o,separating_off,separating_fast,presolving_aggressive,presolving_fast,emphasis_feasibility,default,separating_aggressive,heuristics_fast,heuristics_aggressive,emphasis_hardlp,emphasis_easycip,emphasis_optimality,presolving_off,heuristics_off
n9-3,presolving_off,separating_fast,presolving_fast,presolving_aggressive,heuristics_aggressive,separating_off,heuristics_fast,default,separating_aggressive,emphasis_hardlp,emphasis_easycip,emphasis_feasibility,emphasis_optimality,heuristics_off
prod1,separating_fast,separating_off,presolving_off,presolving_fast,presolving_aggressive,heuristics_fast,emphasis_easycip,emphasis_hardlp,default,separating_aggressive,emphasis_optimality,heuristics_off,heuristics_aggressive,emphasis_feasibility
ns1688347,separating_off,separating_fast,presolving_fast,presolving_aggressive,presolving_off,separating_aggressive,emphasis_hardlp,emphasis_feasibility,heuristics_off,heuristics_fast,default,heuristics_aggressive,emphasis_easycip,emphasis_optimality
eilB101,default,separating_fast,emphasis_easycip,separating_off,presolving_fast,emphasis_hardlp,heuristics_fast,heuristics_off,emphasis_feasibility,presolving_aggressive,heuristics_aggressive,presolving_off,separating_aggressive,emphasis_optimality
neos-1445532,separating_fast,presolving_aggressive,separating_off,presolving_off,presolving_fast,separating_aggressive,default,heuristics_aggressive,emphasis_hardlp,emphasis_feasibility,heuristics_fast,emphasis_easycip,emphasis_optimality,heuristics_off
neos-503737,separating_fast,heuristics_aggressive,presolving_aggressive,emphasis_feasibility,separating_off,default,presolving_fast,separating_aggressive,presolving_off,emphasis_optimality,emphasis_easycip,heuristics_fast,emphasis_hardlp,heuristics_off
neos-574665,heuristics_fast,presolving_aggressive,default,heuristics_aggressive,presolving_off,separating_fast,emphasis_feasibility,presolving_fast,heuristics_off,emphasis_easycip,separating_off,separating_aggressive,emphasis_optimality,emphasis_hardlp
rvb-sub,separating_off,separating_fast,presolving_fast,default,heuristics_fast,emphasis_hardlp,emphasis_feasibility,presolving_off,heuristics_aggressive,emphasis_easycip,separating_aggressive,presolving_aggressive,heuristics_off,emphasis_optimality
neos-1417043,presolving_off,presolving_fast,presolving_aggressive,heuristics_aggressive,default,separating_fast,separating_aggressive,separating_off,emphasis_optimality,emphasis_feasibility,heuristics_fast,emphasis_hardlp,emphasis_easycip,heuristics_off
siena1,separating_fast,presolving_fast,presolving_aggressive,heuristics_aggressive,presolving_off,default,separating_off,emphasis_feasibility,separating_aggressive,heuristics_fast,emphasis_optimality,emphasis_hardlp,emphasis_easycip,heuristics_off
neos-611838,presolving_off,presolving_fast,separating_fast,presolving_aggressive,emphasis_hardlp,default,heuristics_aggressive,separating_off,separating_aggressive,emphasis_easycip,emphasis_feasibility,heuristics_fast,emphasis_optimality,heuristics_off
set3-10,separating_off,separating_fast,presolving_fast,separating_aggressive,presolving_off,presolving_aggressive,heuristics_fast,emphasis_hardlp,heuristics_aggressive,emphasis_easycip,emphasis_feasibility,default,emphasis_optimality,heuristics_off
rentacar,separating_fast,presolving_fast,presolving_aggressive,separating_off,default,heuristics_fast,emphasis_hardlp,separating_aggressive,emphasis_feasibility,heuristics_aggressive,presolving_off,emphasis_easycip,heuristics_off,emphasis_optimality
dano3_3,separating_fast,presolving_off,presolving_aggressive,separating_off,presolving_fast,heuristics_aggressive,default,heuristics_fast,separating_aggressive,emphasis_feasibility,emphasis_optimality,emphasis_hardlp,emphasis_easycip,heuristics_off
pigeon-10,separating_off,emphasis_hardlp,separating_fast,presolving_fast,presolving_aggressive,emphasis_feasibility,default,presolving_off,heuristics_aggressive,emphasis_easycip,separating_aggressive,heuristics_fast,heuristics_off,emphasis_optimality
neos-957389,separating_off,separating_fast,emphasis_feasibility,separating_aggressive,presolving_aggressive,heuristics_aggressive,presolving_fast,heuristics_off,presolving_off,heuristics_fast,emphasis_hardlp,emphasis_optimality,default,emphasis_easycip
neos-953928,separating_off,presolving_off,presolving_fast,separating_fast,default,heuristics_aggressive,presolving_aggressive,separating_aggressive,emphasis_hardlp,emphasis_feasibility,emphasis_easycip,heuristics_fast,emphasis_optimality,heuristics_off
ns1830653,separating_fast,separating_aggressive,separating_off,presolving_fast,emphasis_feasibility,default,heuristics_aggressive,presolving_aggressive,emphasis_hardlp,presolving_off,heuristics_fast,heuristics_off,emphasis_optimality,emphasis_easycip
bab3,separating_off,presolving_off,heuristics_fast,emphasis_hardlp,presolving_aggressive,separating_fast,presolving_fast,heuristics_off,emphasis_easycip,separating_aggressive,emphasis_feasibility,heuristics_aggressive,emphasis_optimality,default
bc1,heuristics_aggressive,separating_aggressive,presolving_off,emphasis_optimality,presolving_aggressive,emphasis_feasibility,default,heuristics_fast,separating_off,heuristics_off,separating_fast,presolving_fast,emphasis_hardlp,emphasis_easycip
neos-1456979,separating_off,separating_fast,presolving_aggressive,presolving_fast,heuristics_aggressive,emphasis_feasibility,default,separating_aggressive,presolving_off,emphasis_hardlp,heuristics_fast,emphasis_easycip,emphasis_optimality,heuristics_off
neos-934531,separating_off,emphasis_feasibility,separating_fast,separating_aggressive,heuristics_fast,presolving_aggressive,presolving_fast,heuristics_aggressive,heuristics_off,emphasis_optimality,emphasis_hardlp,emphasis_easycip,default,presolving_off
nw04,separating_fast,separating_off,default,presolving_fast,heuristics_aggressive,emphasis_feasibility,separating_aggressive,heuristics_off,heuristics_fast,presolving_aggressive,emphasis_hardlp,presolving_off,emphasis_optimality,emphasis_easycip
neos-880324,separating_fast,separating_aggressive,presolving_fast,presolving_aggressive,default,separating_off,heuristics_fast,heuristics_aggressive,emphasis_feasibility,emphasis_easycip,emphasis_hardlp,presolving_off,heuristics_off,emphasis_optimality
momentum1,separating_off,separating_fast,presolving_off,presolving_fast,heuristics_fast,emphasis_feasibility,separating_aggressive,emphasis_optimality,heuristics_aggressive,emphasis_hardlp,presolving_aggressive,emphasis_easycip,default,heuristics_off
berlin_5_8_0,presolving_off,default,separating_fast,separating_aggressive,presolving_fast,presolving_aggressive,heuristics_fast,emphasis_feasibility,separating_off,heuristics_aggressive,emphasis_hardlp,emphasis_easycip,emphasis_optimality,heuristics_off
neos-885086,separating_off,presolving_off,separating_fast,presolving_fast,presolving_aggressive,emphasis_feasibility,separating_aggressive,heuristics_aggressive,default,emphasis_optimality,emphasis_hardlp,emphasis_easycip,heuristics_fast,heuristics_off
eil33-2,separating_fast,separating_off,default,presolving_fast,emphasis_feasibility,heuristics_fast,heuristics_off,emphasis_easycip,emphasis_hardlp,presolving_off,presolving_aggressive,heuristics_aggressive,separating_aggressive,emphasis_optimality
pk1,default,presolving_aggressive,presolving_fast,emphasis_hardlp,separating_aggressive,heuristics_fast,heuristics_aggressive,separating_fast,emphasis_easycip,emphasis_feasibility,heuristics_off,emphasis_optimality,separating_off,presolving_off
neos-957270,emphasis_feasibility,separating_off,separating_fast,separating_aggressive,presolving_aggressive,heuristics_aggressive,emphasis_optimality,emphasis_hardlp,presolving_fast,heuristics_off,heuristics_fast,default,presolving_off,emphasis_easycip
bell3a,emphasis_hardlp,presolving_fast,default,separating_fast,heuristics_fast,presolving_aggressive,heuristics_aggressive,emphasis_easycip,emphasis_feasibility,separating_off,presolving_off,separating_aggressive,heuristics_off,emphasis_optimality
neos-522351,presolving_fast,presolving_aggressive,default,emphasis_hardlp,separating_aggressive,heuristics_aggressive,presolving_off,separating_fast,heuristics_fast,separating_off,emphasis_optimality,emphasis_feasibility,emphasis_easycip,heuristics_off
map18,separating_off,separating_fast,separating_aggressive,presolving_fast,emphasis_feasibility,default,presolving_aggressive,heuristics_aggressive,heuristics_fast,emphasis_hardlp,emphasis_easycip,presolving_off,heuristics_off,emphasis_optimality
rococoC12-111000,separating_off,separating_fast,emphasis_feasibility,separating_aggressive,presolving_fast,default,presolving_aggressive,heuristics_aggressive,presolving_off,emphasis_optimality,heuristics_fast,emphasis_hardlp,heuristics_off,emphasis_easycip
rout,presolving_fast,presolving_aggressive,separating_off,separating_fast,default,emphasis_easycip,heuristics_fast,heuristics_aggressive,separating_aggressive,emphasis_hardlp,presolving_off,heuristics_off,emphasis_optimality,emphasis_feasibility
neos-1121679,separating_fast,separating_aggressive,separating_off,presolving_off,presolving_fast,presolving_aggressive,heuristics_off,heuristics_fast,heuristics_aggressive,emphasis_hardlp,emphasis_feasibility,emphasis_optimality,default,emphasis_easycip
neos-555884,separating_off,separating_fast,presolving_off,presolving_fast,separating_aggressive,emphasis_feasibility,presolving_aggressive,heuristics_aggressive,emphasis_hardlp,emphasis_easycip,heuristics_fast,default,heuristics_off,emphasis_optimality
cap6000,emphasis_feasibility,emphasis_hardlp,heuristics_aggressive,presolving_fast,emphasis_easycip,separating_fast,presolving_off,default,heuristics_fast,presolving_aggressive,separating_aggressive,separating_off,emphasis_optimality,heuristics_off
pb-simp-nonunif,separating_off,separating_fast,emphasis_feasibility,separating_aggressive,presolving_fast,presolving_aggressive,heuristics_aggressive,default,heuristics_fast,emphasis_easycip,presolving_off,heuristics_off,emphasis_hardlp,emphasis_optimality
neos-956971,presolving_off,separating_off,separating_fast,presolving_fast,emphasis_feasibility,heuristics_aggressive,default,presolving_aggressive,separating_aggressive,emphasis_hardlp,emphasis_easycip,emphasis_optimality,heuristics_fast,heuristics_off
ns894786,separating_off,separating_fast,separating_aggressive,emphasis_feasibility,presolving_fast,presolving_off,presolving_aggressive,heuristics_aggressive,heuristics_off,heuristics_fast,default,emphasis_optimality,emphasis_hardlp,emphasis_easycip
neos-1516309,heuristics_aggressive,emphasis_feasibility,default,presolving_fast,presolving_aggressive,separating_fast,presolving_off,separating_aggressive,emphasis_hardlp,emphasis_easycip,heuristics_fast,separating_off,emphasis_optimality,heuristics_off
mzzv42z,emphasis_feasibility,separating_off,separating_fast,separating_aggressive,presolving_off,heuristics_aggressive,presolving_fast,presolving_aggressive,heuristics_fast,emphasis_hardlp,default,emphasis_easycip,heuristics_off,emphasis_optimality
neos-916173,emphasis_hardlp,separating_fast,presolving_fast,separating_off,heuristics_fast,emphasis_easycip,default,separating_aggressive,presolving_aggressive,heuristics_aggressive,heuristics_off,emphasis_optimality,emphasis_feasibility,presolving_off
neos-937815,separating_fast,presolving_fast,separating_off,default,presolving_off,presolving_aggressive,separating_aggressive,heuristics_aggressive,emphasis_feasibility,emphasis_hardlp,emphasis_easycip,emphasis_optimality,heuristics_fast,heuristics_off
neos-1597104,separating_off,separating_fast,presolving_fast,emphasis_easycip,presolving_off,separating_aggressive,presolving_aggressive,heuristics_fast,emphasis_hardlp,heuristics_off,heuristics_aggressive,emphasis_feasibility,default,emphasis_optimality
neos-619167,separating_off,separating_fast,separating_aggressive,presolving_fast,emphasis_hardlp,heuristics_fast,default,heuristics_off,presolving_off,presolving_aggressive,emphasis_feasibility,heuristics_aggressive,emphasis_optimality,emphasis_easycip
neos-1427261,separating_off,separating_fast,presolving_fast,default,emphasis_feasibility,separating_aggressive,presolving_aggressive,presolving_off,heuristics_aggressive,emphasis_optimality,emphasis_hardlp,emphasis_easycip,heuristics_fast,heuristics_off
aligninq,separating_fast,emphasis_easycip,presolving_fast,separating_aggressive,emphasis_hardlp,presolving_off,heuristics_fast,separating_off,presolving_aggressive,emphasis_optimality,default,heuristics_off,heuristics_aggressive,emphasis_feasibility
mkc1,separating_off,presolving_fast,separating_fast,presolving_off,heuristics_aggressive,emphasis_easycip,default,presolving_aggressive,emphasis_hardlp,heuristics_fast,separating_aggressive,emphasis_feasibility,emphasis_optimality,heuristics_off
23588,separating_off,separating_fast,heuristics_fast,heuristics_off,presolving_fast,presolving_aggressive,emphasis_feasibility,default,presolving_off,emphasis_hardlp,separating_aggressive,heuristics_aggressive,emphasis_optimality,emphasis_easycip
neos-839894,presolving_fast,presolving_off,separating_off,heuristics_aggressive,emphasis_hardlp,separating_fast,heuristics_fast,emphasis_feasibility,default,separating_aggressive,emphasis_optimality,emphasis_easycip,presolving_aggressive,heuristics_off
air04,separating_fast,presolving_fast,emphasis_feasibility,default,presolving_aggressive,heuristics_fast,heuristics_aggressive,emphasis_hardlp,separating_off,emphasis_easycip,presolving_off,heuristics_off,separating_aggressive,emphasis_optimality
t1717,separating_fast,separating_off,heuristics_aggressive,emphasis_feasibility,default,presolving_fast,presolving_aggressive,separating_aggressive,presolving_off,emphasis_optimality,heuristics_fast,heuristics_off,emphasis_hardlp,emphasis_easycip
