neos-1426635,presolving_off,separating_fast,separating_off,presolving_fast,emphasis_feasibility,default,separating_aggressive,presolving_aggressive,heuristics_aggressive,emphasis_optimality,emphasis_hardlp,heuristics_fast,emphasis_easycip,heuristics_off
neos-876808,separating_off,separating_fast,presolving_fast,default,separating_aggressive,emphasis_feasibility,heuristics_aggressive,presolving_aggressive,heuristics_fast,heuristics_off,emphasis_hardlp,presolving_off,emphasis_optimality,emphasis_easycip
neos-555884,separating_off,separating_fast,separating_aggressive,presolving_aggressive,presolving_off,presolving_fast,heuristics_aggressive,emphasis_feasibility,default,heuristics_fast,emphasis_optimality,emphasis_hardlp,emphasis_easycip,heuristics_off
mine-166-5,emphasis_hardlp,separating_off,presolving_fast,separating_fast,presolving_off,heuristics_aggressive,emphasis_easycip,emphasis_feasibility,default,heuristics_fast,separating_aggressive,presolving_aggressive,heuristics_off,emphasis_optimality
neos-717614,separating_aggressive,presolving_aggressive,separating_fast,presolving_fast,default,heuristics_aggressive,heuristics_fast,separating_off,presolving_off,heuristics_off,emphasis_optimality,emphasis_hardlp,emphasis_feasibility,emphasis_easycip
neos-860244,presolving_aggressive,default,separating_fast,presolving_fast,heuristics_aggressive,emphasis_feasibility,heuristics_fast,emphasis_easycip,presolving_off,separating_off,heuristics_off,emphasis_hardlp,separating_aggressive,emphasis_optimality
air04,heuristics_aggressive,emphasis_feasibility,separating_fast,default,separating_off,presolving_aggressive,presolving_fast,emphasis_hardlp,separating_aggressive,heuristics_off,presolving_off,heuristics_fast,emphasis_easycip,emphasis_optimality
neos-476283,separating_off,presolving_fast,separating_fast,default,presolving_off,presolving_aggressive,heuristics_aggressive,emphasis_hardlp,separating_aggressive,heuristics_fast,emphasis_feasibility,emphasis_easycip,heuristics_off,emphasis_optimality
neos-885524,presolving_fast,presolving_off,heuristics_fast,default,separating_fast,presolving_aggressive,heuristics_aggressive,separating_aggressive,emphasis_hardlp,emphasis_optimality,emphasis_easycip,heuristics_off,separating_off,emphasis_feasibility
neos-1445755,separating_off,separating_fast,emphasis_feasibility,heuristics_fast,default,heuristics_aggressive,separating_aggressive,emphasis_optimality,heuristics_off,presolving_fast,presolving_off,emphasis_easycip,emphasis_hardlp,presolving_aggressive
reblock354,separating_off,presolving_off,presolving_fast,emphasis_hardlp,heuristics_aggressive,emphasis_feasibility,separating_fast,emphasis_easycip,default,heuristics_fast,separating_aggressive,presolving_aggressive,emphasis_optimality,heuristics_off
22433,separating_off,separating_fast,presolving_fast,emphasis_hardlp,emphasis_easycip,presolving_aggressive,heuristics_fast,emphasis_feasibility,default,presolving_off,heuristics_off,heuristics_aggressive,separating_aggressive,emphasis_optimality
neos-941313,heuristics_fast,emphasis_feasibility,presolving_aggressive,heuristics_aggressive,default,separating_fast,presolving_fast,separating_aggressive,presolving_off,separating_off,emphasis_easycip,heuristics_off,emphasis_hardlp,emphasis_optimality
neos-1058477,default,presolving_aggressive,heuristics_aggressive,separating_aggressive,presolving_fast,separating_fast,emphasis_feasibility,presolving_off,emphasis_optimality,emphasis_hardlp,heuristics_fast,emphasis_easycip,separating_off,heuristics_off
neos-948346,separating_off,presolving_fast,emphasis_feasibility,heuristics_aggressive,separating_fast,presolving_off,default,presolving_aggressive,separating_aggressive,emphasis_optimality,emphasis_hardlp,emphasis_easycip,heuristics_fast,heuristics_off
neos-494568,separating_fast,default,presolving_aggressive,heuristics_aggressive,presolving_fast,emphasis_feasibility,separating_aggressive,presolving_off,separating_off,emphasis_hardlp,emphasis_easycip,heuristics_fast,emphasis_optimality,heuristics_off
neos-593853,separating_fast,presolving_fast,presolving_aggressive,default,separating_off,separating_aggressive,heuristics_aggressive,presolving_off,heuristics_fast,emphasis_feasibility,emphasis_optimality,heuristics_off,emphasis_hardlp,emphasis_easycip
neos-886822,separating_off,separating_fast,emphasis_hardlp,presolving_fast,default,presolving_aggressive,heuristics_fast,emphasis_easycip,separating_aggressive,presolving_off,emphasis_feasibility,heuristics_aggressive,emphasis_optimality,heuristics_off
queens-30,separating_off,separating_fast,separating_aggressive,presolving_fast,presolving_off,presolving_aggressive,heuristics_fast,heuristics_aggressive,emphasis_hardlp,emphasis_feasibility,heuristics_off,default,emphasis_optimality,emphasis_easycip
neos-1225589,heuristics_aggressive,presolving_fast,default,presolving_aggressive,separating_fast,separating_aggressive,heuristics_fast,emphasis_optimality,emphasis_hardlp,emphasis_feasibility,separating_off,emphasis_easycip,presolving_off,heuristics_off
ns1663818,separating_off,separating_fast,separating_aggressive,presolving_off,presolving_fast,presolving_aggressive,heuristics_off,heuristics_fast,heuristics_aggressive,emphasis_optimality,emphasis_hardlp,emphasis_feasibility,emphasis_easycip,default
neos-1599274,presolving_fast,separating_fast,heuristics_aggressive,emphasis_feasibility,default,presolving_off,presolving_aggressive,separating_aggressive,emphasis_hardlp,emphasis_easycip,heuristics_fast,separating_off,emphasis_optimality,heuristics_off
neos-1445532,presolving_fast,presolving_aggressive,emphasis_hardlp,heuristics_fast,default,separating_fast,presolving_off,emphasis_easycip,separating_aggressive,heuristics_aggressive,separating_off,emphasis_optimality,emphasis_feasibility,heuristics_off
neos-1451294,emphasis_hardlp,emphasis_feasibility,separating_fast,presolving_fast,default,presolving_aggressive,heuristics_aggressive,heuristics_fast,separating_aggressive,presolving_off,emphasis_easycip,separating_off,heuristics_off,emphasis_optimality
haprp,separating_fast,separating_off,default,separating_aggressive,presolving_aggressive,heuristics_aggressive,presolving_fast,heuristics_fast,emphasis_optimality,emphasis_feasibility,presolving_off,emphasis_hardlp,emphasis_easycip,heuristics_off
bell3a,default,presolving_aggressive,separating_aggressive,presolving_fast,separating_fast,heuristics_fast,emphasis_optimality,emphasis_hardlp,heuristics_aggressive,separating_off,presolving_off,heuristics_off,emphasis_feasibility,emphasis_easycip
dsbmip,default,separating_fast,separating_aggressive,presolving_aggressive,presolving_fast,heuristics_aggressive,presolving_off,emphasis_optimality,emphasis_hardlp,heuristics_fast,separating_off,emphasis_easycip,emphasis_feasibility,heuristics_off
ran14x18_1,separating_aggressive,presolving_fast,presolving_aggressive,default,heuristics_fast,heuristics_aggressive,presolving_off,emphasis_optimality,separating_fast,emphasis_easycip,heuristics_off,emphasis_hardlp,emphasis_feasibility,separating_off
g200x740i,heuristics_aggressive,presolving_fast,presolving_aggressive,default,separating_aggressive,heuristics_fast,presolving_off,emphasis_optimality,separating_fast,emphasis_hardlp,emphasis_feasibility,emphasis_easycip,separating_off,heuristics_off
go19,separating_off,heuristics_fast,presolving_off,presolving_fast,separating_fast,presolving_aggressive,default,emphasis_easycip,separating_aggressive,heuristics_aggressive,emphasis_hardlp,heuristics_off,emphasis_feasibility,emphasis_optimality
l152lav,default,separating_fast,separating_off,presolving_fast,emphasis_feasibility,presolving_off,presolving_aggressive,emphasis_easycip,heuristics_off,heuristics_fast,heuristics_aggressive,emphasis_hardlp,separating_aggressive,emphasis_optimality
neos-839894,presolving_fast,emphasis_hardlp,heuristics_aggressive,default,separating_fast,emphasis_feasibility,heuristics_fast,separating_aggressive,presolving_aggressive,emphasis_easycip,separating_off,emphasis_optimality,presolving_off,heuristics_off
gesa3,separating_fast,presolving_fast,emphasis_hardlp,default,presolving_aggressive,presolving_off,heuristics_aggressive,emphasis_easycip,heuristics_fast,separating_aggressive,separating_off,heuristics_off,emphasis_optimality,emphasis_feasibility
neos-911970,default,separating_aggressive,presolving_fast,presolving_aggressive,separating_fast,heuristics_aggressive,emphasis_feasibility,presolving_off,emphasis_hardlp,heuristics_fast,emphasis_easycip,heuristics_off,emphasis_optimality,separating_off
bg512142,default,presolving_aggressive,presolving_fast,heuristics_aggressive,presolving_off,heuristics_fast,emphasis_hardlp,separating_aggressive,separating_fast,emphasis_optimality,emphasis_easycip,heuristics_off,emphasis_feasibility,separating_off
dg012142,default,presolving_fast,presolving_aggressive,heuristics_fast,presolving_off,heuristics_aggressive,emphasis_hardlp,separating_aggressive,emphasis_optimality,heuristics_off,separating_fast,emphasis_easycip,emphasis_feasibility,separating_off
p6b,presolving_fast,separating_off,separating_fast,presolving_aggressive,default,emphasis_hardlp,emphasis_easycip,separating_aggressive,heuristics_fast,heuristics_aggressive,heuristics_off,presolving_off,emphasis_feasibility,emphasis_optimality
neos-1417043,presolving_off,presolving_fast,presolving_aggressive,default,separating_aggressive,heuristics_fast,separating_fast,heuristics_aggressive,emphasis_hardlp,separating_off,emphasis_easycip,emphasis_optimality,emphasis_feasibility,heuristics_off
neos-785914,separating_off,default,presolving_fast,separating_fast,presolving_aggressive,heuristics_fast,heuristics_off,heuristics_aggressive,emphasis_hardlp,emphasis_easycip,emphasis_feasibility,presolving_off,separating_aggressive,emphasis_optimality
cdma,default,presolving_off,presolving_fast,presolving_aggressive,separating_aggressive,separating_fast,heuristics_aggressive,separating_off,emphasis_optimality,emphasis_feasibility,heuristics_fast,emphasis_hardlp,emphasis_easycip,heuristics_off
sp98ir,separating_off,separating_fast,presolving_fast,default,presolving_aggressive,emphasis_feasibility,presolving_off,heuristics_aggressive,separating_aggressive,emphasis_optimality,emphasis_hardlp,heuristics_fast,emphasis_easycip,heuristics_off
uc-case3,separating_fast,separating_off,presolving_fast,separating_aggressive,presolving_aggressive,default,presolving_off,heuristics_aggressive,heuristics_fast,emphasis_optimality,emphasis_feasibility,emphasis_hardlp,emphasis_easycip,heuristics_off
opm2-z7-s2,presolving_off,presolving_fast,separating_off,emphasis_hardlp,heuristics_aggressive,emphasis_feasibility,separating_fast,emphasis_easycip,default,heuristics_fast,separating_aggressive,presolving_aggressive,emphasis_optimality,heuristics_off
neos-826694,separating_off,separating_fast,emphasis_feasibility,separating_aggressive,presolving_off,presolving_fast,presolving_aggressive,heuristics_aggressive,heuristics_off,heuristics_fast,emphasis_optimality,emphasis_hardlp,emphasis_easycip,default
ns1111636,separating_off,separating_fast,presolving_off,presolving_fast,presolving_aggressive,default,emphasis_feasibility,heuristics_aggressive,separating_aggressive,emphasis_optimality,heuristics_fast,emphasis_hardlp,emphasis_easycip,heuristics_off
neos-1151496,separating_aggressive,separating_off,separating_fast,emphasis_optimality,presolving_off,presolving_fast,presolving_aggressive,heuristics_off,emphasis_hardlp,heuristics_fast,heuristics_aggressive,emphasis_feasibility,emphasis_easycip,default
p2756,emphasis_hardlp,separating_fast,separating_off,presolving_fast,emphasis_feasibility,default,presolving_aggressive,heuristics_fast,heuristics_aggressive,separating_aggressive,heuristics_off,emphasis_easycip,presolving_off,emphasis_optimality
neos-801834,presolving_aggressive,separating_fast,default,presolving_fast,emphasis_feasibility,heuristics_aggressive,separating_aggressive,heuristics_fast,presolving_off,emphasis_optimality,emphasis_easycip,separating_off,heuristics_off,emphasis_hardlp
neos-1281048,separating_aggressive,emphasis_hardlp,separating_off,presolving_fast,separating_fast,heuristics_off,presolving_aggressive,heuristics_fast,emphasis_easycip,default,presolving_off,emphasis_feasibility,heuristics_aggressive,emphasis_optimality
pg5_34,separating_fast,default,presolving_fast,presolving_aggressive,heuristics_fast,heuristics_aggressive,emphasis_feasibility,separating_aggressive,presolving_off,separating_off,emphasis_optimality,heuristics_off,emphasis_hardlp,emphasis_easycip
reblock420,separating_off,presolving_off,presolving_fast,emphasis_hardlp,separating_fast,heuristics_aggressive,emphasis_feasibility,default,heuristics_fast,emphasis_easycip,separating_aggressive,emphasis_optimality,presolving_aggressive,heuristics_off
flugpl,presolving_fast,presolving_aggressive,separating_fast,default,presolving_off,heuristics_aggressive,heuristics_fast,separating_off,emphasis_hardlp,heuristics_off,emphasis_easycip,separating_aggressive,emphasis_feasibility,emphasis_optimality
neos-807639,emphasis_hardlp,default,presolving_fast,presolving_aggressive,separating_fast,heuristics_fast,separating_aggressive,presolving_off,separating_off,emphasis_easycip,heuristics_off,heuristics_aggressive,emphasis_feasibility,emphasis_optimality
neos-1396125,separating_fast,presolving_fast,separating_aggressive,presolving_aggressive,separating_off,default,heuristics_aggressive,presolving_off,heuristics_fast,emphasis_hardlp,emphasis_optimality,emphasis_feasibility,emphasis_easycip,heuristics_off
neos-631164,presolving_off,presolving_fast,heuristics_aggressive,separating_aggressive,presolving_aggressive,default,emphasis_optimality,emphasis_hardlp,separating_fast,emphasis_feasibility,emphasis_easycip,heuristics_fast,separating_off,heuristics_off
dolom1,separating_fast,presolving_fast,default,presolving_off,presolving_aggressive,separating_off,emphasis_feasibility,heuristics_aggressive,separating_aggressive,heuristics_fast,emphasis_optimality,emphasis_easycip,emphasis_hardlp,heuristics_off
neos-950242,emphasis_hardlp,separating_off,separating_fast,presolving_fast,separating_aggressive,presolving_aggressive,emphasis_easycip,heuristics_aggressive,presolving_off,default,heuristics_off,heuristics_fast,emphasis_feasibility,emphasis_optimality
neos-1208135,separating_off,emphasis_feasibility,separating_aggressive,presolving_off,heuristics_off,heuristics_aggressive,separating_fast,default,presolving_fast,presolving_aggressive,heuristics_fast,emphasis_hardlp,emphasis_easycip,emphasis_optimality
neos-931538,separating_off,emphasis_feasibility,presolving_fast,presolving_aggressive,separating_aggressive,heuristics_aggressive,default,presolving_off,separating_fast,heuristics_off,heuristics_fast,emphasis_hardlp,emphasis_easycip,emphasis_optimality
atlanta-ip,presolving_fast,presolving_aggressive,default,presolving_off,heuristics_fast,emphasis_hardlp,heuristics_aggressive,separating_fast,separating_aggressive,emphasis_easycip,separating_off,emphasis_optimality,emphasis_feasibility,heuristics_off
ns25-pr3,heuristics_fast,emphasis_hardlp,separating_fast,presolving_aggressive,heuristics_aggressive,presolving_fast,default,emphasis_easycip,separating_off,separating_aggressive,presolving_off,heuristics_off,emphasis_feasibility,emphasis_optimality
