neos-933966,separating_off,separating_aggressive,presolving_aggressive,separating_fast,heuristics_aggressive,default,presolving_fast,emphasis_feasibility,presolving_off,emphasis_hardlp,emphasis_easycip,heuristics_fast,emphasis_optimality,heuristics_off
flugpl,default,presolving_aggressive,heuristics_fast,separating_fast,separating_aggressive,heuristics_aggressive,presolving_off,emphasis_optimality,emphasis_hardlp,emphasis_feasibility,presolving_fast,emphasis_easycip,separating_off,heuristics_off
neos-839859,emphasis_hardlp,separating_fast,presolving_fast,emphasis_feasibility,default,separating_off,heuristics_aggressive,separating_aggressive,presolving_aggressive,presolving_off,emphasis_optimality,emphasis_easycip,heuristics_fast,heuristics_off
bnatt400,separating_off,separating_fast,presolving_off,emphasis_hardlp,presolving_aggressive,presolving_fast,heuristics_aggressive,emphasis_feasibility,emphasis_easycip,heuristics_fast,default,separating_aggressive,heuristics_off,emphasis_optimality
neos-1420205,separating_fast,presolving_fast,separating_off,default,presolving_aggressive,heuristics_fast,emphasis_easycip,emphasis_hardlp,heuristics_aggressive,separating_aggressive,presolving_off,heuristics_off,emphasis_optimality,emphasis_feasibility
neos-593853,presolving_fast,separating_fast,presolving_off,presolving_aggressive,default,emphasis_feasibility,separating_off,heuristics_aggressive,emphasis_optimality,separating_aggressive,emphasis_hardlp,emphasis_easycip,heuristics_fast,heuristics_off
neos-850681,emphasis_feasibility,emphasis_hardlp,presolving_fast,default,separating_fast,presolving_aggressive,heuristics_aggressive,heuristics_fast,emphasis_easycip,presolving_off,separating_off,heuristics_off,separating_aggressive,emphasis_optimality
gen,separating_fast,presolving_fast,separating_off,emphasis_hardlp,default,emphasis_easycip,presolving_aggressive,heuristics_fast,separating_aggressive,presolving_off,heuristics_aggressive,heuristics_off,emphasis_feasibility,emphasis_optimality
rococoC10-001000,default,emphasis_feasibility,separating_fast,heuristics_aggressive,presolving_aggressive,heuristics_fast,separating_off,presolving_fast,emphasis_easycip,separating_aggressive,emphasis_hardlp,presolving_off,emphasis_optimality,heuristics_off
mitre,default,separating_fast,presolving_aggressive,heuristics_aggressive,emphasis_feasibility,presolving_fast,separating_aggressive,separating_off,heuristics_fast,emphasis_hardlp,presolving_off,emphasis_easycip,heuristics_off,emphasis_optimality
neos-1436713,emphasis_feasibility,separating_off,separating_fast,heuristics_aggressive,presolving_fast,default,separating_aggressive,presolving_aggressive,presolving_off,emphasis_optimality,emphasis_hardlp,heuristics_fast,emphasis_easycip,heuristics_off
neos-1112787,separating_fast,presolving_fast,heuristics_fast,separating_off,default,presolving_aggressive,emphasis_optimality,separating_aggressive,emphasis_easycip,emphasis_feasibility,heuristics_aggressive,heuristics_off,emphasis_hardlp,presolving_off
neos-555927,heuristics_aggressive,emphasis_feasibility,presolving_aggressive,default,presolving_fast,separating_fast,presolving_off,separating_off,separating_aggressive,emphasis_hardlp,heuristics_fast,emphasis_easycip,heuristics_off,emphasis_optimality
neos-1200887,separating_off,separating_fast,emphasis_feasibility,presolving_fast,heuristics_fast,default,presolving_aggressive,separating_aggressive,emphasis_hardlp,emphasis_easycip,heuristics_off,heuristics_aggressive,presolving_off,emphasis_optimality
mkc,separating_fast,emphasis_feasibility,separating_off,presolving_fast,presolving_off,default,presolving_aggressive,heuristics_aggressive,separating_aggressive,emphasis_easycip,heuristics_fast,emphasis_hardlp,emphasis_optimality,heuristics_off
neos-916792,separating_fast,default,separating_off,presolving_fast,presolving_aggressive,heuristics_aggressive,separating_aggressive,presolving_off,emphasis_feasibility,emphasis_optimality,heuristics_fast,heuristics_off,emphasis_hardlp,emphasis_easycip
neos-941262,separating_off,presolving_fast,presolving_aggressive,presolving_off,separating_aggressive,separating_fast,default,heuristics_aggressive,emphasis_feasibility,emphasis_easycip,emphasis_hardlp,heuristics_fast,emphasis_optimality,heuristics_off
mzzv11,separating_fast,emphasis_feasibility,heuristics_aggressive,heuristics_fast,default,separating_off,separating_aggressive,presolving_off,emphasis_easycip,presolving_fast,heuristics_off,presolving_aggressive,emphasis_optimality,emphasis_hardlp
neos-1620770,separating_aggressive,separating_fast,presolving_aggressive,default,separating_off,heuristics_fast,heuristics_off,presolving_off,presolving_fast,emphasis_easycip,heuristics_aggressive,emphasis_hardlp,emphasis_feasibility,emphasis_optimality
dano3_5,presolving_aggressive,emphasis_easycip,presolving_fast,default,heuristics_fast,separating_off,separating_fast,emphasis_hardlp,emphasis_optimality,separating_aggressive,presolving_off,emphasis_feasibility,heuristics_aggressive,heuristics_off
triptim3,presolving_aggressive,presolving_fast,separating_fast,default,heuristics_aggressive,emphasis_optimality,emphasis_feasibility,separating_off,separating_aggressive,emphasis_hardlp,emphasis_easycip,heuristics_fast,presolving_off,heuristics_off
neos-551991,separating_aggressive,heuristics_aggressive,emphasis_feasibility,default,emphasis_hardlp,presolving_fast,presolving_off,presolving_aggressive,separating_fast,separating_off,emphasis_optimality,heuristics_fast,emphasis_easycip,heuristics_off
set1ch,default,presolving_aggressive,presolving_fast,separating_aggressive,heuristics_aggressive,heuristics_fast,separating_fast,emphasis_hardlp,presolving_off,emphasis_optimality,emphasis_easycip,heuristics_off,emphasis_feasibility,separating_off
50v-10,presolving_aggressive,default,presolving_fast,heuristics_aggressive,separating_aggressive,separating_fast,presolving_off,heuristics_fast,emphasis_hardlp,emphasis_easycip,emphasis_optimality,heuristics_off,emphasis_feasibility,separating_off
dcmulti,separating_fast,presolving_fast,default,presolving_aggressive,heuristics_fast,emphasis_hardlp,heuristics_aggressive,separating_off,separating_aggressive,presolving_off,emphasis_easycip,emphasis_optimality,heuristics_off,emphasis_feasibility
neos808444,emphasis_feasibility,separating_off,separating_fast,presolving_fast,heuristics_aggressive,default,presolving_aggressive,separating_aggressive,presolving_off,emphasis_hardlp,emphasis_optimality,emphasis_easycip,heuristics_fast,heuristics_off
circ10-3,emphasis_hardlp,separating_fast,presolving_fast,emphasis_feasibility,default,separating_off,emphasis_easycip,heuristics_aggressive,presolving_off,presolving_aggressive,heuristics_fast,separating_aggressive,heuristics_off,emphasis_optimality
neos-584866,separating_off,separating_fast,presolving_fast,emphasis_feasibility,default,heuristics_aggressive,presolving_off,emphasis_hardlp,separating_aggressive,heuristics_fast,emphasis_easycip,presolving_aggressive,emphasis_optimality,heuristics_off
neos-934441,separating_aggressive,presolving_fast,separating_off,presolving_off,presolving_aggressive,heuristics_aggressive,emphasis_feasibility,separating_fast,default,emphasis_hardlp,emphasis_easycip,emphasis_optimality,heuristics_fast,heuristics_off
neos-937815,separating_off,separating_fast,presolving_fast,default,separating_aggressive,presolving_off,presolving_aggressive,heuristics_aggressive,emphasis_feasibility,emphasis_hardlp,emphasis_easycip,heuristics_fast,emphasis_optimality,heuristics_off
eil33-2,separating_fast,default,separating_off,presolving_fast,heuristics_fast,emphasis_hardlp,heuristics_aggressive,presolving_aggressive,heuristics_off,emphasis_feasibility,emphasis_easycip,separating_aggressive,presolving_off,emphasis_optimality
ns1663818,separating_off,presolving_fast,emphasis_hardlp,emphasis_easycip,heuristics_fast,presolving_off,separating_fast,default,emphasis_feasibility,heuristics_aggressive,presolving_aggressive,heuristics_off,emphasis_optimality,separating_aggressive
iis-100-0-cov,separating_off,heuristics_fast,emphasis_easycip,separating_fast,presolving_off,presolving_fast,presolving_aggressive,default,separating_aggressive,heuristics_aggressive,heuristics_off,emphasis_feasibility,emphasis_hardlp,emphasis_optimality
ns894236,emphasis_feasibility,default,separating_off,separating_fast,presolving_fast,heuristics_aggressive,separating_aggressive,presolving_aggressive,emphasis_hardlp,presolving_off,emphasis_easycip,heuristics_fast,emphasis_optimality,heuristics_off
pk1,emphasis_hardlp,presolving_aggressive,default,separating_fast,presolving_fast,heuristics_fast,separating_aggressive,separating_off,heuristics_aggressive,emphasis_feasibility,presolving_off,emphasis_easycip,emphasis_optimality,heuristics_off
khb05250,presolving_fast,presolving_aggressive,emphasis_hardlp,default,separating_fast,separating_aggressive,heuristics_aggressive,presolving_off,heuristics_fast,emphasis_easycip,emphasis_optimality,separating_off,emphasis_feasibility,heuristics_off
neos-631517,presolving_off,presolving_fast,separating_aggressive,heuristics_aggressive,presolving_aggressive,default,emphasis_optimality,heuristics_fast,emphasis_hardlp,separating_fast,emphasis_feasibility,emphasis_easycip,separating_off,heuristics_off
glass4,separating_off,separating_fast,presolving_fast,emphasis_easycip,emphasis_feasibility,default,presolving_off,emphasis_hardlp,presolving_aggressive,separating_aggressive,heuristics_fast,heuristics_aggressive,emphasis_optimality,heuristics_off
van,presolving_fast,separating_off,separating_fast,default,presolving_aggressive,heuristics_aggressive,separating_aggressive,presolving_off,emphasis_feasibility,emphasis_hardlp,heuristics_fast,emphasis_optimality,emphasis_easycip,heuristics_off
neos-848198,presolving_fast,default,presolving_aggressive,presolving_off,heuristics_aggressive,heuristics_fast,separating_aggressive,separating_fast,emphasis_optimality,emphasis_hardlp,emphasis_easycip,separating_off,heuristics_off,emphasis_feasibility
neos-935348,separating_off,separating_fast,separating_aggressive,default,presolving_fast,presolving_off,presolving_aggressive,emphasis_feasibility,heuristics_aggressive,emphasis_optimality,emphasis_easycip,emphasis_hardlp,heuristics_fast,heuristics_off
p0548,presolving_fast,separating_fast,emphasis_hardlp,emphasis_easycip,default,presolving_aggressive,presolving_off,heuristics_fast,emphasis_feasibility,separating_off,heuristics_aggressive,separating_aggressive,emphasis_optimality,heuristics_off
neos-501453,default,separating_fast,presolving_aggressive,heuristics_fast,presolving_fast,separating_aggressive,emphasis_optimality,presolving_off,heuristics_aggressive,emphasis_hardlp,emphasis_feasibility,separating_off,emphasis_easycip,heuristics_off
neos-709469,emphasis_hardlp,heuristics_fast,separating_fast,separating_off,default,emphasis_easycip,presolving_fast,emphasis_feasibility,presolving_aggressive,separating_aggressive,heuristics_off,heuristics_aggressive,presolving_off,emphasis_optimality
queens-30,separating_fast,presolving_off,presolving_fast,default,emphasis_hardlp,separating_off,heuristics_aggressive,presolving_aggressive,heuristics_fast,emphasis_easycip,separating_aggressive,emphasis_feasibility,emphasis_optimality,heuristics_off
bell3a,separating_aggressive,heuristics_fast,default,emphasis_optimality,heuristics_off,presolving_aggressive,separating_fast,heuristics_aggressive,separating_off,emphasis_feasibility,presolving_fast,emphasis_easycip,emphasis_hardlp,presolving_off
ns2124243,presolving_fast,separating_off,separating_fast,emphasis_feasibility,presolving_off,default,heuristics_aggressive,presolving_aggressive,emphasis_hardlp,emphasis_easycip,heuristics_fast,emphasis_optimality,separating_aggressive,heuristics_off
reblock354,separating_off,separating_fast,default,presolving_fast,heuristics_fast,emphasis_hardlp,presolving_off,heuristics_aggressive,emphasis_feasibility,emphasis_easycip,separating_aggressive,heuristics_off,presolving_aggressive,emphasis_optimality
ns1854840,presolving_fast,presolving_off,emphasis_hardlp,separating_fast,heuristics_aggressive,emphasis_feasibility,emphasis_easycip,default,separating_off,presolving_aggressive,heuristics_fast,emphasis_optimality,separating_aggressive,heuristics_off
sct1,emphasis_feasibility,separating_off,default,separating_fast,presolving_fast,presolving_aggressive,heuristics_aggressive,presolving_off,separating_aggressive,emphasis_optimality,emphasis_hardlp,heuristics_fast,emphasis_easycip,heuristics_off
neos-1151496,emphasis_feasibility,default,emphasis_hardlp,separating_aggressive,heuristics_fast,heuristics_off,emphasis_easycip,presolving_aggressive,heuristics_aggressive,separating_fast,presolving_fast,separating_off,presolving_off,emphasis_optimality
neos-791021,emphasis_feasibility,heuristics_aggressive,default,separating_off,presolving_fast,separating_fast,separating_aggressive,presolving_off,presolving_aggressive,emphasis_hardlp,emphasis_optimality,emphasis_easycip,heuristics_fast,heuristics_off
neos-1582420,presolving_fast,separating_off,default,heuristics_aggressive,separating_fast,presolving_aggressive,emphasis_feasibility,emphasis_hardlp,presolving_off,emphasis_easycip,separating_aggressive,heuristics_fast,heuristics_off,emphasis_optimality
neos-799838,separating_off,presolving_fast,separating_fast,emphasis_feasibility,default,heuristics_aggressive,emphasis_hardlp,separating_aggressive,presolving_off,presolving_aggressive,emphasis_optimality,emphasis_easycip,heuristics_fast,heuristics_off
neos-1605061,emphasis_feasibility,heuristics_aggressive,separating_fast,separating_off,presolving_fast,default,presolving_aggressive,separating_aggressive,heuristics_fast,presolving_off,emphasis_hardlp,heuristics_off,emphasis_easycip,emphasis_optimality
tw-myciel4,separating_fast,default,presolving_aggressive,presolving_fast,heuristics_fast,heuristics_aggressive,separating_off,separating_aggressive,emphasis_easycip,emphasis_hardlp,emphasis_feasibility,heuristics_off,presolving_off,emphasis_optimality
neos-512201,separating_fast,presolving_fast,heuristics_off,heuristics_aggressive,heuristics_fast,emphasis_hardlp,presolving_aggressive,emphasis_easycip,separating_aggressive,default,presolving_off,separating_off,emphasis_feasibility,emphasis_optimality
neos-1173026,separating_off,presolving_off,emphasis_hardlp,emphasis_feasibility,emphasis_easycip,separating_aggressive,separating_fast,default,presolving_aggressive,heuristics_off,presolving_fast,heuristics_aggressive,heuristics_fast,emphasis_optimality
set3-10,presolving_aggressive,default,heuristics_aggressive,separating_aggressive,presolving_fast,separating_fast,presolving_off,emphasis_optimality,emphasis_feasibility,heuristics_fast,emphasis_hardlp,emphasis_easycip,heuristics_off,separating_off
ns2137859,presolving_fast,separating_fast,default,separating_off,emphasis_feasibility,presolving_aggressive,heuristics_aggressive,presolving_off,emphasis_hardlp,separating_aggressive,heuristics_fast,emphasis_easycip,emphasis_optimality,heuristics_off
neos-1436709,separating_off,separating_fast,presolving_fast,presolving_aggressive,default,separating_aggressive,presolving_off,emphasis_feasibility,heuristics_aggressive,emphasis_optimality,emphasis_hardlp,heuristics_fast,emphasis_easycip,heuristics_off
