neos-1324574,separating_off,separating_fast,presolving_aggressive,separating_aggressive,presolving_fast,default,heuristics_aggressive,emphasis_feasibility,presolving_off,heuristics_fast,emphasis_easycip,emphasis_hardlp,heuristics_off,emphasis_optimality
nag,separating_off,separating_fast,presolving_aggressive,emphasis_feasibility,separating_aggressive,heuristics_aggressive,presolving_fast,default,emphasis_easycip,presolving_off,heuristics_fast,emphasis_hardlp,heuristics_off,emphasis_optimality
blend2,separating_fast,default,presolving_aggressive,presolving_fast,separating_aggressive,separating_off,heuristics_aggressive,emphasis_easycip,emphasis_feasibility,presolving_off,heuristics_fast,emphasis_hardlp,emphasis_optimality,heuristics_off
ger50_17_trans,presolving_off,presolving_fast,presolving_aggressive,separating_aggressive,separating_fast,emphasis_optimality,default,separating_off,heuristics_aggressive,heuristics_fast,heuristics_off,emphasis_feasibility,emphasis_hardlp,emphasis_easycip
neos-738098,separating_off,separating_fast,presolving_fast,emphasis_feasibility,heuristics_aggressive,separating_aggressive,presolving_off,presolving_aggressive,emphasis_hardlp,heuristics_fast,emphasis_easycip,default,heuristics_off,emphasis_optimality
neos-876808,separating_off,emphasis_hardlp,separating_fast,presolving_fast,separating_aggressive,presolving_off,heuristics_aggressive,emphasis_feasibility,heuristics_off,heuristics_fast,presolving_aggressive,emphasis_optimality,emphasis_easycip,default
nug08,separating_fast,emphasis_hardlp,separating_off,presolving_fast,emphasis_easycip,presolving_aggressive,heuristics_aggressive,presolving_off,emphasis_feasibility,default,separating_aggressive,heuristics_fast,heuristics_off,emphasis_optimality
neos-787933,separating_off,emphasis_feasibility,heuristics_aggressive,separating_fast,presolving_fast,presolving_aggressive,emphasis_optimality,separating_aggressive,default,presolving_off,heuristics_fast,emphasis_hardlp,emphasis_easycip,heuristics_off
neos-796608,separating_fast,default,separating_aggressive,presolving_aggressive,separating_off,emphasis_easycip,heuristics_fast,presolving_fast,emphasis_optimality,emphasis_hardlp,emphasis_feasibility,heuristics_aggressive,heuristics_off,presolving_off
modglob,presolving_fast,presolving_aggressive,default,separating_aggressive,presolving_off,emphasis_hardlp,separating_fast,heuristics_aggressive,emphasis_easycip,heuristics_fast,emphasis_optimality,separating_off,heuristics_off,emphasis_feasibility
neos-1427261,separating_off,separating_fast,emphasis_feasibility,presolving_fast,default,presolving_aggressive,separating_aggressive,heuristics_aggressive,presolving_off,emphasis_optimality,emphasis_hardlp,emphasis_easycip,heuristics_fast,heuristics_off
bab3,separating_off,presolving_off,separating_fast,presolving_aggressive,emphasis_hardlp,separating_aggressive,heuristics_off,heuristics_fast,emphasis_easycip,presolving_fast,heuristics_aggressive,emphasis_feasibility,emphasis_optimality,default
momentum3,presolving_off,presolving_fast,presolving_aggressive,separating_off,separating_fast,heuristics_aggressive,separating_aggressive,default,emphasis_optimality,emphasis_hardlp,heuristics_fast,emphasis_feasibility,emphasis_easycip,heuristics_off
lrn,separating_fast,presolving_fast,presolving_off,separating_off,presolving_aggressive,default,separating_aggressive,emphasis_hardlp,heuristics_aggressive,emphasis_optimality,heuristics_off,heuristics_fast,emphasis_feasibility,emphasis_easycip
gesa2,separating_fast,default,presolving_fast,presolving_aggressive,separating_off,heuristics_aggressive,presolving_off,separating_aggressive,emphasis_feasibility,heuristics_fast,emphasis_optimality,emphasis_hardlp,emphasis_easycip,heuristics_off
neos-1311124,separating_off,separating_fast,presolving_fast,emphasis_feasibility,presolving_aggressive,default,separating_aggressive,heuristics_aggressive,presolving_off,emphasis_optimality,emphasis_hardlp,heuristics_fast,emphasis_easycip,heuristics_off
neos-1460543,presolving_fast,separating_fast,separating_off,heuristics_aggressive,emphasis_feasibility,default,separating_aggressive,presolving_off,presolving_aggressive,emphasis_optimality,emphasis_hardlp,heuristics_fast,emphasis_easycip,heuristics_off
qnet1_o,separating_off,separating_fast,emphasis_feasibility,presolving_fast,default,presolving_aggressive,heuristics_aggressive,emphasis_hardlp,heuristics_fast,separating_aggressive,emphasis_easycip,emphasis_optimality,presolving_off,heuristics_off
neos-1436709,separating_off,separating_fast,emphasis_feasibility,presolving_fast,default,presolving_aggressive,separating_aggressive,heuristics_aggressive,presolving_off,emphasis_optimality,emphasis_hardlp,emphasis_easycip,heuristics_fast,heuristics_off
neos-1109824,separating_off,presolving_fast,emphasis_hardlp,separating_fast,presolving_aggressive,emphasis_easycip,emphasis_feasibility,separating_aggressive,heuristics_aggressive,default,heuristics_fast,presolving_off,heuristics_off,emphasis_optimality
core4872-1529,separating_off,separating_fast,heuristics_aggressive,emphasis_feasibility,presolving_off,default,presolving_aggressive,presolving_fast,heuristics_fast,separating_aggressive,emphasis_optimality,emphasis_easycip,heuristics_off,emphasis_hardlp
rail03,separating_off,separating_fast,separating_aggressive,presolving_off,presolving_fast,presolving_aggressive,emphasis_feasibility,heuristics_off,heuristics_aggressive,heuristics_fast,emphasis_optimality,emphasis_hardlp,emphasis_easycip,default
acc-tight5,separating_fast,separating_off,separating_aggressive,presolving_fast,presolving_aggressive,emphasis_feasibility,default,heuristics_fast,heuristics_aggressive,heuristics_off,emphasis_hardlp,emphasis_easycip,presolving_off,emphasis_optimality
neos-503737,separating_fast,separating_off,presolving_aggressive,heuristics_aggressive,emphasis_feasibility,separating_aggressive,presolving_fast,presolving_off,default,emphasis_optimality,emphasis_easycip,heuristics_fast,emphasis_hardlp,heuristics_off
newdano,presolving_fast,separating_fast,emphasis_hardlp,presolving_aggressive,default,separating_aggressive,heuristics_fast,emphasis_easycip,separating_off,heuristics_aggressive,emphasis_feasibility,presolving_off,heuristics_off,emphasis_optimality
rocII-7-11,separating_fast,separating_off,separating_aggressive,emphasis_feasibility,presolving_off,presolving_fast,presolving_aggressive,heuristics_aggressive,heuristics_off,heuristics_fast,default,emphasis_hardlp,emphasis_easycip,emphasis_optimality
neos18,separating_off,separating_fast,presolving_fast,presolving_aggressive,heuristics_fast,separating_aggressive,emphasis_hardlp,emphasis_easycip,default,heuristics_aggressive,emphasis_feasibility,heuristics_off,presolving_off,emphasis_optimality
neos-1208069,separating_fast,separating_off,separating_aggressive,presolving_aggressive,presolving_fast,presolving_off,heuristics_fast,heuristics_aggressive,heuristics_off,emphasis_feasibility,default,emphasis_hardlp,emphasis_easycip,emphasis_optimality
lectsched-4-obj,heuristics_aggressive,separating_off,emphasis_feasibility,separating_fast,separating_aggressive,presolving_aggressive,default,presolving_fast,heuristics_fast,heuristics_off,emphasis_optimality,emphasis_easycip,presolving_off,emphasis_hardlp
rmatr200-p20,presolving_off,emphasis_hardlp,heuristics_aggressive,emphasis_feasibility,presolving_fast,separating_off,separating_fast,default,separating_aggressive,presolving_aggressive,emphasis_easycip,heuristics_fast,emphasis_optimality,heuristics_off
neos-810286,presolving_fast,emphasis_hardlp,emphasis_feasibility,separating_fast,heuristics_aggressive,emphasis_easycip,default,presolving_off,heuristics_fast,separating_off,separating_aggressive,presolving_aggressive,heuristics_off,emphasis_optimality
neos6,separating_fast,presolving_off,presolving_fast,presolving_aggressive,separating_aggressive,heuristics_aggressive,emphasis_feasibility,default,separating_off,emphasis_optimality,heuristics_fast,emphasis_easycip,emphasis_hardlp,heuristics_off
ns1688347,separating_off,separating_fast,presolving_fast,presolving_aggressive,emphasis_feasibility,separating_aggressive,presolving_off,emphasis_hardlp,heuristics_fast,heuristics_aggressive,heuristics_off,emphasis_easycip,default,emphasis_optimality
neos-880324,separating_fast,presolving_aggressive,separating_aggressive,default,presolving_fast,heuristics_fast,separating_off,heuristics_aggressive,emphasis_feasibility,emphasis_hardlp,emphasis_easycip,heuristics_off,presolving_off,emphasis_optimality
mod008,default,presolving_aggressive,separating_fast,heuristics_fast,presolving_fast,emphasis_easycip,presolving_off,emphasis_hardlp,separating_off,separating_aggressive,heuristics_aggressive,emphasis_feasibility,heuristics_off,emphasis_optimality
neos-1171737,separating_off,presolving_off,separating_fast,presolving_fast,presolving_aggressive,emphasis_feasibility,default,separating_aggressive,heuristics_aggressive,emphasis_hardlp,emphasis_easycip,heuristics_fast,emphasis_optimality,heuristics_off
bg512142,default,emphasis_hardlp,presolving_aggressive,heuristics_aggressive,presolving_fast,separating_fast,heuristics_fast,emphasis_easycip,separating_aggressive,presolving_off,emphasis_feasibility,separating_off,emphasis_optimality,heuristics_off
23588,separating_off,separating_fast,presolving_aggressive,heuristics_fast,heuristics_off,presolving_fast,emphasis_feasibility,emphasis_hardlp,default,presolving_off,separating_aggressive,heuristics_aggressive,emphasis_optimality,emphasis_easycip
neos-498623,emphasis_feasibility,separating_fast,heuristics_aggressive,default,presolving_fast,presolving_aggressive,separating_off,presolving_off,separating_aggressive,emphasis_hardlp,heuristics_fast,emphasis_optimality,emphasis_easycip,heuristics_off
neos-955800,presolving_fast,emphasis_hardlp,separating_off,heuristics_off,separating_fast,separating_aggressive,emphasis_feasibility,presolving_aggressive,heuristics_fast,presolving_off,heuristics_aggressive,emphasis_easycip,emphasis_optimality,default
neos-942323,separating_fast,separating_aggressive,emphasis_feasibility,default,presolving_aggressive,heuristics_aggressive,separating_off,presolving_fast,heuristics_fast,emphasis_hardlp,heuristics_off,presolving_off,emphasis_optimality,emphasis_easycip
pb-simp-nonunif,separating_off,separating_fast,separating_aggressive,emphasis_feasibility,presolving_aggressive,heuristics_aggressive,default,presolving_fast,heuristics_fast,emphasis_easycip,presolving_off,heuristics_off,emphasis_hardlp,emphasis_optimality
mcf2,presolving_fast,separating_fast,presolving_aggressive,separating_off,emphasis_hardlp,emphasis_easycip,default,heuristics_fast,heuristics_aggressive,separating_aggressive,emphasis_feasibility,presolving_off,heuristics_off,emphasis_optimality
neos-839838,presolving_fast,separating_fast,emphasis_hardlp,presolving_off,separating_off,emphasis_feasibility,default,heuristics_fast,heuristics_aggressive,presolving_aggressive,separating_aggressive,emphasis_optimality,emphasis_easycip,heuristics_off
neos-848845,emphasis_feasibility,separating_fast,presolving_fast,heuristics_aggressive,emphasis_hardlp,default,separating_aggressive,presolving_aggressive,separating_off,presolving_off,emphasis_easycip,heuristics_fast,heuristics_off,emphasis_optimality
neos-931517,presolving_fast,default,presolving_aggressive,separating_fast,separating_aggressive,heuristics_aggressive,separating_off,presolving_off,emphasis_feasibility,emphasis_hardlp,heuristics_fast,emphasis_easycip,emphasis_optimality,heuristics_off
ns1631475,separating_off,separating_fast,separating_aggressive,presolving_fast,presolving_aggressive,presolving_off,emphasis_feasibility,heuristics_aggressive,default,heuristics_fast,emphasis_easycip,heuristics_off,emphasis_hardlp,emphasis_optimality
sct1,separating_off,separating_fast,presolving_fast,heuristics_aggressive,separating_aggressive,emphasis_feasibility,presolving_aggressive,default,heuristics_fast,presolving_off,emphasis_hardlp,emphasis_optimality,heuristics_off,emphasis_easycip
ns60-pr9,separating_fast,presolving_off,presolving_fast,heuristics_fast,presolving_aggressive,default,heuristics_aggressive,separating_off,separating_aggressive,emphasis_hardlp,emphasis_easycip,emphasis_feasibility,heuristics_off,emphasis_optimality
neos-824695,separating_off,separating_fast,emphasis_feasibility,presolving_aggressive,presolving_fast,default,presolving_off,heuristics_aggressive,separating_aggressive,heuristics_fast,emphasis_optimality,emphasis_hardlp,emphasis_easycip,heuristics_off
csched010,separating_fast,presolving_aggressive,separating_aggressive,separating_off,presolving_fast,default,emphasis_easycip,presolving_off,heuristics_fast,heuristics_aggressive,heuristics_off,emphasis_optimality,emphasis_hardlp,emphasis_feasibility
neos-583731,emphasis_hardlp,emphasis_feasibility,heuristics_aggressive,presolving_off,presolving_fast,separating_off,emphasis_easycip,default,presolving_aggressive,separating_fast,heuristics_fast,separating_aggressive,heuristics_off,emphasis_optimality
germany50-DBM,presolving_off,presolving_aggressive,separating_fast,separating_aggressive,default,presolving_fast,separating_off,heuristics_aggressive,heuristics_fast,emphasis_optimality,emphasis_feasibility,heuristics_off,emphasis_hardlp,emphasis_easycip
neos-850681,heuristics_aggressive,emphasis_feasibility,separating_fast,separating_off,default,presolving_fast,separating_aggressive,presolving_aggressive,emphasis_hardlp,heuristics_fast,heuristics_off,emphasis_optimality,emphasis_easycip,presolving_off
probportfolio,heuristics_fast,separating_fast,presolving_aggressive,emphasis_easycip,separating_off,separating_aggressive,presolving_off,default,presolving_fast,heuristics_off,heuristics_aggressive,emphasis_hardlp,emphasis_feasibility,emphasis_optimality
berlin_5_8_0,separating_fast,presolving_aggressive,heuristics_fast,emphasis_easycip,default,presolving_fast,emphasis_hardlp,separating_off,separating_aggressive,presolving_off,heuristics_aggressive,emphasis_feasibility,heuristics_off,emphasis_optimality
uc-case3,separating_off,separating_fast,presolving_fast,emphasis_feasibility,heuristics_aggressive,default,separating_aggressive,presolving_off,presolving_aggressive,heuristics_fast,emphasis_optimality,emphasis_hardlp,heuristics_off,emphasis_easycip
t1717,separating_fast,heuristics_aggressive,emphasis_feasibility,default,separating_off,separating_aggressive,presolving_off,presolving_fast,presolving_aggressive,emphasis_optimality,heuristics_fast,heuristics_off,emphasis_hardlp,emphasis_easycip
bley_xl1,separating_off,separating_fast,emphasis_feasibility,separating_aggressive,heuristics_off,emphasis_optimality,heuristics_fast,heuristics_aggressive,emphasis_hardlp,presolving_off,default,presolving_fast,presolving_aggressive,emphasis_easycip
nsr8k,separating_fast,presolving_fast,presolving_off,presolving_aggressive,default,separating_off,heuristics_aggressive,separating_aggressive,heuristics_fast,emphasis_feasibility,emphasis_hardlp,emphasis_optimality,emphasis_easycip,heuristics_off
usAbbrv-8-25_70,separating_fast,presolving_fast,emphasis_easycip,presolving_aggressive,heuristics_fast,default,separating_off,emphasis_hardlp,separating_aggressive,presolving_off,heuristics_aggressive,heuristics_off,emphasis_feasibility,emphasis_optimality
