opm2-z12-s7,separating_off,presolving_off,presolving_fast,separating_fast,separating_aggressive,heuristics_fast,emphasis_hardlp,default,presolving_aggressive,heuristics_aggressive,emphasis_feasibility,emphasis_easycip,heuristics_off,emphasis_optimality
10teams,presolving_fast,separating_fast,emphasis_hardlp,presolving_off,default,separating_aggressive,presolving_aggressive,separating_off,heuristics_aggressive,emphasis_feasibility,heuristics_fast,heuristics_off,emphasis_easycip,emphasis_optimality
pg5_34,separating_fast,separating_off,presolving_off,presolving_aggressive,presolving_fast,default,emphasis_hardlp,emphasis_easycip,separating_aggressive,emphasis_feasibility,heuristics_aggressive,heuristics_fast,emphasis_optimality,heuristics_off
map20,separating_off,separating_fast,emphasis_feasibility,separating_aggressive,presolving_aggressive,default,presolving_fast,heuristics_fast,heuristics_aggressive,emphasis_hardlp,emphasis_easycip,presolving_off,emphasis_optimality,heuristics_off
neos-522351,presolving_fast,default,presolving_aggressive,separating_aggressive,heuristics_aggressive,emphasis_hardlp,separating_fast,presolving_off,emphasis_optimality,heuristics_fast,separating_off,emphasis_feasibility,emphasis_easycip,heuristics_off
neos-520729,separating_fast,presolving_aggressive,separating_off,presolving_fast,heuristics_aggressive,separating_aggressive,heuristics_fast,presolving_off,emphasis_optimality,default,emphasis_feasibility,heuristics_off,emphasis_hardlp,emphasis_easycip
dfn-gwin-UUM,separating_aggressive,presolving_off,presolving_aggressive,presolving_fast,separating_fast,default,heuristics_aggressive,separating_off,emphasis_optimality,emphasis_hardlp,heuristics_fast,emphasis_feasibility,emphasis_easycip,heuristics_off
23588,separating_off,separating_fast,presolving_aggressive,heuristics_fast,heuristics_off,presolving_fast,emphasis_feasibility,emphasis_hardlp,default,presolving_off,separating_aggressive,heuristics_aggressive,emphasis_optimality,emphasis_easycip
neos-738098,separating_off,presolving_fast,separating_fast,emphasis_feasibility,heuristics_aggressive,separating_aggressive,presolving_off,presolving_aggressive,heuristics_fast,emphasis_hardlp,emphasis_easycip,emphasis_optimality,default,heuristics_off
stp3d,separating_off,separating_fast,presolving_fast,presolving_off,presolving_aggressive,heuristics_aggressive,separating_aggressive,emphasis_feasibility,emphasis_hardlp,heuristics_fast,emphasis_optimality,default,emphasis_easycip,heuristics_off
mspp16,separating_off,emphasis_feasibility,separating_fast,separating_aggressive,presolving_fast,heuristics_aggressive,presolving_aggressive,heuristics_fast,heuristics_off,presolving_off,emphasis_optimality,emphasis_easycip,default,emphasis_hardlp
mzzv42z,emphasis_feasibility,separating_off,separating_fast,heuristics_aggressive,separating_aggressive,presolving_off,presolving_fast,presolving_aggressive,emphasis_hardlp,default,heuristics_fast,emphasis_easycip,heuristics_off,emphasis_optimality
air03,separating_fast,presolving_aggressive,separating_off,default,heuristics_aggressive,emphasis_feasibility,emphasis_hardlp,emphasis_easycip,heuristics_off,heuristics_fast,presolving_fast,presolving_off,separating_aggressive,emphasis_optimality
neos-1430701,separating_off,separating_fast,default,presolving_fast,presolving_aggressive,emphasis_feasibility,separating_aggressive,heuristics_aggressive,presolving_off,emphasis_hardlp,emphasis_easycip,heuristics_fast,emphasis_optimality,heuristics_off
app1-2,separating_off,presolving_fast,separating_aggressive,presolving_off,presolving_aggressive,heuristics_aggressive,separating_fast,emphasis_optimality,default,heuristics_fast,emphasis_hardlp,emphasis_feasibility,heuristics_off,emphasis_easycip
neos-983171,presolving_fast,separating_fast,presolving_off,separating_off,default,presolving_aggressive,separating_aggressive,heuristics_aggressive,emphasis_feasibility,emphasis_hardlp,emphasis_easycip,emphasis_optimality,heuristics_fast,heuristics_off
neos-839838,presolving_fast,separating_off,separating_fast,presolving_off,heuristics_aggressive,default,emphasis_hardlp,heuristics_fast,emphasis_feasibility,separating_aggressive,presolving_aggressive,emphasis_optimality,emphasis_easycip,heuristics_off
neos-935496,separating_aggressive,separating_off,separating_fast,default,presolving_aggressive,presolving_fast,heuristics_fast,heuristics_aggressive,emphasis_feasibility,emphasis_optimality,emphasis_hardlp,presolving_off,emphasis_easycip,heuristics_off
neos-935348,presolving_fast,separating_fast,separating_off,default,presolving_off,presolving_aggressive,separating_aggressive,heuristics_aggressive,emphasis_feasibility,emphasis_hardlp,emphasis_easycip,emphasis_optimality,heuristics_fast,heuristics_off
neos-808072,emphasis_feasibility,heuristics_aggressive,separating_fast,presolving_fast,default,presolving_aggressive,separating_off,separating_aggressive,presolving_off,emphasis_hardlp,heuristics_fast,emphasis_easycip,heuristics_off,emphasis_optimality
neos-1109824,separating_fast,presolving_aggressive,presolving_fast,separating_off,emphasis_hardlp,emphasis_easycip,separating_aggressive,heuristics_aggressive,heuristics_fast,default,emphasis_feasibility,presolving_off,heuristics_off,emphasis_optimality
neos11,separating_off,separating_fast,presolving_fast,default,presolving_aggressive,separating_aggressive,heuristics_aggressive,emphasis_feasibility,presolving_off,emphasis_hardlp,heuristics_fast,emphasis_easycip,emphasis_optimality,heuristics_off
ns1688347,separating_off,separating_fast,presolving_fast,presolving_off,presolving_aggressive,separating_aggressive,heuristics_off,heuristics_fast,heuristics_aggressive,emphasis_hardlp,emphasis_feasibility,emphasis_easycip,default,emphasis_optimality
neos-1439395,separating_off,separating_fast,default,presolving_fast,presolving_aggressive,emphasis_feasibility,separating_aggressive,heuristics_aggressive,presolving_off,emphasis_hardlp,emphasis_easycip,heuristics_fast,emphasis_optimality,heuristics_off
neos-506428,separating_off,separating_fast,presolving_off,presolving_fast,emphasis_feasibility,separating_aggressive,heuristics_aggressive,presolving_aggressive,heuristics_fast,emphasis_optimality,emphasis_hardlp,default,emphasis_easycip,heuristics_off
pp08aCUTS,presolving_fast,emphasis_hardlp,default,presolving_aggressive,heuristics_fast,presolving_off,heuristics_aggressive,emphasis_easycip,separating_fast,separating_aggressive,separating_off,emphasis_feasibility,heuristics_off,emphasis_optimality
neos-1426635,separating_off,separating_fast,default,presolving_fast,presolving_aggressive,emphasis_feasibility,separating_aggressive,heuristics_aggressive,presolving_off,emphasis_hardlp,emphasis_easycip,emphasis_optimality,heuristics_fast,heuristics_off
neos-831188,separating_off,presolving_fast,separating_fast,presolving_off,presolving_aggressive,default,heuristics_aggressive,emphasis_hardlp,emphasis_easycip,separating_aggressive,heuristics_fast,emphasis_feasibility,heuristics_off,emphasis_optimality
neos-1427181,separating_off,separating_fast,default,presolving_fast,presolving_aggressive,emphasis_feasibility,separating_aggressive,heuristics_aggressive,presolving_off,emphasis_hardlp,emphasis_easycip,emphasis_optimality,heuristics_fast,heuristics_off
bab3,separating_off,presolving_aggressive,emphasis_hardlp,presolving_off,heuristics_fast,separating_fast,heuristics_off,emphasis_easycip,separating_aggressive,presolving_fast,heuristics_aggressive,emphasis_feasibility,emphasis_optimality,default
neos-826250,separating_fast,separating_off,heuristics_aggressive,emphasis_feasibility,presolving_fast,default,presolving_off,presolving_aggressive,separating_aggressive,emphasis_hardlp,heuristics_fast,heuristics_off,emphasis_optimality,emphasis_easycip
neos-655508,presolving_fast,separating_off,default,emphasis_hardlp,separating_fast,heuristics_aggressive,emphasis_feasibility,presolving_off,presolving_aggressive,separating_aggressive,heuristics_fast,emphasis_easycip,emphasis_optimality,heuristics_off
neos-691058,separating_fast,presolving_fast,presolving_aggressive,emphasis_feasibility,separating_aggressive,heuristics_aggressive,default,presolving_off,emphasis_hardlp,separating_off,heuristics_off,heuristics_fast,emphasis_easycip,emphasis_optimality
neos-544324,default,separating_aggressive,presolving_aggressive,heuristics_fast,separating_fast,presolving_fast,heuristics_aggressive,emphasis_hardlp,separating_off,presolving_off,heuristics_off,emphasis_easycip,emphasis_optimality,emphasis_feasibility
rococoC11-011100,presolving_fast,presolving_aggressive,separating_fast,separating_aggressive,heuristics_aggressive,default,separating_off,emphasis_optimality,emphasis_hardlp,presolving_off,heuristics_fast,emphasis_feasibility,emphasis_easycip,heuristics_off
n370a,presolving_fast,separating_fast,separating_off,heuristics_aggressive,default,presolving_aggressive,presolving_off,separating_aggressive,heuristics_fast,emphasis_feasibility,emphasis_optimality,emphasis_hardlp,emphasis_easycip,heuristics_off
neos-555001,separating_off,separating_fast,separating_aggressive,presolving_fast,presolving_aggressive,emphasis_hardlp,heuristics_fast,heuristics_aggressive,emphasis_feasibility,heuristics_off,emphasis_easycip,default,presolving_off,emphasis_optimality
neos-501474,separating_off,presolving_off,separating_fast,heuristics_fast,presolving_aggressive,emphasis_hardlp,presolving_fast,emphasis_easycip,heuristics_off,separating_aggressive,default,heuristics_aggressive,emphasis_optimality,emphasis_feasibility
neos-1427261,separating_off,separating_fast,emphasis_feasibility,default,presolving_fast,presolving_aggressive,separating_aggressive,heuristics_aggressive,presolving_off,emphasis_hardlp,emphasis_easycip,emphasis_optimality,heuristics_fast,heuristics_off
neos-856059,separating_off,presolving_fast,separating_fast,presolving_off,heuristics_fast,default,separating_aggressive,emphasis_easycip,emphasis_hardlp,presolving_aggressive,heuristics_aggressive,emphasis_feasibility,heuristics_off,emphasis_optimality
neos-941262,presolving_fast,separating_fast,separating_off,default,presolving_off,presolving_aggressive,separating_aggressive,heuristics_aggressive,emphasis_feasibility,emphasis_hardlp,emphasis_easycip,emphasis_optimality,heuristics_fast,heuristics_off
neos-1622252,presolving_fast,separating_aggressive,heuristics_aggressive,presolving_aggressive,separating_fast,default,separating_off,heuristics_fast,emphasis_feasibility,emphasis_easycip,emphasis_hardlp,presolving_off,heuristics_off,emphasis_optimality
neos-1346382,separating_off,separating_fast,default,presolving_fast,presolving_aggressive,emphasis_feasibility,separating_aggressive,heuristics_aggressive,presolving_off,emphasis_hardlp,emphasis_easycip,emphasis_optimality,heuristics_fast,heuristics_off
neos-495307,default,presolving_fast,heuristics_aggressive,emphasis_hardlp,separating_aggressive,emphasis_optimality,heuristics_fast,separating_off,separating_fast,emphasis_feasibility,emphasis_easycip,presolving_off,presolving_aggressive,heuristics_off
neos-1440457,separating_off,separating_fast,default,presolving_fast,presolving_aggressive,emphasis_feasibility,separating_aggressive,heuristics_aggressive,presolving_off,emphasis_hardlp,emphasis_easycip,emphasis_optimality,heuristics_fast,heuristics_off
neos-603073,separating_fast,presolving_aggressive,default,emphasis_feasibility,presolving_fast,heuristics_aggressive,separating_off,separating_aggressive,heuristics_fast,emphasis_optimality,emphasis_hardlp,presolving_off,emphasis_easycip,heuristics_off
neos-957389,separating_off,separating_fast,emphasis_feasibility,presolving_aggressive,separating_aggressive,presolving_fast,heuristics_aggressive,emphasis_hardlp,heuristics_fast,default,presolving_off,emphasis_optimality,emphasis_easycip,heuristics_off
van,presolving_fast,presolving_aggressive,separating_fast,default,separating_aggressive,emphasis_feasibility,heuristics_aggressive,emphasis_hardlp,separating_off,presolving_off,heuristics_fast,emphasis_easycip,emphasis_optimality,heuristics_off
lseu,default,emphasis_easycip,emphasis_hardlp,presolving_fast,presolving_aggressive,heuristics_fast,emphasis_feasibility,separating_fast,heuristics_aggressive,presolving_off,separating_aggressive,heuristics_off,separating_off,emphasis_optimality
lrn,separating_fast,separating_off,presolving_off,presolving_fast,separating_aggressive,presolving_aggressive,heuristics_aggressive,heuristics_off,emphasis_optimality,default,emphasis_hardlp,heuristics_fast,emphasis_feasibility,emphasis_easycip
fixnet6,presolving_fast,separating_fast,presolving_aggressive,default,presolving_off,heuristics_fast,separating_aggressive,emphasis_hardlp,emphasis_easycip,heuristics_aggressive,separating_off,emphasis_optimality,emphasis_feasibility,heuristics_off
neos-1603512,separating_fast,presolving_aggressive,heuristics_fast,separating_off,separating_aggressive,emphasis_feasibility,heuristics_aggressive,emphasis_easycip,default,presolving_fast,heuristics_off,emphasis_hardlp,presolving_off,emphasis_optimality
neos-937446,presolving_fast,separating_fast,separating_off,default,presolving_off,presolving_aggressive,separating_aggressive,heuristics_aggressive,emphasis_feasibility,emphasis_hardlp,emphasis_easycip,emphasis_optimality,heuristics_fast,heuristics_off
neos-1120495,separating_fast,presolving_aggressive,emphasis_hardlp,separating_off,presolving_fast,emphasis_easycip,separating_aggressive,heuristics_fast,heuristics_aggressive,default,emphasis_feasibility,presolving_off,heuristics_off,emphasis_optimality
neos-847302,emphasis_feasibility,default,presolving_fast,separating_fast,separating_aggressive,heuristics_aggressive,presolving_aggressive,presolving_off,emphasis_hardlp,heuristics_fast,separating_off,emphasis_easycip,heuristics_off,emphasis_optimality
transportmoment,separating_aggressive,presolving_fast,presolving_aggressive,default,presolving_off,heuristics_aggressive,separating_fast,emphasis_hardlp,separating_off,heuristics_fast,emphasis_optimality,emphasis_feasibility,emphasis_easycip,heuristics_off
iis-bupa-cov,separating_off,presolving_off,default,presolving_fast,heuristics_fast,heuristics_aggressive,separating_fast,emphasis_hardlp,emphasis_easycip,presolving_aggressive,emphasis_feasibility,separating_aggressive,emphasis_optimality,heuristics_off
iis-pima-cov,separating_off,presolving_off,presolving_fast,default,separating_fast,heuristics_fast,heuristics_aggressive,presolving_aggressive,emphasis_easycip,emphasis_hardlp,emphasis_feasibility,separating_aggressive,emphasis_optimality,heuristics_off
haprp,presolving_off,default,separating_aggressive,presolving_fast,separating_fast,presolving_aggressive,heuristics_fast,heuristics_off,heuristics_aggressive,emphasis_optimality,emphasis_feasibility,emphasis_easycip,separating_off,emphasis_hardlp
neos-839859,presolving_fast,separating_fast,emphasis_hardlp,separating_off,default,presolving_off,heuristics_aggressive,heuristics_fast,presolving_aggressive,emphasis_feasibility,separating_aggressive,emphasis_optimality,emphasis_easycip,heuristics_off
noswot,default,emphasis_feasibility,presolving_aggressive,separating_off,heuristics_fast,separating_fast,heuristics_aggressive,presolving_fast,heuristics_off,emphasis_hardlp,emphasis_easycip,separating_aggressive,presolving_off,emphasis_optimality
