neos-1605075,presolving_aggressive,emphasis_feasibility,separating_fast,heuristics_aggressive,default,separating_aggressive,presolving_fast,emphasis_hardlp,heuristics_fast,separating_off,presolving_off,heuristics_off,emphasis_easycip,emphasis_optimality
neos-785914,separating_off,emphasis_hardlp,default,heuristics_fast,presolving_fast,presolving_aggressive,heuristics_off,separating_fast,emphasis_easycip,emphasis_feasibility,heuristics_aggressive,presolving_off,separating_aggressive,emphasis_optimality
ns4-pr3,emphasis_hardlp,emphasis_easycip,presolving_off,heuristics_fast,separating_fast,presolving_aggressive,default,separating_off,presolving_fast,heuristics_aggressive,separating_aggressive,emphasis_feasibility,heuristics_off,emphasis_optimality
neos-839894,presolving_fast,emphasis_feasibility,separating_off,heuristics_aggressive,separating_fast,default,emphasis_hardlp,presolving_off,presolving_aggressive,heuristics_fast,emphasis_easycip,separating_aggressive,emphasis_optimality,heuristics_off
neos-881765,emphasis_hardlp,presolving_fast,emphasis_feasibility,separating_off,heuristics_fast,presolving_aggressive,default,separating_fast,separating_aggressive,emphasis_easycip,heuristics_aggressive,presolving_off,heuristics_off,emphasis_optimality
neos-911880,separating_aggressive,heuristics_aggressive,default,presolving_fast,presolving_aggressive,presolving_off,separating_fast,heuristics_fast,emphasis_optimality,emphasis_hardlp,separating_off,emphasis_feasibility,heuristics_off,emphasis_easycip
mine-166-5,emphasis_hardlp,emphasis_feasibility,separating_off,presolving_fast,separating_fast,heuristics_aggressive,emphasis_easycip,default,heuristics_fast,presolving_off,separating_aggressive,presolving_aggressive,heuristics_off,emphasis_optimality
l152lav,separating_fast,default,separating_off,presolving_aggressive,heuristics_aggressive,presolving_fast,emphasis_feasibility,emphasis_hardlp,presolving_off,separating_aggressive,heuristics_fast,emphasis_easycip,heuristics_off,emphasis_optimality
mod010,separating_fast,default,heuristics_aggressive,emphasis_feasibility,separating_off,presolving_aggressive,presolving_fast,emphasis_hardlp,heuristics_fast,separating_aggressive,presolving_off,emphasis_easycip,heuristics_off,emphasis_optimality
neos-1425699,emphasis_hardlp,separating_fast,separating_off,presolving_off,presolving_fast,heuristics_fast,presolving_aggressive,default,emphasis_easycip,heuristics_off,separating_aggressive,heuristics_aggressive,emphasis_optimality,emphasis_feasibility
blend2,separating_fast,presolving_fast,default,separating_off,presolving_aggressive,separating_aggressive,emphasis_hardlp,heuristics_fast,presolving_off,heuristics_aggressive,emphasis_easycip,emphasis_feasibility,emphasis_optimality,heuristics_off
neos-810326,emphasis_easycip,separating_fast,heuristics_fast,heuristics_off,heuristics_aggressive,separating_aggressive,emphasis_hardlp,emphasis_feasibility,presolving_fast,presolving_aggressive,default,emphasis_optimality,presolving_off,separating_off
manna81,emphasis_easycip,presolving_aggressive,presolving_fast,separating_fast,heuristics_fast,heuristics_aggressive,default,separating_aggressive,heuristics_off,emphasis_optimality,emphasis_hardlp,emphasis_feasibility,separating_off,presolving_off
neos-1122047,emphasis_hardlp,emphasis_easycip,presolving_fast,presolving_aggressive,default,separating_fast,separating_off,separating_aggressive,presolving_off,heuristics_fast,heuristics_aggressive,emphasis_feasibility,emphasis_optimality,heuristics_off
cap6000,presolving_fast,emphasis_feasibility,default,heuristics_aggressive,separating_fast,separating_off,presolving_off,presolving_aggressive,emphasis_hardlp,separating_aggressive,emphasis_easycip,heuristics_fast,emphasis_optimality,heuristics_off
binkar10_1,presolving_fast,presolving_aggressive,separating_fast,default,heuristics_aggressive,separating_aggressive,presolving_off,emphasis_feasibility,heuristics_fast,emphasis_hardlp,separating_off,emphasis_easycip,emphasis_optimality,heuristics_off
opm2-z7-s2,emphasis_hardlp,presolving_fast,emphasis_feasibility,default,separating_off,separating_fast,heuristics_aggressive,presolving_off,heuristics_fast,emphasis_easycip,separating_aggressive,emphasis_optimality,heuristics_off,presolving_aggressive
neos-1423785,separating_fast,presolving_fast,presolving_aggressive,default,separating_off,emphasis_feasibility,heuristics_aggressive,separating_aggressive,presolving_off,emphasis_hardlp,emphasis_easycip,heuristics_fast,emphasis_optimality,heuristics_off
disctom,emphasis_feasibility,separating_fast,heuristics_aggressive,default,presolving_fast,separating_off,presolving_aggressive,separating_aggressive,presolving_off,emphasis_hardlp,heuristics_fast,emphasis_optimality,emphasis_easycip,heuristics_off
neos-1601936,emphasis_feasibility,presolving_aggressive,separating_fast,default,heuristics_aggressive,presolving_fast,separating_aggressive,emphasis_hardlp,separating_off,heuristics_fast,presolving_off,emphasis_easycip,heuristics_off,emphasis_optimality
neos-555771,emphasis_feasibility,heuristics_aggressive,default,presolving_aggressive,separating_fast,emphasis_hardlp,presolving_fast,separating_off,presolving_off,heuristics_fast,separating_aggressive,emphasis_easycip,emphasis_optimality,heuristics_off
pigeon-19,separating_fast,presolving_aggressive,separating_off,separating_aggressive,emphasis_hardlp,emphasis_easycip,emphasis_feasibility,default,heuristics_aggressive,presolving_off,presolving_fast,emphasis_optimality,heuristics_fast,heuristics_off
ns25-pr9,emphasis_hardlp,heuristics_fast,emphasis_easycip,presolving_fast,presolving_aggressive,default,separating_aggressive,separating_fast,heuristics_aggressive,separating_off,presolving_off,heuristics_off,emphasis_feasibility,emphasis_optimality
mkc1,emphasis_feasibility,presolving_fast,heuristics_aggressive,separating_off,separating_fast,default,presolving_aggressive,separating_aggressive,presolving_off,emphasis_hardlp,emphasis_easycip,heuristics_fast,emphasis_optimality,heuristics_off
bab5,separating_fast,presolving_fast,emphasis_feasibility,default,separating_off,heuristics_aggressive,presolving_aggressive,presolving_off,emphasis_hardlp,separating_aggressive,emphasis_easycip,heuristics_fast,emphasis_optimality,heuristics_off
neos-1211578,heuristics_off,presolving_aggressive,heuristics_fast,emphasis_hardlp,separating_fast,separating_off,default,emphasis_feasibility,emphasis_easycip,separating_aggressive,presolving_fast,heuristics_aggressive,emphasis_optimality,presolving_off
neos-1595230,heuristics_fast,presolving_fast,separating_aggressive,emphasis_easycip,presolving_aggressive,separating_fast,heuristics_aggressive,heuristics_off,emphasis_optimality,default,separating_off,presolving_off,emphasis_hardlp,emphasis_feasibility
neos-1330346,separating_aggressive,presolving_fast,separating_fast,default,emphasis_hardlp,presolving_aggressive,heuristics_aggressive,separating_off,presolving_off,heuristics_fast,emphasis_feasibility,emphasis_easycip,emphasis_optimality,heuristics_off
vpphard2,emphasis_easycip,heuristics_fast,emphasis_feasibility,separating_off,presolving_fast,emphasis_hardlp,heuristics_aggressive,separating_fast,presolving_off,presolving_aggressive,default,separating_aggressive,heuristics_off,emphasis_optimality
nsa,emphasis_hardlp,emphasis_easycip,separating_off,presolving_fast,presolving_aggressive,heuristics_fast,separating_fast,default,presolving_off,heuristics_off,separating_aggressive,emphasis_feasibility,heuristics_aggressive,emphasis_optimality
neos-916173,presolving_fast,separating_off,presolving_off,separating_fast,default,heuristics_aggressive,presolving_aggressive,separating_aggressive,emphasis_hardlp,emphasis_feasibility,heuristics_fast,emphasis_optimality,emphasis_easycip,heuristics_off
atm20-100,separating_fast,emphasis_feasibility,presolving_fast,separating_off,heuristics_aggressive,default,presolving_aggressive,presolving_off,separating_aggressive,emphasis_hardlp,emphasis_optimality,emphasis_easycip,heuristics_fast,heuristics_off
neos-807639,separating_off,presolving_fast,default,separating_fast,presolving_aggressive,heuristics_aggressive,separating_aggressive,presolving_off,emphasis_feasibility,heuristics_fast,emphasis_hardlp,emphasis_easycip,heuristics_off,emphasis_optimality
ns4-pr9,emphasis_hardlp,heuristics_fast,emphasis_easycip,presolving_fast,presolving_aggressive,default,separating_aggressive,separating_fast,heuristics_aggressive,separating_off,presolving_off,heuristics_off,emphasis_feasibility,emphasis_optimality
rmine14,presolving_off,emphasis_hardlp,presolving_fast,emphasis_easycip,heuristics_aggressive,default,separating_off,separating_fast,emphasis_feasibility,heuristics_fast,emphasis_optimality,separating_aggressive,presolving_aggressive,heuristics_off
toll-like,default,presolving_aggressive,presolving_off,heuristics_aggressive,presolving_fast,heuristics_fast,separating_fast,separating_aggressive,emphasis_easycip,emphasis_feasibility,emphasis_hardlp,separating_off,emphasis_optimality,heuristics_off
neos-631784,heuristics_aggressive,emphasis_feasibility,separating_off,presolving_fast,default,separating_fast,presolving_aggressive,separating_aggressive,presolving_off,emphasis_hardlp,heuristics_fast,emphasis_easycip,emphasis_optimality,heuristics_off
sct5,separating_off,separating_fast,presolving_fast,emphasis_feasibility,default,presolving_aggressive,presolving_off,heuristics_aggressive,emphasis_easycip,separating_aggressive,heuristics_fast,emphasis_hardlp,heuristics_off,emphasis_optimality
neos-1151496,separating_aggressive,emphasis_hardlp,emphasis_feasibility,default,emphasis_easycip,separating_fast,heuristics_fast,presolving_fast,heuristics_aggressive,presolving_aggressive,heuristics_off,separating_off,presolving_off,emphasis_optimality
triptim3,presolving_aggressive,presolving_fast,separating_fast,default,heuristics_aggressive,emphasis_optimality,emphasis_feasibility,separating_off,separating_aggressive,emphasis_hardlp,emphasis_easycip,heuristics_fast,presolving_off,heuristics_off
neos-803219,emphasis_hardlp,separating_fast,presolving_fast,separating_off,presolving_aggressive,default,heuristics_fast,separating_aggressive,emphasis_easycip,heuristics_aggressive,presolving_off,heuristics_off,emphasis_feasibility,emphasis_optimality
net12,separating_off,separating_fast,emphasis_feasibility,presolving_fast,default,presolving_aggressive,heuristics_aggressive,separating_aggressive,presolving_off,emphasis_hardlp,emphasis_easycip,emphasis_optimality,heuristics_fast,heuristics_off
satellites2-60,presolving_fast,separating_off,separating_fast,emphasis_feasibility,default,emphasis_easycip,heuristics_aggressive,emphasis_hardlp,presolving_off,presolving_aggressive,separating_aggressive,emphasis_optimality,heuristics_fast,heuristics_off
tanglegram2,presolving_aggressive,heuristics_fast,separating_fast,default,heuristics_aggressive,presolving_fast,emphasis_easycip,presolving_off,separating_aggressive,separating_off,emphasis_feasibility,emphasis_hardlp,emphasis_optimality,heuristics_off
neos-686190,emphasis_feasibility,separating_fast,heuristics_aggressive,separating_off,presolving_fast,default,presolving_aggressive,separating_aggressive,presolving_off,emphasis_hardlp,emphasis_easycip,heuristics_fast,emphasis_optimality,heuristics_off
neos-631517,presolving_off,presolving_fast,separating_aggressive,heuristics_aggressive,presolving_aggressive,default,emphasis_optimality,heuristics_fast,emphasis_hardlp,separating_fast,emphasis_feasibility,emphasis_easycip,separating_off,heuristics_off
biella1,presolving_fast,presolving_aggressive,separating_fast,presolving_off,default,separating_off,separating_aggressive,emphasis_feasibility,heuristics_aggressive,emphasis_optimality,emphasis_easycip,heuristics_fast,emphasis_hardlp,heuristics_off
bley_xl1,separating_off,emphasis_hardlp,separating_fast,emphasis_feasibility,emphasis_easycip,presolving_fast,default,presolving_aggressive,heuristics_fast,heuristics_aggressive,separating_aggressive,presolving_off,heuristics_off,emphasis_optimality
maxgasflow,emphasis_feasibility,presolving_off,separating_fast,emphasis_hardlp,presolving_aggressive,presolving_fast,emphasis_easycip,heuristics_aggressive,default,separating_off,separating_aggressive,emphasis_optimality,heuristics_fast,heuristics_off
p0033,emphasis_hardlp,emphasis_easycip,separating_fast,presolving_fast,presolving_off,heuristics_fast,default,presolving_aggressive,separating_off,heuristics_aggressive,emphasis_feasibility,separating_aggressive,heuristics_off,emphasis_optimality
nsr8k,presolving_fast,separating_off,separating_fast,presolving_aggressive,presolving_off,default,heuristics_aggressive,emphasis_feasibility,separating_aggressive,emphasis_easycip,heuristics_fast,emphasis_optimality,emphasis_hardlp,heuristics_off
neos-1112782,emphasis_feasibility,heuristics_aggressive,emphasis_optimality,emphasis_hardlp,default,presolving_aggressive,separating_off,separating_fast,presolving_fast,separating_aggressive,presolving_off,heuristics_fast,emphasis_easycip,heuristics_off
neos-803220,emphasis_hardlp,separating_fast,presolving_fast,separating_off,presolving_aggressive,default,heuristics_fast,separating_aggressive,emphasis_easycip,presolving_off,heuristics_aggressive,heuristics_off,emphasis_feasibility,emphasis_optimality
neos-931538,separating_off,presolving_fast,default,separating_fast,separating_aggressive,emphasis_feasibility,presolving_aggressive,heuristics_aggressive,presolving_off,emphasis_hardlp,emphasis_optimality,emphasis_easycip,heuristics_fast,heuristics_off
rococoB10-011000,separating_fast,presolving_aggressive,heuristics_aggressive,emphasis_feasibility,default,separating_off,presolving_fast,heuristics_fast,separating_aggressive,emphasis_easycip,presolving_off,emphasis_optimality,emphasis_hardlp,heuristics_off
neos-932816,separating_off,separating_fast,default,heuristics_aggressive,emphasis_feasibility,presolving_aggressive,separating_aggressive,presolving_fast,emphasis_optimality,emphasis_hardlp,presolving_off,heuristics_fast,emphasis_easycip,heuristics_off
iis-pima-cov,separating_off,heuristics_fast,presolving_off,separating_fast,presolving_fast,default,emphasis_easycip,presolving_aggressive,heuristics_aggressive,separating_aggressive,emphasis_feasibility,emphasis_hardlp,emphasis_optimality,heuristics_off
rocII-9-11,presolving_off,separating_off,emphasis_feasibility,separating_fast,heuristics_aggressive,default,presolving_fast,presolving_aggressive,separating_aggressive,emphasis_hardlp,emphasis_easycip,heuristics_fast,emphasis_optimality,heuristics_off
neos-1593097,emphasis_feasibility,default,separating_fast,separating_off,heuristics_aggressive,presolving_fast,presolving_aggressive,emphasis_hardlp,heuristics_fast,emphasis_easycip,presolving_off,separating_aggressive,emphasis_optimality,heuristics_off
neos-501453,separating_fast,heuristics_fast,presolving_fast,default,presolving_off,presolving_aggressive,emphasis_optimality,emphasis_hardlp,separating_off,emphasis_easycip,separating_aggressive,heuristics_off,heuristics_aggressive,emphasis_feasibility
rmine6,presolving_fast,emphasis_hardlp,separating_off,heuristics_aggressive,default,emphasis_feasibility,separating_fast,emphasis_easycip,heuristics_fast,separating_aggressive,presolving_off,presolving_aggressive,heuristics_off,emphasis_optimality
