neos-595925,separating_fast,presolving_aggressive,default,separating_off,heuristics_aggressive,emphasis_feasibility,presolving_fast,separating_aggressive,heuristics_fast,presolving_off,emphasis_optimality,heuristics_off,emphasis_easycip,emphasis_hardlp
ger50_17_trans,presolving_fast,presolving_aggressive,heuristics_fast,emphasis_easycip,separating_off,presolving_off,separating_aggressive,separating_fast,heuristics_aggressive,emphasis_optimality,emphasis_feasibility,default,heuristics_off,emphasis_hardlp
mine-90-10,emphasis_hardlp,separating_off,presolving_off,presolving_fast,separating_fast,heuristics_aggressive,default,heuristics_off,heuristics_fast,emphasis_feasibility,emphasis_easycip,separating_aggressive,presolving_aggressive,emphasis_optimality
neos-1437164,heuristics_aggressive,emphasis_feasibility,separating_off,presolving_fast,separating_aggressive,presolving_off,heuristics_off,emphasis_hardlp,separating_fast,presolving_aggressive,default,emphasis_optimality,heuristics_fast,emphasis_easycip
gesa2-o,presolving_off,separating_off,separating_fast,presolving_fast,presolving_aggressive,default,heuristics_off,emphasis_hardlp,separating_aggressive,heuristics_fast,heuristics_aggressive,emphasis_optimality,emphasis_feasibility,emphasis_easycip
misc07,heuristics_fast,emphasis_easycip,separating_fast,emphasis_feasibility,presolving_fast,emphasis_hardlp,separating_off,separating_aggressive,default,heuristics_off,heuristics_aggressive,presolving_aggressive,presolving_off,emphasis_optimality
neos-1467067,presolving_off,separating_off,separating_fast,presolving_fast,heuristics_aggressive,default,separating_aggressive,presolving_aggressive,emphasis_hardlp,emphasis_feasibility,emphasis_easycip,emphasis_optimality,heuristics_off,heuristics_fast
sing359,separating_off,separating_fast,separating_aggressive,presolving_off,presolving_fast,presolving_aggressive,heuristics_off,heuristics_fast,heuristics_aggressive,emphasis_optimality,emphasis_hardlp,emphasis_feasibility,emphasis_easycip,default
neos-1067731,separating_off,separating_aggressive,separating_fast,default,presolving_off,presolving_aggressive,emphasis_feasibility,emphasis_hardlp,presolving_fast,heuristics_aggressive,heuristics_off,heuristics_fast,emphasis_optimality,emphasis_easycip
neos-1171737,emphasis_feasibility,separating_fast,presolving_fast,separating_off,presolving_off,default,presolving_aggressive,separating_aggressive,heuristics_aggressive,emphasis_hardlp,emphasis_optimality,emphasis_easycip,heuristics_off,heuristics_fast
neos-555771,separating_fast,presolving_aggressive,heuristics_aggressive,emphasis_feasibility,presolving_fast,default,heuristics_off,emphasis_hardlp,separating_off,separating_aggressive,presolving_off,heuristics_fast,emphasis_optimality,emphasis_easycip
neos-826841,separating_fast,heuristics_aggressive,presolving_fast,separating_aggressive,presolving_off,presolving_aggressive,emphasis_feasibility,default,separating_off,emphasis_optimality,emphasis_hardlp,emphasis_easycip,heuristics_off,heuristics_fast
neos-799838,separating_off,separating_fast,presolving_aggressive,emphasis_feasibility,presolving_fast,heuristics_aggressive,default,emphasis_easycip,presolving_off,separating_aggressive,emphasis_hardlp,heuristics_fast,emphasis_optimality,heuristics_off
bienst2,separating_off,emphasis_hardlp,heuristics_fast,emphasis_feasibility,heuristics_off,default,presolving_aggressive,emphasis_optimality,presolving_fast,separating_fast,separating_aggressive,emphasis_easycip,heuristics_aggressive,presolving_off
mod011,presolving_off,separating_fast,separating_aggressive,presolving_fast,presolving_aggressive,emphasis_hardlp,default,separating_off,heuristics_aggressive,emphasis_feasibility,emphasis_easycip,heuristics_fast,heuristics_off,emphasis_optimality
rail507,heuristics_aggressive,separating_fast,presolving_aggressive,emphasis_feasibility,separating_off,default,separating_aggressive,heuristics_fast,presolving_fast,emphasis_optimality,presolving_off,emphasis_easycip,heuristics_off,emphasis_hardlp
rmatr200-p20,presolving_off,heuristics_aggressive,emphasis_feasibility,emphasis_hardlp,emphasis_easycip,separating_off,presolving_fast,separating_fast,heuristics_fast,default,presolving_aggressive,emphasis_optimality,separating_aggressive,heuristics_off
neos-827175,emphasis_feasibility,separating_off,heuristics_aggressive,presolving_fast,default,separating_fast,presolving_aggressive,emphasis_optimality,emphasis_hardlp,separating_aggressive,presolving_off,emphasis_easycip,heuristics_fast,heuristics_off
neos-892255,separating_aggressive,separating_fast,presolving_fast,presolving_aggressive,separating_off,emphasis_hardlp,emphasis_feasibility,default,presolving_off,heuristics_aggressive,emphasis_optimality,emphasis_easycip,heuristics_fast,heuristics_off
lseu,separating_fast,emphasis_easycip,heuristics_fast,emphasis_hardlp,presolving_aggressive,separating_off,presolving_off,heuristics_off,emphasis_feasibility,default,separating_aggressive,presolving_fast,heuristics_aggressive,emphasis_optimality
momentum2,separating_fast,presolving_off,presolving_fast,separating_off,emphasis_hardlp,default,separating_aggressive,presolving_aggressive,heuristics_fast,heuristics_off,heuristics_aggressive,emphasis_easycip,emphasis_optimality,emphasis_feasibility
neos-1112787,separating_fast,presolving_fast,heuristics_fast,emphasis_optimality,separating_off,presolving_aggressive,default,separating_aggressive,emphasis_easycip,emphasis_hardlp,heuristics_aggressive,emphasis_feasibility,presolving_off,heuristics_off
neos-941698,separating_fast,emphasis_feasibility,presolving_aggressive,heuristics_aggressive,default,presolving_off,presolving_fast,emphasis_hardlp,separating_off,separating_aggressive,emphasis_easycip,heuristics_off,heuristics_fast,emphasis_optimality
lrn,separating_off,separating_fast,separating_aggressive,presolving_off,presolving_fast,heuristics_aggressive,presolving_aggressive,emphasis_feasibility,emphasis_optimality,default,emphasis_hardlp,heuristics_off,emphasis_easycip,heuristics_fast
neos-1200887,separating_fast,presolving_aggressive,heuristics_fast,separating_off,emphasis_feasibility,presolving_fast,heuristics_off,emphasis_hardlp,default,separating_aggressive,emphasis_optimality,presolving_off,heuristics_aggressive,emphasis_easycip
triptim2,separating_off,separating_fast,separating_aggressive,presolving_fast,presolving_off,presolving_aggressive,heuristics_fast,heuristics_off,heuristics_aggressive,emphasis_optimality,emphasis_hardlp,emphasis_feasibility,emphasis_easycip,default
iis-pima-cov,presolving_fast,separating_off,presolving_off,heuristics_fast,default,presolving_aggressive,emphasis_easycip,separating_fast,heuristics_aggressive,separating_aggressive,emphasis_feasibility,emphasis_hardlp,heuristics_off,emphasis_optimality
neos-631784,separating_off,separating_fast,emphasis_feasibility,presolving_fast,heuristics_aggressive,presolving_off,presolving_aggressive,default,separating_aggressive,heuristics_fast,emphasis_hardlp,heuristics_off,emphasis_easycip,emphasis_optimality
toll-like,presolving_aggressive,heuristics_aggressive,heuristics_fast,emphasis_hardlp,default,presolving_off,emphasis_easycip,separating_aggressive,presolving_fast,separating_fast,separating_off,heuristics_off,emphasis_feasibility,emphasis_optimality
nsa,heuristics_fast,separating_fast,separating_aggressive,heuristics_off,emphasis_hardlp,emphasis_easycip,presolving_fast,presolving_aggressive,presolving_off,emphasis_feasibility,separating_off,heuristics_aggressive,default,emphasis_optimality
neos-1489999,presolving_fast,emphasis_easycip,separating_fast,heuristics_aggressive,separating_aggressive,heuristics_fast,presolving_aggressive,emphasis_hardlp,default,presolving_off,emphasis_optimality,emphasis_feasibility,separating_off,heuristics_off
rocII-9-11,presolving_off,separating_off,separating_fast,separating_aggressive,presolving_fast,presolving_aggressive,heuristics_aggressive,heuristics_fast,emphasis_optimality,heuristics_off,emphasis_feasibility,emphasis_hardlp,default,emphasis_easycip
neos-860244,separating_off,separating_fast,presolving_off,presolving_fast,heuristics_off,default,presolving_aggressive,emphasis_feasibility,separating_aggressive,heuristics_aggressive,emphasis_hardlp,emphasis_easycip,heuristics_fast,emphasis_optimality
sct5,separating_fast,separating_off,presolving_aggressive,default,presolving_fast,separating_aggressive,heuristics_aggressive,emphasis_feasibility,presolving_off,heuristics_fast,emphasis_easycip,heuristics_off,emphasis_optimality,emphasis_hardlp
neos-1436709,separating_off,separating_fast,presolving_fast,presolving_aggressive,default,emphasis_optimality,emphasis_feasibility,separating_aggressive,presolving_off,heuristics_aggressive,heuristics_fast,emphasis_hardlp,heuristics_off,emphasis_easycip
ran16x16,separating_aggressive,presolving_fast,default,heuristics_aggressive,presolving_aggressive,presolving_off,heuristics_fast,heuristics_off,emphasis_optimality,separating_fast,emphasis_hardlp,emphasis_easycip,emphasis_feasibility,separating_off
go19,separating_fast,heuristics_fast,presolving_fast,separating_off,presolving_off,presolving_aggressive,emphasis_hardlp,default,emphasis_easycip,separating_aggressive,heuristics_aggressive,emphasis_feasibility,heuristics_off,emphasis_optimality
modglob,separating_fast,presolving_fast,presolving_aggressive,heuristics_fast,presolving_off,emphasis_hardlp,default,emphasis_easycip,separating_aggressive,emphasis_optimality,emphasis_feasibility,heuristics_off,heuristics_aggressive,separating_off
momentum1,separating_fast,presolving_fast,separating_off,presolving_aggressive,default,separating_aggressive,emphasis_feasibility,emphasis_easycip,presolving_off,heuristics_aggressive,emphasis_optimality,emphasis_hardlp,heuristics_fast,heuristics_off
neos-953928,separating_off,presolving_fast,separating_fast,heuristics_aggressive,presolving_off,emphasis_feasibility,default,separating_aggressive,emphasis_hardlp,presolving_aggressive,heuristics_fast,emphasis_easycip,heuristics_off,emphasis_optimality
dolom1,presolving_off,default,presolving_aggressive,presolving_fast,separating_off,separating_fast,separating_aggressive,emphasis_feasibility,heuristics_aggressive,heuristics_fast,emphasis_optimality,emphasis_easycip,heuristics_off,emphasis_hardlp
n15-3,separating_off,separating_fast,presolving_fast,presolving_off,presolving_aggressive,separating_aggressive,heuristics_off,heuristics_fast,emphasis_optimality,emphasis_hardlp,emphasis_easycip,heuristics_aggressive,default,emphasis_feasibility
queens-30,separating_off,presolving_off,presolving_fast,heuristics_aggressive,separating_fast,emphasis_feasibility,default,separating_aggressive,emphasis_hardlp,emphasis_easycip,presolving_aggressive,heuristics_fast,emphasis_optimality,heuristics_off
gen,presolving_fast,default,presolving_aggressive,emphasis_easycip,separating_off,separating_fast,separating_aggressive,emphasis_hardlp,heuristics_fast,heuristics_off,presolving_off,emphasis_feasibility,emphasis_optimality,heuristics_aggressive
g200x740i,separating_aggressive,presolving_fast,presolving_off,presolving_aggressive,default,heuristics_fast,heuristics_aggressive,separating_fast,emphasis_optimality,emphasis_hardlp,emphasis_easycip,separating_off,heuristics_off,emphasis_feasibility
neos-555694,separating_fast,heuristics_aggressive,emphasis_feasibility,presolving_aggressive,default,presolving_fast,heuristics_off,emphasis_hardlp,separating_off,separating_aggressive,presolving_off,heuristics_fast,emphasis_optimality,emphasis_easycip
misc03,heuristics_fast,emphasis_hardlp,emphasis_easycip,separating_fast,presolving_fast,presolving_aggressive,separating_off,emphasis_feasibility,default,heuristics_off,separating_aggressive,heuristics_aggressive,emphasis_optimality,presolving_off
cov1075,separating_off,presolving_off,presolving_aggressive,separating_fast,presolving_fast,heuristics_fast,emphasis_easycip,default,separating_aggressive,heuristics_off,heuristics_aggressive,emphasis_hardlp,emphasis_optimality,emphasis_feasibility
opm2-z10-s2,presolving_fast,emphasis_hardlp,separating_off,default,separating_fast,emphasis_easycip,presolving_off,heuristics_fast,heuristics_aggressive,separating_aggressive,emphasis_feasibility,presolving_aggressive,heuristics_off,emphasis_optimality
fiber,heuristics_aggressive,presolving_fast,default,presolving_off,presolving_aggressive,separating_fast,emphasis_feasibility,separating_off,emphasis_optimality,emphasis_easycip,emphasis_hardlp,separating_aggressive,heuristics_fast,heuristics_off
neos-785899,presolving_fast,emphasis_hardlp,presolving_off,separating_off,emphasis_easycip,separating_fast,heuristics_fast,default,presolving_aggressive,emphasis_feasibility,heuristics_aggressive,separating_aggressive,emphasis_optimality,heuristics_off
p0033,separating_fast,emphasis_hardlp,emphasis_easycip,heuristics_off,default,separating_off,presolving_off,presolving_fast,presolving_aggressive,heuristics_fast,heuristics_aggressive,separating_aggressive,emphasis_feasibility,emphasis_optimality
tr12-30,default,presolving_fast,separating_aggressive,presolving_off,presolving_aggressive,heuristics_aggressive,separating_off,separating_fast,heuristics_fast,emphasis_hardlp,emphasis_feasibility,heuristics_off,emphasis_optimality,emphasis_easycip
neos-1429185,separating_off,separating_fast,presolving_fast,default,emphasis_feasibility,separating_aggressive,presolving_off,presolving_aggressive,emphasis_optimality,heuristics_aggressive,emphasis_hardlp,emphasis_easycip,heuristics_fast,heuristics_off
neos-611135,heuristics_aggressive,emphasis_feasibility,default,presolving_off,presolving_fast,presolving_aggressive,heuristics_fast,separating_off,separating_fast,separating_aggressive,emphasis_hardlp,emphasis_easycip,heuristics_off,emphasis_optimality
p0201,emphasis_hardlp,separating_fast,emphasis_feasibility,emphasis_easycip,separating_off,presolving_fast,heuristics_fast,presolving_off,presolving_aggressive,separating_aggressive,heuristics_aggressive,default,heuristics_off,emphasis_optimality
neos-525149,presolving_fast,separating_fast,presolving_aggressive,heuristics_fast,heuristics_aggressive,default,emphasis_feasibility,separating_aggressive,heuristics_off,emphasis_hardlp,presolving_off,separating_off,emphasis_easycip,emphasis_optimality
dcmulti,separating_fast,heuristics_fast,default,presolving_fast,presolving_aggressive,presolving_off,emphasis_hardlp,emphasis_easycip,separating_aggressive,heuristics_aggressive,emphasis_optimality,separating_off,heuristics_off,emphasis_feasibility
circ10-3,separating_fast,presolving_fast,default,separating_off,heuristics_aggressive,separating_aggressive,presolving_aggressive,heuristics_fast,emphasis_hardlp,emphasis_feasibility,presolving_off,emphasis_optimality,emphasis_easycip,heuristics_off
neos-775946,separating_fast,heuristics_aggressive,emphasis_feasibility,default,presolving_aggressive,separating_off,heuristics_off,separating_aggressive,presolving_fast,heuristics_fast,presolving_off,emphasis_optimality,emphasis_hardlp,emphasis_easycip
fixnet6,presolving_fast,default,separating_aggressive,presolving_off,presolving_aggressive,heuristics_aggressive,emphasis_hardlp,separating_off,separating_fast,heuristics_fast,emphasis_feasibility,emphasis_optimality,emphasis_easycip,heuristics_off
