neos-911880,presolving_fast,separating_fast,presolving_aggressive,default,separating_aggressive,presolving_off,heuristics_aggressive,emphasis_feasibility,separating_off,emphasis_hardlp,emphasis_optimality,emphasis_easycip,heuristics_fast,heuristics_off
neos-555298,separating_off,separating_fast,presolving_off,presolving_fast,emphasis_feasibility,presolving_aggressive,heuristics_aggressive,heuristics_off,emphasis_hardlp,separating_aggressive,emphasis_easycip,default,heuristics_fast,emphasis_optimality
neos-555001,separating_off,separating_fast,emphasis_hardlp,separating_aggressive,presolving_fast,presolving_aggressive,heuristics_fast,emphasis_easycip,emphasis_feasibility,default,presolving_off,heuristics_aggressive,heuristics_off,emphasis_optimality
fixnet6,presolving_fast,separating_fast,presolving_aggressive,default,heuristics_fast,emphasis_easycip,separating_aggressive,emphasis_hardlp,presolving_off,heuristics_aggressive,emphasis_optimality,separating_off,heuristics_off,emphasis_feasibility
ns60-pr9,presolving_fast,heuristics_aggressive,separating_fast,presolving_off,default,heuristics_fast,presolving_aggressive,separating_off,separating_aggressive,emphasis_hardlp,emphasis_easycip,emphasis_feasibility,emphasis_optimality,heuristics_off
rococoC10-001000,separating_off,separating_fast,presolving_fast,emphasis_feasibility,default,presolving_aggressive,heuristics_aggressive,separating_aggressive,emphasis_hardlp,presolving_off,heuristics_fast,emphasis_optimality,emphasis_easycip,heuristics_off
neos-1224597,emphasis_feasibility,heuristics_aggressive,separating_fast,separating_off,presolving_fast,emphasis_hardlp,presolving_off,separating_aggressive,presolving_aggressive,heuristics_fast,default,emphasis_easycip,heuristics_off,emphasis_optimality
neos-1427181,separating_off,separating_fast,emphasis_feasibility,presolving_fast,default,presolving_aggressive,separating_aggressive,heuristics_aggressive,presolving_off,emphasis_optimality,heuristics_fast,emphasis_hardlp,emphasis_easycip,heuristics_off
neos-785914,presolving_fast,default,heuristics_aggressive,emphasis_hardlp,presolving_aggressive,emphasis_easycip,presolving_off,heuristics_fast,separating_fast,separating_aggressive,emphasis_feasibility,separating_off,emphasis_optimality,heuristics_off
air04,separating_fast,presolving_fast,presolving_aggressive,heuristics_aggressive,default,emphasis_hardlp,emphasis_feasibility,separating_off,heuristics_fast,emphasis_easycip,presolving_off,heuristics_off,separating_aggressive,emphasis_optimality
misc03,default,separating_off,presolving_aggressive,separating_fast,heuristics_fast,emphasis_hardlp,emphasis_easycip,presolving_fast,separating_aggressive,heuristics_aggressive,emphasis_feasibility,heuristics_off,presolving_off,emphasis_optimality
n370a,presolving_fast,separating_fast,heuristics_aggressive,default,separating_off,presolving_aggressive,presolving_off,emphasis_feasibility,separating_aggressive,emphasis_hardlp,heuristics_fast,emphasis_optimality,emphasis_easycip,heuristics_off
mod011,separating_fast,presolving_aggressive,presolving_fast,default,separating_aggressive,presolving_off,heuristics_fast,separating_off,heuristics_aggressive,emphasis_optimality,emphasis_feasibility,emphasis_hardlp,emphasis_easycip,heuristics_off
neos-1122047,emphasis_easycip,presolving_aggressive,emphasis_hardlp,separating_off,default,presolving_fast,separating_fast,separating_aggressive,heuristics_fast,presolving_off,heuristics_off,heuristics_aggressive,emphasis_feasibility,emphasis_optimality
glass4,separating_fast,heuristics_fast,presolving_fast,presolving_aggressive,default,separating_aggressive,heuristics_aggressive,emphasis_feasibility,emphasis_hardlp,heuristics_off,emphasis_optimality,emphasis_easycip,separating_off,presolving_off
neos-863472,presolving_off,presolving_fast,presolving_aggressive,emphasis_hardlp,emphasis_easycip,default,separating_fast,heuristics_fast,heuristics_aggressive,separating_aggressive,separating_off,heuristics_off,emphasis_feasibility,emphasis_optimality
neos-595905,separating_fast,default,separating_aggressive,presolving_aggressive,heuristics_aggressive,emphasis_optimality,presolving_fast,heuristics_fast,emphasis_feasibility,heuristics_off,separating_off,presolving_off,emphasis_easycip,emphasis_hardlp
manna81,separating_fast,separating_aggressive,presolving_fast,presolving_off,emphasis_optimality,presolving_aggressive,separating_off,default,emphasis_hardlp,heuristics_fast,heuristics_aggressive,emphasis_feasibility,emphasis_easycip,heuristics_off
neos-935496,separating_off,separating_fast,separating_aggressive,default,presolving_aggressive,presolving_fast,heuristics_fast,emphasis_feasibility,heuristics_aggressive,emphasis_hardlp,emphasis_easycip,presolving_off,heuristics_off,emphasis_optimality
neos-1420205,presolving_fast,separating_fast,default,presolving_aggressive,separating_off,emphasis_feasibility,heuristics_aggressive,separating_aggressive,presolving_off,emphasis_optimality,heuristics_fast,emphasis_easycip,emphasis_hardlp,heuristics_off
atm20-100,separating_fast,presolving_fast,presolving_aggressive,heuristics_fast,heuristics_aggressive,default,separating_off,presolving_off,separating_aggressive,emphasis_optimality,emphasis_hardlp,emphasis_easycip,emphasis_feasibility,heuristics_off
neos-1420546,presolving_fast,separating_fast,default,separating_off,presolving_off,emphasis_feasibility,presolving_aggressive,heuristics_aggressive,separating_aggressive,emphasis_optimality,emphasis_hardlp,heuristics_fast,emphasis_easycip,heuristics_off
mzzv42z,emphasis_feasibility,separating_off,separating_fast,heuristics_aggressive,separating_aggressive,presolving_off,presolving_fast,presolving_aggressive,heuristics_off,default,heuristics_fast,emphasis_optimality,emphasis_hardlp,emphasis_easycip
berlin_5_8_0,presolving_aggressive,emphasis_easycip,separating_fast,presolving_fast,emphasis_feasibility,separating_off,heuristics_fast,emphasis_hardlp,presolving_off,default,separating_aggressive,heuristics_aggressive,heuristics_off,emphasis_optimality
air03,presolving_aggressive,default,heuristics_aggressive,separating_off,separating_fast,heuristics_off,emphasis_hardlp,emphasis_feasibility,emphasis_easycip,heuristics_fast,presolving_fast,presolving_off,separating_aggressive,emphasis_optimality
ns1631475,separating_off,separating_fast,separating_aggressive,emphasis_feasibility,presolving_fast,presolving_off,presolving_aggressive,heuristics_aggressive,default,heuristics_fast,emphasis_hardlp,heuristics_off,emphasis_optimality,emphasis_easycip
pb-simp-nonunif,separating_off,separating_fast,emphasis_feasibility,presolving_fast,default,separating_aggressive,presolving_aggressive,heuristics_aggressive,heuristics_off,presolving_off,heuristics_fast,emphasis_hardlp,emphasis_easycip,emphasis_optimality
cap6000,emphasis_feasibility,emphasis_easycip,emphasis_hardlp,presolving_off,heuristics_aggressive,separating_fast,heuristics_fast,default,separating_aggressive,presolving_fast,heuristics_off,separating_off,emphasis_optimality,presolving_aggressive
satellites3-40-fs,separating_off,separating_fast,emphasis_feasibility,presolving_off,presolving_fast,separating_aggressive,heuristics_aggressive,presolving_aggressive,emphasis_hardlp,heuristics_off,heuristics_fast,emphasis_easycip,default,emphasis_optimality
neos-709469,emphasis_hardlp,emphasis_easycip,heuristics_fast,separating_off,presolving_fast,default,emphasis_feasibility,separating_fast,heuristics_aggressive,separating_aggressive,heuristics_off,emphasis_optimality,presolving_aggressive,presolving_off
macrophage,separating_off,presolving_fast,presolving_aggressive,separating_fast,heuristics_fast,heuristics_aggressive,default,separating_aggressive,emphasis_easycip,presolving_off,emphasis_feasibility,emphasis_hardlp,heuristics_off,emphasis_optimality
map18,separating_off,separating_fast,separating_aggressive,presolving_fast,presolving_aggressive,emphasis_feasibility,default,heuristics_aggressive,heuristics_fast,emphasis_hardlp,presolving_off,emphasis_easycip,heuristics_off,emphasis_optimality
rmine14,separating_off,presolving_off,presolving_fast,separating_fast,presolving_aggressive,heuristics_aggressive,separating_aggressive,emphasis_hardlp,emphasis_feasibility,default,heuristics_fast,emphasis_easycip,heuristics_off,emphasis_optimality
p0548,separating_fast,separating_aggressive,presolving_fast,default,heuristics_fast,separating_off,heuristics_aggressive,presolving_off,presolving_aggressive,emphasis_optimality,emphasis_hardlp,emphasis_feasibility,emphasis_easycip,heuristics_off
ns903616,separating_off,separating_fast,separating_aggressive,emphasis_feasibility,presolving_fast,presolving_aggressive,presolving_off,heuristics_off,heuristics_fast,heuristics_aggressive,default,emphasis_optimality,emphasis_hardlp,emphasis_easycip
probportfolio,separating_fast,heuristics_fast,presolving_off,presolving_aggressive,separating_off,emphasis_easycip,separating_aggressive,default,presolving_fast,emphasis_hardlp,heuristics_off,heuristics_aggressive,emphasis_feasibility,emphasis_optimality
neos-1460246,presolving_off,emphasis_feasibility,presolving_fast,heuristics_aggressive,separating_off,separating_fast,default,separating_aggressive,presolving_aggressive,emphasis_hardlp,emphasis_easycip,emphasis_optimality,heuristics_fast,heuristics_off
uct-subprob,emphasis_hardlp,default,separating_off,separating_fast,presolving_fast,presolving_aggressive,emphasis_easycip,heuristics_aggressive,presolving_off,heuristics_fast,heuristics_off,emphasis_optimality,emphasis_feasibility,separating_aggressive
neos-827175,heuristics_aggressive,emphasis_feasibility,separating_off,separating_fast,presolving_off,default,presolving_fast,presolving_aggressive,emphasis_hardlp,separating_aggressive,emphasis_optimality,heuristics_fast,emphasis_easycip,heuristics_off
qap10,separating_off,separating_fast,presolving_off,presolving_fast,emphasis_hardlp,presolving_aggressive,emphasis_feasibility,emphasis_easycip,heuristics_aggressive,default,separating_aggressive,heuristics_fast,heuristics_off,emphasis_optimality
neos-914441,separating_off,separating_fast,presolving_off,emphasis_feasibility,presolving_fast,separating_aggressive,default,heuristics_aggressive,presolving_aggressive,emphasis_optimality,emphasis_hardlp,heuristics_fast,emphasis_easycip,heuristics_off
neos-631709,separating_off,separating_fast,presolving_fast,separating_aggressive,presolving_aggressive,heuristics_aggressive,emphasis_feasibility,presolving_off,default,heuristics_off,heuristics_fast,emphasis_hardlp,emphasis_optimality,emphasis_easycip
neos-1427261,separating_off,separating_fast,emphasis_feasibility,presolving_fast,default,presolving_aggressive,separating_aggressive,heuristics_aggressive,presolving_off,emphasis_optimality,heuristics_fast,emphasis_hardlp,emphasis_easycip,heuristics_off
gt2,presolving_fast,presolving_off,presolving_aggressive,emphasis_optimality,default,separating_fast,heuristics_aggressive,separating_aggressive,separating_off,emphasis_hardlp,emphasis_easycip,heuristics_fast,emphasis_feasibility,heuristics_off
p0282,presolving_fast,emphasis_hardlp,default,emphasis_easycip,presolving_aggressive,heuristics_fast,heuristics_aggressive,separating_fast,separating_aggressive,presolving_off,emphasis_optimality,emphasis_feasibility,heuristics_off,separating_off
neos-876808,separating_off,presolving_off,separating_fast,presolving_fast,heuristics_aggressive,separating_aggressive,emphasis_hardlp,emphasis_feasibility,presolving_aggressive,heuristics_off,heuristics_fast,emphasis_optimality,emphasis_easycip,default
neos-1120495,separating_fast,presolving_aggressive,emphasis_easycip,separating_off,presolving_fast,emphasis_hardlp,heuristics_fast,separating_aggressive,heuristics_aggressive,default,heuristics_off,presolving_off,emphasis_feasibility,emphasis_optimality
neos-956971,presolving_off,separating_off,presolving_fast,separating_fast,emphasis_feasibility,heuristics_aggressive,presolving_aggressive,default,separating_aggressive,emphasis_hardlp,emphasis_easycip,heuristics_fast,emphasis_optimality,heuristics_off
r80x800,presolving_fast,separating_fast,default,heuristics_aggressive,presolving_aggressive,separating_aggressive,emphasis_hardlp,separating_off,presolving_off,emphasis_feasibility,emphasis_easycip,heuristics_fast,emphasis_optimality,heuristics_off
neos-1456979,separating_off,separating_fast,presolving_aggressive,presolving_fast,emphasis_feasibility,heuristics_aggressive,emphasis_easycip,default,separating_aggressive,presolving_off,heuristics_fast,emphasis_hardlp,emphasis_optimality,heuristics_off
ns2137859,separating_off,separating_fast,default,emphasis_feasibility,presolving_fast,presolving_aggressive,heuristics_aggressive,emphasis_hardlp,separating_aggressive,heuristics_fast,emphasis_easycip,presolving_off,emphasis_optimality,heuristics_off
neos-1337489,separating_off,separating_fast,default,emphasis_feasibility,presolving_fast,presolving_aggressive,separating_aggressive,heuristics_aggressive,presolving_off,emphasis_optimality,emphasis_hardlp,heuristics_fast,emphasis_easycip,heuristics_off
neos-548251,separating_off,separating_fast,presolving_fast,presolving_aggressive,default,separating_aggressive,presolving_off,heuristics_aggressive,heuristics_fast,emphasis_hardlp,emphasis_feasibility,emphasis_easycip,heuristics_off,emphasis_optimality
neos-619167,separating_off,separating_fast,heuristics_fast,separating_aggressive,presolving_fast,default,heuristics_off,heuristics_aggressive,emphasis_optimality,emphasis_hardlp,presolving_off,presolving_aggressive,emphasis_feasibility,emphasis_easycip
neos-1223462,emphasis_feasibility,presolving_fast,separating_fast,separating_off,presolving_off,heuristics_aggressive,emphasis_hardlp,separating_aggressive,presolving_aggressive,default,emphasis_easycip,heuristics_off,heuristics_fast,emphasis_optimality
opm2-z12-s14,separating_off,separating_fast,presolving_off,presolving_fast,separating_aggressive,presolving_aggressive,emphasis_hardlp,default,heuristics_fast,heuristics_aggressive,emphasis_feasibility,emphasis_easycip,heuristics_off,emphasis_optimality
neos-941782,separating_fast,separating_aggressive,default,presolving_fast,presolving_aggressive,emphasis_hardlp,separating_off,heuristics_aggressive,emphasis_feasibility,presolving_off,heuristics_fast,emphasis_easycip,heuristics_off,emphasis_optimality
pigeon-10,separating_off,separating_fast,emphasis_hardlp,presolving_fast,presolving_aggressive,emphasis_feasibility,default,separating_aggressive,heuristics_aggressive,emphasis_easycip,presolving_off,heuristics_fast,heuristics_off,emphasis_optimality
neos-612143,presolving_fast,presolving_off,separating_fast,presolving_aggressive,emphasis_hardlp,default,heuristics_aggressive,separating_aggressive,emphasis_easycip,separating_off,heuristics_fast,emphasis_feasibility,emphasis_optimality,heuristics_off
neos-480878,heuristics_fast,presolving_fast,default,emphasis_hardlp,separating_fast,separating_aggressive,presolving_aggressive,separating_off,presolving_off,heuristics_aggressive,emphasis_easycip,heuristics_off,emphasis_optimality,emphasis_feasibility
neos-1480121,presolving_fast,separating_fast,default,heuristics_fast,emphasis_hardlp,presolving_aggressive,separating_off,emphasis_easycip,separating_aggressive,heuristics_aggressive,emphasis_feasibility,presolving_off,heuristics_off,emphasis_optimality
