neos-1516309,presolving_fast,default,heuristics_aggressive,presolving_off,emphasis_feasibility,separating_fast,presolving_aggressive,separating_aggressive,emphasis_easycip,separating_off,emphasis_hardlp,heuristics_fast,emphasis_optimality,heuristics_off
neos-1109824,separating_fast,separating_off,presolving_fast,emphasis_hardlp,emphasis_easycip,separating_aggressive,heuristics_aggressive,presolving_off,presolving_aggressive,default,heuristics_fast,emphasis_feasibility,heuristics_off,emphasis_optimality
misc07,emphasis_feasibility,default,presolving_aggressive,separating_off,separating_fast,presolving_fast,heuristics_aggressive,emphasis_easycip,heuristics_fast,emphasis_hardlp,separating_aggressive,presolving_off,heuristics_off,emphasis_optimality
siena1,presolving_aggressive,separating_fast,presolving_fast,presolving_off,default,heuristics_aggressive,separating_off,emphasis_feasibility,separating_aggressive,heuristics_fast,emphasis_optimality,emphasis_hardlp,emphasis_easycip,heuristics_off
t1717,emphasis_feasibility,heuristics_aggressive,separating_fast,default,separating_off,separating_aggressive,presolving_aggressive,emphasis_optimality,presolving_fast,presolving_off,heuristics_fast,heuristics_off,emphasis_hardlp,emphasis_easycip
hanoi5,separating_off,separating_aggressive,presolving_aggressive,separating_fast,default,heuristics_fast,heuristics_aggressive,presolving_off,presolving_fast,heuristics_off,emphasis_optimality,emphasis_feasibility,emphasis_easycip,emphasis_hardlp
haprp,default,presolving_off,separating_fast,separating_aggressive,emphasis_optimality,presolving_aggressive,heuristics_fast,heuristics_aggressive,presolving_fast,heuristics_off,emphasis_feasibility,emphasis_easycip,separating_off,emphasis_hardlp
noswot,default,presolving_aggressive,emphasis_feasibility,heuristics_aggressive,presolving_fast,separating_fast,heuristics_fast,emphasis_hardlp,separating_off,emphasis_easycip,separating_aggressive,heuristics_off,presolving_off,emphasis_optimality
neos-738098,separating_off,separating_fast,presolving_fast,separating_aggressive,heuristics_aggressive,presolving_off,emphasis_feasibility,presolving_aggressive,heuristics_fast,emphasis_hardlp,emphasis_easycip,heuristics_off,emphasis_optimality,default
stein45,presolving_fast,default,presolving_off,separating_fast,emphasis_hardlp,emphasis_easycip,heuristics_fast,separating_off,presolving_aggressive,heuristics_aggressive,emphasis_feasibility,separating_aggressive,emphasis_optimality,heuristics_off
neos-808072,presolving_fast,emphasis_feasibility,separating_fast,heuristics_aggressive,separating_off,default,separating_aggressive,presolving_aggressive,presolving_off,emphasis_hardlp,heuristics_fast,emphasis_easycip,heuristics_off,emphasis_optimality
Test3,emphasis_feasibility,heuristics_aggressive,separating_fast,default,separating_aggressive,separating_off,presolving_aggressive,heuristics_fast,emphasis_hardlp,presolving_fast,emphasis_optimality,emphasis_easycip,presolving_off,heuristics_off
neos-595904,emphasis_feasibility,presolving_aggressive,heuristics_aggressive,emphasis_hardlp,separating_fast,emphasis_easycip,heuristics_fast,emphasis_optimality,presolving_fast,default,presolving_off,separating_off,heuristics_off,separating_aggressive
neos-538916,presolving_fast,separating_fast,presolving_aggressive,emphasis_hardlp,separating_aggressive,heuristics_aggressive,emphasis_easycip,heuristics_fast,presolving_off,default,heuristics_off,emphasis_feasibility,separating_off,emphasis_optimality
ic97_potential,heuristics_fast,separating_aggressive,emphasis_easycip,default,separating_fast,emphasis_hardlp,presolving_aggressive,presolving_fast,heuristics_aggressive,heuristics_off,separating_off,emphasis_feasibility,presolving_off,emphasis_optimality
transportmoment,heuristics_aggressive,presolving_off,presolving_fast,separating_aggressive,emphasis_hardlp,presolving_aggressive,emphasis_feasibility,separating_fast,default,heuristics_fast,emphasis_optimality,emphasis_easycip,separating_off,heuristics_off
egout,default,separating_fast,presolving_fast,presolving_aggressive,heuristics_fast,heuristics_aggressive,emphasis_hardlp,separating_aggressive,emphasis_easycip,heuristics_off,emphasis_optimality,emphasis_feasibility,presolving_off,separating_off
iis-bupa-cov,separating_off,presolving_fast,presolving_off,default,separating_fast,heuristics_fast,heuristics_aggressive,presolving_aggressive,emphasis_easycip,emphasis_feasibility,separating_aggressive,emphasis_hardlp,emphasis_optimality,heuristics_off
liu,separating_fast,separating_off,presolving_fast,presolving_aggressive,separating_aggressive,emphasis_feasibility,heuristics_fast,presolving_off,heuristics_aggressive,emphasis_hardlp,emphasis_easycip,default,emphasis_optimality,heuristics_off
bc1,presolving_off,emphasis_optimality,separating_aggressive,heuristics_aggressive,emphasis_feasibility,presolving_aggressive,presolving_fast,default,emphasis_hardlp,separating_off,heuristics_fast,separating_fast,emphasis_easycip,heuristics_off
neos-1053591,presolving_fast,emphasis_hardlp,presolving_off,default,separating_fast,separating_off,presolving_aggressive,separating_aggressive,heuristics_fast,emphasis_feasibility,emphasis_easycip,heuristics_aggressive,emphasis_optimality,heuristics_off
enigma,emphasis_hardlp,presolving_fast,separating_fast,default,presolving_off,presolving_aggressive,emphasis_feasibility,heuristics_aggressive,emphasis_easycip,separating_off,heuristics_fast,separating_aggressive,heuristics_off,emphasis_optimality
germanrr,emphasis_feasibility,presolving_aggressive,heuristics_aggressive,separating_fast,default,separating_aggressive,emphasis_optimality,presolving_fast,heuristics_fast,separating_off,emphasis_hardlp,emphasis_easycip,presolving_off,heuristics_off
neos-1126860,presolving_off,presolving_fast,emphasis_hardlp,emphasis_easycip,default,heuristics_fast,separating_off,separating_fast,presolving_aggressive,separating_aggressive,emphasis_optimality,heuristics_off,heuristics_aggressive,emphasis_feasibility
leo1,emphasis_feasibility,heuristics_aggressive,presolving_aggressive,default,separating_fast,separating_aggressive,emphasis_optimality,separating_off,presolving_fast,heuristics_fast,emphasis_easycip,presolving_off,emphasis_hardlp,heuristics_off
set1ch,default,presolving_fast,heuristics_aggressive,emphasis_hardlp,presolving_aggressive,separating_aggressive,emphasis_feasibility,separating_fast,presolving_off,emphasis_easycip,heuristics_fast,emphasis_optimality,separating_off,heuristics_off
dsbmip,separating_off,separating_fast,presolving_fast,presolving_aggressive,default,separating_aggressive,presolving_off,heuristics_fast,heuristics_aggressive,emphasis_optimality,emphasis_hardlp,emphasis_feasibility,emphasis_easycip,heuristics_off
ex9,emphasis_optimality,separating_aggressive,heuristics_off,heuristics_fast,default,separating_fast,separating_off,emphasis_feasibility,heuristics_aggressive,presolving_aggressive,emphasis_easycip,emphasis_hardlp,presolving_off,presolving_fast
neos-916792,separating_off,separating_fast,presolving_fast,emphasis_hardlp,emphasis_easycip,default,heuristics_fast,presolving_aggressive,separating_aggressive,heuristics_aggressive,heuristics_off,emphasis_feasibility,presolving_off,emphasis_optimality
neos-931538,presolving_fast,emphasis_feasibility,default,presolving_aggressive,heuristics_aggressive,separating_off,separating_fast,separating_aggressive,presolving_off,emphasis_optimality,heuristics_fast,emphasis_hardlp,emphasis_easycip,heuristics_off
leo2,emphasis_feasibility,heuristics_aggressive,separating_fast,presolving_aggressive,default,separating_aggressive,emphasis_optimality,separating_off,presolving_fast,heuristics_fast,presolving_off,emphasis_hardlp,emphasis_easycip,heuristics_off
neos-1460265,emphasis_feasibility,heuristics_aggressive,presolving_fast,separating_aggressive,separating_off,separating_fast,default,presolving_off,presolving_aggressive,emphasis_optimality,emphasis_hardlp,heuristics_fast,emphasis_easycip,heuristics_off
23588,presolving_aggressive,heuristics_off,heuristics_fast,separating_off,separating_fast,default,emphasis_hardlp,emphasis_feasibility,presolving_off,heuristics_aggressive,separating_aggressive,emphasis_easycip,emphasis_optimality,presolving_fast
p0033,default,emphasis_hardlp,emphasis_easycip,separating_fast,heuristics_fast,separating_off,presolving_aggressive,presolving_fast,heuristics_aggressive,separating_aggressive,presolving_off,heuristics_off,emphasis_feasibility,emphasis_optimality
rmatr200-p20,presolving_off,presolving_fast,emphasis_hardlp,emphasis_feasibility,separating_off,heuristics_aggressive,separating_fast,presolving_aggressive,default,separating_aggressive,emphasis_easycip,heuristics_fast,emphasis_optimality,heuristics_off
ns60-pr3,presolving_off,presolving_fast,separating_off,separating_fast,presolving_aggressive,heuristics_fast,heuristics_aggressive,default,separating_aggressive,emphasis_hardlp,emphasis_easycip,emphasis_feasibility,emphasis_optimality,heuristics_off
neos-1215891,heuristics_aggressive,separating_fast,presolving_off,emphasis_feasibility,presolving_fast,default,separating_off,separating_aggressive,emphasis_hardlp,presolving_aggressive,heuristics_fast,emphasis_easycip,emphasis_optimality,heuristics_off
neos-593853,presolving_off,presolving_fast,separating_aggressive,default,separating_fast,presolving_aggressive,heuristics_aggressive,separating_off,heuristics_fast,emphasis_easycip,emphasis_optimality,emphasis_hardlp,heuristics_off,emphasis_feasibility
neos-806323,separating_off,separating_fast,presolving_aggressive,separating_aggressive,default,heuristics_aggressive,presolving_fast,heuristics_fast,emphasis_feasibility,presolving_off,emphasis_optimality,emphasis_hardlp,heuristics_off,emphasis_easycip
neos-1096528,separating_fast,separating_off,presolving_fast,separating_aggressive,emphasis_hardlp,emphasis_easycip,presolving_aggressive,heuristics_fast,heuristics_aggressive,emphasis_feasibility,presolving_off,default,heuristics_off,emphasis_optimality
reblock67,presolving_fast,emphasis_hardlp,separating_fast,presolving_off,separating_off,default,emphasis_easycip,heuristics_aggressive,heuristics_fast,separating_aggressive,presolving_aggressive,emphasis_feasibility,emphasis_optimality,heuristics_off
sct1,emphasis_feasibility,heuristics_aggressive,separating_fast,default,presolving_aggressive,separating_off,separating_aggressive,presolving_fast,heuristics_fast,emphasis_optimality,emphasis_hardlp,emphasis_easycip,presolving_off,heuristics_off
neos-565815,presolving_fast,emphasis_hardlp,emphasis_feasibility,separating_off,separating_fast,presolving_off,heuristics_aggressive,default,separating_aggressive,emphasis_easycip,presolving_aggressive,heuristics_fast,emphasis_optimality,heuristics_off
neos6,heuristics_aggressive,presolving_aggressive,default,separating_fast,separating_aggressive,presolving_fast,presolving_off,emphasis_feasibility,separating_off,emphasis_optimality,heuristics_fast,emphasis_easycip,emphasis_hardlp,heuristics_off
aligninq,emphasis_easycip,separating_fast,separating_off,presolving_off,presolving_fast,separating_aggressive,heuristics_fast,emphasis_hardlp,emphasis_optimality,presolving_aggressive,heuristics_off,heuristics_aggressive,emphasis_feasibility,default
neos-544324,separating_fast,separating_aggressive,presolving_aggressive,default,presolving_fast,heuristics_fast,heuristics_aggressive,separating_off,emphasis_hardlp,emphasis_easycip,heuristics_off,presolving_off,emphasis_optimality,emphasis_feasibility
maxgasflow,heuristics_aggressive,emphasis_feasibility,presolving_off,presolving_fast,emphasis_hardlp,separating_fast,presolving_aggressive,separating_aggressive,default,heuristics_fast,emphasis_optimality,separating_off,emphasis_easycip,heuristics_off
neos-611838,presolving_off,presolving_fast,separating_fast,default,presolving_aggressive,emphasis_hardlp,heuristics_aggressive,separating_off,separating_aggressive,emphasis_easycip,emphasis_feasibility,heuristics_fast,emphasis_optimality,heuristics_off
neos-631164,emphasis_feasibility,presolving_off,presolving_aggressive,separating_off,presolving_fast,heuristics_aggressive,separating_aggressive,default,separating_fast,emphasis_optimality,emphasis_hardlp,emphasis_easycip,heuristics_fast,heuristics_off
nb10tb,separating_off,presolving_off,presolving_fast,separating_fast,presolving_aggressive,heuristics_aggressive,emphasis_hardlp,emphasis_feasibility,default,separating_aggressive,heuristics_fast,emphasis_easycip,emphasis_optimality,heuristics_off
markshare1,separating_fast,separating_aggressive,separating_off,presolving_off,presolving_fast,presolving_aggressive,heuristics_off,heuristics_fast,heuristics_aggressive,emphasis_optimality,emphasis_hardlp,emphasis_feasibility,emphasis_easycip,default
m100n500k4r1,default,presolving_fast,separating_fast,emphasis_hardlp,emphasis_feasibility,heuristics_aggressive,separating_off,presolving_off,emphasis_easycip,heuristics_fast,separating_aggressive,presolving_aggressive,emphasis_optimality,heuristics_off
neos-1208135,separating_fast,presolving_aggressive,separating_off,presolving_fast,separating_aggressive,heuristics_aggressive,presolving_off,heuristics_fast,emphasis_feasibility,default,heuristics_off,emphasis_optimality,emphasis_hardlp,emphasis_easycip
neos-1597104,separating_off,separating_fast,presolving_fast,separating_aggressive,emphasis_easycip,presolving_off,heuristics_fast,presolving_aggressive,emphasis_hardlp,heuristics_aggressive,emphasis_feasibility,default,heuristics_off,emphasis_optimality
ns25-pr3,presolving_off,presolving_fast,separating_off,separating_fast,presolving_aggressive,heuristics_fast,heuristics_aggressive,default,separating_aggressive,emphasis_hardlp,emphasis_easycip,emphasis_feasibility,emphasis_optimality,heuristics_off
neos-934531,emphasis_feasibility,separating_fast,heuristics_aggressive,separating_aggressive,default,separating_off,presolving_fast,heuristics_fast,emphasis_optimality,presolving_aggressive,emphasis_hardlp,emphasis_easycip,heuristics_off,presolving_off
neos-1311124,separating_off,separating_fast,emphasis_feasibility,presolving_fast,default,presolving_aggressive,separating_aggressive,heuristics_aggressive,presolving_off,emphasis_optimality,heuristics_fast,emphasis_hardlp,emphasis_easycip,heuristics_off
neos-848845,emphasis_feasibility,separating_fast,presolving_fast,heuristics_aggressive,default,presolving_aggressive,emphasis_hardlp,separating_off,separating_aggressive,presolving_off,emphasis_easycip,heuristics_fast,heuristics_off,emphasis_optimality
rococoC11-011100,presolving_fast,presolving_aggressive,heuristics_aggressive,separating_fast,default,separating_off,separating_aggressive,emphasis_optimality,emphasis_feasibility,presolving_off,heuristics_fast,emphasis_hardlp,emphasis_easycip,heuristics_off
neos-709469,emphasis_hardlp,heuristics_fast,emphasis_easycip,separating_off,presolving_fast,default,emphasis_feasibility,separating_fast,separating_aggressive,heuristics_off,heuristics_aggressive,emphasis_optimality,presolving_aggressive,presolving_off
neos15,heuristics_aggressive,emphasis_hardlp,emphasis_feasibility,presolving_aggressive,default,presolving_off,presolving_fast,separating_aggressive,heuristics_fast,emphasis_easycip,separating_fast,separating_off,emphasis_optimality,heuristics_off
