rail03,separating_off,separating_fast,presolving_fast,separating_aggressive,presolving_aggressive,presolving_off,heuristics_aggressive,heuristics_off,heuristics_fast,emphasis_feasibility,emphasis_optimality,emphasis_hardlp,default,emphasis_easycip
roll3000,default,separating_fast,heuristics_aggressive,presolving_fast,presolving_aggressive,separating_off,emphasis_feasibility,presolving_off,separating_aggressive,heuristics_fast,emphasis_optimality,emphasis_easycip,emphasis_hardlp,heuristics_off
neos-933815,presolving_fast,presolving_aggressive,default,separating_aggressive,separating_fast,heuristics_aggressive,presolving_off,emphasis_optimality,emphasis_hardlp,emphasis_feasibility,separating_off,heuristics_fast,emphasis_easycip,heuristics_off
neos-860244,presolving_off,presolving_fast,default,emphasis_easycip,emphasis_hardlp,separating_off,separating_fast,heuristics_off,heuristics_fast,emphasis_feasibility,separating_aggressive,heuristics_aggressive,emphasis_optimality,presolving_aggressive
neos-934531,emphasis_feasibility,separating_off,separating_fast,separating_aggressive,heuristics_fast,presolving_fast,heuristics_aggressive,presolving_aggressive,heuristics_off,emphasis_optimality,default,emphasis_hardlp,emphasis_easycip,presolving_off
fast0507,separating_fast,separating_off,default,presolving_off,presolving_aggressive,emphasis_feasibility,presolving_fast,separating_aggressive,heuristics_aggressive,emphasis_optimality,heuristics_fast,heuristics_off,emphasis_hardlp,emphasis_easycip
berlin_5_8_0,presolving_aggressive,separating_fast,separating_aggressive,presolving_fast,presolving_off,default,separating_off,emphasis_feasibility,heuristics_aggressive,heuristics_fast,emphasis_easycip,emphasis_hardlp,emphasis_optimality,heuristics_off
neos-934278,default,presolving_fast,separating_fast,heuristics_aggressive,emphasis_feasibility,separating_off,presolving_aggressive,presolving_off,separating_aggressive,emphasis_hardlp,heuristics_fast,emphasis_easycip,emphasis_optimality,heuristics_off
23588,heuristics_off,separating_off,presolving_aggressive,separating_fast,presolving_off,presolving_fast,heuristics_fast,emphasis_hardlp,emphasis_feasibility,emphasis_easycip,default,emphasis_optimality,separating_aggressive,heuristics_aggressive
neos-655508,presolving_fast,separating_off,separating_fast,default,heuristics_aggressive,presolving_aggressive,separating_aggressive,presolving_off,emphasis_hardlp,emphasis_feasibility,heuristics_fast,emphasis_optimality,emphasis_easycip,heuristics_off
triptim3,separating_off,separating_fast,presolving_off,presolving_fast,separating_aggressive,presolving_aggressive,heuristics_aggressive,emphasis_easycip,heuristics_off,heuristics_fast,emphasis_hardlp,default,emphasis_feasibility,emphasis_optimality
neos-956971,presolving_off,separating_off,separating_fast,presolving_fast,emphasis_feasibility,heuristics_aggressive,presolving_aggressive,default,separating_aggressive,emphasis_hardlp,emphasis_easycip,emphasis_optimality,heuristics_fast,heuristics_off
p0201,emphasis_hardlp,default,emphasis_easycip,presolving_fast,separating_fast,heuristics_fast,separating_off,presolving_aggressive,heuristics_aggressive,presolving_off,emphasis_feasibility,heuristics_off,separating_aggressive,emphasis_optimality
ns1631475,separating_off,separating_fast,separating_aggressive,presolving_fast,emphasis_feasibility,presolving_off,presolving_aggressive,heuristics_aggressive,default,heuristics_fast,emphasis_hardlp,heuristics_off,emphasis_optimality,emphasis_easycip
neos-1396125,presolving_fast,separating_fast,presolving_off,default,separating_off,presolving_aggressive,separating_aggressive,heuristics_aggressive,emphasis_hardlp,emphasis_feasibility,emphasis_easycip,heuristics_fast,emphasis_optimality,heuristics_off
roy,default,presolving_fast,separating_fast,emphasis_hardlp,heuristics_aggressive,emphasis_feasibility,separating_off,presolving_aggressive,presolving_off,heuristics_fast,emphasis_easycip,emphasis_optimality,heuristics_off,separating_aggressive
tanglegram1,separating_off,separating_fast,presolving_fast,presolving_aggressive,presolving_off,separating_aggressive,heuristics_aggressive,emphasis_feasibility,emphasis_hardlp,heuristics_fast,emphasis_easycip,default,heuristics_off,emphasis_optimality
triptim1,presolving_off,separating_off,separating_fast,presolving_fast,separating_aggressive,presolving_aggressive,heuristics_off,heuristics_aggressive,heuristics_fast,emphasis_hardlp,emphasis_easycip,default,emphasis_feasibility,emphasis_optimality
neos-494568,presolving_off,presolving_fast,heuristics_aggressive,separating_fast,default,presolving_aggressive,emphasis_feasibility,separating_aggressive,separating_off,emphasis_hardlp,emphasis_easycip,heuristics_fast,emphasis_optimality,heuristics_off
neos-570431,presolving_aggressive,default,presolving_fast,separating_fast,separating_aggressive,heuristics_fast,separating_off,heuristics_aggressive,emphasis_feasibility,heuristics_off,emphasis_hardlp,emphasis_easycip,presolving_off,emphasis_optimality
ns1208400,separating_fast,presolving_fast,presolving_aggressive,default,heuristics_aggressive,separating_off,heuristics_fast,separating_aggressive,emphasis_feasibility,emphasis_easycip,presolving_off,emphasis_hardlp,heuristics_off,emphasis_optimality
neos-1415183,presolving_fast,heuristics_aggressive,separating_fast,separating_off,emphasis_feasibility,presolving_aggressive,default,separating_aggressive,presolving_off,heuristics_fast,emphasis_hardlp,emphasis_easycip,heuristics_off,emphasis_optimality
uct-subprob,emphasis_hardlp,default,separating_off,separating_fast,heuristics_aggressive,presolving_fast,emphasis_easycip,heuristics_fast,presolving_aggressive,emphasis_feasibility,presolving_off,heuristics_off,emphasis_optimality,separating_aggressive
neos-826694,separating_off,separating_fast,presolving_fast,presolving_aggressive,heuristics_aggressive,emphasis_feasibility,separating_aggressive,default,presolving_off,heuristics_fast,emphasis_optimality,emphasis_hardlp,emphasis_easycip,heuristics_off
neos-935348,presolving_fast,separating_off,presolving_off,separating_fast,default,presolving_aggressive,separating_aggressive,emphasis_feasibility,heuristics_aggressive,emphasis_hardlp,emphasis_easycip,emphasis_optimality,heuristics_fast,heuristics_off
ns4-pr9,separating_fast,presolving_off,presolving_fast,separating_off,presolving_aggressive,heuristics_aggressive,default,heuristics_fast,separating_aggressive,emphasis_hardlp,emphasis_easycip,emphasis_feasibility,emphasis_optimality,heuristics_off
n4-3,presolving_fast,separating_fast,default,presolving_off,heuristics_aggressive,presolving_aggressive,heuristics_fast,separating_off,separating_aggressive,emphasis_hardlp,emphasis_easycip,emphasis_feasibility,emphasis_optimality,heuristics_off
ns894236,separating_aggressive,separating_off,separating_fast,presolving_fast,presolving_aggressive,heuristics_aggressive,emphasis_feasibility,default,heuristics_off,heuristics_fast,emphasis_optimality,presolving_off,emphasis_hardlp,emphasis_easycip
neos-1439395,separating_off,separating_fast,presolving_fast,default,emphasis_feasibility,presolving_aggressive,separating_aggressive,heuristics_aggressive,emphasis_optimality,presolving_off,emphasis_hardlp,heuristics_fast,emphasis_easycip,heuristics_off
neos-1423785,separating_fast,presolving_fast,presolving_aggressive,heuristics_aggressive,separating_off,default,separating_aggressive,presolving_off,heuristics_fast,emphasis_feasibility,emphasis_hardlp,emphasis_easycip,emphasis_optimality,heuristics_off
neos-912015,separating_fast,presolving_aggressive,presolving_fast,heuristics_fast,heuristics_aggressive,emphasis_hardlp,default,separating_aggressive,emphasis_feasibility,emphasis_easycip,separating_off,heuristics_off,presolving_off,emphasis_optimality
neos-631517,presolving_fast,presolving_aggressive,default,heuristics_aggressive,separating_fast,separating_aggressive,presolving_off,emphasis_feasibility,emphasis_optimality,separating_off,emphasis_hardlp,emphasis_easycip,heuristics_fast,heuristics_off
iis-pima-cov,separating_off,presolving_off,presolving_fast,separating_fast,heuristics_fast,default,emphasis_easycip,presolving_aggressive,heuristics_aggressive,emphasis_hardlp,separating_aggressive,emphasis_feasibility,emphasis_optimality,heuristics_off
mining,presolving_fast,presolving_off,emphasis_feasibility,separating_off,heuristics_aggressive,emphasis_hardlp,separating_fast,presolving_aggressive,heuristics_fast,emphasis_easycip,heuristics_off,separating_aggressive,default,emphasis_optimality
nsr8k,presolving_off,presolving_fast,presolving_aggressive,heuristics_aggressive,default,separating_fast,emphasis_feasibility,heuristics_fast,emphasis_hardlp,separating_off,separating_aggressive,emphasis_easycip,emphasis_optimality,heuristics_off
bab3,emphasis_hardlp,emphasis_feasibility,separating_off,presolving_aggressive,heuristics_fast,heuristics_aggressive,presolving_off,presolving_fast,emphasis_easycip,separating_fast,heuristics_off,default,separating_aggressive,emphasis_optimality
opm2-z12-s7,separating_off,presolving_off,presolving_fast,separating_fast,emphasis_hardlp,presolving_aggressive,heuristics_fast,emphasis_feasibility,emphasis_easycip,heuristics_aggressive,separating_aggressive,default,heuristics_off,emphasis_optimality
neos-1516309,separating_fast,presolving_off,presolving_fast,default,heuristics_aggressive,emphasis_feasibility,presolving_aggressive,separating_aggressive,emphasis_hardlp,emphasis_easycip,heuristics_fast,separating_off,emphasis_optimality,heuristics_off
rlp1,presolving_aggressive,separating_off,presolving_fast,separating_fast,separating_aggressive,presolving_off,default,emphasis_feasibility,heuristics_aggressive,emphasis_optimality,emphasis_hardlp,emphasis_easycip,heuristics_off,heuristics_fast
ns1456591,presolving_fast,default,presolving_aggressive,presolving_off,heuristics_aggressive,separating_aggressive,separating_fast,heuristics_fast,emphasis_optimality,separating_off,emphasis_hardlp,emphasis_easycip,emphasis_feasibility,heuristics_off
prod1,separating_off,separating_fast,presolving_aggressive,emphasis_hardlp,emphasis_easycip,presolving_fast,heuristics_fast,presolving_off,default,separating_aggressive,heuristics_off,heuristics_aggressive,emphasis_optimality,emphasis_feasibility
22433,separating_off,heuristics_off,emphasis_hardlp,emphasis_easycip,separating_fast,presolving_aggressive,heuristics_fast,presolving_off,presolving_fast,emphasis_optimality,default,separating_aggressive,emphasis_feasibility,heuristics_aggressive
siena1,presolving_off,separating_fast,presolving_fast,presolving_aggressive,heuristics_aggressive,default,separating_off,emphasis_feasibility,separating_aggressive,heuristics_fast,emphasis_optimality,emphasis_hardlp,emphasis_easycip,heuristics_off
neos-1445755,separating_off,separating_fast,heuristics_fast,emphasis_feasibility,default,heuristics_aggressive,separating_aggressive,heuristics_off,emphasis_optimality,presolving_off,presolving_fast,emphasis_easycip,emphasis_hardlp,presolving_aggressive
cov1075,presolving_off,heuristics_fast,emphasis_easycip,default,presolving_fast,separating_fast,emphasis_hardlp,separating_off,presolving_aggressive,heuristics_aggressive,separating_aggressive,emphasis_feasibility,heuristics_off,emphasis_optimality
atlanta-ip,separating_fast,presolving_off,separating_off,presolving_fast,presolving_aggressive,heuristics_aggressive,separating_aggressive,emphasis_hardlp,emphasis_feasibility,emphasis_easycip,heuristics_fast,default,emphasis_optimality,heuristics_off
ns1830653,separating_off,separating_fast,emphasis_feasibility,heuristics_aggressive,default,separating_aggressive,emphasis_hardlp,presolving_fast,presolving_aggressive,heuristics_fast,presolving_off,emphasis_easycip,heuristics_off,emphasis_optimality
neos-574665,heuristics_aggressive,presolving_aggressive,heuristics_fast,emphasis_feasibility,default,separating_fast,presolving_off,presolving_fast,emphasis_easycip,separating_off,separating_aggressive,emphasis_optimality,heuristics_off,emphasis_hardlp
dg012142,default,heuristics_aggressive,emphasis_feasibility,emphasis_hardlp,separating_fast,presolving_aggressive,heuristics_fast,separating_aggressive,presolving_fast,emphasis_easycip,presolving_off,emphasis_optimality,separating_off,heuristics_off
satellites3-40-fs,separating_off,separating_fast,emphasis_feasibility,presolving_off,presolving_fast,separating_aggressive,heuristics_aggressive,presolving_aggressive,emphasis_hardlp,heuristics_off,heuristics_fast,emphasis_easycip,default,emphasis_optimality
gesa3,default,heuristics_aggressive,separating_off,separating_fast,emphasis_feasibility,presolving_fast,presolving_aggressive,presolving_off,emphasis_hardlp,separating_aggressive,heuristics_fast,emphasis_easycip,emphasis_optimality,heuristics_off
neos-1208069,separating_fast,presolving_aggressive,separating_off,presolving_fast,separating_aggressive,heuristics_aggressive,presolving_off,emphasis_feasibility,default,heuristics_fast,heuristics_off,emphasis_easycip,emphasis_optimality,emphasis_hardlp
mik-250-1-100-1,presolving_fast,separating_fast,presolving_off,default,presolving_aggressive,separating_aggressive,emphasis_optimality,separating_off,emphasis_feasibility,heuristics_aggressive,emphasis_hardlp,emphasis_easycip,heuristics_off,heuristics_fast
neos-1480121,presolving_aggressive,separating_fast,presolving_fast,default,separating_off,heuristics_fast,emphasis_hardlp,emphasis_easycip,separating_aggressive,heuristics_aggressive,emphasis_feasibility,presolving_off,heuristics_off,emphasis_optimality
neos-1460246,presolving_off,presolving_fast,emphasis_feasibility,heuristics_aggressive,separating_fast,default,separating_off,separating_aggressive,presolving_aggressive,emphasis_hardlp,emphasis_easycip,emphasis_optimality,heuristics_fast,heuristics_off
mas76,separating_fast,presolving_fast,presolving_aggressive,default,presolving_off,heuristics_fast,emphasis_easycip,separating_aggressive,heuristics_aggressive,emphasis_hardlp,separating_off,emphasis_optimality,heuristics_off,emphasis_feasibility
neos-933550,separating_fast,separating_aggressive,heuristics_fast,emphasis_optimality,default,separating_off,presolving_aggressive,heuristics_off,heuristics_aggressive,presolving_fast,emphasis_feasibility,emphasis_hardlp,emphasis_easycip,presolving_off
nug08,separating_fast,emphasis_hardlp,separating_off,presolving_fast,emphasis_easycip,presolving_off,emphasis_feasibility,presolving_aggressive,default,separating_aggressive,heuristics_aggressive,heuristics_fast,heuristics_off,emphasis_optimality
rococoC11-011100,separating_fast,presolving_aggressive,heuristics_aggressive,separating_aggressive,presolving_fast,emphasis_optimality,default,separating_off,emphasis_feasibility,presolving_off,heuristics_fast,emphasis_hardlp,emphasis_easycip,heuristics_off
t1722,separating_fast,emphasis_feasibility,default,separating_off,separating_aggressive,presolving_fast,presolving_aggressive,emphasis_optimality,heuristics_off,heuristics_aggressive,presolving_off,heuristics_fast,emphasis_hardlp,emphasis_easycip
neos-555927,separating_fast,separating_off,presolving_fast,emphasis_feasibility,presolving_off,heuristics_aggressive,separating_aggressive,presolving_aggressive,emphasis_hardlp,emphasis_easycip,default,heuristics_fast,heuristics_off,emphasis_optimality
