neos-785899,presolving_fast,presolving_off,separating_fast,emphasis_easycip,separating_off,presolving_aggressive,heuristics_fast,emphasis_hardlp,default,heuristics_aggressive,emphasis_feasibility,separating_aggressive,heuristics_off,emphasis_optimality
satellites2-60,separating_off,presolving_fast,separating_fast,separating_aggressive,presolving_off,presolving_aggressive,emphasis_feasibility,heuristics_off,heuristics_fast,heuristics_aggressive,emphasis_hardlp,emphasis_optimality,default,emphasis_easycip
50v-10,default,separating_off,separating_fast,presolving_aggressive,heuristics_aggressive,emphasis_feasibility,presolving_fast,emphasis_easycip,emphasis_hardlp,separating_aggressive,presolving_off,heuristics_off,heuristics_fast,emphasis_optimality
pg,separating_fast,presolving_fast,heuristics_fast,presolving_off,default,presolving_aggressive,emphasis_hardlp,heuristics_aggressive,separating_aggressive,emphasis_optimality,emphasis_easycip,emphasis_feasibility,separating_off,heuristics_off
neos-1056905,separating_fast,presolving_fast,presolving_aggressive,emphasis_feasibility,separating_off,separating_aggressive,default,heuristics_aggressive,presolving_off,emphasis_hardlp,emphasis_easycip,emphasis_optimality,heuristics_fast,heuristics_off
neos-791021,presolving_fast,separating_off,separating_fast,heuristics_aggressive,separating_aggressive,emphasis_feasibility,presolving_off,default,presolving_aggressive,heuristics_fast,emphasis_hardlp,heuristics_off,emphasis_optimality,emphasis_easycip
csched010,presolving_aggressive,separating_fast,default,presolving_off,emphasis_hardlp,presolving_fast,heuristics_fast,separating_off,heuristics_aggressive,emphasis_feasibility,separating_aggressive,emphasis_easycip,heuristics_off,emphasis_optimality
dolom1,separating_fast,presolving_fast,default,presolving_off,presolving_aggressive,separating_off,emphasis_feasibility,heuristics_aggressive,separating_aggressive,heuristics_fast,emphasis_optimality,emphasis_easycip,emphasis_hardlp,heuristics_off
neos-538867,separating_off,presolving_fast,separating_fast,presolving_aggressive,presolving_off,separating_aggressive,default,emphasis_optimality,emphasis_feasibility,emphasis_easycip,heuristics_aggressive,heuristics_fast,heuristics_off,emphasis_hardlp
bley_xl1,separating_off,separating_fast,presolving_fast,presolving_off,presolving_aggressive,heuristics_aggressive,separating_aggressive,emphasis_feasibility,emphasis_easycip,heuristics_off,emphasis_hardlp,default,heuristics_fast,emphasis_optimality
neos-1616732,presolving_fast,heuristics_fast,separating_off,separating_fast,emphasis_easycip,presolving_aggressive,default,presolving_off,heuristics_aggressive,separating_aggressive,emphasis_hardlp,heuristics_off,emphasis_feasibility,emphasis_optimality
ns1111636,separating_off,separating_fast,presolving_fast,presolving_aggressive,heuristics_aggressive,emphasis_feasibility,default,presolving_off,separating_aggressive,emphasis_optimality,emphasis_hardlp,emphasis_easycip,heuristics_fast,heuristics_off
neos-632335,emphasis_feasibility,heuristics_off,separating_aggressive,separating_fast,emphasis_optimality,heuristics_fast,default,separating_off,heuristics_aggressive,presolving_aggressive,presolving_fast,emphasis_hardlp,emphasis_easycip,presolving_off
r80x800,heuristics_aggressive,presolving_fast,presolving_aggressive,default,separating_aggressive,heuristics_fast,emphasis_optimality,separating_fast,presolving_off,emphasis_hardlp,emphasis_feasibility,emphasis_easycip,heuristics_off,separating_off
lotsize,presolving_fast,separating_fast,presolving_off,presolving_aggressive,separating_off,heuristics_aggressive,default,separating_aggressive,heuristics_fast,emphasis_feasibility,emphasis_optimality,emphasis_hardlp,emphasis_easycip,heuristics_off
tw-myciel4,separating_off,emphasis_hardlp,separating_fast,presolving_fast,presolving_aggressive,heuristics_aggressive,emphasis_feasibility,emphasis_easycip,default,presolving_off,heuristics_off,heuristics_fast,separating_aggressive,emphasis_optimality
neos-881765,emphasis_hardlp,presolving_fast,presolving_aggressive,separating_aggressive,heuristics_fast,separating_off,default,separating_fast,heuristics_off,emphasis_feasibility,emphasis_easycip,heuristics_aggressive,presolving_off,emphasis_optimality
arki001,emphasis_feasibility,separating_fast,separating_aggressive,default,presolving_off,presolving_aggressive,separating_off,heuristics_aggressive,presolving_fast,emphasis_hardlp,heuristics_fast,emphasis_easycip,heuristics_off,emphasis_optimality
harp2,emphasis_feasibility,separating_fast,default,presolving_aggressive,heuristics_aggressive,separating_off,emphasis_hardlp,heuristics_fast,presolving_off,presolving_fast,emphasis_easycip,heuristics_off,separating_aggressive,emphasis_optimality
glass4,separating_off,separating_fast,presolving_fast,presolving_off,emphasis_feasibility,emphasis_hardlp,presolving_aggressive,emphasis_easycip,heuristics_aggressive,default,separating_aggressive,heuristics_off,heuristics_fast,emphasis_optimality
circ10-3,separating_off,separating_fast,presolving_fast,emphasis_hardlp,presolving_off,separating_aggressive,presolving_aggressive,heuristics_fast,heuristics_aggressive,heuristics_off,emphasis_feasibility,emphasis_easycip,default,emphasis_optimality
app1-2,presolving_aggressive,default,separating_aggressive,separating_fast,presolving_fast,heuristics_aggressive,presolving_off,separating_off,heuristics_fast,emphasis_hardlp,emphasis_optimality,emphasis_feasibility,emphasis_easycip,heuristics_off
cap6000,heuristics_aggressive,emphasis_feasibility,separating_fast,default,presolving_fast,presolving_off,presolving_aggressive,separating_aggressive,heuristics_fast,separating_off,emphasis_hardlp,emphasis_easycip,emphasis_optimality,heuristics_off
ns1853823,separating_off,separating_fast,separating_aggressive,presolving_off,presolving_fast,presolving_aggressive,heuristics_off,heuristics_fast,heuristics_aggressive,emphasis_optimality,emphasis_feasibility,emphasis_hardlp,emphasis_easycip,default
tr12-30,presolving_fast,heuristics_aggressive,presolving_aggressive,default,separating_aggressive,separating_fast,presolving_off,emphasis_hardlp,heuristics_fast,emphasis_easycip,emphasis_optimality,emphasis_feasibility,heuristics_off,separating_off
mzzv11,separating_fast,emphasis_feasibility,heuristics_aggressive,heuristics_off,default,separating_off,heuristics_fast,separating_aggressive,presolving_off,presolving_fast,emphasis_easycip,emphasis_optimality,emphasis_hardlp,presolving_aggressive
bab3,separating_fast,separating_off,presolving_fast,presolving_off,separating_aggressive,presolving_aggressive,heuristics_off,heuristics_fast,heuristics_aggressive,emphasis_easycip,emphasis_hardlp,emphasis_optimality,emphasis_feasibility,default
neos-584866,separating_off,presolving_fast,emphasis_hardlp,emphasis_easycip,presolving_aggressive,separating_fast,default,separating_aggressive,presolving_off,heuristics_aggressive,heuristics_fast,emphasis_feasibility,emphasis_optimality,heuristics_off
neos-1311124,separating_off,presolving_off,separating_fast,presolving_fast,emphasis_feasibility,default,separating_aggressive,heuristics_aggressive,presolving_aggressive,emphasis_optimality,emphasis_hardlp,heuristics_fast,emphasis_easycip,heuristics_off
noswot,separating_off,separating_fast,default,presolving_fast,emphasis_feasibility,presolving_aggressive,separating_aggressive,presolving_off,emphasis_hardlp,heuristics_fast,heuristics_aggressive,heuristics_off,emphasis_optimality,emphasis_easycip
protfold,separating_fast,presolving_fast,heuristics_aggressive,presolving_aggressive,default,emphasis_feasibility,separating_off,presolving_off,emphasis_hardlp,emphasis_easycip,separating_aggressive,heuristics_fast,heuristics_off,emphasis_optimality
timtab2,heuristics_aggressive,default,heuristics_fast,separating_aggressive,heuristics_off,presolving_aggressive,separating_off,separating_fast,emphasis_easycip,presolving_fast,presolving_off,emphasis_hardlp,emphasis_feasibility,emphasis_optimality
neos-841664,heuristics_aggressive,presolving_fast,presolving_aggressive,default,separating_aggressive,heuristics_fast,emphasis_optimality,emphasis_hardlp,separating_fast,presolving_off,emphasis_feasibility,emphasis_easycip,separating_off,heuristics_off
neos-831188,heuristics_aggressive,emphasis_feasibility,presolving_fast,presolving_aggressive,separating_off,default,separating_fast,presolving_off,separating_aggressive,heuristics_fast,emphasis_optimality,emphasis_hardlp,heuristics_off,emphasis_easycip
neos-937446,separating_off,presolving_fast,separating_aggressive,presolving_off,separating_fast,default,presolving_aggressive,heuristics_aggressive,emphasis_feasibility,emphasis_easycip,emphasis_hardlp,heuristics_fast,emphasis_optimality,heuristics_off
neos-957270,presolving_fast,emphasis_hardlp,separating_off,separating_fast,heuristics_aggressive,emphasis_easycip,emphasis_feasibility,presolving_aggressive,default,presolving_off,heuristics_fast,heuristics_off,separating_aggressive,emphasis_optimality
modglob,heuristics_aggressive,presolving_fast,presolving_aggressive,default,separating_aggressive,presolving_off,separating_fast,emphasis_feasibility,heuristics_fast,emphasis_hardlp,emphasis_optimality,separating_off,emphasis_easycip,heuristics_off
neos-957323,presolving_fast,separating_off,presolving_off,emphasis_feasibility,heuristics_aggressive,presolving_aggressive,separating_fast,emphasis_hardlp,separating_aggressive,default,emphasis_easycip,heuristics_fast,emphasis_optimality,heuristics_off
iis-bupa-cov,separating_off,heuristics_fast,presolving_fast,presolving_aggressive,default,presolving_off,separating_fast,separating_aggressive,heuristics_aggressive,emphasis_easycip,heuristics_off,emphasis_hardlp,emphasis_feasibility,emphasis_optimality
nu60-pr9,heuristics_aggressive,default,presolving_aggressive,presolving_off,presolving_fast,separating_off,separating_aggressive,emphasis_easycip,emphasis_hardlp,separating_fast,emphasis_feasibility,heuristics_fast,emphasis_optimality,heuristics_off
neos-876808,separating_fast,emphasis_hardlp,presolving_fast,heuristics_aggressive,emphasis_feasibility,separating_off,heuristics_fast,default,separating_aggressive,presolving_aggressive,heuristics_off,emphasis_easycip,presolving_off,emphasis_optimality
fixnet6,heuristics_aggressive,presolving_fast,presolving_aggressive,default,separating_aggressive,heuristics_fast,presolving_off,emphasis_optimality,emphasis_hardlp,separating_fast,emphasis_feasibility,emphasis_easycip,heuristics_off,separating_off
neos-738098,separating_off,separating_fast,presolving_aggressive,presolving_fast,heuristics_aggressive,emphasis_feasibility,separating_aggressive,default,presolving_off,emphasis_hardlp,heuristics_fast,emphasis_optimality,emphasis_easycip,heuristics_off
neos-1112782,emphasis_feasibility,heuristics_aggressive,emphasis_optimality,emphasis_hardlp,default,presolving_aggressive,separating_off,separating_fast,presolving_fast,separating_aggressive,presolving_off,heuristics_fast,emphasis_easycip,heuristics_off
momentum1,separating_fast,emphasis_feasibility,presolving_fast,separating_off,presolving_off,presolving_aggressive,default,separating_aggressive,emphasis_hardlp,heuristics_fast,heuristics_aggressive,heuristics_off,emphasis_optimality,emphasis_easycip
neos12,separating_aggressive,default,emphasis_hardlp,separating_off,presolving_fast,presolving_aggressive,separating_fast,heuristics_aggressive,heuristics_fast,emphasis_easycip,emphasis_feasibility,presolving_off,emphasis_optimality,heuristics_off
d10200,emphasis_hardlp,separating_fast,separating_off,separating_aggressive,presolving_fast,heuristics_aggressive,emphasis_feasibility,heuristics_fast,presolving_off,default,presolving_aggressive,heuristics_off,emphasis_optimality,emphasis_easycip
neos-585192,default,separating_fast,presolving_aggressive,separating_off,heuristics_fast,emphasis_feasibility,heuristics_off,heuristics_aggressive,separating_aggressive,emphasis_optimality,presolving_fast,emphasis_easycip,emphasis_hardlp,presolving_off
neos-1436709,separating_off,separating_fast,presolving_fast,default,presolving_aggressive,separating_aggressive,presolving_off,emphasis_feasibility,heuristics_aggressive,emphasis_optimality,heuristics_fast,emphasis_hardlp,emphasis_easycip,heuristics_off
neos-935674,emphasis_feasibility,default,separating_fast,presolving_aggressive,heuristics_aggressive,emphasis_hardlp,presolving_fast,separating_aggressive,heuristics_fast,separating_off,presolving_off,emphasis_easycip,heuristics_off,emphasis_optimality
atm20-100,separating_fast,presolving_fast,presolving_aggressive,default,presolving_off,separating_off,separating_aggressive,emphasis_easycip,heuristics_aggressive,emphasis_hardlp,heuristics_fast,emphasis_optimality,emphasis_feasibility,heuristics_off
neos-937815,separating_off,presolving_fast,separating_aggressive,separating_fast,default,presolving_aggressive,presolving_off,heuristics_aggressive,emphasis_feasibility,emphasis_easycip,emphasis_hardlp,emphasis_optimality,heuristics_fast,heuristics_off
rmine14,presolving_off,presolving_fast,separating_off,emphasis_hardlp,separating_fast,emphasis_easycip,default,heuristics_aggressive,emphasis_feasibility,heuristics_fast,separating_aggressive,emphasis_optimality,presolving_aggressive,heuristics_off
dcmulti,presolving_fast,emphasis_hardlp,separating_fast,default,presolving_aggressive,heuristics_aggressive,presolving_off,separating_aggressive,heuristics_fast,emphasis_easycip,emphasis_optimality,emphasis_feasibility,separating_off,heuristics_off
reblock354,emphasis_hardlp,separating_off,presolving_fast,presolving_off,separating_fast,default,emphasis_feasibility,heuristics_aggressive,heuristics_fast,emphasis_easycip,separating_aggressive,presolving_aggressive,heuristics_off,emphasis_optimality
neos-584146,separating_fast,presolving_fast,separating_aggressive,presolving_aggressive,separating_off,heuristics_aggressive,default,presolving_off,heuristics_fast,emphasis_hardlp,emphasis_feasibility,emphasis_easycip,heuristics_off,emphasis_optimality
bienst1,separating_off,emphasis_hardlp,presolving_fast,separating_fast,default,emphasis_feasibility,emphasis_easycip,presolving_aggressive,heuristics_aggressive,separating_aggressive,heuristics_fast,presolving_off,heuristics_off,emphasis_optimality
neos-948268,presolving_fast,emphasis_hardlp,separating_off,presolving_aggressive,default,separating_fast,separating_aggressive,emphasis_easycip,heuristics_fast,heuristics_aggressive,presolving_off,emphasis_feasibility,heuristics_off,emphasis_optimality
m100n500k4r1,presolving_off,presolving_fast,default,separating_fast,presolving_aggressive,emphasis_feasibility,emphasis_hardlp,heuristics_aggressive,emphasis_easycip,separating_off,separating_aggressive,heuristics_fast,emphasis_optimality,heuristics_off
neos-1467371,emphasis_feasibility,heuristics_aggressive,separating_aggressive,presolving_off,separating_fast,presolving_fast,presolving_aggressive,default,emphasis_optimality,separating_off,emphasis_hardlp,emphasis_easycip,heuristics_fast,heuristics_off
neos-810326,emphasis_feasibility,emphasis_easycip,separating_fast,heuristics_aggressive,presolving_fast,heuristics_fast,emphasis_hardlp,separating_aggressive,presolving_aggressive,heuristics_off,default,separating_off,presolving_off,emphasis_optimality
