ran14x18_1,separating_aggressive,presolving_fast,presolving_aggressive,heuristics_fast,default,heuristics_aggressive,presolving_off,emphasis_optimality,separating_fast,heuristics_off,emphasis_easycip,emphasis_hardlp,emphasis_feasibility,separating_off
lrn,separating_off,presolving_aggressive,separating_fast,separating_aggressive,emphasis_feasibility,presolving_fast,heuristics_aggressive,default,presolving_off,emphasis_hardlp,heuristics_off,emphasis_optimality,heuristics_fast,emphasis_easycip
iis-100-0-cov,presolving_fast,heuristics_fast,separating_fast,separating_aggressive,presolving_off,separating_off,presolving_aggressive,heuristics_aggressive,emphasis_easycip,heuristics_off,default,emphasis_feasibility,emphasis_optimality,emphasis_hardlp
neos-738098,separating_off,presolving_aggressive,separating_fast,presolving_fast,emphasis_feasibility,heuristics_aggressive,presolving_off,heuristics_fast,separating_aggressive,emphasis_easycip,default,heuristics_off,emphasis_hardlp,emphasis_optimality
manna81,default,presolving_fast,emphasis_easycip,separating_off,presolving_aggressive,separating_fast,emphasis_hardlp,emphasis_feasibility,separating_aggressive,heuristics_off,heuristics_fast,presolving_off,heuristics_aggressive,emphasis_optimality
uct-subprob,separating_fast,presolving_aggressive,emphasis_easycip,heuristics_fast,emphasis_hardlp,separating_off,presolving_off,default,presolving_fast,separating_aggressive,heuristics_off,emphasis_feasibility,heuristics_aggressive,emphasis_optimality
germanrr,separating_off,heuristics_aggressive,presolving_fast,emphasis_feasibility,separating_fast,default,presolving_off,presolving_aggressive,separating_aggressive,heuristics_fast,emphasis_optimality,heuristics_off,emphasis_hardlp,emphasis_easycip
rail02,separating_off,separating_fast,separating_aggressive,presolving_off,presolving_fast,heuristics_off,heuristics_aggressive,presolving_aggressive,heuristics_fast,emphasis_optimality,emphasis_feasibility,emphasis_easycip,emphasis_hardlp,default
neos-827175,heuristics_aggressive,separating_off,emphasis_feasibility,default,presolving_fast,separating_fast,presolving_aggressive,separating_aggressive,emphasis_hardlp,presolving_off,emphasis_optimality,heuristics_fast,emphasis_easycip,heuristics_off
eilB101,emphasis_easycip,separating_fast,default,presolving_fast,emphasis_feasibility,separating_off,heuristics_fast,heuristics_aggressive,presolving_off,emphasis_hardlp,separating_aggressive,presolving_aggressive,heuristics_off,emphasis_optimality
neos18,separating_aggressive,default,separating_fast,presolving_aggressive,emphasis_easycip,heuristics_aggressive,emphasis_feasibility,presolving_off,heuristics_fast,emphasis_optimality,presolving_fast,separating_off,heuristics_off,emphasis_hardlp
neos-806323,separating_off,separating_fast,default,presolving_fast,heuristics_aggressive,separating_aggressive,presolving_off,presolving_aggressive,heuristics_fast,heuristics_off,emphasis_feasibility,emphasis_hardlp,emphasis_easycip,emphasis_optimality
neos-826650,heuristics_aggressive,separating_off,presolving_fast,emphasis_feasibility,presolving_aggressive,default,emphasis_hardlp,separating_fast,presolving_off,separating_aggressive,emphasis_easycip,heuristics_fast,emphasis_optimality,heuristics_off
rmine6,presolving_off,separating_off,emphasis_hardlp,separating_fast,presolving_fast,heuristics_aggressive,emphasis_feasibility,default,separating_aggressive,emphasis_easycip,presolving_aggressive,heuristics_fast,heuristics_off,emphasis_optimality
neos-555424,presolving_fast,emphasis_feasibility,heuristics_aggressive,separating_fast,presolving_aggressive,default,presolving_off,emphasis_hardlp,emphasis_easycip,heuristics_fast,separating_off,separating_aggressive,heuristics_off,emphasis_optimality
neos-1464762,emphasis_feasibility,presolving_fast,separating_fast,heuristics_aggressive,separating_aggressive,default,presolving_off,presolving_aggressive,emphasis_optimality,separating_off,emphasis_easycip,emphasis_hardlp,heuristics_fast,heuristics_off
opm2-z7-s2,emphasis_hardlp,presolving_off,presolving_fast,heuristics_aggressive,separating_off,separating_fast,emphasis_feasibility,default,presolving_aggressive,separating_aggressive,heuristics_fast,emphasis_easycip,emphasis_optimality,heuristics_off
neos-1211578,heuristics_off,presolving_aggressive,heuristics_fast,emphasis_hardlp,separating_fast,separating_off,default,emphasis_feasibility,emphasis_easycip,separating_aggressive,presolving_fast,heuristics_aggressive,emphasis_optimality,presolving_off
neos-876808,emphasis_feasibility,separating_off,presolving_fast,separating_fast,heuristics_aggressive,presolving_aggressive,heuristics_fast,presolving_off,heuristics_off,emphasis_optimality,emphasis_hardlp,emphasis_easycip,default,separating_aggressive
neos-1460265,emphasis_feasibility,presolving_aggressive,heuristics_aggressive,separating_aggressive,default,presolving_fast,separating_fast,emphasis_hardlp,emphasis_optimality,presolving_off,emphasis_easycip,separating_off,heuristics_fast,heuristics_off
neos-933562,separating_fast,emphasis_feasibility,presolving_fast,presolving_aggressive,emphasis_optimality,heuristics_aggressive,default,separating_aggressive,presolving_off,heuristics_fast,emphasis_hardlp,emphasis_easycip,separating_off,heuristics_off
neos-547911,emphasis_easycip,separating_fast,presolving_aggressive,separating_off,presolving_fast,heuristics_fast,default,separating_aggressive,heuristics_off,emphasis_hardlp,presolving_off,heuristics_aggressive,emphasis_optimality,emphasis_feasibility
neos-631164,presolving_fast,heuristics_aggressive,presolving_off,default,separating_aggressive,presolving_aggressive,separating_fast,emphasis_optimality,heuristics_fast,emphasis_hardlp,emphasis_easycip,separating_off,emphasis_feasibility,heuristics_off
neos-808072,presolving_off,heuristics_off,separating_fast,emphasis_easycip,heuristics_fast,presolving_aggressive,emphasis_hardlp,separating_aggressive,presolving_fast,separating_off,emphasis_feasibility,default,heuristics_aggressive,emphasis_optimality
haprp,presolving_fast,presolving_off,emphasis_optimality,presolving_aggressive,heuristics_aggressive,emphasis_hardlp,emphasis_easycip,default,separating_off,separating_fast,heuristics_fast,emphasis_feasibility,separating_aggressive,heuristics_off
shs1023,separating_off,separating_fast,presolving_off,separating_aggressive,presolving_fast,presolving_aggressive,heuristics_fast,emphasis_optimality,emphasis_hardlp,emphasis_feasibility,emphasis_easycip,default,heuristics_off,heuristics_aggressive
misc06,default,separating_aggressive,presolving_fast,heuristics_aggressive,emphasis_hardlp,presolving_aggressive,emphasis_easycip,separating_off,separating_fast,heuristics_fast,presolving_off,emphasis_feasibility,emphasis_optimality,heuristics_off
neos-934441,presolving_fast,separating_aggressive,separating_off,separating_fast,emphasis_feasibility,heuristics_aggressive,presolving_off,presolving_aggressive,default,emphasis_hardlp,emphasis_easycip,heuristics_fast,emphasis_optimality,heuristics_off
neos-932721,presolving_aggressive,presolving_fast,separating_fast,separating_aggressive,heuristics_aggressive,emphasis_feasibility,default,separating_off,presolving_off,emphasis_hardlp,heuristics_off,heuristics_fast,emphasis_optimality,emphasis_easycip
air05,separating_fast,default,heuristics_aggressive,emphasis_feasibility,separating_off,emphasis_hardlp,presolving_fast,presolving_aggressive,heuristics_fast,presolving_off,emphasis_optimality,separating_aggressive,emphasis_easycip,heuristics_off
p0548,presolving_fast,emphasis_hardlp,emphasis_easycip,emphasis_feasibility,default,separating_fast,presolving_off,heuristics_fast,heuristics_aggressive,presolving_aggressive,separating_aggressive,heuristics_off,separating_off,emphasis_optimality
p6b,presolving_fast,separating_off,separating_aggressive,heuristics_fast,separating_fast,default,emphasis_easycip,presolving_aggressive,emphasis_feasibility,heuristics_aggressive,emphasis_hardlp,heuristics_off,emphasis_optimality,presolving_off
leo2,separating_fast,default,presolving_fast,heuristics_aggressive,emphasis_easycip,separating_aggressive,presolving_off,presolving_aggressive,emphasis_feasibility,emphasis_optimality,separating_off,emphasis_hardlp,heuristics_fast,heuristics_off
neos-1367061,presolving_fast,separating_fast,separating_off,separating_aggressive,emphasis_feasibility,heuristics_fast,presolving_aggressive,heuristics_aggressive,emphasis_easycip,emphasis_optimality,emphasis_hardlp,presolving_off,default,heuristics_off
nsa,separating_off,presolving_aggressive,heuristics_off,heuristics_fast,emphasis_easycip,default,separating_fast,separating_aggressive,presolving_fast,emphasis_feasibility,emphasis_hardlp,presolving_off,heuristics_aggressive,emphasis_optimality
sing2,separating_off,separating_fast,emphasis_feasibility,presolving_fast,presolving_aggressive,separating_aggressive,presolving_off,heuristics_aggressive,emphasis_hardlp,default,emphasis_optimality,heuristics_off,heuristics_fast,emphasis_easycip
leo1,separating_fast,presolving_fast,default,emphasis_easycip,presolving_aggressive,heuristics_aggressive,emphasis_feasibility,separating_off,separating_aggressive,presolving_off,emphasis_optimality,emphasis_hardlp,heuristics_off,heuristics_fast
neos-1442657,separating_off,separating_fast,presolving_off,presolving_fast,emphasis_feasibility,presolving_aggressive,heuristics_aggressive,default,separating_aggressive,heuristics_fast,emphasis_optimality,emphasis_hardlp,heuristics_off,emphasis_easycip
neos-525149,separating_fast,presolving_fast,heuristics_aggressive,emphasis_hardlp,default,presolving_aggressive,emphasis_feasibility,emphasis_easycip,heuristics_off,heuristics_fast,separating_off,separating_aggressive,presolving_off,emphasis_optimality
neos-916173,presolving_fast,heuristics_aggressive,separating_fast,separating_off,presolving_off,presolving_aggressive,default,separating_aggressive,emphasis_feasibility,emphasis_hardlp,emphasis_optimality,emphasis_easycip,heuristics_off,heuristics_fast
van,separating_fast,separating_aggressive,emphasis_feasibility,presolving_fast,presolving_aggressive,emphasis_easycip,default,separating_off,presolving_off,emphasis_hardlp,heuristics_fast,heuristics_aggressive,emphasis_optimality,heuristics_off
neos-1324574,presolving_aggressive,heuristics_fast,emphasis_feasibility,separating_fast,separating_aggressive,default,separating_off,presolving_fast,emphasis_easycip,heuristics_aggressive,presolving_off,emphasis_hardlp,emphasis_optimality,heuristics_off
rmine14,presolving_off,presolving_fast,heuristics_aggressive,emphasis_hardlp,separating_fast,separating_off,emphasis_feasibility,emphasis_easycip,default,separating_aggressive,heuristics_fast,emphasis_optimality,heuristics_off,presolving_aggressive
probportfolio,separating_fast,separating_off,default,separating_aggressive,presolving_off,presolving_fast,presolving_aggressive,emphasis_feasibility,heuristics_aggressive,heuristics_fast,emphasis_optimality,emphasis_hardlp,emphasis_easycip,heuristics_off
bab3,presolving_off,separating_off,separating_fast,separating_aggressive,presolving_fast,heuristics_off,heuristics_fast,emphasis_easycip,emphasis_optimality,emphasis_feasibility,presolving_aggressive,heuristics_aggressive,default,emphasis_hardlp
lectsched-4-obj,separating_fast,presolving_fast,emphasis_feasibility,separating_off,separating_aggressive,presolving_aggressive,heuristics_aggressive,default,presolving_off,heuristics_off,emphasis_optimality,emphasis_hardlp,emphasis_easycip,heuristics_fast
neos-860244,separating_off,presolving_fast,default,separating_fast,emphasis_feasibility,heuristics_aggressive,emphasis_hardlp,presolving_aggressive,separating_aggressive,heuristics_off,heuristics_fast,presolving_off,emphasis_optimality,emphasis_easycip
22433,separating_off,presolving_off,emphasis_hardlp,emphasis_feasibility,presolving_aggressive,presolving_fast,heuristics_fast,emphasis_easycip,separating_fast,heuristics_aggressive,default,heuristics_off,emphasis_optimality,separating_aggressive
neos-1429461,separating_off,separating_fast,presolving_off,presolving_fast,presolving_aggressive,separating_aggressive,heuristics_aggressive,emphasis_feasibility,default,emphasis_hardlp,heuristics_off,emphasis_optimality,heuristics_fast,emphasis_easycip
gt2,presolving_aggressive,presolving_fast,separating_off,emphasis_hardlp,emphasis_easycip,separating_fast,presolving_off,heuristics_off,heuristics_fast,default,heuristics_aggressive,emphasis_feasibility,separating_aggressive,emphasis_optimality
gmu-35-40,default,separating_fast,presolving_aggressive,presolving_fast,heuristics_fast,emphasis_hardlp,heuristics_aggressive,emphasis_easycip,separating_off,presolving_off,emphasis_feasibility,emphasis_optimality,separating_aggressive,heuristics_off
neos-1420790,separating_fast,presolving_aggressive,heuristics_aggressive,emphasis_feasibility,presolving_off,presolving_fast,heuristics_fast,default,separating_aggressive,separating_off,emphasis_optimality,emphasis_hardlp,emphasis_easycip,heuristics_off
neos-702280,separating_off,presolving_off,separating_aggressive,presolving_fast,presolving_aggressive,emphasis_feasibility,emphasis_easycip,separating_fast,emphasis_hardlp,default,heuristics_fast,heuristics_aggressive,emphasis_optimality,heuristics_off
ns2124243,separating_off,default,emphasis_feasibility,separating_aggressive,heuristics_aggressive,separating_fast,presolving_fast,presolving_off,presolving_aggressive,heuristics_fast,emphasis_optimality,emphasis_hardlp,emphasis_easycip,heuristics_off
neos-662469,presolving_fast,separating_fast,separating_off,presolving_off,presolving_aggressive,heuristics_aggressive,default,separating_aggressive,emphasis_feasibility,heuristics_fast,emphasis_hardlp,emphasis_easycip,emphasis_optimality,heuristics_off
stein27,heuristics_fast,separating_fast,separating_aggressive,presolving_fast,presolving_aggressive,default,separating_off,heuristics_off,presolving_off,heuristics_aggressive,emphasis_hardlp,emphasis_feasibility,emphasis_easycip,emphasis_optimality
neos-585467,default,separating_fast,separating_off,presolving_aggressive,heuristics_fast,heuristics_aggressive,separating_aggressive,emphasis_feasibility,heuristics_off,emphasis_optimality,emphasis_easycip,presolving_fast,emphasis_hardlp,presolving_off
neos-826250,heuristics_aggressive,presolving_fast,separating_off,emphasis_feasibility,default,separating_fast,separating_aggressive,presolving_aggressive,presolving_off,heuristics_fast,emphasis_hardlp,emphasis_easycip,heuristics_off,emphasis_optimality
neos-595904,emphasis_feasibility,separating_off,presolving_fast,default,separating_fast,separating_aggressive,heuristics_aggressive,presolving_off,emphasis_hardlp,presolving_aggressive,emphasis_optimality,emphasis_easycip,heuristics_fast,heuristics_off
zib54-UUE,separating_aggressive,presolving_off,presolving_aggressive,heuristics_fast,presolving_fast,heuristics_aggressive,emphasis_easycip,default,separating_off,separating_fast,emphasis_optimality,emphasis_feasibility,emphasis_hardlp,heuristics_off
neos-880324,presolving_fast,separating_aggressive,default,separating_fast,presolving_aggressive,emphasis_optimality,separating_off,emphasis_hardlp,emphasis_feasibility,heuristics_off,heuristics_aggressive,presolving_off,heuristics_fast,emphasis_easycip
