dcmulti,separating_fast,presolving_fast,emphasis_hardlp,default,presolving_aggressive,emphasis_easycip,heuristics_fast,separating_off,presolving_off,separating_aggressive,heuristics_aggressive,emphasis_optimality,heuristics_off,emphasis_feasibility
neos-476283,separating_off,presolving_fast,emphasis_feasibility,separating_fast,heuristics_aggressive,default,presolving_aggressive,presolving_off,separating_aggressive,emphasis_hardlp,emphasis_easycip,emphasis_optimality,heuristics_fast,heuristics_off
shs1023,presolving_fast,emphasis_easycip,default,separating_off,separating_fast,emphasis_hardlp,presolving_aggressive,presolving_off,heuristics_fast,heuristics_aggressive,emphasis_optimality,emphasis_feasibility,separating_aggressive,heuristics_off
neos-1429461,separating_off,presolving_fast,separating_fast,presolving_aggressive,presolving_off,default,separating_aggressive,emphasis_feasibility,heuristics_aggressive,emphasis_optimality,heuristics_fast,emphasis_hardlp,emphasis_easycip,heuristics_off
rd-rplusc-21,separating_off,separating_fast,emphasis_hardlp,presolving_off,presolving_fast,emphasis_feasibility,presolving_aggressive,emphasis_easycip,default,separating_aggressive,heuristics_aggressive,emphasis_optimality,heuristics_fast,heuristics_off
iis-pima-cov,presolving_off,heuristics_fast,presolving_fast,default,separating_off,separating_fast,presolving_aggressive,separating_aggressive,heuristics_aggressive,emphasis_easycip,emphasis_hardlp,emphasis_feasibility,emphasis_optimality,heuristics_off
neos-631164,presolving_off,presolving_fast,heuristics_aggressive,separating_aggressive,presolving_aggressive,default,emphasis_optimality,heuristics_fast,emphasis_hardlp,separating_fast,emphasis_feasibility,emphasis_easycip,separating_off,heuristics_off
sct5,separating_off,presolving_fast,separating_fast,emphasis_feasibility,default,presolving_off,presolving_aggressive,heuristics_aggressive,emphasis_easycip,separating_aggressive,emphasis_hardlp,heuristics_fast,emphasis_optimality,heuristics_off
t1722,emphasis_feasibility,separating_fast,default,presolving_aggressive,separating_off,presolving_fast,separating_aggressive,heuristics_aggressive,emphasis_hardlp,emphasis_easycip,presolving_off,heuristics_fast,emphasis_optimality,heuristics_off
neos-916173,presolving_fast,separating_off,presolving_off,separating_fast,default,heuristics_aggressive,presolving_aggressive,separating_aggressive,emphasis_hardlp,emphasis_feasibility,emphasis_optimality,emphasis_easycip,heuristics_fast,heuristics_off
neos-1413153,separating_off,separating_fast,emphasis_hardlp,presolving_fast,emphasis_easycip,default,presolving_off,emphasis_feasibility,heuristics_aggressive,presolving_aggressive,heuristics_fast,separating_aggressive,emphasis_optimality,heuristics_off
neos-619167,separating_fast,default,presolving_fast,separating_off,separating_aggressive,presolving_aggressive,emphasis_feasibility,heuristics_aggressive,presolving_off,emphasis_hardlp,emphasis_optimality,heuristics_fast,emphasis_easycip,heuristics_off
neos-1427181,separating_off,separating_fast,presolving_fast,separating_aggressive,heuristics_aggressive,emphasis_feasibility,default,presolving_aggressive,presolving_off,emphasis_optimality,emphasis_hardlp,heuristics_fast,emphasis_easycip,heuristics_off
lotsize,separating_fast,presolving_off,presolving_fast,default,emphasis_feasibility,presolving_aggressive,heuristics_aggressive,separating_off,separating_aggressive,emphasis_optimality,emphasis_hardlp,heuristics_fast,emphasis_easycip,heuristics_off
tr12-30,presolving_fast,default,presolving_aggressive,heuristics_aggressive,presolving_off,separating_aggressive,emphasis_hardlp,separating_fast,heuristics_fast,emphasis_optimality,emphasis_easycip,emphasis_feasibility,heuristics_off,separating_off
ns1208400,emphasis_feasibility,heuristics_aggressive,default,heuristics_fast,separating_fast,separating_aggressive,emphasis_hardlp,separating_off,presolving_aggressive,emphasis_easycip,presolving_fast,heuristics_off,presolving_off,emphasis_optimality
neos-860244,separating_off,separating_fast,presolving_fast,emphasis_hardlp,emphasis_feasibility,emphasis_easycip,heuristics_aggressive,default,presolving_aggressive,heuristics_off,heuristics_fast,presolving_off,separating_aggressive,emphasis_optimality
neos-1467067,presolving_fast,separating_off,presolving_aggressive,separating_fast,default,emphasis_feasibility,separating_aggressive,heuristics_aggressive,presolving_off,heuristics_fast,emphasis_hardlp,emphasis_optimality,emphasis_easycip,heuristics_off
neos-551991,separating_aggressive,heuristics_aggressive,emphasis_feasibility,default,emphasis_hardlp,presolving_off,presolving_fast,presolving_aggressive,separating_fast,separating_off,emphasis_optimality,heuristics_fast,emphasis_easycip,heuristics_off
neos-1616732,separating_fast,emphasis_easycip,presolving_fast,heuristics_fast,presolving_aggressive,heuristics_aggressive,separating_aggressive,default,heuristics_off,separating_off,emphasis_hardlp,emphasis_optimality,emphasis_feasibility,presolving_off
rocII-7-11,emphasis_feasibility,separating_off,separating_fast,heuristics_aggressive,presolving_aggressive,default,presolving_fast,separating_aggressive,presolving_off,emphasis_optimality,emphasis_hardlp,heuristics_fast,emphasis_easycip,heuristics_off
neos-555927,presolving_fast,default,heuristics_aggressive,emphasis_feasibility,presolving_aggressive,separating_off,separating_fast,separating_aggressive,heuristics_fast,presolving_off,emphasis_hardlp,emphasis_easycip,heuristics_off,emphasis_optimality
neos-933638,presolving_fast,heuristics_aggressive,emphasis_feasibility,separating_off,separating_fast,default,presolving_aggressive,separating_aggressive,presolving_off,emphasis_hardlp,emphasis_easycip,emphasis_optimality,heuristics_fast,heuristics_off
pigeon-19,separating_fast,presolving_aggressive,separating_off,separating_aggressive,emphasis_hardlp,emphasis_feasibility,heuristics_aggressive,default,presolving_off,emphasis_easycip,presolving_fast,emphasis_optimality,heuristics_fast,heuristics_off
neos-839859,emphasis_hardlp,separating_fast,separating_off,presolving_fast,emphasis_feasibility,heuristics_aggressive,default,separating_aggressive,presolving_aggressive,presolving_off,heuristics_fast,emphasis_optimality,emphasis_easycip,heuristics_off
neos-841664,presolving_fast,presolving_aggressive,default,separating_aggressive,heuristics_aggressive,separating_fast,emphasis_hardlp,presolving_off,heuristics_fast,emphasis_optimality,emphasis_feasibility,emphasis_easycip,separating_off,heuristics_off
toll-like,heuristics_fast,presolving_aggressive,default,separating_fast,heuristics_aggressive,presolving_fast,presolving_off,emphasis_easycip,separating_aggressive,separating_off,emphasis_feasibility,emphasis_hardlp,heuristics_off,emphasis_optimality
map18,default,presolving_aggressive,separating_fast,separating_off,presolving_fast,separating_aggressive,heuristics_aggressive,emphasis_feasibility,heuristics_fast,emphasis_easycip,emphasis_hardlp,presolving_off,emphasis_optimality,heuristics_off
neos-934441,presolving_fast,heuristics_aggressive,emphasis_feasibility,separating_off,separating_fast,separating_aggressive,default,presolving_off,presolving_aggressive,emphasis_hardlp,emphasis_easycip,emphasis_optimality,heuristics_fast,heuristics_off
neos-691058,presolving_off,separating_fast,emphasis_feasibility,presolving_aggressive,presolving_fast,separating_off,separating_aggressive,default,heuristics_aggressive,emphasis_hardlp,emphasis_optimality,emphasis_easycip,heuristics_fast,heuristics_off
ramos3,presolving_off,presolving_fast,default,heuristics_fast,separating_off,presolving_aggressive,separating_fast,heuristics_aggressive,separating_aggressive,emphasis_hardlp,emphasis_feasibility,emphasis_easycip,emphasis_optimality,heuristics_off
neos-803219,emphasis_hardlp,emphasis_easycip,heuristics_fast,separating_fast,presolving_aggressive,separating_aggressive,default,separating_off,presolving_fast,heuristics_off,presolving_off,heuristics_aggressive,emphasis_optimality,emphasis_feasibility
neos-555884,emphasis_feasibility,separating_fast,default,presolving_fast,heuristics_aggressive,presolving_aggressive,separating_off,presolving_off,separating_aggressive,emphasis_hardlp,emphasis_easycip,heuristics_fast,heuristics_off,emphasis_optimality
neos-631709,emphasis_feasibility,separating_off,heuristics_aggressive,presolving_aggressive,presolving_fast,emphasis_hardlp,presolving_off,default,separating_fast,emphasis_optimality,heuristics_fast,emphasis_easycip,separating_aggressive,heuristics_off
neos-598183,emphasis_feasibility,separating_fast,separating_off,separating_aggressive,default,presolving_fast,presolving_aggressive,heuristics_aggressive,emphasis_optimality,presolving_off,heuristics_fast,emphasis_easycip,emphasis_hardlp,heuristics_off
n3-3,heuristics_fast,presolving_aggressive,heuristics_aggressive,default,presolving_off,presolving_fast,separating_aggressive,separating_fast,emphasis_hardlp,emphasis_easycip,separating_off,emphasis_optimality,emphasis_feasibility,heuristics_off
neos-826841,emphasis_feasibility,heuristics_aggressive,presolving_fast,separating_fast,default,separating_off,presolving_aggressive,presolving_off,separating_aggressive,emphasis_hardlp,emphasis_easycip,emphasis_optimality,heuristics_fast,heuristics_off
neos-1173026,emphasis_hardlp,separating_off,presolving_off,emphasis_feasibility,default,separating_fast,presolving_aggressive,emphasis_easycip,separating_aggressive,presolving_fast,heuristics_off,heuristics_fast,heuristics_aggressive,emphasis_optimality
rmatr100-p10,separating_off,default,separating_fast,presolving_fast,presolving_aggressive,emphasis_hardlp,separating_aggressive,heuristics_aggressive,presolving_off,emphasis_feasibility,heuristics_fast,emphasis_easycip,emphasis_optimality,heuristics_off
neos-1120495,presolving_aggressive,emphasis_easycip,presolving_fast,separating_fast,emphasis_hardlp,heuristics_off,heuristics_fast,default,emphasis_feasibility,separating_aggressive,heuristics_aggressive,emphasis_optimality,separating_off,presolving_off
pw-myciel4,separating_aggressive,presolving_aggressive,presolving_fast,separating_fast,heuristics_aggressive,emphasis_easycip,default,separating_off,heuristics_fast,emphasis_hardlp,presolving_off,heuristics_off,emphasis_feasibility,emphasis_optimality
neos-1211578,heuristics_off,presolving_aggressive,heuristics_fast,emphasis_hardlp,separating_fast,separating_off,default,emphasis_feasibility,emphasis_easycip,separating_aggressive,presolving_fast,heuristics_aggressive,emphasis_optimality,presolving_off
neos-942830,presolving_fast,default,emphasis_hardlp,emphasis_feasibility,separating_fast,presolving_aggressive,heuristics_aggressive,heuristics_fast,separating_off,separating_aggressive,presolving_off,heuristics_off,emphasis_easycip,emphasis_optimality
neos-847051,presolving_fast,separating_fast,presolving_aggressive,default,separating_aggressive,heuristics_aggressive,presolving_off,emphasis_feasibility,separating_off,emphasis_optimality,emphasis_hardlp,emphasis_easycip,heuristics_fast,heuristics_off
gesa3,emphasis_hardlp,separating_fast,presolving_off,default,presolving_fast,separating_off,presolving_aggressive,heuristics_aggressive,emphasis_easycip,heuristics_off,heuristics_fast,separating_aggressive,emphasis_optimality,emphasis_feasibility
neos-1442657,separating_off,separating_fast,presolving_fast,presolving_off,emphasis_feasibility,presolving_aggressive,default,heuristics_aggressive,separating_aggressive,emphasis_optimality,heuristics_fast,emphasis_hardlp,emphasis_easycip,heuristics_off
mine-166-5,emphasis_hardlp,separating_off,separating_fast,presolving_fast,emphasis_easycip,default,emphasis_feasibility,heuristics_aggressive,heuristics_fast,presolving_off,separating_aggressive,presolving_aggressive,heuristics_off,emphasis_optimality
neos-522351,presolving_fast,presolving_aggressive,separating_aggressive,default,separating_fast,heuristics_aggressive,separating_off,presolving_off,emphasis_hardlp,emphasis_easycip,heuristics_fast,emphasis_optimality,emphasis_feasibility,heuristics_off
bg512142,presolving_fast,default,presolving_aggressive,separating_fast,separating_aggressive,heuristics_aggressive,presolving_off,emphasis_hardlp,emphasis_easycip,heuristics_fast,emphasis_optimality,emphasis_feasibility,separating_off,heuristics_off
neos-935627,separating_off,presolving_fast,separating_aggressive,default,separating_fast,presolving_aggressive,presolving_off,heuristics_aggressive,emphasis_feasibility,emphasis_hardlp,emphasis_easycip,heuristics_fast,emphasis_optimality,heuristics_off
triptim2,presolving_aggressive,presolving_fast,separating_fast,default,heuristics_aggressive,emphasis_optimality,emphasis_feasibility,separating_off,separating_aggressive,emphasis_hardlp,emphasis_easycip,heuristics_fast,presolving_off,heuristics_off
rocII-4-11,emphasis_feasibility,separating_fast,separating_off,heuristics_aggressive,default,presolving_aggressive,presolving_fast,separating_aggressive,presolving_off,heuristics_fast,emphasis_hardlp,emphasis_easycip,emphasis_optimality,heuristics_off
23588,presolving_fast,presolving_off,separating_off,emphasis_feasibility,separating_fast,emphasis_hardlp,default,presolving_aggressive,heuristics_aggressive,separating_aggressive,emphasis_optimality,emphasis_easycip,heuristics_off,heuristics_fast
dano3_3,presolving_aggressive,emphasis_easycip,presolving_fast,default,heuristics_fast,separating_off,separating_fast,emphasis_hardlp,emphasis_optimality,separating_aggressive,presolving_off,emphasis_feasibility,heuristics_aggressive,heuristics_off
neos-932721,presolving_aggressive,heuristics_aggressive,presolving_fast,separating_fast,separating_aggressive,default,emphasis_feasibility,presolving_off,separating_off,heuristics_fast,emphasis_optimality,emphasis_hardlp,emphasis_easycip,heuristics_off
neos13,emphasis_feasibility,separating_off,presolving_off,separating_fast,presolving_aggressive,presolving_fast,emphasis_hardlp,default,separating_aggressive,heuristics_aggressive,emphasis_easycip,heuristics_fast,emphasis_optimality,heuristics_off
mining,presolving_off,emphasis_hardlp,emphasis_easycip,presolving_fast,default,heuristics_aggressive,separating_fast,emphasis_optimality,emphasis_feasibility,separating_off,heuristics_fast,separating_aggressive,presolving_aggressive,heuristics_off
cap6000,presolving_fast,emphasis_feasibility,heuristics_aggressive,separating_fast,default,presolving_aggressive,presolving_off,separating_off,separating_aggressive,emphasis_hardlp,emphasis_easycip,heuristics_fast,emphasis_optimality,heuristics_off
sp98ir,heuristics_aggressive,presolving_aggressive,emphasis_feasibility,default,presolving_fast,separating_fast,separating_off,presolving_off,separating_aggressive,emphasis_optimality,emphasis_hardlp,heuristics_fast,emphasis_easycip,heuristics_off
neos12,separating_off,separating_fast,separating_aggressive,presolving_fast,default,presolving_aggressive,heuristics_aggressive,emphasis_feasibility,presolving_off,emphasis_hardlp,heuristics_fast,emphasis_easycip,emphasis_optimality,heuristics_off
qnet1_o,separating_fast,separating_off,heuristics_aggressive,emphasis_hardlp,emphasis_feasibility,default,presolving_fast,presolving_aggressive,heuristics_fast,presolving_off,emphasis_easycip,separating_aggressive,emphasis_optimality,heuristics_off
