queens-30,separating_off,separating_fast,separating_aggressive,presolving_off,presolving_fast,presolving_aggressive,heuristics_fast,emphasis_hardlp,heuristics_aggressive,emphasis_easycip,default,heuristics_off,emphasis_feasibility,emphasis_optimality
hanoi5,separating_off,presolving_aggressive,default,presolving_fast,separating_fast,heuristics_fast,separating_aggressive,presolving_off,heuristics_aggressive,emphasis_hardlp,emphasis_easycip,emphasis_feasibility,heuristics_off,emphasis_optimality
germany50-DBM,presolving_off,separating_fast,presolving_aggressive,separating_aggressive,presolving_fast,default,separating_off,heuristics_aggressive,heuristics_fast,heuristics_off,emphasis_optimality,emphasis_hardlp,emphasis_feasibility,emphasis_easycip
iis-100-0-cov,heuristics_fast,emphasis_easycip,separating_off,default,presolving_fast,emphasis_hardlp,separating_fast,heuristics_aggressive,presolving_aggressive,presolving_off,separating_aggressive,emphasis_feasibility,heuristics_off,emphasis_optimality
satellites3-40,separating_off,separating_fast,presolving_off,emphasis_feasibility,separating_aggressive,presolving_fast,heuristics_aggressive,presolving_aggressive,heuristics_off,heuristics_fast,emphasis_optimality,emphasis_hardlp,emphasis_easycip,default
neos11,separating_off,separating_fast,presolving_fast,default,presolving_aggressive,separating_aggressive,presolving_off,heuristics_aggressive,emphasis_feasibility,emphasis_hardlp,emphasis_easycip,heuristics_fast,emphasis_optimality,heuristics_off
neos-885524,separating_fast,presolving_off,presolving_aggressive,default,separating_off,presolving_fast,separating_aggressive,heuristics_aggressive,emphasis_feasibility,heuristics_fast,emphasis_optimality,emphasis_hardlp,emphasis_easycip,heuristics_off
neos-1413153,presolving_fast,separating_fast,heuristics_aggressive,separating_off,emphasis_feasibility,separating_aggressive,presolving_aggressive,emphasis_hardlp,default,presolving_off,heuristics_fast,emphasis_optimality,emphasis_easycip,heuristics_off
neos-538916,presolving_aggressive,emphasis_hardlp,presolving_fast,separating_aggressive,separating_fast,emphasis_easycip,heuristics_fast,heuristics_aggressive,default,heuristics_off,presolving_off,separating_off,emphasis_optimality,emphasis_feasibility
neos-1467067,separating_off,separating_fast,presolving_fast,emphasis_feasibility,default,separating_aggressive,heuristics_aggressive,presolving_off,presolving_aggressive,heuristics_fast,emphasis_hardlp,emphasis_easycip,heuristics_off,emphasis_optimality
triptim2,separating_fast,presolving_off,separating_off,presolving_aggressive,heuristics_aggressive,presolving_fast,separating_aggressive,heuristics_fast,emphasis_feasibility,emphasis_easycip,default,emphasis_hardlp,heuristics_off,emphasis_optimality
neos-956971,presolving_off,separating_off,separating_fast,presolving_fast,emphasis_feasibility,heuristics_aggressive,presolving_aggressive,default,separating_aggressive,emphasis_hardlp,emphasis_easycip,heuristics_fast,emphasis_optimality,heuristics_off
opm2-z7-s2,presolving_fast,separating_off,presolving_off,separating_fast,emphasis_hardlp,separating_aggressive,default,heuristics_fast,emphasis_easycip,presolving_aggressive,heuristics_aggressive,emphasis_feasibility,heuristics_off,emphasis_optimality
p0282,presolving_fast,default,presolving_aggressive,heuristics_fast,emphasis_hardlp,heuristics_aggressive,emphasis_easycip,separating_fast,separating_aggressive,emphasis_optimality,presolving_off,emphasis_feasibility,heuristics_off,separating_off
danoint,presolving_fast,separating_fast,presolving_aggressive,separating_off,emphasis_hardlp,default,heuristics_fast,emphasis_easycip,heuristics_aggressive,separating_aggressive,presolving_off,emphasis_feasibility,heuristics_off,emphasis_optimality
neos-932721,separating_aggressive,presolving_fast,separating_fast,default,presolving_aggressive,emphasis_feasibility,separating_off,heuristics_fast,heuristics_aggressive,presolving_off,emphasis_hardlp,heuristics_off,emphasis_optimality,emphasis_easycip
neos-933966,default,presolving_fast,separating_fast,presolving_aggressive,heuristics_aggressive,separating_aggressive,emphasis_feasibility,presolving_off,separating_off,emphasis_hardlp,heuristics_fast,emphasis_easycip,emphasis_optimality,heuristics_off
neos-780889,separating_off,separating_fast,separating_aggressive,presolving_off,presolving_fast,presolving_aggressive,heuristics_off,heuristics_fast,heuristics_aggressive,emphasis_optimality,emphasis_hardlp,emphasis_feasibility,emphasis_easycip,default
sct1,separating_off,heuristics_aggressive,emphasis_feasibility,separating_fast,default,separating_aggressive,presolving_fast,presolving_aggressive,presolving_off,heuristics_fast,emphasis_optimality,emphasis_hardlp,emphasis_easycip,heuristics_off
leo1,emphasis_feasibility,heuristics_aggressive,separating_fast,default,separating_off,presolving_aggressive,separating_aggressive,presolving_fast,emphasis_optimality,heuristics_fast,emphasis_hardlp,emphasis_easycip,presolving_off,heuristics_off
shs1023,presolving_off,separating_fast,presolving_fast,separating_aggressive,presolving_aggressive,separating_off,heuristics_fast,heuristics_off,heuristics_aggressive,emphasis_optimality,default,emphasis_hardlp,emphasis_feasibility,emphasis_easycip
ns1688347,separating_off,separating_fast,presolving_fast,presolving_off,presolving_aggressive,emphasis_hardlp,separating_aggressive,heuristics_aggressive,emphasis_feasibility,heuristics_off,heuristics_fast,emphasis_easycip,default,emphasis_optimality
rocII-9-11,separating_off,separating_fast,emphasis_feasibility,separating_aggressive,presolving_off,presolving_fast,presolving_aggressive,heuristics_aggressive,heuristics_off,heuristics_fast,default,emphasis_optimality,emphasis_hardlp,emphasis_easycip
tanglegram1,separating_off,separating_fast,presolving_fast,presolving_aggressive,default,presolving_off,separating_aggressive,heuristics_aggressive,emphasis_hardlp,emphasis_feasibility,heuristics_fast,emphasis_easycip,heuristics_off,emphasis_optimality
sp97ic,separating_fast,presolving_fast,presolving_off,default,presolving_aggressive,heuristics_aggressive,separating_aggressive,separating_off,heuristics_fast,emphasis_easycip,emphasis_optimality,emphasis_hardlp,emphasis_feasibility,heuristics_off
bab5,separating_off,separating_fast,presolving_off,presolving_fast,presolving_aggressive,heuristics_aggressive,separating_aggressive,emphasis_hardlp,emphasis_feasibility,heuristics_fast,emphasis_easycip,default,heuristics_off,emphasis_optimality
haprp,presolving_off,default,separating_aggressive,presolving_fast,separating_fast,presolving_aggressive,heuristics_fast,emphasis_optimality,heuristics_aggressive,emphasis_easycip,heuristics_off,separating_off,emphasis_feasibility,emphasis_hardlp
r80x800,presolving_fast,separating_fast,default,heuristics_aggressive,separating_off,presolving_aggressive,separating_aggressive,emphasis_hardlp,presolving_off,heuristics_fast,emphasis_optimality,emphasis_feasibility,emphasis_easycip,heuristics_off
opm2-z12-s7,separating_off,presolving_off,presolving_fast,separating_fast,separating_aggressive,presolving_aggressive,heuristics_aggressive,emphasis_hardlp,heuristics_fast,emphasis_easycip,emphasis_feasibility,default,heuristics_off,emphasis_optimality
rout,presolving_fast,presolving_aggressive,separating_off,separating_fast,default,heuristics_fast,emphasis_easycip,heuristics_aggressive,separating_aggressive,emphasis_hardlp,presolving_off,heuristics_off,emphasis_optimality,emphasis_feasibility
dc1l,presolving_off,presolving_fast,separating_fast,presolving_aggressive,heuristics_aggressive,separating_off,separating_aggressive,emphasis_feasibility,default,heuristics_fast,emphasis_optimality,emphasis_hardlp,emphasis_easycip,heuristics_off
reblock354,presolving_fast,separating_off,presolving_off,separating_fast,presolving_aggressive,heuristics_aggressive,default,separating_aggressive,emphasis_hardlp,emphasis_easycip,heuristics_fast,emphasis_feasibility,heuristics_off,emphasis_optimality
neos-544324,default,presolving_aggressive,separating_fast,separating_aggressive,presolving_fast,heuristics_fast,emphasis_hardlp,separating_off,heuristics_aggressive,presolving_off,heuristics_off,emphasis_easycip,emphasis_feasibility,emphasis_optimality
neos-619167,separating_off,separating_fast,heuristics_fast,presolving_fast,default,separating_aggressive,emphasis_hardlp,heuristics_off,presolving_aggressive,emphasis_optimality,emphasis_easycip,presolving_off,heuristics_aggressive,emphasis_feasibility
neos-955215,presolving_fast,default,separating_fast,separating_aggressive,presolving_aggressive,presolving_off,heuristics_aggressive,emphasis_optimality,emphasis_hardlp,heuristics_fast,emphasis_feasibility,separating_off,emphasis_easycip,heuristics_off
circ10-3,separating_off,separating_fast,separating_aggressive,presolving_off,presolving_fast,heuristics_off,presolving_aggressive,heuristics_fast,heuristics_aggressive,emphasis_hardlp,emphasis_feasibility,emphasis_easycip,emphasis_optimality,default
leo2,emphasis_feasibility,heuristics_aggressive,separating_fast,default,separating_off,presolving_aggressive,separating_aggressive,presolving_fast,emphasis_optimality,heuristics_fast,presolving_off,emphasis_hardlp,emphasis_easycip,heuristics_off
prod1,separating_fast,presolving_aggressive,presolving_fast,heuristics_fast,emphasis_optimality,default,separating_aggressive,presolving_off,emphasis_hardlp,separating_off,emphasis_feasibility,emphasis_easycip,heuristics_off,heuristics_aggressive
neos-824661,emphasis_feasibility,separating_fast,separating_off,default,presolving_fast,presolving_aggressive,heuristics_aggressive,presolving_off,separating_aggressive,emphasis_optimality,emphasis_hardlp,heuristics_fast,emphasis_easycip,heuristics_off
neos-1120495,presolving_aggressive,emphasis_hardlp,emphasis_easycip,separating_fast,presolving_fast,separating_off,heuristics_fast,heuristics_aggressive,default,separating_aggressive,heuristics_off,presolving_off,emphasis_feasibility,emphasis_optimality
b2c1s1,presolving_fast,emphasis_hardlp,presolving_aggressive,default,separating_aggressive,heuristics_aggressive,separating_fast,presolving_off,heuristics_fast,emphasis_feasibility,emphasis_optimality,emphasis_easycip,separating_off,heuristics_off
lectsched-1-obj,heuristics_aggressive,presolving_aggressive,emphasis_feasibility,separating_off,separating_fast,default,separating_aggressive,presolving_fast,heuristics_fast,emphasis_optimality,emphasis_easycip,heuristics_off,presolving_off,emphasis_hardlp
rvb-sub,separating_off,separating_fast,emphasis_hardlp,presolving_fast,heuristics_fast,emphasis_feasibility,default,emphasis_easycip,heuristics_aggressive,presolving_off,presolving_aggressive,separating_aggressive,heuristics_off,emphasis_optimality
pigeon-19,separating_off,separating_fast,emphasis_hardlp,presolving_fast,presolving_aggressive,emphasis_feasibility,presolving_off,separating_aggressive,emphasis_easycip,default,heuristics_fast,heuristics_aggressive,heuristics_off,emphasis_optimality
ns2124243,separating_off,separating_fast,presolving_fast,presolving_aggressive,separating_aggressive,heuristics_aggressive,emphasis_feasibility,default,presolving_off,emphasis_hardlp,emphasis_optimality,heuristics_fast,emphasis_easycip,heuristics_off
neos-957389,separating_off,separating_fast,emphasis_feasibility,separating_aggressive,emphasis_hardlp,presolving_fast,presolving_aggressive,heuristics_aggressive,presolving_off,heuristics_off,heuristics_fast,emphasis_optimality,default,emphasis_easycip
neos-1067731,presolving_fast,default,presolving_aggressive,separating_fast,emphasis_hardlp,presolving_off,heuristics_aggressive,heuristics_fast,separating_aggressive,emphasis_easycip,separating_off,heuristics_off,emphasis_feasibility,emphasis_optimality
neos-914441,separating_fast,presolving_fast,presolving_off,default,separating_aggressive,emphasis_feasibility,separating_off,presolving_aggressive,heuristics_aggressive,emphasis_optimality,emphasis_hardlp,heuristics_fast,emphasis_easycip,heuristics_off
dsbmip,separating_off,separating_fast,presolving_fast,default,presolving_aggressive,separating_aggressive,presolving_off,heuristics_aggressive,heuristics_fast,emphasis_optimality,emphasis_hardlp,emphasis_feasibility,emphasis_easycip,heuristics_off
stein27,default,heuristics_fast,emphasis_easycip,emphasis_hardlp,presolving_fast,presolving_aggressive,separating_fast,heuristics_aggressive,separating_aggressive,presolving_off,emphasis_feasibility,separating_off,heuristics_off,emphasis_optimality
neos-913984,separating_fast,separating_aggressive,default,presolving_aggressive,presolving_off,presolving_fast,separating_off,emphasis_optimality,heuristics_aggressive,heuristics_fast,emphasis_feasibility,heuristics_off,emphasis_hardlp,emphasis_easycip
10teams,separating_fast,presolving_fast,presolving_aggressive,default,separating_aggressive,presolving_off,heuristics_aggressive,emphasis_feasibility,heuristics_fast,emphasis_hardlp,separating_off,heuristics_off,emphasis_optimality,emphasis_easycip
pb-simp-nonunif,separating_off,separating_fast,heuristics_aggressive,default,separating_aggressive,heuristics_fast,presolving_aggressive,emphasis_feasibility,presolving_fast,emphasis_easycip,presolving_off,heuristics_off,emphasis_hardlp,emphasis_optimality
neos-930752,separating_off,separating_fast,presolving_fast,default,presolving_aggressive,heuristics_aggressive,separating_aggressive,heuristics_fast,presolving_off,emphasis_hardlp,emphasis_optimality,emphasis_easycip,heuristics_off,emphasis_feasibility
neos-585467,default,separating_fast,separating_off,presolving_aggressive,heuristics_aggressive,heuristics_fast,emphasis_feasibility,separating_aggressive,heuristics_off,presolving_fast,emphasis_optimality,emphasis_easycip,emphasis_hardlp,presolving_off
neos-598183,separating_fast,separating_off,emphasis_feasibility,presolving_fast,presolving_aggressive,default,heuristics_aggressive,presolving_off,separating_aggressive,emphasis_optimality,emphasis_hardlp,heuristics_fast,emphasis_easycip,heuristics_off
prod2,separating_fast,presolving_fast,presolving_aggressive,heuristics_fast,emphasis_optimality,separating_off,emphasis_feasibility,default,separating_aggressive,presolving_off,emphasis_hardlp,emphasis_easycip,heuristics_aggressive,heuristics_off
mas74,separating_fast,default,presolving_aggressive,presolving_fast,heuristics_fast,separating_aggressive,presolving_off,heuristics_aggressive,emphasis_optimality,emphasis_easycip,emphasis_hardlp,emphasis_feasibility,separating_off,heuristics_off
qnet1,separating_off,separating_fast,default,presolving_aggressive,emphasis_feasibility,heuristics_aggressive,presolving_fast,separating_aggressive,heuristics_fast,emphasis_hardlp,emphasis_optimality,emphasis_easycip,presolving_off,heuristics_off
neos-984165,presolving_fast,separating_off,separating_fast,presolving_off,default,presolving_aggressive,separating_aggressive,emphasis_feasibility,heuristics_aggressive,emphasis_hardlp,emphasis_easycip,heuristics_fast,emphasis_optimality,heuristics_off
neos-905856,separating_fast,emphasis_feasibility,emphasis_hardlp,presolving_fast,presolving_aggressive,heuristics_aggressive,heuristics_fast,emphasis_easycip,default,separating_aggressive,heuristics_off,separating_off,presolving_off,emphasis_optimality
