neos-1225589,heuristics_aggressive,presolving_fast,default,presolving_aggressive,separating_aggressive,emphasis_optimality,separating_fast,heuristics_fast,emphasis_hardlp,emphasis_feasibility,presolving_off,emphasis_easycip,separating_off,heuristics_off
neos-839838,default,emphasis_hardlp,emphasis_feasibility,separating_fast,presolving_fast,heuristics_aggressive,separating_off,presolving_aggressive,heuristics_fast,emphasis_easycip,separating_aggressive,presolving_off,heuristics_off,emphasis_optimality
dfn-gwin-UUM,presolving_off,presolving_fast,presolving_aggressive,separating_aggressive,heuristics_aggressive,default,separating_off,separating_fast,emphasis_hardlp,heuristics_fast,emphasis_optimality,emphasis_feasibility,emphasis_easycip,heuristics_off
rail507,separating_off,separating_fast,presolving_aggressive,heuristics_aggressive,default,emphasis_feasibility,separating_aggressive,heuristics_fast,presolving_off,presolving_fast,emphasis_easycip,emphasis_optimality,emphasis_hardlp,heuristics_off
neos-598183,separating_fast,emphasis_feasibility,presolving_fast,presolving_off,heuristics_fast,heuristics_aggressive,default,presolving_aggressive,separating_aggressive,separating_off,emphasis_optimality,heuristics_off,emphasis_hardlp,emphasis_easycip
mod008,separating_off,separating_fast,heuristics_fast,presolving_off,presolving_fast,emphasis_easycip,presolving_aggressive,default,heuristics_aggressive,separating_aggressive,emphasis_hardlp,heuristics_off,emphasis_feasibility,emphasis_optimality
neos-937815,separating_off,separating_fast,presolving_fast,default,separating_aggressive,presolving_off,presolving_aggressive,heuristics_aggressive,emphasis_feasibility,emphasis_easycip,emphasis_hardlp,emphasis_optimality,heuristics_fast,heuristics_off
neos-1437164,separating_fast,heuristics_fast,default,presolving_fast,presolving_aggressive,heuristics_aggressive,separating_aggressive,separating_off,emphasis_hardlp,emphasis_feasibility,heuristics_off,emphasis_easycip,presolving_off,emphasis_optimality
neos-530627,separating_off,separating_fast,presolving_aggressive,heuristics_aggressive,default,separating_aggressive,presolving_fast,heuristics_fast,emphasis_feasibility,emphasis_easycip,emphasis_hardlp,heuristics_off,presolving_off,emphasis_optimality
ex1010-pi,separating_off,heuristics_aggressive,separating_fast,presolving_aggressive,default,heuristics_fast,presolving_fast,presolving_off,emphasis_feasibility,emphasis_easycip,separating_aggressive,emphasis_optimality,heuristics_off,emphasis_hardlp
ds,separating_fast,emphasis_feasibility,separating_off,default,presolving_aggressive,heuristics_aggressive,presolving_fast,separating_aggressive,emphasis_hardlp,presolving_off,heuristics_off,heuristics_fast,emphasis_easycip,emphasis_optimality
bnatt400,separating_off,separating_fast,presolving_off,emphasis_hardlp,presolving_aggressive,presolving_fast,heuristics_aggressive,emphasis_feasibility,emphasis_easycip,heuristics_fast,default,separating_aggressive,heuristics_off,emphasis_optimality
neos-585467,default,separating_fast,separating_off,presolving_aggressive,heuristics_aggressive,heuristics_fast,emphasis_feasibility,separating_aggressive,heuristics_off,emphasis_optimality,presolving_fast,emphasis_easycip,emphasis_hardlp,presolving_off
neos-839894,presolving_fast,emphasis_hardlp,default,separating_off,separating_fast,heuristics_aggressive,heuristics_fast,presolving_off,emphasis_feasibility,emphasis_easycip,separating_aggressive,presolving_aggressive,emphasis_optimality,heuristics_off
dcmulti,emphasis_hardlp,presolving_fast,separating_fast,default,presolving_aggressive,heuristics_aggressive,separating_aggressive,presolving_off,heuristics_fast,emphasis_easycip,emphasis_feasibility,separating_off,emphasis_optimality,heuristics_off
sp98ic,presolving_off,separating_fast,presolving_fast,presolving_aggressive,emphasis_feasibility,default,heuristics_aggressive,emphasis_hardlp,emphasis_easycip,heuristics_fast,separating_aggressive,separating_off,heuristics_off,emphasis_optimality
bienst2,separating_off,emphasis_hardlp,presolving_fast,heuristics_fast,emphasis_feasibility,heuristics_off,default,presolving_aggressive,separating_fast,heuristics_aggressive,separating_aggressive,emphasis_optimality,emphasis_easycip,presolving_off
neos-1061020,separating_off,separating_fast,presolving_fast,emphasis_hardlp,presolving_aggressive,heuristics_aggressive,presolving_off,emphasis_feasibility,separating_aggressive,default,heuristics_fast,heuristics_off,emphasis_easycip,emphasis_optimality
sp97ar,presolving_aggressive,presolving_off,presolving_fast,heuristics_aggressive,emphasis_feasibility,default,separating_fast,separating_aggressive,heuristics_fast,emphasis_hardlp,emphasis_easycip,separating_off,heuristics_off,emphasis_optimality
neos-912015,presolving_aggressive,separating_aggressive,heuristics_off,presolving_off,separating_fast,default,heuristics_aggressive,emphasis_feasibility,emphasis_hardlp,heuristics_fast,presolving_fast,emphasis_easycip,emphasis_optimality,separating_off
neos-525149,separating_fast,presolving_aggressive,emphasis_feasibility,default,presolving_fast,heuristics_aggressive,separating_off,presolving_off,emphasis_hardlp,separating_aggressive,emphasis_easycip,heuristics_fast,heuristics_off,emphasis_optimality
neos-806323,presolving_fast,separating_off,default,separating_fast,presolving_aggressive,heuristics_aggressive,separating_aggressive,presolving_off,emphasis_feasibility,heuristics_fast,emphasis_hardlp,emphasis_easycip,heuristics_off,emphasis_optimality
neos15,default,presolving_fast,presolving_aggressive,heuristics_aggressive,emphasis_hardlp,separating_aggressive,presolving_off,heuristics_fast,separating_fast,emphasis_easycip,emphasis_optimality,heuristics_off,emphasis_feasibility,separating_off
pk1,presolving_fast,separating_fast,presolving_aggressive,default,separating_off,separating_aggressive,heuristics_fast,heuristics_aggressive,emphasis_hardlp,emphasis_feasibility,emphasis_easycip,presolving_off,heuristics_off,emphasis_optimality
neos-957270,presolving_fast,separating_fast,separating_off,heuristics_aggressive,emphasis_hardlp,presolving_aggressive,emphasis_easycip,heuristics_fast,emphasis_feasibility,heuristics_off,default,separating_aggressive,presolving_off,emphasis_optimality
neos-831188,emphasis_feasibility,heuristics_aggressive,presolving_aggressive,separating_off,presolving_fast,presolving_off,separating_fast,default,separating_aggressive,heuristics_fast,emphasis_optimality,emphasis_easycip,heuristics_off,emphasis_hardlp
nsa,emphasis_easycip,separating_fast,emphasis_hardlp,separating_off,presolving_aggressive,presolving_fast,separating_aggressive,heuristics_aggressive,heuristics_fast,default,heuristics_off,presolving_off,emphasis_feasibility,emphasis_optimality
seymour-disj-10,separating_off,heuristics_fast,presolving_fast,presolving_aggressive,default,separating_fast,presolving_off,heuristics_aggressive,emphasis_easycip,separating_aggressive,emphasis_feasibility,heuristics_off,emphasis_hardlp,emphasis_optimality
neos-787933,separating_off,separating_fast,presolving_off,presolving_fast,separating_aggressive,presolving_aggressive,emphasis_feasibility,heuristics_aggressive,emphasis_hardlp,heuristics_fast,emphasis_easycip,heuristics_off,emphasis_optimality,default
n3div36,presolving_fast,presolving_off,heuristics_aggressive,emphasis_feasibility,default,separating_fast,presolving_aggressive,emphasis_hardlp,separating_off,heuristics_fast,emphasis_easycip,separating_aggressive,emphasis_optimality,heuristics_off
gesa2,separating_off,separating_fast,presolving_fast,default,presolving_off,presolving_aggressive,separating_aggressive,emphasis_optimality,emphasis_hardlp,heuristics_fast,heuristics_aggressive,emphasis_easycip,emphasis_feasibility,heuristics_off
germanrr,separating_fast,presolving_fast,separating_off,emphasis_feasibility,default,presolving_aggressive,heuristics_aggressive,presolving_off,separating_aggressive,emphasis_optimality,heuristics_fast,emphasis_hardlp,emphasis_easycip,heuristics_off
neos12,separating_aggressive,default,emphasis_hardlp,separating_off,presolving_fast,presolving_aggressive,separating_fast,heuristics_aggressive,heuristics_fast,emphasis_easycip,emphasis_feasibility,presolving_off,emphasis_optimality,heuristics_off
neos-824661,separating_fast,separating_off,emphasis_feasibility,presolving_aggressive,heuristics_aggressive,presolving_fast,default,separating_aggressive,presolving_off,emphasis_optimality,heuristics_fast,emphasis_hardlp,emphasis_easycip,heuristics_off
neos-555298,emphasis_feasibility,presolving_aggressive,heuristics_aggressive,separating_off,separating_fast,presolving_fast,default,separating_aggressive,presolving_off,heuristics_fast,emphasis_hardlp,emphasis_easycip,heuristics_off,emphasis_optimality
neos-1427181,separating_off,separating_fast,presolving_fast,default,presolving_aggressive,separating_aggressive,emphasis_feasibility,heuristics_aggressive,emphasis_optimality,presolving_off,heuristics_fast,emphasis_hardlp,emphasis_easycip,heuristics_off
nu60-pr9,heuristics_aggressive,default,presolving_aggressive,presolving_off,presolving_fast,separating_off,separating_aggressive,emphasis_easycip,emphasis_hardlp,separating_fast,emphasis_feasibility,heuristics_fast,emphasis_optimality,heuristics_off
p6b,emphasis_hardlp,presolving_fast,separating_off,separating_fast,default,heuristics_fast,emphasis_easycip,heuristics_aggressive,presolving_off,emphasis_feasibility,separating_aggressive,presolving_aggressive,heuristics_off,emphasis_optimality
neos-506428,separating_off,separating_fast,separating_aggressive,presolving_off,presolving_fast,presolving_aggressive,heuristics_fast,heuristics_off,heuristics_aggressive,emphasis_optimality,emphasis_hardlp,default,emphasis_feasibility,emphasis_easycip
neos-934278,separating_off,separating_fast,default,separating_aggressive,presolving_aggressive,presolving_off,heuristics_aggressive,presolving_fast,emphasis_feasibility,emphasis_optimality,heuristics_fast,emphasis_hardlp,emphasis_easycip,heuristics_off
neos-578379,emphasis_feasibility,separating_off,separating_fast,heuristics_aggressive,separating_aggressive,presolving_off,presolving_fast,presolving_aggressive,heuristics_off,heuristics_fast,emphasis_optimality,default,emphasis_hardlp,emphasis_easycip
dano3mip,presolving_aggressive,presolving_fast,separating_fast,emphasis_easycip,default,presolving_off,emphasis_hardlp,separating_off,heuristics_fast,separating_aggressive,heuristics_aggressive,emphasis_optimality,emphasis_feasibility,heuristics_off
neos-582605,separating_off,separating_fast,separating_aggressive,presolving_fast,presolving_aggressive,heuristics_aggressive,presolving_off,heuristics_fast,default,emphasis_feasibility,emphasis_hardlp,heuristics_off,emphasis_optimality,emphasis_easycip
neos-501453,separating_off,default,separating_fast,presolving_fast,presolving_aggressive,separating_aggressive,heuristics_fast,heuristics_aggressive,emphasis_optimality,presolving_off,emphasis_hardlp,emphasis_feasibility,heuristics_off,emphasis_easycip
roy,default,presolving_fast,presolving_aggressive,separating_fast,heuristics_aggressive,separating_aggressive,heuristics_fast,emphasis_hardlp,presolving_off,emphasis_feasibility,emphasis_optimality,emphasis_easycip,separating_off,heuristics_off
mkc,separating_off,presolving_fast,separating_fast,presolving_aggressive,emphasis_hardlp,presolving_off,emphasis_feasibility,emphasis_easycip,heuristics_aggressive,default,separating_aggressive,heuristics_fast,emphasis_optimality,heuristics_off
manna81,presolving_fast,separating_off,separating_fast,default,emphasis_hardlp,emphasis_feasibility,presolving_off,separating_aggressive,heuristics_aggressive,presolving_aggressive,emphasis_easycip,heuristics_fast,emphasis_optimality,heuristics_off
neos-1451294,emphasis_hardlp,emphasis_feasibility,separating_fast,presolving_fast,default,presolving_aggressive,heuristics_aggressive,heuristics_fast,separating_aggressive,presolving_off,emphasis_easycip,separating_off,heuristics_off,emphasis_optimality
neos-1056905,separating_fast,presolving_fast,presolving_aggressive,emphasis_feasibility,separating_off,separating_aggressive,default,heuristics_aggressive,presolving_off,emphasis_hardlp,emphasis_easycip,emphasis_optimality,heuristics_fast,heuristics_off
rmine21,presolving_off,presolving_fast,emphasis_hardlp,emphasis_easycip,separating_off,separating_fast,heuristics_aggressive,emphasis_feasibility,default,separating_aggressive,heuristics_fast,presolving_aggressive,emphasis_optimality,heuristics_off
pb-simp-nonunif,separating_off,presolving_aggressive,separating_fast,presolving_fast,heuristics_aggressive,separating_aggressive,default,emphasis_feasibility,heuristics_fast,emphasis_hardlp,presolving_off,emphasis_easycip,heuristics_off,emphasis_optimality
neos-1445743,separating_fast,separating_off,emphasis_feasibility,heuristics_aggressive,default,emphasis_optimality,heuristics_fast,separating_aggressive,heuristics_off,emphasis_hardlp,presolving_off,presolving_fast,emphasis_easycip,presolving_aggressive
ns1663818,separating_off,separating_fast,separating_aggressive,presolving_off,presolving_fast,presolving_aggressive,heuristics_off,heuristics_fast,heuristics_aggressive,emphasis_optimality,emphasis_hardlp,emphasis_feasibility,emphasis_easycip,default
shipsched,separating_fast,separating_off,presolving_fast,presolving_aggressive,presolving_off,emphasis_easycip,default,separating_aggressive,heuristics_aggressive,emphasis_hardlp,heuristics_fast,emphasis_feasibility,emphasis_optimality,heuristics_off
neos-826250,heuristics_aggressive,emphasis_feasibility,default,separating_off,presolving_fast,separating_fast,presolving_aggressive,separating_aggressive,presolving_off,emphasis_optimality,emphasis_hardlp,heuristics_fast,emphasis_easycip,heuristics_off
neos-830439,separating_fast,presolving_aggressive,separating_aggressive,presolving_fast,emphasis_hardlp,emphasis_easycip,heuristics_aggressive,separating_off,default,heuristics_fast,presolving_off,emphasis_feasibility,heuristics_off,emphasis_optimality
neos-796608,separating_off,presolving_fast,separating_fast,default,presolving_off,presolving_aggressive,heuristics_aggressive,emphasis_feasibility,emphasis_hardlp,separating_aggressive,heuristics_fast,emphasis_optimality,emphasis_easycip,heuristics_off
atlanta-ip,presolving_fast,presolving_aggressive,default,presolving_off,heuristics_fast,emphasis_hardlp,heuristics_aggressive,separating_fast,separating_aggressive,emphasis_easycip,separating_off,emphasis_optimality,emphasis_feasibility,heuristics_off
neos-1436709,separating_off,separating_fast,presolving_fast,default,presolving_aggressive,separating_aggressive,heuristics_aggressive,emphasis_optimality,emphasis_feasibility,presolving_off,heuristics_fast,emphasis_hardlp,emphasis_easycip,heuristics_off
blend2,separating_fast,separating_off,presolving_fast,heuristics_aggressive,default,presolving_aggressive,emphasis_feasibility,presolving_off,emphasis_hardlp,separating_aggressive,heuristics_fast,emphasis_easycip,emphasis_optimality,heuristics_off
tanglegram2,separating_aggressive,presolving_aggressive,default,presolving_fast,heuristics_aggressive,separating_fast,presolving_off,heuristics_fast,emphasis_easycip,emphasis_feasibility,separating_off,emphasis_optimality,heuristics_off,emphasis_hardlp
