neos-825075,separating_fast,default,presolving_fast,heuristics_fast,presolving_aggressive,heuristics_aggressive,emphasis_hardlp,separating_aggressive,separating_off,emphasis_feasibility,emphasis_easycip,presolving_off,heuristics_off,emphasis_optimality
neos-584146,presolving_fast,default,separating_fast,presolving_aggressive,separating_aggressive,heuristics_aggressive,presolving_off,heuristics_fast,emphasis_feasibility,separating_off,emphasis_hardlp,emphasis_easycip,emphasis_optimality,heuristics_off
ns1830653,default,separating_fast,presolving_aggressive,presolving_fast,emphasis_hardlp,heuristics_fast,emphasis_feasibility,heuristics_aggressive,emphasis_easycip,separating_aggressive,separating_off,heuristics_off,presolving_off,emphasis_optimality
neos-950242,emphasis_feasibility,default,presolving_fast,presolving_aggressive,separating_fast,separating_off,heuristics_aggressive,emphasis_hardlp,separating_aggressive,heuristics_fast,emphasis_easycip,heuristics_off,presolving_off,emphasis_optimality
neos-956971,presolving_fast,separating_off,presolving_off,emphasis_feasibility,separating_fast,heuristics_aggressive,emphasis_hardlp,presolving_aggressive,emphasis_easycip,default,separating_aggressive,emphasis_optimality,heuristics_fast,heuristics_off
neos-501453,heuristics_fast,presolving_fast,separating_fast,emphasis_hardlp,default,presolving_aggressive,separating_off,presolving_off,emphasis_easycip,heuristics_off,separating_aggressive,emphasis_optimality,emphasis_feasibility,heuristics_aggressive
a1c1s1,default,presolving_aggressive,presolving_fast,heuristics_aggressive,separating_aggressive,separating_fast,presolving_off,emphasis_hardlp,emphasis_feasibility,heuristics_fast,emphasis_easycip,separating_off,emphasis_optimality,heuristics_off
neos-941782,emphasis_feasibility,separating_fast,presolving_aggressive,default,heuristics_aggressive,presolving_fast,emphasis_hardlp,heuristics_fast,emphasis_easycip,separating_off,presolving_off,separating_aggressive,heuristics_off,emphasis_optimality
neos-1456979,separating_off,separating_fast,presolving_aggressive,emphasis_feasibility,default,presolving_fast,heuristics_aggressive,presolving_off,separating_aggressive,emphasis_hardlp,emphasis_easycip,heuristics_fast,emphasis_optimality,heuristics_off
neos-582605,presolving_fast,default,presolving_aggressive,separating_aggressive,separating_fast,heuristics_aggressive,separating_off,emphasis_feasibility,presolving_off,emphasis_hardlp,heuristics_fast,emphasis_easycip,emphasis_optimality,heuristics_off
aligninq,default,presolving_aggressive,heuristics_aggressive,presolving_fast,separating_fast,presolving_off,emphasis_feasibility,separating_off,separating_aggressive,heuristics_fast,emphasis_hardlp,emphasis_easycip,emphasis_optimality,heuristics_off
neos-631517,default,presolving_fast,separating_fast,presolving_aggressive,presolving_off,heuristics_aggressive,emphasis_feasibility,emphasis_hardlp,separating_aggressive,separating_off,emphasis_optimality,heuristics_fast,emphasis_easycip,heuristics_off
mzzv42z,emphasis_feasibility,heuristics_aggressive,default,separating_off,separating_fast,presolving_fast,separating_aggressive,heuristics_fast,emphasis_easycip,presolving_off,presolving_aggressive,emphasis_optimality,emphasis_hardlp,heuristics_off
neos-1427261,presolving_fast,heuristics_aggressive,emphasis_feasibility,presolving_aggressive,separating_off,separating_fast,separating_aggressive,default,emphasis_optimality,presolving_off,emphasis_hardlp,emphasis_easycip,heuristics_fast,heuristics_off
neos-512201,heuristics_off,separating_fast,presolving_fast,heuristics_aggressive,emphasis_hardlp,heuristics_fast,presolving_aggressive,emphasis_easycip,separating_aggressive,default,presolving_off,separating_off,emphasis_feasibility,emphasis_optimality
neos-1620807,separating_fast,separating_aggressive,presolving_fast,presolving_aggressive,default,heuristics_fast,emphasis_easycip,heuristics_off,heuristics_aggressive,separating_off,emphasis_optimality,emphasis_hardlp,presolving_off,emphasis_feasibility
satellites3-40-fs,presolving_fast,separating_off,default,separating_fast,emphasis_hardlp,presolving_off,heuristics_aggressive,emphasis_feasibility,emphasis_easycip,emphasis_optimality,presolving_aggressive,heuristics_fast,separating_aggressive,heuristics_off
neos-935348,separating_off,separating_aggressive,separating_fast,default,presolving_fast,presolving_off,presolving_aggressive,emphasis_feasibility,heuristics_aggressive,emphasis_optimality,emphasis_easycip,emphasis_hardlp,heuristics_fast,heuristics_off
neos-914441,emphasis_feasibility,presolving_fast,presolving_off,heuristics_aggressive,default,emphasis_hardlp,separating_fast,separating_off,emphasis_easycip,heuristics_fast,separating_aggressive,emphasis_optimality,presolving_aggressive,heuristics_off
ns1853823,presolving_off,presolving_fast,emphasis_hardlp,emphasis_easycip,default,heuristics_aggressive,separating_fast,separating_off,presolving_aggressive,emphasis_feasibility,heuristics_fast,emphasis_optimality,separating_aggressive,heuristics_off
neos-501474,presolving_fast,default,presolving_aggressive,heuristics_fast,separating_fast,separating_off,heuristics_aggressive,emphasis_hardlp,separating_aggressive,presolving_off,emphasis_easycip,emphasis_optimality,emphasis_feasibility,heuristics_off
neos-555927,presolving_fast,emphasis_feasibility,presolving_aggressive,heuristics_aggressive,presolving_off,default,separating_fast,separating_off,separating_aggressive,emphasis_hardlp,heuristics_fast,emphasis_easycip,heuristics_off,emphasis_optimality
bnatt400,default,presolving_aggressive,separating_aggressive,presolving_off,presolving_fast,heuristics_aggressive,separating_fast,heuristics_fast,separating_off,emphasis_feasibility,emphasis_easycip,emphasis_optimality,emphasis_hardlp,heuristics_off
maxgasflow,emphasis_feasibility,separating_fast,presolving_off,emphasis_hardlp,presolving_fast,presolving_aggressive,heuristics_aggressive,default,emphasis_easycip,separating_off,separating_aggressive,emphasis_optimality,heuristics_fast,heuristics_off
markshare2,heuristics_fast,emphasis_hardlp,separating_off,emphasis_feasibility,emphasis_easycip,default,separating_fast,separating_aggressive,presolving_off,presolving_fast,presolving_aggressive,heuristics_off,emphasis_optimality,heuristics_aggressive
t1717,separating_fast,emphasis_feasibility,separating_off,heuristics_aggressive,default,presolving_aggressive,presolving_fast,separating_aggressive,presolving_off,heuristics_fast,emphasis_hardlp,emphasis_optimality,emphasis_easycip,heuristics_off
sp97ic,presolving_fast,separating_fast,presolving_aggressive,default,heuristics_aggressive,separating_off,presolving_off,emphasis_feasibility,separating_aggressive,emphasis_hardlp,heuristics_fast,emphasis_easycip,emphasis_optimality,heuristics_off
bley_xl1,emphasis_hardlp,separating_fast,presolving_fast,separating_off,emphasis_feasibility,emphasis_easycip,default,presolving_aggressive,heuristics_aggressive,separating_aggressive,heuristics_fast,presolving_off,emphasis_optimality,heuristics_off
neos-1208135,emphasis_feasibility,separating_off,default,heuristics_aggressive,heuristics_off,heuristics_fast,presolving_off,presolving_aggressive,emphasis_easycip,separating_fast,separating_aggressive,presolving_fast,emphasis_hardlp,emphasis_optimality
co-100,separating_fast,presolving_fast,default,separating_off,heuristics_aggressive,emphasis_hardlp,presolving_aggressive,emphasis_feasibility,presolving_off,emphasis_easycip,heuristics_fast,separating_aggressive,emphasis_optimality,heuristics_off
air04,heuristics_aggressive,emphasis_feasibility,separating_fast,default,separating_off,presolving_aggressive,presolving_fast,separating_aggressive,emphasis_hardlp,heuristics_fast,presolving_off,heuristics_off,emphasis_optimality,emphasis_easycip
neos-595925,separating_fast,emphasis_feasibility,separating_off,presolving_fast,default,presolving_aggressive,heuristics_aggressive,separating_aggressive,heuristics_fast,emphasis_optimality,presolving_off,heuristics_off,emphasis_hardlp,emphasis_easycip
momentum1,separating_fast,separating_off,presolving_fast,emphasis_feasibility,presolving_off,default,presolving_aggressive,emphasis_hardlp,separating_aggressive,heuristics_aggressive,emphasis_easycip,heuristics_fast,emphasis_optimality,heuristics_off
neos-631694,emphasis_feasibility,presolving_aggressive,heuristics_aggressive,presolving_fast,separating_off,separating_aggressive,emphasis_hardlp,default,separating_fast,presolving_off,heuristics_fast,emphasis_easycip,emphasis_optimality,heuristics_off
neos-911880,separating_aggressive,heuristics_aggressive,default,presolving_aggressive,presolving_fast,separating_fast,emphasis_optimality,presolving_off,heuristics_fast,emphasis_hardlp,separating_off,emphasis_feasibility,heuristics_off,emphasis_easycip
air03,default,separating_fast,separating_off,presolving_aggressive,presolving_fast,heuristics_aggressive,emphasis_feasibility,emphasis_hardlp,heuristics_fast,emphasis_easycip,presolving_off,separating_aggressive,heuristics_off,emphasis_optimality
neos-504815,separating_fast,presolving_fast,heuristics_aggressive,presolving_aggressive,heuristics_fast,emphasis_hardlp,heuristics_off,emphasis_easycip,default,separating_aggressive,presolving_off,separating_off,emphasis_feasibility,emphasis_optimality
neos-1440457,separating_off,presolving_off,separating_fast,presolving_fast,emphasis_feasibility,heuristics_aggressive,default,presolving_aggressive,separating_aggressive,emphasis_optimality,emphasis_hardlp,heuristics_fast,emphasis_easycip,heuristics_off
sing2,separating_off,separating_fast,presolving_fast,emphasis_feasibility,heuristics_aggressive,default,emphasis_hardlp,presolving_off,presolving_aggressive,separating_aggressive,emphasis_easycip,heuristics_fast,emphasis_optimality,heuristics_off
rococoC10-001000,default,emphasis_feasibility,separating_fast,heuristics_aggressive,presolving_aggressive,heuristics_fast,separating_off,presolving_fast,emphasis_easycip,separating_aggressive,emphasis_hardlp,presolving_off,emphasis_optimality,heuristics_off
neos-801834,separating_fast,default,presolving_fast,presolving_aggressive,emphasis_feasibility,heuristics_aggressive,separating_off,separating_aggressive,emphasis_hardlp,emphasis_easycip,heuristics_fast,presolving_off,heuristics_off,emphasis_optimality
neos-611838,heuristics_fast,presolving_off,presolving_fast,default,presolving_aggressive,heuristics_aggressive,emphasis_hardlp,separating_aggressive,emphasis_optimality,heuristics_off,emphasis_easycip,separating_fast,separating_off,emphasis_feasibility
rd-rplusc-21,separating_off,separating_fast,presolving_fast,emphasis_hardlp,presolving_aggressive,emphasis_feasibility,presolving_off,default,emphasis_easycip,emphasis_optimality,separating_aggressive,heuristics_fast,heuristics_aggressive,heuristics_off
momentum3,separating_fast,presolving_fast,separating_off,presolving_off,default,presolving_aggressive,emphasis_hardlp,emphasis_feasibility,heuristics_aggressive,emphasis_easycip,heuristics_fast,separating_aggressive,emphasis_optimality,heuristics_off
neos-824695,separating_off,emphasis_feasibility,heuristics_aggressive,presolving_fast,presolving_aggressive,separating_fast,default,separating_aggressive,emphasis_optimality,emphasis_hardlp,emphasis_easycip,presolving_off,heuristics_fast,heuristics_off
sct5,separating_off,presolving_fast,separating_fast,emphasis_feasibility,default,presolving_off,presolving_aggressive,heuristics_aggressive,separating_aggressive,emphasis_easycip,heuristics_fast,emphasis_hardlp,emphasis_optimality,heuristics_off
bell5,separating_fast,separating_off,default,heuristics_fast,presolving_aggressive,separating_aggressive,emphasis_optimality,emphasis_hardlp,emphasis_easycip,presolving_fast,emphasis_feasibility,heuristics_aggressive,heuristics_off,presolving_off
neos-957143,presolving_fast,separating_off,presolving_off,emphasis_feasibility,separating_fast,heuristics_aggressive,emphasis_hardlp,presolving_aggressive,emphasis_easycip,default,separating_aggressive,emphasis_optimality,heuristics_fast,heuristics_off
neos-631164,presolving_fast,default,separating_fast,presolving_aggressive,presolving_off,heuristics_aggressive,emphasis_feasibility,separating_aggressive,emphasis_hardlp,separating_off,emphasis_optimality,heuristics_fast,emphasis_easycip,heuristics_off
danoint,presolving_fast,separating_fast,default,emphasis_feasibility,heuristics_aggressive,presolving_off,presolving_aggressive,separating_aggressive,separating_off,heuristics_fast,emphasis_hardlp,emphasis_easycip,heuristics_off,emphasis_optimality
pp08a,separating_fast,emphasis_hardlp,presolving_aggressive,heuristics_fast,default,presolving_fast,emphasis_easycip,presolving_off,separating_aggressive,heuristics_aggressive,emphasis_optimality,heuristics_off,emphasis_feasibility,separating_off
neos-1171692,emphasis_feasibility,separating_fast,presolving_fast,heuristics_aggressive,separating_off,default,presolving_off,presolving_aggressive,separating_aggressive,emphasis_optimality,emphasis_hardlp,emphasis_easycip,heuristics_fast,heuristics_off
neos-847051,presolving_fast,separating_fast,default,presolving_aggressive,heuristics_aggressive,separating_aggressive,presolving_off,emphasis_feasibility,separating_off,emphasis_optimality,emphasis_hardlp,emphasis_easycip,heuristics_fast,heuristics_off
gmut-75-50,emphasis_hardlp,heuristics_aggressive,heuristics_fast,emphasis_easycip,presolving_off,separating_off,default,emphasis_feasibility,separating_fast,presolving_fast,presolving_aggressive,separating_aggressive,emphasis_optimality,heuristics_off
bnatt350,default,presolving_aggressive,separating_aggressive,presolving_off,presolving_fast,heuristics_aggressive,separating_fast,heuristics_fast,emphasis_feasibility,emphasis_easycip,separating_off,emphasis_optimality,emphasis_hardlp,heuristics_off
noswot,emphasis_hardlp,separating_fast,default,heuristics_fast,presolving_aggressive,separating_off,presolving_fast,separating_aggressive,heuristics_off,emphasis_easycip,heuristics_aggressive,emphasis_feasibility,presolving_off,emphasis_optimality
neos-738098,emphasis_feasibility,presolving_fast,separating_off,separating_fast,heuristics_aggressive,default,presolving_aggressive,presolving_off,separating_aggressive,emphasis_hardlp,emphasis_easycip,heuristics_fast,emphasis_optimality,heuristics_off
pb-simp-nonunif,default,separating_off,presolving_aggressive,emphasis_feasibility,presolving_fast,separating_fast,heuristics_aggressive,presolving_off,heuristics_fast,emphasis_hardlp,emphasis_easycip,separating_aggressive,emphasis_optimality,heuristics_off
ns1208400,emphasis_feasibility,heuristics_aggressive,default,separating_fast,separating_aggressive,presolving_aggressive,presolving_off,presolving_fast,heuristics_fast,emphasis_hardlp,separating_off,emphasis_easycip,emphasis_optimality,heuristics_off
tanglegram2,presolving_aggressive,default,separating_aggressive,heuristics_fast,presolving_off,heuristics_aggressive,separating_fast,presolving_fast,emphasis_easycip,separating_off,emphasis_feasibility,heuristics_off,emphasis_optimality,emphasis_hardlp
neos-1281048,emphasis_hardlp,separating_aggressive,presolving_fast,default,presolving_aggressive,separating_fast,heuristics_aggressive,heuristics_fast,presolving_off,emphasis_feasibility,heuristics_off,emphasis_easycip,emphasis_optimality,separating_off
