sp97ic,presolving_fast,separating_off,separating_fast,presolving_off,presolving_aggressive,default,separating_aggressive,heuristics_fast,heuristics_aggressive,emphasis_hardlp,emphasis_easycip,emphasis_feasibility,heuristics_off,emphasis_optimality
neos-850681,emphasis_feasibility,heuristics_fast,emphasis_hardlp,emphasis_easycip,presolving_aggressive,heuristics_off,heuristics_aggressive,separating_fast,presolving_fast,presolving_off,default,separating_off,separating_aggressive,emphasis_optimality
haprp,separating_off,separating_fast,presolving_aggressive,default,separating_aggressive,presolving_fast,heuristics_aggressive,heuristics_fast,emphasis_optimality,emphasis_feasibility,presolving_off,emphasis_hardlp,emphasis_easycip,heuristics_off
neos-1053234,separating_off,emphasis_feasibility,separating_fast,presolving_aggressive,presolving_fast,heuristics_aggressive,default,separating_aggressive,presolving_off,emphasis_optimality,emphasis_hardlp,emphasis_easycip,heuristics_fast,heuristics_off
neos-806323,presolving_fast,separating_off,default,separating_fast,presolving_aggressive,heuristics_aggressive,separating_aggressive,presolving_off,emphasis_feasibility,heuristics_fast,emphasis_hardlp,emphasis_easycip,heuristics_off,emphasis_optimality
reblock354,emphasis_hardlp,separating_off,presolving_off,presolving_fast,separating_fast,default,emphasis_feasibility,heuristics_aggressive,heuristics_fast,emphasis_easycip,separating_aggressive,presolving_aggressive,heuristics_off,emphasis_optimality
pk1,presolving_fast,separating_fast,presolving_aggressive,separating_off,default,separating_aggressive,heuristics_fast,heuristics_aggressive,emphasis_hardlp,emphasis_easycip,emphasis_feasibility,presolving_off,heuristics_off,emphasis_optimality
neos-941717,presolving_fast,default,emphasis_hardlp,emphasis_feasibility,separating_fast,presolving_aggressive,heuristics_aggressive,separating_aggressive,heuristics_fast,emphasis_easycip,presolving_off,separating_off,heuristics_off,emphasis_optimality
neos-1467067,separating_off,separating_fast,presolving_fast,presolving_off,presolving_aggressive,default,separating_aggressive,emphasis_feasibility,heuristics_aggressive,emphasis_optimality,emphasis_hardlp,heuristics_fast,emphasis_easycip,heuristics_off
d20200,separating_fast,separating_off,separating_aggressive,presolving_fast,emphasis_feasibility,heuristics_aggressive,presolving_off,presolving_aggressive,heuristics_fast,emphasis_hardlp,heuristics_off,default,emphasis_optimality,emphasis_easycip
neos-933550,presolving_fast,separating_off,separating_fast,heuristics_aggressive,emphasis_hardlp,emphasis_feasibility,separating_aggressive,presolving_aggressive,default,presolving_off,heuristics_fast,emphasis_easycip,heuristics_off,emphasis_optimality
ds-big,default,separating_fast,presolving_aggressive,heuristics_aggressive,separating_off,emphasis_feasibility,presolving_fast,separating_aggressive,heuristics_fast,emphasis_hardlp,presolving_off,emphasis_easycip,emphasis_optimality,heuristics_off
neos-584866,separating_off,separating_fast,separating_aggressive,presolving_fast,presolving_aggressive,emphasis_hardlp,emphasis_easycip,default,presolving_off,heuristics_aggressive,heuristics_fast,heuristics_off,emphasis_feasibility,emphasis_optimality
neos-506428,separating_off,separating_fast,separating_aggressive,presolving_off,presolving_fast,presolving_aggressive,heuristics_fast,heuristics_off,heuristics_aggressive,emphasis_optimality,emphasis_hardlp,emphasis_feasibility,default,emphasis_easycip
t1717,emphasis_feasibility,heuristics_aggressive,separating_fast,default,presolving_aggressive,separating_off,presolving_fast,separating_aggressive,presolving_off,heuristics_fast,emphasis_hardlp,heuristics_off,emphasis_optimality,emphasis_easycip
neos-1442119,separating_off,separating_fast,presolving_fast,default,presolving_aggressive,separating_aggressive,presolving_off,emphasis_feasibility,heuristics_aggressive,emphasis_optimality,heuristics_fast,emphasis_hardlp,emphasis_easycip,heuristics_off
set3-15,default,separating_aggressive,presolving_fast,presolving_aggressive,heuristics_aggressive,separating_fast,presolving_off,emphasis_optimality,heuristics_fast,emphasis_hardlp,emphasis_easycip,emphasis_feasibility,separating_off,heuristics_off
markshare2,separating_off,separating_fast,separating_aggressive,presolving_off,presolving_fast,presolving_aggressive,heuristics_off,heuristics_fast,heuristics_aggressive,emphasis_optimality,emphasis_hardlp,emphasis_feasibility,emphasis_easycip,default
bell3a,presolving_aggressive,default,separating_aggressive,separating_fast,presolving_fast,heuristics_fast,emphasis_optimality,separating_off,heuristics_aggressive,emphasis_hardlp,presolving_off,emphasis_easycip,heuristics_off,emphasis_feasibility
neos-1426635,presolving_off,separating_fast,separating_off,presolving_fast,emphasis_feasibility,default,separating_aggressive,presolving_aggressive,heuristics_aggressive,emphasis_optimality,emphasis_hardlp,heuristics_fast,emphasis_easycip,heuristics_off
uc-case11,separating_fast,separating_off,presolving_fast,presolving_aggressive,emphasis_feasibility,heuristics_aggressive,default,presolving_off,separating_aggressive,heuristics_fast,emphasis_optimality,emphasis_hardlp,emphasis_easycip,heuristics_off
neos-937446,separating_off,presolving_fast,separating_aggressive,presolving_off,separating_fast,default,presolving_aggressive,heuristics_aggressive,emphasis_feasibility,emphasis_easycip,emphasis_hardlp,heuristics_fast,emphasis_optimality,heuristics_off
blend2,separating_fast,presolving_fast,default,heuristics_aggressive,separating_off,presolving_off,presolving_aggressive,emphasis_feasibility,emphasis_hardlp,separating_aggressive,heuristics_fast,emphasis_easycip,heuristics_off,emphasis_optimality
rlp1,separating_aggressive,presolving_aggressive,heuristics_aggressive,default,separating_fast,presolving_fast,emphasis_feasibility,emphasis_optimality,separating_off,presolving_off,emphasis_hardlp,heuristics_fast,emphasis_easycip,heuristics_off
neos-691073,separating_fast,presolving_fast,heuristics_aggressive,emphasis_feasibility,separating_aggressive,default,separating_off,presolving_aggressive,presolving_off,emphasis_optimality,heuristics_fast,emphasis_hardlp,heuristics_off,emphasis_easycip
neos-1437164,separating_fast,presolving_fast,presolving_aggressive,default,heuristics_aggressive,separating_off,separating_aggressive,heuristics_fast,emphasis_hardlp,emphasis_easycip,presolving_off,emphasis_feasibility,heuristics_off,emphasis_optimality
neos-1413153,separating_off,separating_fast,emphasis_hardlp,emphasis_easycip,presolving_fast,default,presolving_off,emphasis_feasibility,heuristics_aggressive,presolving_aggressive,heuristics_fast,separating_aggressive,emphasis_optimality,heuristics_off
eilA101-2,separating_off,separating_fast,default,presolving_aggressive,heuristics_off,heuristics_fast,heuristics_aggressive,presolving_fast,emphasis_hardlp,emphasis_easycip,emphasis_feasibility,presolving_off,separating_aggressive,emphasis_optimality
nsrand-ipx,separating_fast,heuristics_aggressive,emphasis_feasibility,default,presolving_fast,presolving_aggressive,heuristics_fast,separating_aggressive,emphasis_easycip,separating_off,emphasis_hardlp,presolving_off,heuristics_off,emphasis_optimality
qap10,presolving_fast,separating_fast,default,emphasis_feasibility,heuristics_aggressive,separating_off,emphasis_easycip,presolving_off,presolving_aggressive,emphasis_hardlp,heuristics_fast,separating_aggressive,heuristics_off,emphasis_optimality
tr12-30,presolving_fast,default,presolving_aggressive,emphasis_hardlp,separating_fast,heuristics_aggressive,presolving_off,separating_aggressive,heuristics_fast,emphasis_easycip,emphasis_optimality,emphasis_feasibility,heuristics_off,separating_off
neos-785899,presolving_fast,presolving_off,separating_fast,emphasis_easycip,separating_off,presolving_aggressive,heuristics_fast,emphasis_hardlp,default,heuristics_aggressive,emphasis_feasibility,separating_aggressive,heuristics_off,emphasis_optimality
newdano,separating_off,emphasis_hardlp,heuristics_fast,emphasis_easycip,presolving_fast,separating_fast,emphasis_feasibility,default,presolving_aggressive,heuristics_aggressive,heuristics_off,separating_aggressive,emphasis_optimality,presolving_off
neos-585192,default,separating_fast,presolving_aggressive,separating_off,heuristics_fast,emphasis_feasibility,heuristics_off,heuristics_aggressive,separating_aggressive,emphasis_optimality,presolving_fast,emphasis_easycip,emphasis_hardlp,presolving_off
neos-826250,emphasis_feasibility,separating_off,separating_fast,heuristics_aggressive,presolving_fast,presolving_off,default,separating_aggressive,presolving_aggressive,emphasis_hardlp,heuristics_fast,emphasis_easycip,heuristics_off,emphasis_optimality
neos-885524,presolving_fast,presolving_off,heuristics_fast,default,presolving_aggressive,emphasis_hardlp,separating_fast,heuristics_aggressive,separating_aggressive,emphasis_easycip,emphasis_optimality,heuristics_off,separating_off,emphasis_feasibility
neos-933966,separating_off,presolving_fast,separating_fast,default,separating_aggressive,presolving_off,presolving_aggressive,heuristics_aggressive,emphasis_feasibility,emphasis_hardlp,emphasis_easycip,emphasis_optimality,heuristics_fast,heuristics_off
neos-709469,emphasis_hardlp,separating_aggressive,presolving_fast,separating_fast,emphasis_easycip,default,presolving_aggressive,emphasis_feasibility,heuristics_fast,separating_off,heuristics_off,heuristics_aggressive,presolving_off,emphasis_optimality
ger50_17_trans,heuristics_aggressive,default,presolving_aggressive,emphasis_feasibility,separating_off,separating_fast,presolving_fast,separating_aggressive,presolving_off,heuristics_fast,emphasis_hardlp,emphasis_optimality,emphasis_easycip,heuristics_off
neos-1439395,separating_off,separating_fast,presolving_fast,default,presolving_aggressive,separating_aggressive,heuristics_fast,emphasis_feasibility,heuristics_aggressive,emphasis_optimality,presolving_off,emphasis_hardlp,emphasis_easycip,heuristics_off
neos-1601936,default,separating_fast,presolving_aggressive,emphasis_feasibility,separating_aggressive,presolving_fast,heuristics_aggressive,emphasis_hardlp,emphasis_easycip,separating_off,heuristics_off,heuristics_fast,presolving_off,emphasis_optimality
pigeon-19,separating_fast,presolving_aggressive,emphasis_easycip,separating_off,separating_aggressive,emphasis_hardlp,emphasis_feasibility,heuristics_aggressive,presolving_fast,presolving_off,default,emphasis_optimality,heuristics_fast,heuristics_off
aflow40b,heuristics_aggressive,presolving_fast,presolving_aggressive,default,separating_aggressive,heuristics_fast,presolving_off,emphasis_optimality,emphasis_hardlp,separating_fast,emphasis_easycip,emphasis_feasibility,heuristics_off,separating_off
neos-933638,separating_off,presolving_fast,separating_fast,default,separating_aggressive,presolving_off,presolving_aggressive,heuristics_aggressive,emphasis_feasibility,emphasis_hardlp,emphasis_easycip,emphasis_optimality,heuristics_fast,heuristics_off
bienst1,presolving_fast,separating_fast,separating_off,emphasis_hardlp,emphasis_easycip,default,emphasis_feasibility,heuristics_aggressive,separating_aggressive,presolving_off,presolving_aggressive,heuristics_fast,heuristics_off,emphasis_optimality
opm2-z12-s14,presolving_off,presolving_fast,emphasis_hardlp,emphasis_easycip,separating_off,separating_fast,heuristics_aggressive,default,emphasis_feasibility,heuristics_fast,emphasis_optimality,separating_aggressive,presolving_aggressive,heuristics_off
probportfolio,separating_off,emphasis_hardlp,presolving_off,emphasis_easycip,emphasis_feasibility,separating_fast,presolving_fast,heuristics_fast,default,separating_aggressive,heuristics_aggressive,presolving_aggressive,emphasis_optimality,heuristics_off
neos-544324,separating_off,separating_fast,default,presolving_fast,presolving_aggressive,separating_aggressive,heuristics_aggressive,presolving_off,emphasis_hardlp,emphasis_feasibility,heuristics_fast,heuristics_off,emphasis_optimality,emphasis_easycip
neos-892255,separating_off,separating_fast,presolving_off,presolving_fast,presolving_aggressive,separating_aggressive,heuristics_fast,heuristics_aggressive,emphasis_feasibility,heuristics_off,emphasis_hardlp,emphasis_optimality,default,emphasis_easycip
neos-1109824,emphasis_hardlp,presolving_fast,emphasis_feasibility,separating_fast,emphasis_easycip,presolving_aggressive,default,heuristics_aggressive,separating_off,presolving_off,heuristics_off,heuristics_fast,separating_aggressive,emphasis_optimality
stp3d,presolving_off,presolving_fast,separating_off,separating_fast,default,presolving_aggressive,heuristics_aggressive,separating_aggressive,emphasis_feasibility,emphasis_easycip,heuristics_fast,emphasis_hardlp,emphasis_optimality,heuristics_off
neos-826224,emphasis_feasibility,separating_off,separating_fast,heuristics_aggressive,presolving_off,presolving_fast,separating_aggressive,default,presolving_aggressive,emphasis_hardlp,heuristics_fast,emphasis_optimality,heuristics_off,emphasis_easycip
neos-1436713,separating_off,separating_fast,presolving_fast,default,emphasis_feasibility,separating_aggressive,heuristics_aggressive,presolving_aggressive,presolving_off,emphasis_optimality,emphasis_hardlp,heuristics_fast,emphasis_easycip,heuristics_off
fast0507,separating_off,separating_fast,default,presolving_aggressive,presolving_off,presolving_fast,heuristics_aggressive,separating_aggressive,heuristics_fast,emphasis_feasibility,emphasis_easycip,emphasis_optimality,emphasis_hardlp,heuristics_off
rail507,separating_off,separating_fast,default,presolving_aggressive,presolving_off,presolving_fast,separating_aggressive,heuristics_aggressive,emphasis_feasibility,heuristics_fast,emphasis_easycip,emphasis_optimality,emphasis_hardlp,heuristics_off
sts729,heuristics_fast,separating_off,emphasis_easycip,presolving_off,presolving_fast,separating_fast,presolving_aggressive,default,separating_aggressive,heuristics_aggressive,heuristics_off,emphasis_hardlp,emphasis_feasibility,emphasis_optimality
momentum3,separating_fast,separating_off,presolving_off,presolving_fast,separating_aggressive,presolving_aggressive,heuristics_aggressive,emphasis_feasibility,emphasis_optimality,heuristics_fast,heuristics_off,emphasis_hardlp,emphasis_easycip,default
germany50-DBM,presolving_fast,presolving_aggressive,default,heuristics_fast,presolving_off,separating_aggressive,heuristics_aggressive,separating_fast,emphasis_hardlp,emphasis_easycip,separating_off,heuristics_off,emphasis_optimality,emphasis_feasibility
neos-1417043,presolving_fast,presolving_aggressive,default,heuristics_fast,presolving_off,separating_fast,heuristics_aggressive,emphasis_hardlp,emphasis_easycip,separating_off,separating_aggressive,emphasis_feasibility,heuristics_off,emphasis_optimality
neos-1616732,heuristics_fast,separating_off,separating_fast,emphasis_easycip,presolving_fast,presolving_aggressive,default,presolving_off,heuristics_aggressive,separating_aggressive,heuristics_off,emphasis_hardlp,emphasis_feasibility,emphasis_optimality
neos-631694,separating_aggressive,heuristics_aggressive,emphasis_hardlp,emphasis_feasibility,default,presolving_fast,presolving_aggressive,separating_off,separating_fast,presolving_off,heuristics_fast,emphasis_easycip,emphasis_optimality,heuristics_off
