lseu,default,emphasis_easycip,emphasis_hardlp,presolving_aggressive,separating_fast,presolving_fast,heuristics_fast,emphasis_feasibility,heuristics_aggressive,presolving_off,heuristics_off,separating_aggressive,emphasis_optimality,separating_off
neos-933550,separating_fast,separating_aggressive,separating_off,heuristics_fast,default,heuristics_off,emphasis_optimality,presolving_aggressive,heuristics_aggressive,emphasis_feasibility,emphasis_hardlp,presolving_fast,emphasis_easycip,presolving_off
neos-931538,presolving_fast,default,separating_fast,presolving_aggressive,heuristics_aggressive,emphasis_feasibility,separating_off,separating_aggressive,presolving_off,emphasis_hardlp,heuristics_fast,emphasis_optimality,emphasis_easycip,heuristics_off
neos-495307,default,presolving_fast,emphasis_hardlp,heuristics_aggressive,separating_off,separating_fast,separating_aggressive,emphasis_optimality,emphasis_feasibility,heuristics_fast,presolving_off,emphasis_easycip,presolving_aggressive,heuristics_off
neos15,presolving_fast,emphasis_hardlp,default,presolving_aggressive,separating_aggressive,heuristics_aggressive,heuristics_fast,emphasis_easycip,separating_fast,presolving_off,emphasis_feasibility,emphasis_optimality,separating_off,heuristics_off
neos-941782,separating_fast,separating_aggressive,default,presolving_fast,emphasis_feasibility,presolving_aggressive,heuristics_aggressive,separating_off,emphasis_hardlp,heuristics_fast,presolving_off,heuristics_off,emphasis_easycip,emphasis_optimality
t1717,separating_fast,emphasis_feasibility,heuristics_aggressive,default,separating_off,separating_aggressive,presolving_fast,presolving_aggressive,presolving_off,emphasis_optimality,heuristics_fast,heuristics_off,emphasis_hardlp,emphasis_easycip
lotsize,presolving_fast,separating_aggressive,default,presolving_aggressive,heuristics_fast,emphasis_optimality,heuristics_aggressive,presolving_off,emphasis_hardlp,separating_fast,emphasis_easycip,separating_off,emphasis_feasibility,heuristics_off
ns25-pr3,presolving_fast,separating_off,presolving_aggressive,heuristics_fast,heuristics_aggressive,separating_fast,presolving_off,default,separating_aggressive,emphasis_hardlp,emphasis_easycip,emphasis_feasibility,emphasis_optimality,heuristics_off
neos-1445755,separating_off,separating_fast,emphasis_feasibility,heuristics_fast,default,separating_aggressive,heuristics_aggressive,heuristics_off,emphasis_optimality,presolving_off,presolving_fast,emphasis_hardlp,emphasis_easycip,presolving_aggressive
neos-1430701,separating_off,separating_fast,presolving_fast,emphasis_feasibility,default,presolving_aggressive,separating_aggressive,heuristics_aggressive,presolving_off,emphasis_hardlp,emphasis_easycip,heuristics_fast,emphasis_optimality,heuristics_off
neos-848150,emphasis_feasibility,separating_fast,heuristics_aggressive,emphasis_hardlp,default,presolving_fast,presolving_aggressive,separating_aggressive,heuristics_fast,emphasis_easycip,separating_off,heuristics_off,presolving_off,emphasis_optimality
neos-827015,separating_off,separating_fast,presolving_off,presolving_fast,heuristics_aggressive,separating_aggressive,presolving_aggressive,emphasis_feasibility,heuristics_fast,default,emphasis_hardlp,heuristics_off,emphasis_easycip,emphasis_optimality
flugpl,default,separating_fast,presolving_aggressive,presolving_fast,separating_aggressive,presolving_off,heuristics_aggressive,emphasis_hardlp,heuristics_fast,emphasis_easycip,emphasis_optimality,emphasis_feasibility,separating_off,heuristics_off
sp97ic,separating_fast,presolving_fast,separating_aggressive,default,presolving_aggressive,presolving_off,heuristics_aggressive,heuristics_fast,emphasis_feasibility,separating_off,emphasis_optimality,emphasis_hardlp,emphasis_easycip,heuristics_off
rvb-sub,separating_off,separating_fast,emphasis_hardlp,emphasis_feasibility,presolving_fast,heuristics_fast,default,emphasis_easycip,heuristics_aggressive,presolving_off,presolving_aggressive,separating_aggressive,heuristics_off,emphasis_optimality
stein27,default,heuristics_fast,emphasis_easycip,presolving_aggressive,presolving_fast,emphasis_hardlp,separating_fast,heuristics_aggressive,separating_aggressive,separating_off,presolving_off,emphasis_feasibility,heuristics_off,emphasis_optimality
rocII-7-11,separating_fast,emphasis_feasibility,separating_off,separating_aggressive,presolving_off,presolving_fast,presolving_aggressive,heuristics_fast,heuristics_aggressive,heuristics_off,default,emphasis_optimality,emphasis_hardlp,emphasis_easycip
neos-612143,presolving_off,presolving_fast,separating_fast,default,presolving_aggressive,emphasis_hardlp,separating_off,separating_aggressive,heuristics_aggressive,emphasis_feasibility,emphasis_easycip,heuristics_fast,emphasis_optimality,heuristics_off
neos-574665,heuristics_fast,default,presolving_aggressive,heuristics_aggressive,heuristics_off,separating_fast,presolving_off,emphasis_feasibility,emphasis_easycip,presolving_fast,separating_off,separating_aggressive,emphasis_hardlp,emphasis_optimality
neos-911880,separating_fast,presolving_fast,presolving_aggressive,default,presolving_off,emphasis_feasibility,heuristics_aggressive,separating_off,separating_aggressive,emphasis_hardlp,emphasis_easycip,emphasis_optimality,heuristics_fast,heuristics_off
neos-1605075,separating_fast,presolving_off,presolving_fast,heuristics_aggressive,separating_off,separating_aggressive,presolving_aggressive,emphasis_feasibility,default,heuristics_fast,emphasis_hardlp,heuristics_off,emphasis_optimality,emphasis_easycip
neos-655508,presolving_fast,separating_off,separating_fast,default,heuristics_aggressive,presolving_aggressive,separating_aggressive,presolving_off,emphasis_hardlp,emphasis_feasibility,heuristics_fast,emphasis_easycip,emphasis_optimality,heuristics_off
opt1217,separating_fast,presolving_fast,presolving_aggressive,default,emphasis_feasibility,separating_off,heuristics_aggressive,separating_aggressive,presolving_off,emphasis_hardlp,heuristics_fast,emphasis_optimality,emphasis_easycip,heuristics_off
transportmoment,presolving_fast,presolving_off,default,separating_fast,separating_aggressive,presolving_aggressive,heuristics_aggressive,heuristics_fast,separating_off,emphasis_hardlp,emphasis_feasibility,emphasis_easycip,emphasis_optimality,heuristics_off
neos-555343,separating_off,separating_fast,presolving_fast,presolving_aggressive,emphasis_feasibility,emphasis_hardlp,heuristics_fast,separating_aggressive,emphasis_easycip,default,presolving_off,heuristics_aggressive,heuristics_off,emphasis_optimality
sts405,separating_off,heuristics_fast,presolving_fast,separating_fast,presolving_off,default,presolving_aggressive,heuristics_aggressive,emphasis_easycip,separating_aggressive,emphasis_feasibility,heuristics_off,emphasis_hardlp,emphasis_optimality
newdano,presolving_fast,emphasis_hardlp,default,separating_fast,presolving_aggressive,heuristics_fast,separating_off,separating_aggressive,emphasis_easycip,heuristics_aggressive,emphasis_feasibility,heuristics_off,presolving_off,emphasis_optimality
neos-847302,emphasis_feasibility,separating_fast,default,presolving_fast,separating_aggressive,heuristics_aggressive,presolving_aggressive,presolving_off,emphasis_hardlp,separating_off,heuristics_fast,emphasis_easycip,heuristics_off,emphasis_optimality
satellites3-40,separating_off,separating_fast,presolving_off,emphasis_feasibility,separating_aggressive,presolving_fast,heuristics_aggressive,presolving_aggressive,heuristics_off,heuristics_fast,emphasis_optimality,emphasis_hardlp,emphasis_easycip,default
neos-934441,default,presolving_fast,heuristics_aggressive,separating_fast,emphasis_feasibility,separating_aggressive,separating_off,presolving_aggressive,presolving_off,emphasis_hardlp,heuristics_fast,emphasis_optimality,emphasis_easycip,heuristics_off
neos-848845,emphasis_feasibility,separating_fast,heuristics_aggressive,emphasis_hardlp,default,presolving_fast,separating_aggressive,presolving_aggressive,separating_off,emphasis_easycip,presolving_off,heuristics_fast,heuristics_off,emphasis_optimality
mitre,separating_fast,presolving_aggressive,default,separating_off,separating_aggressive,presolving_fast,heuristics_fast,heuristics_aggressive,emphasis_feasibility,emphasis_optimality,presolving_off,heuristics_off,emphasis_hardlp,emphasis_easycip
rmine21,separating_off,separating_fast,presolving_off,presolving_fast,separating_aggressive,presolving_aggressive,heuristics_fast,heuristics_aggressive,emphasis_hardlp,emphasis_feasibility,emphasis_easycip,default,heuristics_off,emphasis_optimality
10teams,presolving_fast,separating_fast,emphasis_hardlp,default,separating_aggressive,presolving_off,presolving_aggressive,heuristics_aggressive,emphasis_feasibility,heuristics_fast,separating_off,heuristics_off,emphasis_optimality,emphasis_easycip
msc98-ip,separating_off,emphasis_feasibility,separating_fast,heuristics_aggressive,separating_aggressive,presolving_fast,presolving_off,heuristics_fast,default,presolving_aggressive,emphasis_hardlp,emphasis_optimality,heuristics_off,emphasis_easycip
ns25-pr9,presolving_fast,separating_fast,presolving_aggressive,heuristics_fast,heuristics_aggressive,presolving_off,default,separating_off,separating_aggressive,emphasis_hardlp,emphasis_easycip,emphasis_feasibility,emphasis_optimality,heuristics_off
sp98ir,presolving_fast,separating_fast,separating_aggressive,default,presolving_off,presolving_aggressive,heuristics_fast,heuristics_aggressive,emphasis_optimality,emphasis_hardlp,emphasis_easycip,emphasis_feasibility,heuristics_off,separating_off
neos-1053234,separating_off,separating_fast,emphasis_feasibility,presolving_fast,default,separating_aggressive,presolving_aggressive,heuristics_aggressive,emphasis_hardlp,presolving_off,emphasis_easycip,emphasis_optimality,heuristics_fast,heuristics_off
ic97_potential,heuristics_fast,default,separating_aggressive,presolving_aggressive,emphasis_easycip,separating_fast,emphasis_hardlp,separating_off,heuristics_aggressive,presolving_fast,heuristics_off,presolving_off,emphasis_feasibility,emphasis_optimality
rail507,separating_off,separating_fast,heuristics_aggressive,heuristics_fast,emphasis_feasibility,emphasis_easycip,default,presolving_fast,presolving_aggressive,separating_aggressive,presolving_off,emphasis_hardlp,emphasis_optimality,heuristics_off
glass4,heuristics_fast,separating_fast,separating_aggressive,presolving_aggressive,emphasis_feasibility,default,presolving_fast,emphasis_optimality,separating_off,presolving_off,emphasis_easycip,heuristics_off,heuristics_aggressive,emphasis_hardlp
neos-829552,separating_off,separating_fast,presolving_off,presolving_fast,heuristics_aggressive,separating_aggressive,presolving_aggressive,emphasis_feasibility,default,emphasis_hardlp,heuristics_fast,emphasis_easycip,heuristics_off,emphasis_optimality
neos-522351,presolving_fast,default,presolving_aggressive,separating_aggressive,heuristics_aggressive,emphasis_hardlp,separating_fast,presolving_off,emphasis_optimality,separating_off,heuristics_fast,emphasis_feasibility,emphasis_easycip,heuristics_off
ivu52,heuristics_fast,emphasis_hardlp,emphasis_easycip,separating_off,separating_fast,separating_aggressive,presolving_fast,presolving_aggressive,heuristics_off,heuristics_aggressive,presolving_off,emphasis_feasibility,emphasis_optimality,default
neos-555927,separating_off,separating_fast,presolving_off,presolving_fast,emphasis_feasibility,heuristics_aggressive,separating_aggressive,presolving_aggressive,emphasis_hardlp,emphasis_easycip,default,heuristics_fast,heuristics_off,emphasis_optimality
dcmulti,presolving_fast,presolving_off,presolving_aggressive,default,separating_fast,emphasis_hardlp,separating_off,heuristics_fast,heuristics_aggressive,emphasis_easycip,separating_aggressive,emphasis_feasibility,emphasis_optimality,heuristics_off
n3-3,presolving_fast,separating_off,presolving_off,presolving_aggressive,separating_fast,heuristics_aggressive,heuristics_fast,default,separating_aggressive,emphasis_hardlp,emphasis_easycip,emphasis_optimality,emphasis_feasibility,heuristics_off
d10200,separating_off,separating_fast,separating_aggressive,presolving_fast,presolving_off,heuristics_fast,heuristics_aggressive,presolving_aggressive,heuristics_off,emphasis_optimality,emphasis_feasibility,default,emphasis_hardlp,emphasis_easycip
mcf2,presolving_fast,separating_fast,presolving_aggressive,default,separating_off,emphasis_hardlp,heuristics_fast,heuristics_aggressive,emphasis_easycip,separating_aggressive,emphasis_feasibility,presolving_off,heuristics_off,emphasis_optimality
qiu,emphasis_hardlp,presolving_fast,default,presolving_aggressive,separating_fast,emphasis_easycip,separating_aggressive,heuristics_aggressive,heuristics_fast,separating_off,presolving_off,emphasis_feasibility,emphasis_optimality,heuristics_off
markshare1,separating_aggressive,separating_fast,separating_off,presolving_fast,presolving_off,presolving_aggressive,heuristics_off,heuristics_fast,heuristics_aggressive,emphasis_hardlp,emphasis_optimality,emphasis_feasibility,emphasis_easycip,default
dc1l,separating_fast,presolving_off,presolving_fast,presolving_aggressive,heuristics_aggressive,emphasis_feasibility,separating_aggressive,default,separating_off,heuristics_fast,emphasis_optimality,emphasis_hardlp,emphasis_easycip,heuristics_off
neos-941717,separating_fast,separating_aggressive,presolving_aggressive,default,presolving_fast,heuristics_aggressive,emphasis_feasibility,emphasis_hardlp,heuristics_fast,separating_off,presolving_off,heuristics_off,emphasis_easycip,emphasis_optimality
gesa2,separating_fast,default,presolving_aggressive,presolving_fast,heuristics_aggressive,separating_off,emphasis_feasibility,separating_aggressive,presolving_off,emphasis_hardlp,heuristics_fast,emphasis_easycip,emphasis_optimality,heuristics_off
neos-538916,emphasis_hardlp,presolving_fast,presolving_aggressive,separating_fast,heuristics_fast,default,heuristics_aggressive,emphasis_easycip,separating_aggressive,heuristics_off,separating_off,emphasis_feasibility,presolving_off,emphasis_optimality
sts729,separating_off,heuristics_fast,separating_fast,presolving_fast,presolving_off,default,presolving_aggressive,heuristics_aggressive,emphasis_easycip,separating_aggressive,emphasis_feasibility,heuristics_off,emphasis_hardlp,emphasis_optimality
neos-584866,presolving_fast,heuristics_aggressive,separating_off,separating_aggressive,presolving_aggressive,default,separating_fast,emphasis_hardlp,emphasis_feasibility,presolving_off,heuristics_fast,emphasis_easycip,heuristics_off,emphasis_optimality
nu120-pr3,presolving_fast,presolving_aggressive,separating_fast,heuristics_aggressive,default,heuristics_fast,emphasis_hardlp,separating_off,separating_aggressive,presolving_off,emphasis_feasibility,emphasis_easycip,emphasis_optimality,heuristics_off
neos-584146,presolving_fast,separating_fast,presolving_aggressive,separating_off,separating_aggressive,default,heuristics_fast,emphasis_hardlp,emphasis_easycip,heuristics_aggressive,presolving_off,emphasis_feasibility,heuristics_off,emphasis_optimality
rococoC11-011100,separating_fast,presolving_fast,presolving_aggressive,heuristics_aggressive,separating_aggressive,separating_off,emphasis_optimality,default,heuristics_fast,emphasis_hardlp,emphasis_feasibility,emphasis_easycip,presolving_off,heuristics_off
