neos-1151496,separating_fast,presolving_aggressive,presolving_fast,heuristics_aggressive,separating_off,emphasis_feasibility,separating_aggressive,heuristics_fast,heuristics_off,emphasis_hardlp,emphasis_easycip,default,presolving_off,emphasis_optimality
neos-1423785,separating_off,separating_fast,presolving_fast,presolving_aggressive,heuristics_aggressive,separating_aggressive,default,presolving_off,heuristics_fast,emphasis_feasibility,emphasis_hardlp,emphasis_easycip,emphasis_optimality,heuristics_off
neos-820879,presolving_fast,separating_fast,presolving_aggressive,heuristics_aggressive,default,presolving_off,separating_off,emphasis_hardlp,emphasis_easycip,heuristics_fast,emphasis_feasibility,separating_aggressive,emphasis_optimality,heuristics_off
neos-775946,separating_fast,presolving_aggressive,default,emphasis_feasibility,separating_off,presolving_fast,heuristics_aggressive,separating_aggressive,presolving_off,emphasis_hardlp,emphasis_easycip,heuristics_fast,emphasis_optimality,heuristics_off
shipsched,separating_fast,separating_off,presolving_off,separating_aggressive,presolving_fast,emphasis_easycip,default,presolving_aggressive,heuristics_fast,emphasis_hardlp,emphasis_feasibility,heuristics_aggressive,emphasis_optimality,heuristics_off
p6b,presolving_fast,separating_off,separating_fast,separating_aggressive,presolving_off,presolving_aggressive,default,emphasis_easycip,heuristics_aggressive,emphasis_hardlp,emphasis_feasibility,heuristics_fast,heuristics_off,emphasis_optimality
p0201,emphasis_hardlp,emphasis_easycip,default,presolving_fast,separating_off,heuristics_fast,separating_fast,presolving_aggressive,heuristics_aggressive,presolving_off,separating_aggressive,emphasis_feasibility,heuristics_off,emphasis_optimality
neos-1464762,presolving_fast,separating_fast,emphasis_feasibility,default,separating_aggressive,heuristics_aggressive,presolving_aggressive,presolving_off,emphasis_hardlp,separating_off,emphasis_easycip,emphasis_optimality,heuristics_fast,heuristics_off
van,presolving_fast,presolving_aggressive,separating_fast,separating_aggressive,default,separating_off,heuristics_aggressive,emphasis_feasibility,presolving_off,emphasis_hardlp,heuristics_fast,emphasis_easycip,emphasis_optimality,heuristics_off
glass4,separating_fast,heuristics_fast,presolving_fast,presolving_aggressive,emphasis_feasibility,separating_aggressive,default,heuristics_aggressive,emphasis_optimality,presolving_off,heuristics_off,emphasis_hardlp,separating_off,emphasis_easycip
10teams,presolving_fast,separating_fast,presolving_off,emphasis_hardlp,default,presolving_aggressive,emphasis_feasibility,separating_aggressive,heuristics_aggressive,separating_off,heuristics_fast,emphasis_easycip,heuristics_off,emphasis_optimality
neos-912023,emphasis_hardlp,separating_fast,presolving_fast,heuristics_fast,presolving_aggressive,emphasis_easycip,default,emphasis_feasibility,separating_aggressive,heuristics_aggressive,heuristics_off,separating_off,presolving_off,emphasis_optimality
neos-931538,presolving_fast,emphasis_feasibility,default,presolving_aggressive,separating_fast,heuristics_aggressive,separating_off,separating_aggressive,presolving_off,emphasis_hardlp,heuristics_fast,emphasis_easycip,emphasis_optimality,heuristics_off
map20,separating_off,separating_fast,emphasis_feasibility,separating_aggressive,presolving_aggressive,default,presolving_fast,heuristics_fast,heuristics_aggressive,emphasis_hardlp,presolving_off,emphasis_easycip,emphasis_optimality,heuristics_off
triptim2,separating_fast,separating_off,presolving_off,presolving_aggressive,heuristics_aggressive,presolving_fast,heuristics_fast,separating_aggressive,emphasis_feasibility,heuristics_off,emphasis_easycip,emphasis_optimality,emphasis_hardlp,default
neos-1445532,presolving_aggressive,separating_fast,presolving_fast,separating_off,separating_aggressive,presolving_off,default,heuristics_aggressive,emphasis_hardlp,emphasis_feasibility,emphasis_easycip,heuristics_fast,emphasis_optimality,heuristics_off
pk1,presolving_aggressive,default,presolving_fast,emphasis_hardlp,separating_aggressive,heuristics_fast,heuristics_aggressive,separating_fast,emphasis_easycip,emphasis_feasibility,heuristics_off,emphasis_optimality,separating_off,presolving_off
neos-1171448,separating_off,separating_fast,presolving_off,presolving_fast,presolving_aggressive,emphasis_feasibility,separating_aggressive,heuristics_aggressive,default,emphasis_optimality,emphasis_hardlp,emphasis_easycip,heuristics_fast,heuristics_off
liu,separating_fast,separating_off,presolving_fast,presolving_aggressive,separating_aggressive,emphasis_feasibility,heuristics_fast,presolving_off,heuristics_aggressive,default,emphasis_easycip,heuristics_off,emphasis_optimality,emphasis_hardlp
neos-585467,default,separating_fast,separating_off,presolving_aggressive,heuristics_aggressive,heuristics_fast,emphasis_feasibility,separating_aggressive,heuristics_off,emphasis_optimality,presolving_fast,emphasis_easycip,emphasis_hardlp,presolving_off
d10200,separating_off,separating_fast,separating_aggressive,presolving_off,presolving_fast,heuristics_fast,presolving_aggressive,heuristics_off,heuristics_aggressive,emphasis_optimality,emphasis_hardlp,emphasis_feasibility,emphasis_easycip,default
neos-494568,emphasis_feasibility,heuristics_aggressive,separating_fast,presolving_fast,default,presolving_aggressive,presolving_off,separating_off,separating_aggressive,emphasis_hardlp,emphasis_easycip,emphasis_optimality,heuristics_fast,heuristics_off
leo2,emphasis_feasibility,heuristics_aggressive,separating_off,separating_fast,default,presolving_aggressive,separating_aggressive,emphasis_optimality,presolving_fast,heuristics_fast,presolving_off,emphasis_hardlp,emphasis_easycip,heuristics_off
rocII-7-11,separating_fast,emphasis_feasibility,separating_off,separating_aggressive,presolving_off,presolving_aggressive,heuristics_aggressive,presolving_fast,heuristics_off,heuristics_fast,default,emphasis_optimality,emphasis_hardlp,emphasis_easycip
neos-1126860,presolving_fast,presolving_off,emphasis_easycip,default,separating_fast,heuristics_fast,separating_off,emphasis_hardlp,separating_aggressive,presolving_aggressive,emphasis_optimality,heuristics_aggressive,emphasis_feasibility,heuristics_off
cdma,separating_fast,presolving_off,emphasis_feasibility,presolving_fast,emphasis_optimality,separating_off,separating_aggressive,heuristics_fast,heuristics_aggressive,presolving_aggressive,default,emphasis_hardlp,heuristics_off,emphasis_easycip
neos-1445743,separating_off,separating_fast,emphasis_feasibility,default,heuristics_fast,heuristics_aggressive,separating_aggressive,emphasis_optimality,heuristics_off,emphasis_hardlp,presolving_off,presolving_fast,emphasis_easycip,presolving_aggressive
gesa2-o,presolving_fast,presolving_aggressive,separating_fast,default,separating_aggressive,heuristics_aggressive,separating_off,heuristics_fast,presolving_off,emphasis_hardlp,emphasis_feasibility,heuristics_off,emphasis_optimality,emphasis_easycip
rococoB10-011000,separating_fast,emphasis_feasibility,heuristics_aggressive,separating_off,presolving_fast,presolving_aggressive,default,separating_aggressive,heuristics_fast,emphasis_optimality,emphasis_hardlp,emphasis_easycip,presolving_off,heuristics_off
neos-914441,separating_fast,presolving_fast,default,separating_aggressive,separating_off,presolving_off,heuristics_aggressive,emphasis_optimality,emphasis_feasibility,presolving_aggressive,emphasis_hardlp,heuristics_fast,emphasis_easycip,heuristics_off
neos-953928,separating_off,presolving_fast,presolving_off,separating_fast,heuristics_aggressive,default,presolving_aggressive,separating_aggressive,emphasis_hardlp,emphasis_feasibility,emphasis_easycip,heuristics_fast,emphasis_optimality,heuristics_off
neos-1413153,presolving_fast,heuristics_aggressive,separating_off,separating_fast,emphasis_feasibility,default,separating_aggressive,emphasis_hardlp,presolving_aggressive,presolving_off,heuristics_fast,emphasis_easycip,emphasis_optimality,heuristics_off
manna81,separating_aggressive,presolving_off,separating_fast,presolving_fast,presolving_aggressive,separating_off,emphasis_optimality,heuristics_off,heuristics_aggressive,emphasis_hardlp,default,heuristics_fast,emphasis_feasibility,emphasis_easycip
neos-655508,separating_off,presolving_fast,default,separating_fast,emphasis_hardlp,heuristics_aggressive,presolving_off,emphasis_feasibility,presolving_aggressive,separating_aggressive,heuristics_fast,emphasis_easycip,emphasis_optimality,heuristics_off
n3705,separating_fast,presolving_fast,separating_off,heuristics_aggressive,default,presolving_off,presolving_aggressive,separating_aggressive,heuristics_fast,emphasis_hardlp,emphasis_feasibility,emphasis_optimality,emphasis_easycip,heuristics_off
neos-799838,presolving_fast,separating_off,separating_fast,separating_aggressive,presolving_off,presolving_aggressive,heuristics_fast,default,heuristics_aggressive,heuristics_off,emphasis_optimality,emphasis_hardlp,emphasis_easycip,emphasis_feasibility
mzzv11,emphasis_feasibility,separating_off,separating_fast,heuristics_aggressive,separating_aggressive,presolving_off,presolving_fast,default,presolving_aggressive,emphasis_optimality,emphasis_hardlp,emphasis_easycip,heuristics_fast,heuristics_off
neos-847302,default,emphasis_feasibility,presolving_fast,separating_fast,separating_aggressive,heuristics_aggressive,presolving_aggressive,presolving_off,emphasis_hardlp,heuristics_fast,separating_off,emphasis_easycip,heuristics_off,emphasis_optimality
mod008,default,presolving_aggressive,separating_fast,presolving_fast,presolving_off,heuristics_fast,emphasis_easycip,emphasis_hardlp,separating_off,separating_aggressive,heuristics_aggressive,emphasis_feasibility,emphasis_optimality,heuristics_off
neos-738098,separating_off,presolving_fast,separating_fast,emphasis_feasibility,heuristics_aggressive,separating_aggressive,presolving_off,presolving_aggressive,heuristics_fast,emphasis_hardlp,emphasis_easycip,heuristics_off,emphasis_optimality,default
bc1,presolving_off,separating_aggressive,emphasis_optimality,heuristics_aggressive,presolving_fast,presolving_aggressive,emphasis_feasibility,emphasis_easycip,default,heuristics_fast,emphasis_hardlp,separating_off,separating_fast,heuristics_off
stockholm,separating_off,emphasis_hardlp,emphasis_easycip,separating_fast,default,presolving_aggressive,heuristics_off,separating_aggressive,emphasis_feasibility,presolving_fast,heuristics_fast,heuristics_aggressive,presolving_off,emphasis_optimality
arki001,default,separating_fast,separating_off,presolving_fast,presolving_aggressive,separating_aggressive,presolving_off,heuristics_fast,heuristics_aggressive,emphasis_hardlp,emphasis_feasibility,emphasis_optimality,emphasis_easycip,heuristics_off
lectsched-1-obj,emphasis_feasibility,separating_off,heuristics_aggressive,separating_fast,default,presolving_aggressive,emphasis_easycip,separating_aggressive,heuristics_fast,presolving_fast,emphasis_optimality,heuristics_off,emphasis_hardlp,presolving_off
bab5,separating_off,presolving_fast,separating_fast,presolving_off,presolving_aggressive,heuristics_aggressive,emphasis_hardlp,separating_aggressive,emphasis_feasibility,emphasis_easycip,default,heuristics_off,heuristics_fast,emphasis_optimality
neos-520729,separating_fast,presolving_aggressive,separating_off,presolving_fast,heuristics_aggressive,separating_aggressive,heuristics_fast,presolving_off,default,emphasis_optimality,emphasis_feasibility,heuristics_off,emphasis_hardlp,emphasis_easycip
neos-856059,separating_off,presolving_off,presolving_fast,heuristics_fast,separating_fast,default,separating_aggressive,emphasis_easycip,presolving_aggressive,heuristics_aggressive,emphasis_hardlp,emphasis_feasibility,heuristics_off,emphasis_optimality
sts405,separating_off,presolving_off,heuristics_fast,presolving_fast,separating_fast,default,emphasis_easycip,separating_aggressive,presolving_aggressive,heuristics_aggressive,emphasis_hardlp,emphasis_feasibility,heuristics_off,emphasis_optimality
gmut-75-50,emphasis_feasibility,presolving_off,separating_off,separating_fast,presolving_fast,presolving_aggressive,heuristics_aggressive,default,separating_aggressive,emphasis_easycip,heuristics_fast,emphasis_optimality,emphasis_hardlp,heuristics_off
neos-1120495,presolving_fast,emphasis_easycip,separating_fast,presolving_aggressive,separating_off,emphasis_hardlp,separating_aggressive,heuristics_fast,heuristics_aggressive,default,heuristics_off,presolving_off,emphasis_feasibility,emphasis_optimality
tanglegram1,separating_off,separating_fast,presolving_fast,presolving_aggressive,presolving_off,separating_aggressive,heuristics_aggressive,emphasis_feasibility,heuristics_fast,emphasis_hardlp,default,emphasis_easycip,heuristics_off,emphasis_optimality
opm2-z7-s2,presolving_fast,separating_off,presolving_off,emphasis_hardlp,separating_fast,separating_aggressive,default,emphasis_easycip,presolving_aggressive,heuristics_fast,heuristics_aggressive,emphasis_feasibility,emphasis_optimality,heuristics_off
co-100,separating_fast,heuristics_aggressive,emphasis_feasibility,default,separating_off,presolving_aggressive,presolving_fast,emphasis_optimality,presolving_off,heuristics_fast,emphasis_hardlp,separating_aggressive,emphasis_easycip,heuristics_off
neos-691073,separating_fast,emphasis_feasibility,presolving_aggressive,presolving_fast,heuristics_aggressive,separating_aggressive,emphasis_hardlp,default,heuristics_off,heuristics_fast,separating_off,presolving_off,emphasis_easycip,emphasis_optimality
neos-880324,separating_fast,default,separating_aggressive,presolving_fast,presolving_aggressive,heuristics_fast,heuristics_aggressive,emphasis_feasibility,separating_off,presolving_off,heuristics_off,emphasis_hardlp,emphasis_easycip,emphasis_optimality
go19,heuristics_fast,presolving_fast,separating_fast,heuristics_aggressive,default,presolving_aggressive,separating_off,emphasis_easycip,presolving_off,separating_aggressive,emphasis_feasibility,emphasis_hardlp,emphasis_optimality,heuristics_off
50v-10,emphasis_easycip,heuristics_aggressive,default,presolving_aggressive,separating_fast,emphasis_hardlp,emphasis_feasibility,separating_off,presolving_fast,separating_aggressive,heuristics_fast,presolving_off,heuristics_off,emphasis_optimality
neos-1396125,presolving_fast,separating_fast,default,presolving_aggressive,heuristics_aggressive,separating_aggressive,presolving_off,separating_off,emphasis_hardlp,heuristics_fast,emphasis_optimality,emphasis_feasibility,emphasis_easycip,heuristics_off
set1ch,default,presolving_fast,heuristics_aggressive,emphasis_hardlp,presolving_aggressive,separating_aggressive,heuristics_fast,separating_fast,presolving_off,emphasis_feasibility,emphasis_easycip,emphasis_optimality,heuristics_off,separating_off
d20200,separating_off,separating_fast,separating_aggressive,presolving_off,presolving_fast,presolving_aggressive,heuristics_fast,heuristics_off,heuristics_aggressive,emphasis_optimality,emphasis_hardlp,emphasis_feasibility,emphasis_easycip,default
neos-810286,presolving_fast,heuristics_aggressive,emphasis_feasibility,emphasis_easycip,separating_fast,emphasis_hardlp,default,separating_off,presolving_off,heuristics_fast,presolving_aggressive,separating_aggressive,emphasis_optimality,heuristics_off
