neos-584851,separating_off,presolving_fast,separating_fast,default,heuristics_fast,heuristics_aggressive,emphasis_feasibility,emphasis_easycip,separating_aggressive,presolving_aggressive,emphasis_hardlp,presolving_off,emphasis_optimality,heuristics_off
neos-956971,presolving_fast,presolving_off,emphasis_feasibility,separating_off,heuristics_aggressive,separating_fast,default,emphasis_easycip,emphasis_optimality,presolving_aggressive,emphasis_hardlp,separating_aggressive,heuristics_fast,heuristics_off
mitre,presolving_off,presolving_fast,heuristics_aggressive,emphasis_feasibility,separating_off,heuristics_off,default,separating_fast,heuristics_fast,emphasis_optimality,separating_aggressive,presolving_aggressive,emphasis_easycip,emphasis_hardlp
reblock67,emphasis_hardlp,presolving_fast,separating_fast,separating_off,emphasis_feasibility,presolving_off,emphasis_easycip,heuristics_fast,default,heuristics_off,heuristics_aggressive,presolving_aggressive,separating_aggressive,emphasis_optimality
sing161,separating_off,separating_fast,separating_aggressive,presolving_off,presolving_fast,presolving_aggressive,heuristics_off,heuristics_fast,heuristics_aggressive,emphasis_optimality,emphasis_hardlp,emphasis_easycip,emphasis_feasibility,default
neos-522351,presolving_aggressive,default,separating_aggressive,separating_off,separating_fast,presolving_fast,presolving_off,emphasis_hardlp,emphasis_feasibility,emphasis_easycip,heuristics_fast,heuristics_aggressive,emphasis_optimality,heuristics_off
neos-1429212,emphasis_feasibility,separating_off,separating_fast,default,presolving_fast,presolving_aggressive,separating_aggressive,heuristics_off,presolving_off,emphasis_hardlp,emphasis_easycip,heuristics_aggressive,heuristics_fast,emphasis_optimality
neos-807639,default,separating_off,separating_fast,presolving_fast,separating_aggressive,presolving_aggressive,heuristics_aggressive,presolving_off,heuristics_fast,emphasis_hardlp,heuristics_off,emphasis_feasibility,emphasis_easycip,emphasis_optimality
liu,presolving_aggressive,default,separating_fast,presolving_fast,separating_aggressive,heuristics_fast,emphasis_feasibility,separating_off,heuristics_aggressive,emphasis_optimality,emphasis_hardlp,presolving_off,heuristics_off,emphasis_easycip
neos-860244,separating_off,separating_fast,presolving_fast,default,presolving_off,presolving_aggressive,emphasis_feasibility,emphasis_hardlp,emphasis_easycip,heuristics_off,separating_aggressive,heuristics_aggressive,heuristics_fast,emphasis_optimality
neos-1171737,separating_off,separating_fast,presolving_fast,emphasis_feasibility,presolving_off,separating_aggressive,heuristics_aggressive,presolving_aggressive,default,emphasis_hardlp,emphasis_optimality,emphasis_easycip,heuristics_fast,heuristics_off
neos-1467067,separating_fast,presolving_fast,separating_off,separating_aggressive,presolving_off,emphasis_optimality,default,presolving_aggressive,heuristics_aggressive,emphasis_feasibility,heuristics_fast,emphasis_hardlp,emphasis_easycip,heuristics_off
neos-1109824,emphasis_feasibility,emphasis_hardlp,presolving_fast,presolving_aggressive,separating_fast,heuristics_fast,emphasis_easycip,default,presolving_off,heuristics_aggressive,separating_off,heuristics_off,separating_aggressive,emphasis_optimality
rmine6,emphasis_hardlp,separating_off,presolving_fast,separating_fast,presolving_off,default,emphasis_feasibility,heuristics_fast,heuristics_aggressive,emphasis_easycip,separating_aggressive,presolving_aggressive,heuristics_off,emphasis_optimality
pigeon-19,separating_fast,presolving_aggressive,emphasis_hardlp,emphasis_feasibility,separating_off,separating_aggressive,heuristics_aggressive,emphasis_easycip,presolving_off,presolving_fast,default,emphasis_optimality,heuristics_fast,heuristics_off
neos-1445743,separating_off,separating_fast,emphasis_feasibility,heuristics_aggressive,separating_aggressive,heuristics_fast,default,emphasis_optimality,heuristics_off,presolving_fast,presolving_off,emphasis_easycip,presolving_aggressive,emphasis_hardlp
neos-808072,presolving_off,heuristics_off,separating_fast,heuristics_fast,emphasis_hardlp,emphasis_easycip,presolving_aggressive,emphasis_feasibility,presolving_fast,heuristics_aggressive,default,separating_off,separating_aggressive,emphasis_optimality
neos-826650,heuristics_aggressive,separating_off,emphasis_feasibility,presolving_fast,default,separating_fast,presolving_aggressive,separating_aggressive,emphasis_hardlp,presolving_off,heuristics_fast,emphasis_optimality,emphasis_easycip,heuristics_off
neos13,separating_off,separating_fast,presolving_off,separating_aggressive,presolving_fast,presolving_aggressive,emphasis_hardlp,emphasis_optimality,emphasis_feasibility,emphasis_easycip,default,heuristics_aggressive,heuristics_fast,heuristics_off
mining,presolving_off,presolving_fast,separating_fast,emphasis_optimality,separating_aggressive,emphasis_hardlp,emphasis_easycip,separating_off,heuristics_off,emphasis_feasibility,heuristics_fast,presolving_aggressive,heuristics_aggressive,default
pigeon-12,separating_fast,presolving_aggressive,emphasis_easycip,separating_off,separating_aggressive,emphasis_hardlp,emphasis_optimality,emphasis_feasibility,presolving_off,heuristics_aggressive,default,presolving_fast,heuristics_off,heuristics_fast
neos-796608,separating_aggressive,heuristics_fast,presolving_aggressive,emphasis_easycip,separating_fast,separating_off,presolving_off,presolving_fast,heuristics_off,default,emphasis_optimality,emphasis_feasibility,heuristics_aggressive,emphasis_hardlp
sp98ir,emphasis_feasibility,presolving_aggressive,separating_fast,presolving_off,presolving_fast,heuristics_aggressive,separating_off,separating_aggressive,default,emphasis_optimality,heuristics_fast,emphasis_hardlp,emphasis_easycip,heuristics_off
neos-1426635,presolving_off,separating_fast,separating_off,presolving_fast,emphasis_feasibility,default,separating_aggressive,presolving_aggressive,heuristics_aggressive,emphasis_optimality,emphasis_hardlp,heuristics_fast,emphasis_easycip,heuristics_off
misc07,heuristics_fast,separating_off,emphasis_hardlp,emphasis_easycip,emphasis_feasibility,default,heuristics_off,separating_fast,presolving_off,presolving_fast,presolving_aggressive,heuristics_aggressive,separating_aggressive,emphasis_optimality
mkc,presolving_aggressive,emphasis_feasibility,separating_fast,presolving_fast,separating_off,presolving_off,default,emphasis_easycip,heuristics_aggressive,separating_aggressive,heuristics_fast,emphasis_hardlp,heuristics_off,emphasis_optimality
flugpl,heuristics_fast,separating_fast,presolving_off,presolving_aggressive,default,separating_aggressive,emphasis_hardlp,emphasis_easycip,presolving_fast,emphasis_optimality,heuristics_off,heuristics_aggressive,emphasis_feasibility,separating_off
usAbbrv-8-25_70,presolving_aggressive,default,presolving_fast,separating_fast,separating_aggressive,emphasis_feasibility,separating_off,presolving_off,heuristics_aggressive,emphasis_optimality,heuristics_fast,emphasis_hardlp,emphasis_easycip,heuristics_off
neos-738098,separating_off,presolving_fast,separating_fast,emphasis_feasibility,heuristics_aggressive,emphasis_hardlp,separating_aggressive,heuristics_off,heuristics_fast,presolving_aggressive,presolving_off,emphasis_easycip,default,emphasis_optimality
mod011,presolving_fast,presolving_aggressive,separating_off,default,presolving_off,separating_fast,separating_aggressive,heuristics_aggressive,emphasis_feasibility,heuristics_off,emphasis_easycip,emphasis_hardlp,heuristics_fast,emphasis_optimality
m100n500k4r1,presolving_fast,presolving_aggressive,heuristics_fast,default,emphasis_feasibility,presolving_off,emphasis_hardlp,emphasis_easycip,separating_off,heuristics_aggressive,separating_fast,separating_aggressive,heuristics_off,emphasis_optimality
neos-503737,separating_aggressive,default,presolving_aggressive,presolving_fast,heuristics_fast,emphasis_feasibility,separating_fast,heuristics_off,heuristics_aggressive,emphasis_optimality,emphasis_hardlp,separating_off,presolving_off,emphasis_easycip
neos-1173026,emphasis_feasibility,presolving_off,separating_fast,separating_aggressive,heuristics_off,emphasis_easycip,default,presolving_fast,presolving_aggressive,emphasis_hardlp,separating_off,heuristics_fast,heuristics_aggressive,emphasis_optimality
bnatt350,separating_off,separating_fast,presolving_off,emphasis_hardlp,presolving_fast,emphasis_feasibility,emphasis_easycip,default,presolving_aggressive,heuristics_aggressive,separating_aggressive,heuristics_off,heuristics_fast,emphasis_optimality
co-100,separating_fast,separating_off,heuristics_aggressive,presolving_fast,heuristics_fast,emphasis_hardlp,presolving_off,emphasis_feasibility,emphasis_easycip,default,presolving_aggressive,separating_aggressive,emphasis_optimality,heuristics_off
n3div36,heuristics_aggressive,presolving_fast,presolving_aggressive,separating_fast,default,separating_aggressive,emphasis_feasibility,separating_off,presolving_off,emphasis_optimality,heuristics_fast,emphasis_hardlp,emphasis_easycip,heuristics_off
tw-myciel4,separating_aggressive,separating_fast,separating_off,presolving_aggressive,heuristics_off,heuristics_fast,emphasis_hardlp,presolving_fast,default,heuristics_aggressive,emphasis_easycip,presolving_off,emphasis_optimality,emphasis_feasibility
fast0507,emphasis_feasibility,default,heuristics_aggressive,separating_off,separating_fast,presolving_off,presolving_fast,presolving_aggressive,separating_aggressive,emphasis_hardlp,emphasis_easycip,heuristics_fast,emphasis_optimality,heuristics_off
neos-582605,separating_off,separating_fast,heuristics_aggressive,separating_aggressive,presolving_aggressive,presolving_fast,heuristics_fast,emphasis_hardlp,emphasis_feasibility,emphasis_easycip,default,presolving_off,emphasis_optimality,heuristics_off
ran14x18_1,presolving_fast,separating_aggressive,presolving_aggressive,default,heuristics_fast,separating_fast,heuristics_aggressive,emphasis_optimality,presolving_off,emphasis_easycip,heuristics_off,emphasis_hardlp,emphasis_feasibility,separating_off
rococoC11-011100,default,separating_fast,separating_aggressive,presolving_aggressive,heuristics_aggressive,presolving_fast,separating_off,presolving_off,heuristics_fast,emphasis_hardlp,emphasis_feasibility,emphasis_easycip,emphasis_optimality,heuristics_off
lseu,separating_fast,heuristics_fast,presolving_fast,emphasis_hardlp,presolving_aggressive,default,emphasis_easycip,presolving_off,separating_off,separating_aggressive,heuristics_aggressive,emphasis_optimality,emphasis_feasibility,heuristics_off
reblock420,emphasis_hardlp,separating_off,presolving_fast,emphasis_feasibility,presolving_off,emphasis_easycip,default,separating_fast,heuristics_aggressive,heuristics_fast,separating_aggressive,emphasis_optimality,presolving_aggressive,heuristics_off
neos-785899,emphasis_hardlp,separating_fast,presolving_fast,emphasis_easycip,presolving_off,presolving_aggressive,heuristics_fast,separating_off,emphasis_feasibility,default,heuristics_aggressive,separating_aggressive,emphasis_optimality,heuristics_off
iis-pima-cov,separating_off,presolving_off,heuristics_fast,presolving_fast,emphasis_easycip,separating_fast,presolving_aggressive,default,heuristics_aggressive,separating_aggressive,emphasis_feasibility,heuristics_off,emphasis_hardlp,emphasis_optimality
neos-830439,default,separating_off,presolving_fast,presolving_aggressive,separating_fast,separating_aggressive,emphasis_feasibility,heuristics_fast,heuristics_aggressive,emphasis_optimality,presolving_off,emphasis_easycip,emphasis_hardlp,heuristics_off
queens-30,separating_fast,presolving_off,heuristics_aggressive,separating_off,separating_aggressive,default,presolving_fast,presolving_aggressive,heuristics_fast,emphasis_hardlp,heuristics_off,emphasis_optimality,emphasis_easycip,emphasis_feasibility
neos-1445532,presolving_fast,emphasis_feasibility,separating_fast,separating_aggressive,heuristics_aggressive,default,separating_off,presolving_aggressive,heuristics_fast,emphasis_hardlp,presolving_off,emphasis_optimality,emphasis_easycip,heuristics_off
nb10tb,separating_fast,presolving_off,separating_off,default,separating_aggressive,presolving_fast,presolving_aggressive,heuristics_aggressive,emphasis_feasibility,emphasis_hardlp,heuristics_off,emphasis_easycip,heuristics_fast,emphasis_optimality
neos-1429461,separating_off,separating_fast,presolving_fast,presolving_aggressive,separating_aggressive,presolving_off,default,heuristics_fast,emphasis_optimality,emphasis_feasibility,emphasis_hardlp,emphasis_easycip,heuristics_off,heuristics_aggressive
gt2,presolving_fast,presolving_aggressive,default,separating_fast,separating_off,heuristics_off,heuristics_fast,emphasis_easycip,presolving_off,emphasis_hardlp,separating_aggressive,emphasis_optimality,heuristics_aggressive,emphasis_feasibility
neos-555927,emphasis_feasibility,presolving_fast,presolving_aggressive,heuristics_aggressive,separating_fast,separating_aggressive,presolving_off,separating_off,heuristics_fast,emphasis_hardlp,heuristics_off,default,emphasis_easycip,emphasis_optimality
neos-595904,separating_fast,emphasis_feasibility,presolving_fast,heuristics_aggressive,default,separating_off,separating_aggressive,presolving_off,presolving_aggressive,emphasis_hardlp,heuristics_fast,emphasis_easycip,emphasis_optimality,heuristics_off
timtab1,presolving_aggressive,separating_fast,separating_aggressive,heuristics_fast,default,presolving_fast,heuristics_aggressive,emphasis_easycip,separating_off,heuristics_off,emphasis_feasibility,emphasis_hardlp,emphasis_optimality,presolving_off
neos-1439395,separating_fast,separating_off,presolving_fast,default,presolving_aggressive,emphasis_feasibility,separating_aggressive,presolving_off,heuristics_fast,heuristics_aggressive,emphasis_hardlp,heuristics_off,emphasis_optimality,emphasis_easycip
rd-rplusc-21,separating_fast,separating_aggressive,presolving_aggressive,separating_off,emphasis_optimality,default,presolving_fast,heuristics_aggressive,emphasis_hardlp,presolving_off,heuristics_off,emphasis_feasibility,heuristics_fast,emphasis_easycip
neos-1445738,separating_fast,presolving_fast,emphasis_feasibility,heuristics_aggressive,separating_off,emphasis_hardlp,heuristics_fast,default,separating_aggressive,presolving_off,emphasis_optimality,presolving_aggressive,emphasis_easycip,heuristics_off
neos-501474,heuristics_fast,heuristics_off,default,separating_fast,separating_aggressive,presolving_aggressive,emphasis_hardlp,presolving_off,presolving_fast,separating_off,heuristics_aggressive,emphasis_optimality,emphasis_feasibility,emphasis_easycip
fiball,heuristics_aggressive,separating_off,separating_fast,presolving_aggressive,separating_aggressive,presolving_fast,heuristics_off,presolving_off,emphasis_feasibility,emphasis_optimality,default,emphasis_hardlp,emphasis_easycip,heuristics_fast
map20,separating_fast,presolving_aggressive,default,separating_off,emphasis_easycip,heuristics_fast,emphasis_feasibility,heuristics_aggressive,presolving_fast,separating_aggressive,emphasis_hardlp,emphasis_optimality,presolving_off,heuristics_off
neos-1603512,heuristics_off,emphasis_hardlp,separating_aggressive,separating_fast,presolving_fast,default,separating_off,presolving_aggressive,heuristics_fast,emphasis_optimality,emphasis_feasibility,emphasis_easycip,presolving_off,heuristics_aggressive
