neos-941717,presolving_fast,default,emphasis_hardlp,emphasis_feasibility,separating_aggressive,separating_fast,presolving_aggressive,heuristics_aggressive,presolving_off,emphasis_easycip,heuristics_fast,heuristics_off,separating_off,emphasis_optimality
rococoC10-001000,default,emphasis_feasibility,separating_fast,heuristics_aggressive,presolving_aggressive,heuristics_fast,separating_off,presolving_fast,emphasis_easycip,separating_aggressive,emphasis_hardlp,presolving_off,emphasis_optimality,heuristics_off
modglob,separating_fast,presolving_fast,emphasis_hardlp,presolving_aggressive,default,presolving_off,heuristics_aggressive,emphasis_easycip,separating_aggressive,heuristics_fast,emphasis_optimality,separating_off,heuristics_off,emphasis_feasibility
neos-1445738,separating_off,separating_fast,emphasis_feasibility,presolving_fast,default,heuristics_aggressive,presolving_off,emphasis_hardlp,emphasis_optimality,heuristics_fast,separating_aggressive,presolving_aggressive,emphasis_easycip,heuristics_off
dano3_5,presolving_aggressive,emphasis_easycip,presolving_fast,default,heuristics_fast,separating_off,separating_fast,emphasis_hardlp,emphasis_optimality,separating_aggressive,presolving_off,emphasis_feasibility,heuristics_aggressive,heuristics_off
neos-619167,separating_off,separating_fast,default,presolving_fast,presolving_aggressive,separating_aggressive,emphasis_feasibility,heuristics_aggressive,emphasis_hardlp,presolving_off,emphasis_optimality,heuristics_fast,emphasis_easycip,heuristics_off
neos-1599274,presolving_fast,separating_fast,presolving_off,default,presolving_aggressive,emphasis_hardlp,emphasis_feasibility,emphasis_easycip,heuristics_aggressive,heuristics_fast,separating_aggressive,separating_off,heuristics_off,emphasis_optimality
aligninq,separating_fast,presolving_fast,default,presolving_aggressive,emphasis_hardlp,emphasis_feasibility,heuristics_aggressive,presolving_off,separating_off,separating_aggressive,heuristics_fast,emphasis_easycip,emphasis_optimality,heuristics_off
rmatr200-p10,emphasis_hardlp,emphasis_easycip,heuristics_fast,emphasis_feasibility,heuristics_aggressive,presolving_off,presolving_fast,separating_off,emphasis_optimality,presolving_aggressive,separating_fast,separating_aggressive,default,heuristics_off
neos-1228986,heuristics_off,presolving_aggressive,heuristics_fast,separating_fast,emphasis_hardlp,separating_off,default,emphasis_easycip,emphasis_feasibility,separating_aggressive,presolving_fast,heuristics_aggressive,emphasis_optimality,presolving_off
nsr8k,separating_fast,presolving_fast,presolving_aggressive,separating_off,presolving_off,default,emphasis_feasibility,heuristics_aggressive,separating_aggressive,emphasis_optimality,emphasis_easycip,heuristics_fast,emphasis_hardlp,heuristics_off
reblock354,separating_off,separating_fast,default,emphasis_hardlp,presolving_fast,heuristics_fast,emphasis_feasibility,heuristics_aggressive,presolving_off,emphasis_easycip,separating_aggressive,heuristics_off,presolving_aggressive,emphasis_optimality
stockholm,separating_off,separating_fast,presolving_fast,emphasis_feasibility,default,presolving_aggressive,presolving_off,emphasis_easycip,emphasis_hardlp,heuristics_fast,heuristics_aggressive,separating_aggressive,emphasis_optimality,heuristics_off
bley_xl1,emphasis_hardlp,emphasis_feasibility,separating_off,separating_fast,presolving_fast,emphasis_easycip,default,heuristics_aggressive,presolving_aggressive,presolving_off,heuristics_fast,separating_aggressive,heuristics_off,emphasis_optimality
neos-584146,presolving_fast,default,separating_fast,separating_aggressive,presolving_aggressive,heuristics_aggressive,separating_off,presolving_off,heuristics_fast,emphasis_feasibility,emphasis_hardlp,emphasis_easycip,emphasis_optimality,heuristics_off
neos-941698,emphasis_hardlp,emphasis_feasibility,separating_fast,heuristics_aggressive,presolving_fast,default,presolving_aggressive,separating_off,emphasis_easycip,heuristics_fast,separating_aggressive,presolving_off,heuristics_off,emphasis_optimality
momentum3,presolving_fast,separating_fast,separating_off,presolving_off,emphasis_feasibility,default,presolving_aggressive,heuristics_aggressive,emphasis_hardlp,emphasis_easycip,separating_aggressive,emphasis_optimality,heuristics_fast,heuristics_off
neos-1122047,emphasis_easycip,presolving_fast,presolving_aggressive,emphasis_hardlp,default,separating_off,separating_fast,heuristics_fast,separating_aggressive,presolving_off,emphasis_feasibility,heuristics_off,heuristics_aggressive,emphasis_optimality
set3-15,default,separating_aggressive,presolving_fast,presolving_aggressive,heuristics_aggressive,separating_fast,presolving_off,emphasis_optimality,heuristics_fast,emphasis_hardlp,emphasis_easycip,emphasis_feasibility,separating_off,heuristics_off
pk1,emphasis_hardlp,presolving_fast,presolving_off,heuristics_fast,default,separating_fast,presolving_aggressive,emphasis_easycip,separating_off,separating_aggressive,emphasis_optimality,heuristics_aggressive,emphasis_feasibility,heuristics_off
atlanta-ip,emphasis_feasibility,default,separating_fast,presolving_aggressive,separating_off,presolving_fast,presolving_off,heuristics_aggressive,separating_aggressive,emphasis_hardlp,emphasis_optimality,emphasis_easycip,heuristics_fast,heuristics_off
d10200,presolving_fast,heuristics_aggressive,default,presolving_off,separating_off,separating_fast,separating_aggressive,emphasis_feasibility,presolving_aggressive,emphasis_optimality,heuristics_fast,emphasis_hardlp,emphasis_easycip,heuristics_off
neos-1440460,separating_off,separating_fast,default,presolving_fast,separating_aggressive,emphasis_feasibility,presolving_aggressive,heuristics_aggressive,emphasis_optimality,heuristics_fast,presolving_off,emphasis_hardlp,emphasis_easycip,heuristics_off
rmine10,presolving_fast,emphasis_hardlp,separating_fast,presolving_off,separating_off,default,heuristics_aggressive,emphasis_feasibility,emphasis_easycip,heuristics_fast,separating_aggressive,emphasis_optimality,heuristics_off,presolving_aggressive
co-100,separating_fast,emphasis_hardlp,presolving_fast,default,separating_off,heuristics_aggressive,emphasis_feasibility,emphasis_easycip,presolving_off,heuristics_fast,presolving_aggressive,separating_aggressive,emphasis_optimality,heuristics_off
opt1217,separating_fast,presolving_fast,emphasis_hardlp,presolving_aggressive,heuristics_aggressive,default,emphasis_easycip,separating_aggressive,emphasis_feasibility,separating_off,heuristics_fast,emphasis_optimality,heuristics_off,presolving_off
zib54-UUE,default,separating_fast,presolving_fast,presolving_aggressive,presolving_off,heuristics_aggressive,separating_aggressive,separating_off,heuristics_fast,emphasis_feasibility,emphasis_optimality,emphasis_easycip,emphasis_hardlp,heuristics_off
neos-555424,presolving_fast,emphasis_feasibility,heuristics_aggressive,presolving_aggressive,default,separating_fast,presolving_off,emphasis_hardlp,emphasis_easycip,separating_off,separating_aggressive,heuristics_fast,heuristics_off,emphasis_optimality
qap10,presolving_fast,separating_off,separating_fast,presolving_off,emphasis_hardlp,emphasis_easycip,heuristics_fast,default,emphasis_feasibility,heuristics_aggressive,presolving_aggressive,separating_aggressive,heuristics_off,emphasis_optimality
sts729,heuristics_fast,emphasis_hardlp,emphasis_easycip,separating_off,presolving_fast,default,presolving_off,separating_fast,presolving_aggressive,emphasis_feasibility,separating_aggressive,heuristics_aggressive,emphasis_optimality,heuristics_off
neos-785899,presolving_off,emphasis_hardlp,presolving_fast,emphasis_easycip,separating_fast,separating_off,default,heuristics_fast,presolving_aggressive,emphasis_feasibility,heuristics_aggressive,separating_aggressive,heuristics_off,emphasis_optimality
vpphard2,emphasis_easycip,emphasis_hardlp,separating_off,presolving_fast,emphasis_feasibility,separating_fast,presolving_off,heuristics_fast,heuristics_aggressive,default,presolving_aggressive,emphasis_optimality,separating_aggressive,heuristics_off
janos-us-DDM,presolving_aggressive,separating_aggressive,default,presolving_off,presolving_fast,separating_fast,heuristics_fast,heuristics_aggressive,emphasis_hardlp,separating_off,emphasis_easycip,emphasis_optimality,emphasis_feasibility,heuristics_off
ds-big,default,separating_fast,separating_off,presolving_aggressive,presolving_fast,emphasis_feasibility,heuristics_aggressive,emphasis_hardlp,separating_aggressive,presolving_off,emphasis_easycip,heuristics_fast,emphasis_optimality,heuristics_off
neos-1096528,emphasis_hardlp,emphasis_easycip,separating_off,presolving_fast,presolving_aggressive,emphasis_feasibility,separating_fast,heuristics_fast,heuristics_off,presolving_off,default,separating_aggressive,heuristics_aggressive,emphasis_optimality
neos-631784,heuristics_aggressive,emphasis_feasibility,separating_off,default,presolving_aggressive,presolving_fast,separating_fast,separating_aggressive,presolving_off,emphasis_hardlp,heuristics_fast,emphasis_easycip,emphasis_optimality,heuristics_off
neos-954925,presolving_fast,presolving_off,separating_off,emphasis_feasibility,heuristics_aggressive,default,separating_fast,presolving_aggressive,emphasis_optimality,emphasis_easycip,emphasis_hardlp,separating_aggressive,heuristics_fast,heuristics_off
beasleyC3,default,presolving_aggressive,heuristics_aggressive,presolving_fast,separating_fast,separating_aggressive,presolving_off,heuristics_fast,emphasis_hardlp,emphasis_optimality,emphasis_feasibility,emphasis_easycip,separating_off,heuristics_off
neos-1311124,separating_off,separating_fast,presolving_fast,emphasis_feasibility,default,presolving_off,presolving_aggressive,heuristics_aggressive,separating_aggressive,emphasis_optimality,emphasis_hardlp,heuristics_fast,emphasis_easycip,heuristics_off
neos-935348,separating_off,separating_aggressive,separating_fast,default,presolving_fast,presolving_off,presolving_aggressive,emphasis_feasibility,heuristics_aggressive,emphasis_optimality,emphasis_easycip,emphasis_hardlp,heuristics_fast,heuristics_off
neos-824695,separating_off,emphasis_feasibility,heuristics_aggressive,presolving_fast,separating_fast,presolving_aggressive,default,separating_aggressive,presolving_off,emphasis_easycip,emphasis_hardlp,heuristics_fast,emphasis_optimality,heuristics_off
lotsize,presolving_fast,separating_fast,presolving_off,presolving_aggressive,emphasis_feasibility,default,separating_off,heuristics_aggressive,separating_aggressive,emphasis_optimality,emphasis_hardlp,emphasis_easycip,heuristics_fast,heuristics_off
neos-738098,emphasis_feasibility,presolving_fast,separating_off,separating_fast,heuristics_aggressive,default,presolving_aggressive,presolving_off,separating_aggressive,emphasis_hardlp,emphasis_easycip,heuristics_fast,emphasis_optimality,heuristics_off
neos-1605061,heuristics_aggressive,emphasis_feasibility,separating_fast,separating_off,presolving_fast,presolving_aggressive,default,separating_aggressive,presolving_off,heuristics_fast,emphasis_hardlp,emphasis_easycip,emphasis_optimality,heuristics_off
neos-807705,separating_off,emphasis_hardlp,heuristics_fast,emphasis_easycip,separating_fast,heuristics_off,default,separating_aggressive,presolving_aggressive,presolving_fast,heuristics_aggressive,emphasis_feasibility,presolving_off,emphasis_optimality
leo2,heuristics_aggressive,emphasis_feasibility,presolving_aggressive,default,separating_off,separating_fast,separating_aggressive,emphasis_optimality,presolving_fast,heuristics_fast,emphasis_easycip,presolving_off,emphasis_hardlp,heuristics_off
neos-827015,emphasis_hardlp,presolving_aggressive,presolving_fast,separating_fast,separating_off,default,heuristics_off,heuristics_fast,emphasis_easycip,presolving_off,heuristics_aggressive,emphasis_feasibility,separating_aggressive,emphasis_optimality
neos-1171692,emphasis_feasibility,separating_fast,separating_off,presolving_fast,heuristics_aggressive,default,presolving_aggressive,separating_aggressive,presolving_off,emphasis_optimality,emphasis_hardlp,emphasis_easycip,heuristics_fast,heuristics_off
neos-1425699,separating_fast,separating_off,heuristics_fast,presolving_aggressive,emphasis_hardlp,default,emphasis_easycip,presolving_off,presolving_fast,heuristics_off,emphasis_optimality,separating_aggressive,heuristics_aggressive,emphasis_feasibility
neos-933815,presolving_fast,presolving_aggressive,heuristics_aggressive,default,separating_aggressive,emphasis_optimality,separating_fast,emphasis_hardlp,heuristics_fast,presolving_off,emphasis_feasibility,separating_off,emphasis_easycip,heuristics_off
neos-937446,separating_off,presolving_fast,separating_aggressive,presolving_off,separating_fast,default,presolving_aggressive,heuristics_aggressive,emphasis_feasibility,emphasis_easycip,emphasis_hardlp,heuristics_fast,emphasis_optimality,heuristics_off
dc1l,separating_fast,presolving_aggressive,default,separating_off,presolving_fast,heuristics_aggressive,presolving_off,emphasis_feasibility,emphasis_easycip,heuristics_fast,emphasis_hardlp,separating_aggressive,emphasis_optimality,heuristics_off
neos-1436709,separating_off,separating_fast,presolving_fast,default,presolving_aggressive,separating_aggressive,presolving_off,emphasis_feasibility,heuristics_aggressive,emphasis_optimality,emphasis_hardlp,heuristics_fast,emphasis_easycip,heuristics_off
neos-1120495,presolving_aggressive,emphasis_easycip,presolving_fast,separating_fast,emphasis_hardlp,heuristics_off,heuristics_fast,default,emphasis_feasibility,separating_aggressive,heuristics_aggressive,emphasis_optimality,separating_off,presolving_off
aflow30a,separating_fast,presolving_fast,default,presolving_aggressive,separating_aggressive,heuristics_aggressive,separating_off,presolving_off,heuristics_fast,emphasis_optimality,emphasis_hardlp,emphasis_feasibility,emphasis_easycip,heuristics_off
neos-504815,separating_fast,presolving_fast,heuristics_fast,separating_aggressive,presolving_aggressive,emphasis_easycip,default,heuristics_off,heuristics_aggressive,emphasis_hardlp,separating_off,presolving_off,emphasis_feasibility,emphasis_optimality
satellites2-60,presolving_fast,separating_off,separating_fast,emphasis_feasibility,default,heuristics_aggressive,emphasis_hardlp,presolving_off,presolving_aggressive,separating_aggressive,emphasis_optimality,emphasis_easycip,heuristics_fast,heuristics_off
neos-631694,heuristics_aggressive,emphasis_feasibility,separating_off,separating_fast,presolving_fast,default,presolving_aggressive,separating_aggressive,emphasis_hardlp,presolving_off,heuristics_fast,emphasis_easycip,heuristics_off,emphasis_optimality
neos-942323,emphasis_hardlp,separating_fast,emphasis_feasibility,heuristics_aggressive,separating_off,emphasis_easycip,presolving_aggressive,presolving_fast,default,heuristics_fast,presolving_off,separating_aggressive,heuristics_off,emphasis_optimality
ex1010-pi,separating_off,default,separating_fast,presolving_fast,heuristics_aggressive,presolving_aggressive,heuristics_fast,presolving_off,separating_aggressive,emphasis_easycip,emphasis_feasibility,emphasis_hardlp,emphasis_optimality,heuristics_off
neos-1281048,separating_aggressive,emphasis_hardlp,default,presolving_fast,heuristics_aggressive,separating_fast,presolving_aggressive,heuristics_fast,emphasis_feasibility,presolving_off,emphasis_optimality,emphasis_easycip,separating_off,heuristics_off
