neos-555927,separating_off,separating_fast,presolving_off,separating_aggressive,presolving_fast,emphasis_feasibility,heuristics_aggressive,presolving_aggressive,emphasis_easycip,emphasis_hardlp,heuristics_fast,default,heuristics_off,emphasis_optimality
neos-476283,separating_off,separating_fast,presolving_fast,heuristics_aggressive,presolving_aggressive,emphasis_feasibility,default,separating_aggressive,presolving_off,heuristics_fast,emphasis_optimality,emphasis_hardlp,emphasis_easycip,heuristics_off
neos-1281048,heuristics_off,separating_fast,heuristics_fast,emphasis_easycip,emphasis_hardlp,presolving_aggressive,heuristics_aggressive,separating_off,presolving_fast,separating_aggressive,emphasis_feasibility,default,presolving_off,emphasis_optimality
neos-820879,presolving_fast,separating_fast,heuristics_aggressive,presolving_off,presolving_aggressive,default,separating_off,emphasis_feasibility,emphasis_easycip,heuristics_fast,emphasis_hardlp,separating_aggressive,emphasis_optimality,heuristics_off
neos-1396125,separating_fast,presolving_fast,separating_off,default,separating_aggressive,presolving_aggressive,heuristics_aggressive,presolving_off,emphasis_hardlp,emphasis_feasibility,heuristics_fast,emphasis_easycip,emphasis_optimality,heuristics_off
neos-1337307,separating_fast,presolving_fast,default,separating_off,separating_aggressive,heuristics_aggressive,emphasis_hardlp,presolving_aggressive,emphasis_feasibility,heuristics_fast,presolving_off,emphasis_easycip,heuristics_off,emphasis_optimality
gesa3_o,presolving_fast,presolving_aggressive,separating_fast,default,separating_aggressive,heuristics_fast,heuristics_aggressive,separating_off,emphasis_hardlp,presolving_off,emphasis_optimality,emphasis_feasibility,heuristics_off,emphasis_easycip
neos-911970,separating_fast,presolving_fast,presolving_aggressive,separating_off,presolving_off,emphasis_feasibility,default,heuristics_aggressive,separating_aggressive,emphasis_optimality,emphasis_hardlp,emphasis_easycip,heuristics_fast,heuristics_off
air05,separating_fast,presolving_fast,presolving_aggressive,heuristics_aggressive,emphasis_easycip,default,emphasis_hardlp,emphasis_feasibility,presolving_off,heuristics_fast,separating_off,heuristics_off,separating_aggressive,emphasis_optimality
tanglegram2,presolving_aggressive,presolving_fast,separating_fast,default,separating_off,heuristics_aggressive,presolving_off,separating_aggressive,heuristics_fast,emphasis_feasibility,emphasis_easycip,emphasis_hardlp,heuristics_off,emphasis_optimality
neos-1126860,presolving_off,presolving_fast,default,separating_off,emphasis_easycip,separating_fast,emphasis_hardlp,heuristics_fast,separating_aggressive,presolving_aggressive,emphasis_optimality,heuristics_aggressive,emphasis_feasibility,heuristics_off
neos-1460641,emphasis_feasibility,presolving_fast,heuristics_aggressive,presolving_aggressive,default,separating_fast,separating_aggressive,presolving_off,separating_off,heuristics_fast,emphasis_optimality,emphasis_hardlp,emphasis_easycip,heuristics_off
sing2,separating_off,separating_fast,presolving_off,presolving_fast,separating_aggressive,heuristics_aggressive,presolving_aggressive,emphasis_feasibility,default,heuristics_fast,emphasis_optimality,heuristics_off,emphasis_hardlp,emphasis_easycip
nsrand-ipx,separating_fast,emphasis_feasibility,separating_off,presolving_aggressive,separating_aggressive,presolving_fast,presolving_off,heuristics_fast,default,heuristics_aggressive,heuristics_off,emphasis_optimality,emphasis_hardlp,emphasis_easycip
transportmoment,separating_aggressive,heuristics_aggressive,presolving_off,presolving_aggressive,default,presolving_fast,separating_fast,separating_off,heuristics_fast,emphasis_feasibility,emphasis_hardlp,heuristics_off,emphasis_optimality,emphasis_easycip
dano3mip,separating_fast,separating_off,presolving_off,presolving_aggressive,separating_aggressive,presolving_fast,heuristics_fast,heuristics_aggressive,default,emphasis_optimality,emphasis_hardlp,emphasis_feasibility,emphasis_easycip,heuristics_off
neos-796608,emphasis_easycip,separating_off,separating_fast,presolving_aggressive,emphasis_hardlp,heuristics_fast,default,presolving_fast,heuristics_off,heuristics_aggressive,separating_aggressive,emphasis_optimality,emphasis_feasibility,presolving_off
neos-547911,presolving_aggressive,heuristics_fast,emphasis_hardlp,default,separating_fast,separating_aggressive,emphasis_easycip,presolving_fast,separating_off,heuristics_aggressive,presolving_off,heuristics_off,emphasis_optimality,emphasis_feasibility
neos-1603518,separating_fast,presolving_aggressive,separating_off,presolving_fast,separating_aggressive,presolving_off,heuristics_fast,heuristics_aggressive,heuristics_off,emphasis_feasibility,emphasis_easycip,emphasis_hardlp,default,emphasis_optimality
set3-15,separating_off,separating_fast,presolving_fast,separating_aggressive,presolving_off,presolving_aggressive,heuristics_fast,emphasis_easycip,emphasis_hardlp,default,heuristics_aggressive,emphasis_optimality,emphasis_feasibility,heuristics_off
neos-803220,presolving_fast,default,separating_aggressive,separating_off,heuristics_fast,separating_fast,emphasis_hardlp,presolving_off,presolving_aggressive,heuristics_off,emphasis_easycip,emphasis_optimality,heuristics_aggressive,emphasis_feasibility
bley_xl1,separating_off,separating_fast,emphasis_feasibility,separating_aggressive,heuristics_off,heuristics_fast,heuristics_aggressive,emphasis_optimality,presolving_aggressive,default,emphasis_hardlp,presolving_off,presolving_fast,emphasis_easycip
pw-myciel4,separating_fast,presolving_fast,separating_aggressive,presolving_aggressive,default,heuristics_aggressive,separating_off,emphasis_feasibility,heuristics_fast,emphasis_hardlp,emphasis_easycip,heuristics_off,presolving_off,emphasis_optimality
ds,separating_fast,heuristics_aggressive,presolving_off,presolving_fast,presolving_aggressive,separating_off,emphasis_feasibility,default,emphasis_hardlp,emphasis_easycip,separating_aggressive,heuristics_off,heuristics_fast,emphasis_optimality
neos-785899,presolving_fast,default,emphasis_hardlp,heuristics_aggressive,emphasis_easycip,presolving_aggressive,heuristics_fast,presolving_off,separating_fast,separating_aggressive,emphasis_feasibility,separating_off,emphasis_optimality,heuristics_off
bg512142,default,emphasis_hardlp,presolving_fast,presolving_aggressive,heuristics_aggressive,separating_fast,heuristics_fast,separating_aggressive,presolving_off,emphasis_feasibility,emphasis_easycip,separating_off,emphasis_optimality,heuristics_off
neos-633273,separating_fast,presolving_fast,heuristics_fast,heuristics_aggressive,default,separating_off,presolving_aggressive,emphasis_feasibility,emphasis_hardlp,separating_aggressive,emphasis_optimality,heuristics_off,emphasis_easycip,presolving_off
neos-501474,separating_off,presolving_off,separating_fast,heuristics_fast,separating_aggressive,presolving_fast,heuristics_off,presolving_aggressive,emphasis_easycip,heuristics_aggressive,emphasis_optimality,emphasis_hardlp,default,emphasis_feasibility
csched010,presolving_aggressive,separating_fast,separating_aggressive,default,separating_off,emphasis_easycip,presolving_fast,presolving_off,heuristics_fast,heuristics_aggressive,heuristics_off,emphasis_feasibility,emphasis_optimality,emphasis_hardlp
neos-619167,separating_off,separating_fast,heuristics_fast,separating_aggressive,presolving_fast,default,heuristics_off,emphasis_optimality,presolving_aggressive,emphasis_hardlp,emphasis_feasibility,presolving_off,heuristics_aggressive,emphasis_easycip
neos-803219,presolving_fast,default,separating_aggressive,separating_off,heuristics_fast,separating_fast,emphasis_hardlp,presolving_off,presolving_aggressive,heuristics_off,emphasis_easycip,emphasis_optimality,heuristics_aggressive,emphasis_feasibility
dsbmip,separating_off,separating_fast,presolving_fast,separating_aggressive,default,presolving_aggressive,presolving_off,heuristics_fast,heuristics_aggressive,emphasis_optimality,emphasis_feasibility,emphasis_hardlp,heuristics_off,emphasis_easycip
air04,separating_fast,presolving_fast,presolving_aggressive,heuristics_aggressive,default,emphasis_feasibility,presolving_off,emphasis_hardlp,emphasis_easycip,separating_off,heuristics_fast,heuristics_off,separating_aggressive,emphasis_optimality
disctom,heuristics_aggressive,default,separating_aggressive,presolving_fast,presolving_aggressive,emphasis_feasibility,heuristics_fast,emphasis_hardlp,separating_fast,presolving_off,emphasis_easycip,emphasis_optimality,separating_off,heuristics_off
neos16,separating_off,heuristics_fast,presolving_aggressive,heuristics_off,separating_fast,heuristics_aggressive,emphasis_easycip,emphasis_feasibility,emphasis_hardlp,separating_aggressive,default,presolving_off,presolving_fast,emphasis_optimality
neos-1067731,presolving_fast,emphasis_hardlp,default,separating_fast,presolving_off,presolving_aggressive,heuristics_aggressive,heuristics_fast,emphasis_easycip,separating_aggressive,separating_off,heuristics_off,emphasis_optimality,emphasis_feasibility
methanosarcina,separating_off,separating_fast,presolving_fast,presolving_aggressive,heuristics_aggressive,presolving_off,emphasis_easycip,default,separating_aggressive,emphasis_feasibility,heuristics_fast,emphasis_hardlp,heuristics_off,emphasis_optimality
rocII-9-11,separating_off,separating_fast,emphasis_feasibility,separating_aggressive,presolving_off,presolving_fast,presolving_aggressive,heuristics_off,heuristics_aggressive,default,heuristics_fast,emphasis_optimality,emphasis_hardlp,emphasis_easycip
50v-10,heuristics_aggressive,emphasis_easycip,default,presolving_aggressive,emphasis_hardlp,emphasis_feasibility,separating_fast,separating_off,presolving_fast,separating_aggressive,presolving_off,heuristics_fast,heuristics_off,emphasis_optimality
pb-simp-nonunif,emphasis_feasibility,separating_off,default,separating_fast,heuristics_aggressive,separating_aggressive,presolving_aggressive,presolving_fast,heuristics_fast,emphasis_easycip,presolving_off,heuristics_off,emphasis_hardlp,emphasis_optimality
neos-1445755,separating_off,separating_fast,heuristics_fast,emphasis_feasibility,default,separating_aggressive,heuristics_aggressive,heuristics_off,emphasis_optimality,presolving_off,presolving_fast,emphasis_hardlp,emphasis_easycip,presolving_aggressive
stein27,default,heuristics_fast,emphasis_hardlp,emphasis_easycip,presolving_fast,heuristics_aggressive,presolving_aggressive,separating_fast,presolving_off,separating_off,separating_aggressive,emphasis_feasibility,heuristics_off,emphasis_optimality
neos-512201,separating_fast,separating_off,presolving_fast,presolving_aggressive,default,emphasis_feasibility,separating_aggressive,heuristics_aggressive,emphasis_hardlp,heuristics_fast,presolving_off,emphasis_easycip,emphasis_optimality,heuristics_off
neos-930752,separating_off,presolving_fast,separating_fast,default,presolving_aggressive,separating_aggressive,presolving_off,heuristics_aggressive,heuristics_fast,emphasis_optimality,emphasis_hardlp,emphasis_easycip,heuristics_off,emphasis_feasibility
neos-829552,separating_off,separating_fast,presolving_off,presolving_fast,separating_aggressive,heuristics_aggressive,presolving_aggressive,emphasis_feasibility,heuristics_off,heuristics_fast,emphasis_hardlp,default,emphasis_easycip,emphasis_optimality
qiu,emphasis_hardlp,presolving_fast,default,separating_fast,presolving_aggressive,emphasis_easycip,separating_aggressive,heuristics_fast,heuristics_aggressive,emphasis_feasibility,presolving_off,separating_off,emphasis_optimality,heuristics_off
manna81,separating_aggressive,separating_fast,presolving_off,presolving_fast,separating_off,presolving_aggressive,emphasis_optimality,heuristics_off,emphasis_hardlp,heuristics_fast,default,emphasis_easycip,heuristics_aggressive,emphasis_feasibility
neos-957389,separating_off,emphasis_feasibility,emphasis_hardlp,separating_fast,presolving_fast,heuristics_aggressive,presolving_aggressive,separating_aggressive,heuristics_fast,default,presolving_off,emphasis_easycip,heuristics_off,emphasis_optimality
neos-631517,presolving_off,presolving_aggressive,separating_aggressive,presolving_fast,separating_fast,heuristics_aggressive,default,emphasis_feasibility,separating_off,emphasis_optimality,heuristics_fast,emphasis_hardlp,emphasis_easycip,heuristics_off
ns1853823,emphasis_feasibility,separating_off,separating_fast,heuristics_aggressive,separating_aggressive,presolving_fast,presolving_off,default,presolving_aggressive,heuristics_fast,emphasis_optimality,heuristics_off,emphasis_easycip,emphasis_hardlp
neos-565815,presolving_fast,emphasis_hardlp,emphasis_feasibility,presolving_off,separating_fast,heuristics_aggressive,separating_off,default,separating_aggressive,heuristics_fast,emphasis_easycip,presolving_aggressive,heuristics_off,emphasis_optimality
uct-subprob,emphasis_hardlp,separating_off,default,separating_fast,presolving_fast,emphasis_easycip,presolving_off,heuristics_fast,presolving_aggressive,heuristics_aggressive,heuristics_off,emphasis_optimality,emphasis_feasibility,separating_aggressive
bc1,presolving_off,emphasis_optimality,separating_aggressive,presolving_aggressive,heuristics_aggressive,heuristics_fast,presolving_fast,heuristics_off,emphasis_feasibility,emphasis_easycip,default,separating_off,separating_fast,emphasis_hardlp
janos-us-DDM,presolving_aggressive,separating_aggressive,presolving_fast,separating_fast,default,presolving_off,heuristics_fast,heuristics_aggressive,heuristics_off,separating_off,emphasis_hardlp,emphasis_feasibility,emphasis_optimality,emphasis_easycip
neos-738098,separating_off,presolving_fast,emphasis_feasibility,separating_fast,heuristics_aggressive,separating_aggressive,presolving_off,presolving_aggressive,heuristics_fast,emphasis_hardlp,emphasis_easycip,default,heuristics_off,emphasis_optimality
neos-612143,presolving_fast,presolving_off,separating_fast,default,presolving_aggressive,emphasis_hardlp,separating_off,separating_aggressive,heuristics_aggressive,emphasis_easycip,emphasis_feasibility,heuristics_fast,emphasis_optimality,heuristics_off
nug08,separating_off,separating_fast,emphasis_hardlp,presolving_off,presolving_fast,emphasis_easycip,presolving_aggressive,separating_aggressive,heuristics_fast,emphasis_feasibility,heuristics_off,default,heuristics_aggressive,emphasis_optimality
neos-1593097,emphasis_feasibility,separating_off,separating_fast,presolving_off,presolving_fast,heuristics_aggressive,separating_aggressive,presolving_aggressive,default,heuristics_off,heuristics_fast,emphasis_optimality,emphasis_hardlp,emphasis_easycip
ex1010-pi,separating_off,separating_fast,presolving_off,heuristics_aggressive,default,presolving_fast,presolving_aggressive,emphasis_feasibility,heuristics_fast,emphasis_easycip,separating_aggressive,emphasis_optimality,heuristics_off,emphasis_hardlp
neos-885086,separating_off,presolving_off,separating_fast,presolving_fast,presolving_aggressive,emphasis_feasibility,separating_aggressive,heuristics_aggressive,default,emphasis_optimality,emphasis_hardlp,emphasis_easycip,heuristics_fast,heuristics_off
gesa2,separating_off,default,separating_fast,presolving_fast,presolving_aggressive,heuristics_aggressive,emphasis_hardlp,presolving_off,heuristics_fast,emphasis_feasibility,emphasis_easycip,separating_aggressive,emphasis_optimality,heuristics_off
