neos-941717,presolving_fast,default,emphasis_hardlp,emphasis_feasibility,separating_fast,separating_aggressive,presolving_aggressive,heuristics_aggressive,presolving_off,emphasis_easycip,heuristics_off,heuristics_fast,separating_off,emphasis_optimality
rococoC10-001000,emphasis_feasibility,separating_off,heuristics_aggressive,separating_fast,presolving_fast,default,presolving_aggressive,emphasis_hardlp,heuristics_fast,separating_aggressive,presolving_off,emphasis_easycip,emphasis_optimality,heuristics_off
modglob,heuristics_aggressive,default,presolving_aggressive,presolving_fast,separating_aggressive,presolving_off,separating_fast,heuristics_fast,emphasis_hardlp,emphasis_optimality,emphasis_feasibility,emphasis_easycip,separating_off,heuristics_off
neos-1445738,heuristics_fast,presolving_fast,presolving_aggressive,default,heuristics_aggressive,emphasis_hardlp,presolving_off,separating_fast,emphasis_easycip,separating_off,separating_aggressive,emphasis_feasibility,heuristics_off,emphasis_optimality
dano3_5,presolving_aggressive,emphasis_easycip,presolving_fast,default,heuristics_fast,separating_off,separating_fast,emphasis_hardlp,emphasis_optimality,separating_aggressive,presolving_off,emphasis_feasibility,heuristics_aggressive,heuristics_off
neos-619167,default,separating_fast,presolving_aggressive,presolving_fast,emphasis_hardlp,separating_aggressive,separating_off,presolving_off,heuristics_aggressive,heuristics_fast,emphasis_optimality,emphasis_feasibility,emphasis_easycip,heuristics_off
neos-1599274,presolving_fast,separating_fast,heuristics_aggressive,emphasis_feasibility,default,presolving_off,presolving_aggressive,separating_aggressive,emphasis_hardlp,emphasis_easycip,heuristics_fast,separating_off,emphasis_optimality,heuristics_off
aligninq,default,separating_off,separating_fast,presolving_fast,emphasis_feasibility,presolving_aggressive,emphasis_hardlp,heuristics_aggressive,separating_aggressive,heuristics_fast,emphasis_easycip,heuristics_off,presolving_off,emphasis_optimality
rmatr200-p10,separating_fast,separating_off,presolving_fast,emphasis_feasibility,heuristics_aggressive,presolving_off,presolving_aggressive,default,emphasis_hardlp,separating_aggressive,heuristics_fast,emphasis_easycip,emphasis_optimality,heuristics_off
neos-1228986,heuristics_off,presolving_aggressive,heuristics_fast,separating_fast,emphasis_hardlp,separating_off,default,emphasis_feasibility,emphasis_easycip,separating_aggressive,presolving_fast,heuristics_aggressive,emphasis_optimality,presolving_off
nsr8k,separating_fast,presolving_fast,presolving_aggressive,default,separating_off,emphasis_feasibility,presolving_off,heuristics_aggressive,separating_aggressive,heuristics_fast,emphasis_optimality,emphasis_hardlp,emphasis_easycip,heuristics_off
reblock354,emphasis_hardlp,separating_off,presolving_fast,presolving_off,separating_fast,default,heuristics_fast,heuristics_aggressive,emphasis_feasibility,emphasis_easycip,separating_aggressive,presolving_aggressive,heuristics_off,emphasis_optimality
stockholm,heuristics_fast,presolving_off,presolving_fast,default,presolving_aggressive,emphasis_hardlp,separating_fast,separating_off,emphasis_easycip,separating_aggressive,heuristics_aggressive,emphasis_feasibility,emphasis_optimality,heuristics_off
bley_xl1,separating_off,separating_fast,emphasis_hardlp,presolving_fast,presolving_off,presolving_aggressive,heuristics_fast,heuristics_aggressive,emphasis_easycip,separating_aggressive,heuristics_off,default,emphasis_feasibility,emphasis_optimality
neos-584146,separating_fast,presolving_fast,separating_off,separating_aggressive,presolving_aggressive,heuristics_aggressive,default,presolving_off,heuristics_fast,emphasis_feasibility,emphasis_easycip,heuristics_off,emphasis_hardlp,emphasis_optimality
neos-941698,emphasis_hardlp,separating_fast,presolving_fast,emphasis_feasibility,default,separating_aggressive,presolving_aggressive,heuristics_aggressive,heuristics_fast,emphasis_easycip,presolving_off,separating_off,heuristics_off,emphasis_optimality
momentum3,separating_fast,separating_off,presolving_off,emphasis_feasibility,separating_aggressive,presolving_fast,presolving_aggressive,heuristics_aggressive,emphasis_optimality,emphasis_hardlp,emphasis_easycip,default,heuristics_off,heuristics_fast
neos-1122047,presolving_fast,presolving_aggressive,default,separating_fast,separating_off,emphasis_hardlp,emphasis_easycip,separating_aggressive,presolving_off,heuristics_fast,heuristics_aggressive,emphasis_feasibility,heuristics_off,emphasis_optimality
set3-15,default,separating_aggressive,presolving_fast,presolving_aggressive,heuristics_aggressive,separating_fast,presolving_off,emphasis_optimality,heuristics_fast,emphasis_hardlp,emphasis_easycip,emphasis_feasibility,separating_off,heuristics_off
pk1,presolving_fast,separating_fast,presolving_aggressive,default,separating_off,separating_aggressive,emphasis_hardlp,emphasis_feasibility,heuristics_fast,heuristics_aggressive,emphasis_easycip,heuristics_off,presolving_off,emphasis_optimality
atlanta-ip,presolving_fast,presolving_aggressive,default,presolving_off,heuristics_fast,emphasis_hardlp,heuristics_aggressive,separating_fast,separating_aggressive,emphasis_easycip,separating_off,emphasis_optimality,emphasis_feasibility,heuristics_off
d10200,separating_off,separating_fast,separating_aggressive,presolving_fast,emphasis_hardlp,emphasis_feasibility,presolving_off,heuristics_fast,presolving_aggressive,heuristics_aggressive,default,heuristics_off,emphasis_optimality,emphasis_easycip
neos-1440460,separating_off,separating_fast,presolving_fast,default,emphasis_feasibility,presolving_aggressive,separating_aggressive,heuristics_aggressive,emphasis_optimality,heuristics_fast,presolving_off,emphasis_hardlp,emphasis_easycip,heuristics_off
rmine10,emphasis_hardlp,separating_off,presolving_fast,separating_fast,default,heuristics_aggressive,heuristics_fast,presolving_off,emphasis_feasibility,emphasis_easycip,separating_aggressive,presolving_aggressive,heuristics_off,emphasis_optimality
co-100,heuristics_aggressive,presolving_fast,presolving_aggressive,default,separating_aggressive,emphasis_feasibility,separating_fast,emphasis_hardlp,presolving_off,heuristics_fast,emphasis_easycip,emphasis_optimality,separating_off,heuristics_off
opt1217,separating_aggressive,separating_fast,emphasis_feasibility,heuristics_aggressive,presolving_fast,default,presolving_aggressive,presolving_off,separating_off,emphasis_hardlp,heuristics_fast,emphasis_optimality,heuristics_off,emphasis_easycip
zib54-UUE,presolving_fast,presolving_aggressive,heuristics_fast,default,presolving_off,emphasis_hardlp,heuristics_aggressive,separating_aggressive,separating_fast,emphasis_easycip,emphasis_optimality,separating_off,heuristics_off,emphasis_feasibility
neos-555424,separating_fast,presolving_fast,presolving_aggressive,heuristics_aggressive,emphasis_feasibility,presolving_off,default,separating_off,emphasis_easycip,emphasis_hardlp,separating_aggressive,heuristics_fast,heuristics_off,emphasis_optimality
qap10,presolving_fast,separating_fast,default,emphasis_feasibility,separating_off,presolving_aggressive,heuristics_aggressive,emphasis_easycip,presolving_off,emphasis_hardlp,heuristics_fast,separating_aggressive,heuristics_off,emphasis_optimality
sts729,heuristics_fast,separating_off,emphasis_easycip,presolving_off,presolving_fast,separating_fast,presolving_aggressive,default,separating_aggressive,heuristics_aggressive,heuristics_off,emphasis_hardlp,emphasis_feasibility,emphasis_optimality
neos-785899,presolving_fast,separating_fast,presolving_off,emphasis_easycip,separating_off,default,presolving_aggressive,heuristics_fast,emphasis_hardlp,heuristics_aggressive,emphasis_feasibility,separating_aggressive,heuristics_off,emphasis_optimality
vpphard2,separating_off,separating_fast,presolving_fast,presolving_aggressive,separating_aggressive,heuristics_fast,heuristics_aggressive,emphasis_feasibility,emphasis_hardlp,emphasis_easycip,presolving_off,heuristics_off,emphasis_optimality,default
janos-us-DDM,separating_aggressive,presolving_fast,presolving_aggressive,default,presolving_off,separating_fast,separating_off,heuristics_fast,heuristics_aggressive,heuristics_off,emphasis_hardlp,emphasis_optimality,emphasis_easycip,emphasis_feasibility
ds-big,separating_fast,default,separating_off,presolving_aggressive,emphasis_feasibility,heuristics_aggressive,presolving_fast,separating_aggressive,presolving_off,heuristics_fast,emphasis_hardlp,emphasis_easycip,emphasis_optimality,heuristics_off
neos-1096528,separating_off,presolving_aggressive,separating_fast,presolving_fast,emphasis_hardlp,emphasis_feasibility,emphasis_easycip,default,separating_aggressive,heuristics_aggressive,presolving_off,heuristics_fast,heuristics_off,emphasis_optimality
neos-631784,separating_off,presolving_aggressive,heuristics_aggressive,emphasis_feasibility,separating_fast,default,separating_aggressive,presolving_fast,emphasis_hardlp,presolving_off,heuristics_fast,emphasis_easycip,emphasis_optimality,heuristics_off
neos-954925,presolving_fast,presolving_off,separating_off,emphasis_feasibility,heuristics_aggressive,default,separating_fast,presolving_aggressive,emphasis_easycip,separating_aggressive,emphasis_hardlp,heuristics_fast,emphasis_optimality,heuristics_off
beasleyC3,separating_aggressive,presolving_fast,heuristics_aggressive,default,presolving_aggressive,presolving_off,heuristics_fast,emphasis_optimality,emphasis_hardlp,separating_fast,emphasis_easycip,emphasis_feasibility,heuristics_off,separating_off
neos-1311124,separating_off,presolving_off,separating_fast,presolving_fast,emphasis_feasibility,default,separating_aggressive,heuristics_aggressive,presolving_aggressive,emphasis_optimality,emphasis_hardlp,heuristics_fast,emphasis_easycip,heuristics_off
neos-935348,separating_off,presolving_fast,separating_fast,default,presolving_aggressive,separating_aggressive,presolving_off,emphasis_feasibility,heuristics_aggressive,emphasis_easycip,emphasis_hardlp,emphasis_optimality,heuristics_fast,heuristics_off
neos-824695,separating_off,separating_fast,emphasis_feasibility,heuristics_aggressive,presolving_fast,presolving_aggressive,default,separating_aggressive,emphasis_hardlp,heuristics_fast,emphasis_optimality,emphasis_easycip,presolving_off,heuristics_off
lotsize,presolving_fast,separating_fast,presolving_aggressive,presolving_off,default,separating_aggressive,heuristics_aggressive,separating_off,heuristics_fast,emphasis_hardlp,emphasis_feasibility,emphasis_optimality,emphasis_easycip,heuristics_off
neos-738098,separating_off,separating_fast,presolving_fast,presolving_aggressive,emphasis_feasibility,heuristics_aggressive,default,separating_aggressive,presolving_off,heuristics_fast,emphasis_optimality,emphasis_hardlp,emphasis_easycip,heuristics_off
neos-1605061,separating_fast,separating_off,separating_aggressive,presolving_fast,presolving_aggressive,heuristics_off,heuristics_fast,presolving_off,heuristics_aggressive,emphasis_hardlp,emphasis_feasibility,default,emphasis_easycip,emphasis_optimality
neos-807705,emphasis_hardlp,heuristics_fast,separating_fast,separating_off,separating_aggressive,presolving_aggressive,heuristics_off,default,emphasis_easycip,presolving_fast,heuristics_aggressive,presolving_off,emphasis_feasibility,emphasis_optimality
leo2,heuristics_aggressive,emphasis_feasibility,presolving_aggressive,default,separating_off,separating_aggressive,separating_fast,emphasis_optimality,heuristics_fast,emphasis_hardlp,presolving_off,presolving_fast,emphasis_easycip,heuristics_off
neos-827015,presolving_fast,separating_fast,presolving_aggressive,separating_off,presolving_off,default,separating_aggressive,heuristics_off,heuristics_aggressive,emphasis_hardlp,heuristics_fast,emphasis_feasibility,emphasis_optimality,emphasis_easycip
neos-1171692,separating_off,separating_fast,presolving_fast,default,emphasis_feasibility,separating_aggressive,presolving_aggressive,heuristics_aggressive,presolving_off,emphasis_optimality,emphasis_hardlp,heuristics_fast,emphasis_easycip,heuristics_off
neos-1425699,separating_fast,default,presolving_aggressive,separating_off,heuristics_fast,emphasis_feasibility,presolving_fast,heuristics_off,heuristics_aggressive,separating_aggressive,emphasis_optimality,emphasis_hardlp,emphasis_easycip,presolving_off
neos-933815,presolving_fast,presolving_aggressive,heuristics_aggressive,default,separating_aggressive,emphasis_optimality,emphasis_hardlp,separating_fast,presolving_off,heuristics_fast,emphasis_easycip,separating_off,emphasis_feasibility,heuristics_off
neos-937446,separating_off,presolving_fast,separating_aggressive,presolving_off,separating_fast,default,presolving_aggressive,heuristics_aggressive,emphasis_feasibility,emphasis_easycip,emphasis_hardlp,heuristics_fast,emphasis_optimality,heuristics_off
dc1l,heuristics_aggressive,separating_off,default,separating_fast,presolving_aggressive,presolving_fast,heuristics_fast,presolving_off,emphasis_feasibility,emphasis_easycip,separating_aggressive,emphasis_optimality,heuristics_off,emphasis_hardlp
neos-1436709,separating_off,separating_fast,presolving_fast,default,presolving_aggressive,separating_aggressive,emphasis_feasibility,heuristics_aggressive,emphasis_optimality,presolving_off,heuristics_fast,emphasis_hardlp,emphasis_easycip,heuristics_off
neos-1120495,presolving_aggressive,emphasis_easycip,presolving_fast,separating_fast,emphasis_hardlp,heuristics_off,heuristics_fast,default,emphasis_feasibility,separating_aggressive,heuristics_aggressive,emphasis_optimality,separating_off,presolving_off
aflow30a,presolving_fast,default,separating_aggressive,presolving_aggressive,heuristics_aggressive,presolving_off,heuristics_fast,emphasis_optimality,emphasis_hardlp,separating_fast,emphasis_easycip,emphasis_feasibility,heuristics_off,separating_off
neos-504815,separating_fast,separating_aggressive,presolving_fast,presolving_aggressive,heuristics_fast,emphasis_hardlp,default,heuristics_off,emphasis_easycip,heuristics_aggressive,separating_off,presolving_off,emphasis_feasibility,emphasis_optimality
satellites2-60,separating_off,presolving_fast,separating_fast,separating_aggressive,emphasis_feasibility,presolving_off,presolving_aggressive,heuristics_aggressive,heuristics_off,heuristics_fast,emphasis_hardlp,default,emphasis_optimality,emphasis_easycip
neos-631694,separating_aggressive,emphasis_hardlp,default,heuristics_aggressive,emphasis_feasibility,presolving_fast,presolving_aggressive,separating_fast,separating_off,heuristics_fast,presolving_off,emphasis_easycip,emphasis_optimality,heuristics_off
neos-942323,emphasis_hardlp,separating_fast,emphasis_feasibility,presolving_aggressive,heuristics_aggressive,separating_off,presolving_fast,emphasis_easycip,default,separating_aggressive,heuristics_fast,presolving_off,heuristics_off,emphasis_optimality
ex1010-pi,separating_off,separating_fast,presolving_aggressive,default,presolving_fast,presolving_off,heuristics_fast,heuristics_aggressive,emphasis_easycip,separating_aggressive,emphasis_feasibility,emphasis_optimality,heuristics_off,emphasis_hardlp
neos-1281048,separating_aggressive,separating_off,separating_fast,presolving_fast,emphasis_easycip,emphasis_optimality,emphasis_hardlp,emphasis_feasibility,presolving_aggressive,heuristics_aggressive,heuristics_off,heuristics_fast,default,presolving_off
