neos-848150,emphasis_feasibility,separating_fast,heuristics_aggressive,default,presolving_fast,separating_aggressive,presolving_aggressive,emphasis_hardlp,emphasis_easycip,separating_off,heuristics_fast,heuristics_off,presolving_off,emphasis_optimality
neos-1605061,separating_fast,presolving_off,presolving_fast,emphasis_feasibility,separating_off,presolving_aggressive,separating_aggressive,heuristics_aggressive,emphasis_hardlp,heuristics_fast,emphasis_easycip,default,heuristics_off,emphasis_optimality
pw-myciel4,separating_fast,default,presolving_fast,separating_aggressive,presolving_aggressive,emphasis_feasibility,heuristics_aggressive,heuristics_fast,emphasis_hardlp,emphasis_easycip,separating_off,heuristics_off,presolving_off,emphasis_optimality
neos-1440225,emphasis_hardlp,default,emphasis_feasibility,emphasis_easycip,separating_fast,separating_off,presolving_fast,heuristics_fast,heuristics_aggressive,presolving_aggressive,heuristics_off,presolving_off,separating_aggressive,emphasis_optimality
l152lav,emphasis_hardlp,default,emphasis_easycip,separating_fast,presolving_fast,heuristics_aggressive,emphasis_feasibility,presolving_aggressive,heuristics_fast,separating_off,presolving_off,heuristics_off,separating_aggressive,emphasis_optimality
sp98ir,presolving_fast,separating_fast,separating_aggressive,presolving_off,default,presolving_aggressive,heuristics_aggressive,emphasis_optimality,heuristics_fast,emphasis_hardlp,separating_off,emphasis_feasibility,emphasis_easycip,heuristics_off
mitre,separating_fast,default,separating_aggressive,presolving_aggressive,emphasis_optimality,separating_off,heuristics_aggressive,emphasis_feasibility,heuristics_fast,presolving_off,presolving_fast,heuristics_off,emphasis_easycip,emphasis_hardlp
air05,separating_fast,presolving_fast,heuristics_aggressive,emphasis_feasibility,presolving_aggressive,emphasis_hardlp,default,emphasis_easycip,heuristics_fast,separating_off,presolving_off,separating_aggressive,emphasis_optimality,heuristics_off
sp97ar,presolving_off,separating_fast,presolving_fast,emphasis_feasibility,presolving_aggressive,heuristics_aggressive,default,separating_off,separating_aggressive,emphasis_hardlp,emphasis_easycip,heuristics_fast,emphasis_optimality,heuristics_off
neos-612143,presolving_off,presolving_fast,separating_fast,presolving_aggressive,emphasis_hardlp,default,separating_off,heuristics_aggressive,emphasis_easycip,separating_aggressive,emphasis_feasibility,heuristics_fast,emphasis_optimality,heuristics_off
leo1,emphasis_feasibility,separating_off,heuristics_aggressive,separating_fast,default,presolving_fast,presolving_aggressive,separating_aggressive,presolving_off,heuristics_fast,emphasis_optimality,emphasis_hardlp,emphasis_easycip,heuristics_off
p0201,emphasis_hardlp,default,emphasis_easycip,presolving_fast,heuristics_fast,separating_fast,separating_off,presolving_aggressive,heuristics_aggressive,separating_aggressive,presolving_off,emphasis_feasibility,emphasis_optimality,heuristics_off
neos-1367061,separating_off,separating_fast,presolving_fast,presolving_off,heuristics_aggressive,emphasis_feasibility,separating_aggressive,default,presolving_aggressive,emphasis_optimality,heuristics_fast,emphasis_hardlp,emphasis_easycip,heuristics_off
aligninq,emphasis_easycip,separating_fast,presolving_off,separating_off,separating_aggressive,presolving_fast,heuristics_off,heuristics_fast,presolving_aggressive,emphasis_hardlp,heuristics_aggressive,emphasis_optimality,emphasis_feasibility,default
germany50-DBM,presolving_aggressive,separating_fast,default,presolving_off,separating_aggressive,presolving_fast,heuristics_aggressive,emphasis_feasibility,separating_off,heuristics_fast,emphasis_easycip,heuristics_off,emphasis_optimality,emphasis_hardlp
neos-937815,separating_off,presolving_fast,separating_fast,default,presolving_off,presolving_aggressive,heuristics_aggressive,separating_aggressive,emphasis_feasibility,emphasis_hardlp,emphasis_easycip,emphasis_optimality,heuristics_fast,heuristics_off
markshare1,separating_fast,separating_aggressive,separating_off,presolving_fast,presolving_off,presolving_aggressive,heuristics_off,heuristics_fast,heuristics_aggressive,emphasis_optimality,emphasis_hardlp,emphasis_feasibility,emphasis_easycip,default
pg5_34,separating_fast,separating_off,presolving_off,presolving_fast,presolving_aggressive,emphasis_hardlp,emphasis_easycip,default,emphasis_feasibility,separating_aggressive,heuristics_aggressive,heuristics_fast,emphasis_optimality,heuristics_off
neos-1053234,separating_off,separating_fast,presolving_fast,separating_aggressive,emphasis_feasibility,default,presolving_aggressive,heuristics_aggressive,presolving_off,emphasis_hardlp,emphasis_easycip,heuristics_fast,emphasis_optimality,heuristics_off
neos-1622252,presolving_fast,separating_fast,separating_aggressive,heuristics_aggressive,default,emphasis_feasibility,presolving_aggressive,heuristics_fast,emphasis_hardlp,separating_off,emphasis_easycip,presolving_off,heuristics_off,emphasis_optimality
neos-738098,separating_off,presolving_fast,separating_fast,emphasis_feasibility,heuristics_aggressive,separating_aggressive,presolving_off,presolving_aggressive,heuristics_fast,emphasis_hardlp,emphasis_easycip,emphasis_optimality,default,heuristics_off
atm20-100,separating_fast,presolving_fast,heuristics_aggressive,presolving_aggressive,separating_off,presolving_off,default,heuristics_fast,separating_aggressive,emphasis_optimality,emphasis_hardlp,emphasis_feasibility,emphasis_easycip,heuristics_off
neos-574665,heuristics_aggressive,heuristics_fast,default,presolving_aggressive,emphasis_feasibility,emphasis_easycip,separating_fast,presolving_off,presolving_fast,separating_off,heuristics_off,separating_aggressive,emphasis_optimality,emphasis_hardlp
cov1075,heuristics_fast,emphasis_easycip,emphasis_hardlp,default,separating_off,presolving_off,presolving_fast,presolving_aggressive,separating_fast,separating_aggressive,heuristics_aggressive,emphasis_feasibility,heuristics_off,emphasis_optimality
satellites3-40-fs,separating_off,separating_fast,presolving_off,presolving_fast,emphasis_feasibility,heuristics_aggressive,presolving_aggressive,emphasis_hardlp,separating_aggressive,heuristics_fast,heuristics_off,emphasis_easycip,emphasis_optimality,default
ran16x16,presolving_fast,default,emphasis_hardlp,heuristics_aggressive,presolving_aggressive,heuristics_fast,emphasis_easycip,presolving_off,separating_fast,separating_aggressive,emphasis_feasibility,emphasis_optimality,heuristics_off,separating_off
sts729,separating_off,presolving_off,presolving_fast,heuristics_fast,emphasis_easycip,default,separating_fast,separating_aggressive,presolving_aggressive,heuristics_aggressive,emphasis_hardlp,emphasis_feasibility,heuristics_off,emphasis_optimality
neos-1442119,separating_off,separating_fast,emphasis_feasibility,presolving_fast,default,presolving_aggressive,separating_aggressive,heuristics_aggressive,presolving_off,emphasis_optimality,emphasis_hardlp,emphasis_easycip,heuristics_fast,heuristics_off
fiball,separating_fast,presolving_fast,separating_aggressive,presolving_aggressive,heuristics_aggressive,default,emphasis_optimality,emphasis_feasibility,separating_off,presolving_off,heuristics_fast,emphasis_hardlp,heuristics_off,emphasis_easycip
neos-935348,presolving_fast,default,separating_fast,separating_off,presolving_off,presolving_aggressive,heuristics_aggressive,separating_aggressive,emphasis_feasibility,emphasis_hardlp,emphasis_easycip,emphasis_optimality,heuristics_fast,heuristics_off
sing359,separating_off,separating_fast,separating_aggressive,presolving_off,presolving_fast,presolving_aggressive,heuristics_fast,heuristics_aggressive,emphasis_optimality,heuristics_off,emphasis_hardlp,emphasis_feasibility,default,emphasis_easycip
neos-796608,separating_fast,presolving_aggressive,default,separating_off,separating_aggressive,presolving_fast,heuristics_fast,heuristics_aggressive,emphasis_easycip,emphasis_feasibility,heuristics_off,emphasis_hardlp,emphasis_optimality,presolving_off
ramos3,presolving_off,separating_off,presolving_fast,separating_fast,heuristics_aggressive,presolving_aggressive,emphasis_hardlp,emphasis_easycip,heuristics_fast,default,emphasis_feasibility,separating_aggressive,emphasis_optimality,heuristics_off
neos-937511,presolving_fast,default,separating_off,separating_fast,presolving_off,presolving_aggressive,separating_aggressive,heuristics_aggressive,emphasis_feasibility,emphasis_hardlp,emphasis_easycip,emphasis_optimality,heuristics_fast,heuristics_off
rvb-sub,separating_off,separating_fast,presolving_fast,heuristics_fast,emphasis_hardlp,presolving_off,emphasis_easycip,default,heuristics_off,separating_aggressive,presolving_aggressive,heuristics_aggressive,emphasis_optimality,emphasis_feasibility
neos-933815,presolving_fast,presolving_aggressive,default,separating_aggressive,separating_fast,heuristics_aggressive,emphasis_hardlp,presolving_off,emphasis_feasibility,heuristics_fast,emphasis_optimality,emphasis_easycip,separating_off,heuristics_off
neos-1417043,presolving_off,default,presolving_aggressive,separating_fast,presolving_fast,heuristics_aggressive,separating_off,separating_aggressive,emphasis_feasibility,heuristics_fast,emphasis_optimality,heuristics_off,emphasis_hardlp,emphasis_easycip
neos-1211578,separating_off,separating_fast,default,emphasis_feasibility,presolving_fast,presolving_aggressive,separating_aggressive,heuristics_aggressive,presolving_off,emphasis_hardlp,emphasis_optimality,emphasis_easycip,heuristics_fast,heuristics_off
neos-810286,emphasis_feasibility,heuristics_aggressive,separating_aggressive,default,separating_off,emphasis_easycip,heuristics_fast,emphasis_hardlp,separating_fast,presolving_fast,presolving_aggressive,heuristics_off,emphasis_optimality,presolving_off
rocII-7-11,separating_fast,emphasis_feasibility,separating_off,separating_aggressive,heuristics_aggressive,heuristics_off,heuristics_fast,default,presolving_off,presolving_fast,presolving_aggressive,emphasis_optimality,emphasis_hardlp,emphasis_easycip
cap6000,emphasis_feasibility,heuristics_aggressive,separating_aggressive,separating_fast,default,separating_off,heuristics_fast,emphasis_optimality,emphasis_easycip,emphasis_hardlp,presolving_fast,presolving_off,heuristics_off,presolving_aggressive
iis-bupa-cov,separating_off,heuristics_fast,emphasis_easycip,presolving_off,presolving_fast,default,separating_fast,separating_aggressive,presolving_aggressive,emphasis_hardlp,heuristics_aggressive,emphasis_feasibility,heuristics_off,emphasis_optimality
neos-787933,separating_off,separating_fast,emphasis_feasibility,presolving_fast,heuristics_aggressive,presolving_aggressive,separating_aggressive,presolving_off,emphasis_optimality,emphasis_hardlp,default,heuristics_fast,emphasis_easycip,heuristics_off
ran14x18_1,presolving_fast,default,emphasis_hardlp,presolving_aggressive,heuristics_aggressive,heuristics_fast,emphasis_easycip,separating_fast,separating_aggressive,presolving_off,emphasis_feasibility,emphasis_optimality,heuristics_off,separating_off
transportmoment,default,heuristics_aggressive,separating_fast,presolving_fast,separating_aggressive,presolving_aggressive,separating_off,emphasis_feasibility,presolving_off,emphasis_hardlp,heuristics_fast,heuristics_off,emphasis_optimality,emphasis_easycip
ds,separating_fast,presolving_fast,presolving_off,heuristics_aggressive,emphasis_feasibility,separating_off,presolving_aggressive,emphasis_hardlp,default,emphasis_easycip,separating_aggressive,heuristics_fast,emphasis_optimality,heuristics_off
dano3mip,separating_fast,presolving_aggressive,separating_off,presolving_fast,presolving_off,separating_aggressive,default,heuristics_fast,heuristics_aggressive,emphasis_optimality,emphasis_hardlp,emphasis_feasibility,emphasis_easycip,heuristics_off
neos-501453,separating_fast,heuristics_off,separating_aggressive,heuristics_fast,emphasis_optimality,separating_off,default,heuristics_aggressive,emphasis_feasibility,presolving_aggressive,presolving_fast,emphasis_hardlp,emphasis_easycip,presolving_off
nu60-pr9,presolving_fast,presolving_aggressive,heuristics_aggressive,default,separating_fast,emphasis_hardlp,presolving_off,heuristics_fast,separating_off,emphasis_feasibility,emphasis_easycip,separating_aggressive,emphasis_optimality,heuristics_off
neos-914441,separating_fast,presolving_fast,presolving_off,separating_off,emphasis_feasibility,default,separating_aggressive,heuristics_aggressive,presolving_aggressive,emphasis_optimality,heuristics_fast,emphasis_hardlp,emphasis_easycip,heuristics_off
neos-1516309,presolving_fast,presolving_off,heuristics_aggressive,default,emphasis_feasibility,separating_fast,presolving_aggressive,separating_aggressive,emphasis_hardlp,emphasis_easycip,separating_off,heuristics_fast,emphasis_optimality,heuristics_off
neos-1215891,emphasis_feasibility,separating_fast,heuristics_aggressive,presolving_fast,default,presolving_off,separating_aggressive,separating_off,presolving_aggressive,heuristics_fast,emphasis_hardlp,emphasis_easycip,emphasis_optimality,heuristics_off
lseu,default,emphasis_easycip,emphasis_hardlp,presolving_fast,presolving_aggressive,heuristics_fast,separating_fast,emphasis_feasibility,heuristics_aggressive,presolving_off,separating_aggressive,emphasis_optimality,separating_off,heuristics_off
neos-847302,default,emphasis_feasibility,separating_fast,separating_aggressive,presolving_fast,heuristics_aggressive,presolving_aggressive,presolving_off,emphasis_hardlp,heuristics_fast,emphasis_easycip,separating_off,heuristics_off,emphasis_optimality
janos-us-DDM,presolving_aggressive,default,separating_aggressive,presolving_fast,separating_fast,presolving_off,heuristics_aggressive,emphasis_feasibility,heuristics_off,heuristics_fast,emphasis_optimality,emphasis_easycip,separating_off,emphasis_hardlp
neos-826841,separating_fast,separating_off,presolving_fast,heuristics_aggressive,emphasis_feasibility,default,presolving_aggressive,presolving_off,separating_aggressive,heuristics_fast,emphasis_optimality,emphasis_hardlp,emphasis_easycip,heuristics_off
neos-839838,presolving_fast,presolving_off,separating_off,emphasis_hardlp,separating_fast,emphasis_feasibility,default,heuristics_fast,heuristics_aggressive,separating_aggressive,presolving_aggressive,emphasis_optimality,emphasis_easycip,heuristics_off
neos-957270,separating_fast,emphasis_hardlp,separating_off,heuristics_off,presolving_aggressive,heuristics_fast,emphasis_feasibility,default,separating_aggressive,heuristics_aggressive,emphasis_optimality,emphasis_easycip,presolving_off,presolving_fast
ns1456591,default,presolving_fast,presolving_aggressive,heuristics_aggressive,separating_fast,separating_aggressive,presolving_off,heuristics_fast,separating_off,emphasis_optimality,emphasis_easycip,emphasis_hardlp,emphasis_feasibility,heuristics_off
neos-1429461,separating_off,separating_fast,emphasis_feasibility,presolving_fast,default,presolving_aggressive,separating_aggressive,heuristics_aggressive,presolving_off,emphasis_optimality,emphasis_hardlp,emphasis_easycip,heuristics_fast,heuristics_off
triptim1,separating_off,separating_fast,separating_aggressive,presolving_off,presolving_fast,presolving_aggressive,heuristics_off,heuristics_fast,heuristics_aggressive,emphasis_optimality,emphasis_hardlp,emphasis_feasibility,emphasis_easycip,default
