air05,heuristics_aggressive,emphasis_feasibility,separating_fast,default,separating_off,presolving_aggressive,separating_aggressive,presolving_fast,heuristics_fast,emphasis_hardlp,emphasis_easycip,presolving_off,emphasis_optimality,heuristics_off
binkar10_1,separating_fast,presolving_fast,presolving_aggressive,default,heuristics_aggressive,separating_aggressive,presolving_off,emphasis_feasibility,heuristics_fast,emphasis_hardlp,emphasis_easycip,separating_off,emphasis_optimality,heuristics_off
neos-824661,emphasis_feasibility,heuristics_aggressive,separating_off,presolving_fast,separating_fast,default,presolving_aggressive,separating_aggressive,presolving_off,emphasis_optimality,emphasis_hardlp,emphasis_easycip,heuristics_fast,heuristics_off
n370a,heuristics_aggressive,presolving_fast,presolving_aggressive,default,heuristics_fast,separating_aggressive,emphasis_optimality,emphasis_hardlp,emphasis_feasibility,separating_fast,presolving_off,emphasis_easycip,separating_off,heuristics_off
neos-1224597,emphasis_feasibility,emphasis_hardlp,presolving_fast,heuristics_aggressive,presolving_aggressive,default,separating_fast,separating_off,heuristics_fast,separating_aggressive,emphasis_easycip,heuristics_off,presolving_off,emphasis_optimality
neos-956971,presolving_fast,presolving_off,separating_off,emphasis_feasibility,heuristics_aggressive,default,separating_fast,presolving_aggressive,emphasis_optimality,emphasis_easycip,separating_aggressive,emphasis_hardlp,heuristics_fast,heuristics_off
fast0507,separating_fast,default,presolving_aggressive,separating_off,presolving_off,presolving_fast,emphasis_feasibility,separating_aggressive,heuristics_fast,heuristics_aggressive,emphasis_optimality,emphasis_hardlp,emphasis_easycip,heuristics_off
liu,separating_fast,emphasis_feasibility,heuristics_aggressive,default,presolving_fast,separating_off,presolving_off,separating_aggressive,presolving_aggressive,emphasis_optimality,emphasis_easycip,emphasis_hardlp,heuristics_fast,heuristics_off
neos-1053234,emphasis_feasibility,separating_off,presolving_off,heuristics_aggressive,default,presolving_fast,presolving_aggressive,separating_fast,emphasis_hardlp,emphasis_optimality,separating_aggressive,emphasis_easycip,heuristics_fast,heuristics_off
rmine10,presolving_off,presolving_fast,emphasis_hardlp,separating_off,separating_fast,default,heuristics_aggressive,emphasis_feasibility,emphasis_easycip,heuristics_fast,separating_aggressive,emphasis_optimality,heuristics_off,presolving_aggressive
iis-pima-cov,separating_off,heuristics_fast,separating_fast,presolving_off,emphasis_easycip,default,presolving_fast,presolving_aggressive,separating_aggressive,heuristics_aggressive,emphasis_hardlp,emphasis_feasibility,heuristics_off,emphasis_optimality
tr12-30,presolving_fast,default,presolving_aggressive,heuristics_aggressive,presolving_off,separating_aggressive,emphasis_hardlp,heuristics_fast,separating_fast,emphasis_optimality,emphasis_easycip,emphasis_feasibility,separating_off,heuristics_off
ns903616,emphasis_feasibility,separating_off,presolving_fast,presolving_aggressive,separating_fast,heuristics_aggressive,default,presolving_off,separating_aggressive,emphasis_hardlp,emphasis_easycip,emphasis_optimality,heuristics_fast,heuristics_off
opm2-z7-s2,emphasis_hardlp,presolving_fast,separating_off,separating_fast,emphasis_feasibility,heuristics_aggressive,presolving_off,emphasis_easycip,default,heuristics_fast,separating_aggressive,emphasis_optimality,presolving_aggressive,heuristics_off
rmatr100-p5,presolving_fast,separating_fast,default,presolving_off,presolving_aggressive,separating_off,separating_aggressive,heuristics_aggressive,emphasis_hardlp,emphasis_easycip,heuristics_fast,emphasis_feasibility,heuristics_off,emphasis_optimality
neos-1126860,separating_off,separating_fast,emphasis_easycip,presolving_fast,emphasis_hardlp,presolving_aggressive,default,separating_aggressive,heuristics_fast,presolving_off,heuristics_off,emphasis_feasibility,heuristics_aggressive,emphasis_optimality
neos-826694,emphasis_feasibility,separating_off,separating_fast,heuristics_aggressive,presolving_fast,default,presolving_aggressive,presolving_off,separating_aggressive,emphasis_hardlp,emphasis_easycip,emphasis_optimality,heuristics_fast,heuristics_off
lseu,emphasis_hardlp,default,presolving_aggressive,separating_off,separating_fast,heuristics_fast,emphasis_easycip,presolving_fast,presolving_off,heuristics_off,emphasis_feasibility,separating_aggressive,emphasis_optimality,heuristics_aggressive
harp2,separating_fast,presolving_fast,emphasis_hardlp,default,presolving_aggressive,emphasis_easycip,heuristics_aggressive,emphasis_feasibility,separating_off,heuristics_fast,presolving_off,separating_aggressive,emphasis_optimality,heuristics_off
ns2137859,separating_fast,presolving_fast,separating_off,emphasis_feasibility,default,heuristics_aggressive,presolving_off,presolving_aggressive,emphasis_hardlp,emphasis_easycip,separating_aggressive,heuristics_fast,emphasis_optimality,heuristics_off
neos-1420205,separating_off,presolving_fast,separating_fast,emphasis_easycip,default,heuristics_fast,presolving_aggressive,separating_aggressive,presolving_off,heuristics_off,emphasis_hardlp,heuristics_aggressive,emphasis_optimality,emphasis_feasibility
neos-1582420,presolving_fast,separating_off,separating_fast,heuristics_aggressive,emphasis_feasibility,default,emphasis_hardlp,separating_aggressive,presolving_off,heuristics_fast,emphasis_easycip,presolving_aggressive,emphasis_optimality,heuristics_off
germany50-DBM,presolving_aggressive,presolving_off,heuristics_fast,default,presolving_fast,heuristics_aggressive,separating_fast,separating_aggressive,emphasis_hardlp,separating_off,emphasis_easycip,emphasis_feasibility,emphasis_optimality,heuristics_off
neos-1122047,presolving_fast,separating_fast,emphasis_hardlp,emphasis_easycip,default,separating_off,presolving_aggressive,separating_aggressive,presolving_off,heuristics_fast,emphasis_feasibility,heuristics_aggressive,emphasis_optimality,heuristics_off
neos-1211578,heuristics_off,presolving_aggressive,heuristics_fast,emphasis_hardlp,separating_fast,separating_off,default,emphasis_feasibility,emphasis_easycip,separating_aggressive,presolving_fast,heuristics_aggressive,emphasis_optimality,presolving_off
tanglegram1,heuristics_fast,default,separating_off,separating_fast,emphasis_hardlp,presolving_aggressive,emphasis_feasibility,heuristics_aggressive,presolving_off,presolving_fast,emphasis_easycip,emphasis_optimality,separating_aggressive,heuristics_off
neos-512201,separating_fast,heuristics_off,presolving_fast,heuristics_aggressive,emphasis_hardlp,heuristics_fast,presolving_aggressive,separating_aggressive,emphasis_easycip,default,presolving_off,separating_off,emphasis_feasibility,emphasis_optimality
neos-1467467,emphasis_feasibility,default,presolving_fast,separating_fast,heuristics_aggressive,presolving_off,separating_aggressive,presolving_aggressive,emphasis_optimality,separating_off,emphasis_hardlp,emphasis_easycip,heuristics_fast,heuristics_off
neos-555343,heuristics_aggressive,presolving_off,emphasis_feasibility,presolving_fast,separating_fast,default,separating_off,presolving_aggressive,separating_aggressive,emphasis_hardlp,emphasis_easycip,heuristics_fast,heuristics_off,emphasis_optimality
vpphard,emphasis_feasibility,presolving_fast,separating_off,separating_fast,heuristics_aggressive,default,emphasis_hardlp,presolving_off,heuristics_fast,emphasis_easycip,presolving_aggressive,emphasis_optimality,separating_aggressive,heuristics_off
newdano,separating_off,emphasis_hardlp,heuristics_fast,emphasis_easycip,presolving_fast,separating_fast,default,presolving_aggressive,heuristics_aggressive,emphasis_feasibility,separating_aggressive,heuristics_off,emphasis_optimality,presolving_off
neos-1445765,separating_off,separating_fast,emphasis_feasibility,heuristics_fast,default,heuristics_aggressive,separating_aggressive,emphasis_optimality,heuristics_off,presolving_off,presolving_fast,emphasis_hardlp,emphasis_easycip,presolving_aggressive
neos-848198,presolving_fast,default,presolving_aggressive,separating_aggressive,presolving_off,heuristics_fast,heuristics_aggressive,separating_fast,emphasis_hardlp,emphasis_optimality,emphasis_easycip,emphasis_feasibility,separating_off,heuristics_off
neos-1603512,emphasis_hardlp,default,separating_fast,presolving_aggressive,heuristics_fast,emphasis_easycip,presolving_fast,heuristics_off,separating_aggressive,heuristics_aggressive,separating_off,emphasis_feasibility,presolving_off,emphasis_optimality
neos-826812,separating_off,separating_fast,emphasis_feasibility,presolving_fast,heuristics_aggressive,default,presolving_off,presolving_aggressive,emphasis_hardlp,emphasis_easycip,separating_aggressive,heuristics_fast,emphasis_optimality,heuristics_off
neos-787933,presolving_off,separating_off,separating_fast,presolving_fast,emphasis_hardlp,default,heuristics_aggressive,emphasis_feasibility,presolving_aggressive,emphasis_easycip,heuristics_fast,emphasis_optimality,separating_aggressive,heuristics_off
bab3,presolving_fast,heuristics_aggressive,emphasis_feasibility,emphasis_easycip,separating_off,separating_fast,heuristics_fast,presolving_off,default,emphasis_hardlp,presolving_aggressive,heuristics_off,emphasis_optimality,separating_aggressive
gen,separating_fast,separating_off,presolving_fast,default,presolving_aggressive,emphasis_easycip,separating_aggressive,presolving_off,emphasis_hardlp,heuristics_fast,heuristics_aggressive,emphasis_feasibility,heuristics_off,emphasis_optimality
neos-555771,emphasis_feasibility,heuristics_aggressive,default,presolving_aggressive,separating_fast,emphasis_hardlp,presolving_fast,separating_off,presolving_off,heuristics_fast,separating_aggressive,emphasis_easycip,emphasis_optimality,heuristics_off
rococoC11-011100,default,separating_fast,emphasis_feasibility,presolving_aggressive,heuristics_aggressive,presolving_fast,separating_off,separating_aggressive,heuristics_fast,presolving_off,emphasis_hardlp,emphasis_easycip,emphasis_optimality,heuristics_off
satellites3-40,presolving_fast,separating_off,emphasis_hardlp,separating_fast,emphasis_feasibility,default,presolving_off,emphasis_easycip,heuristics_aggressive,presolving_aggressive,heuristics_fast,emphasis_optimality,separating_aggressive,heuristics_off
van,presolving_fast,separating_fast,separating_off,default,presolving_aggressive,heuristics_aggressive,emphasis_feasibility,presolving_off,separating_aggressive,emphasis_hardlp,emphasis_easycip,heuristics_fast,emphasis_optimality,heuristics_off
arki001,separating_fast,default,separating_off,presolving_fast,presolving_aggressive,heuristics_fast,emphasis_feasibility,emphasis_hardlp,heuristics_aggressive,emphasis_optimality,emphasis_easycip,separating_aggressive,presolving_off,heuristics_off
neos-780889,presolving_fast,default,separating_fast,separating_off,presolving_aggressive,emphasis_hardlp,presolving_off,emphasis_feasibility,heuristics_aggressive,emphasis_easycip,heuristics_fast,emphasis_optimality,separating_aggressive,heuristics_off
neos-1367061,emphasis_hardlp,presolving_fast,separating_off,separating_fast,default,heuristics_fast,emphasis_feasibility,emphasis_easycip,presolving_off,heuristics_aggressive,presolving_aggressive,separating_aggressive,emphasis_optimality,heuristics_off
neos-1420546,separating_off,separating_fast,default,presolving_fast,emphasis_feasibility,presolving_aggressive,heuristics_aggressive,separating_aggressive,presolving_off,emphasis_hardlp,heuristics_fast,emphasis_easycip,emphasis_optimality,heuristics_off
air03,separating_fast,default,separating_off,presolving_fast,heuristics_aggressive,presolving_aggressive,emphasis_feasibility,emphasis_hardlp,heuristics_fast,emphasis_easycip,separating_aggressive,presolving_off,emphasis_optimality,heuristics_off
opm2-z12-s14,presolving_off,presolving_fast,emphasis_hardlp,emphasis_easycip,separating_off,separating_fast,heuristics_aggressive,default,emphasis_feasibility,heuristics_fast,emphasis_optimality,separating_aggressive,presolving_aggressive,heuristics_off
b2c1s1,presolving_fast,default,presolving_aggressive,separating_aggressive,heuristics_aggressive,presolving_off,separating_fast,heuristics_fast,emphasis_optimality,emphasis_hardlp,emphasis_feasibility,emphasis_easycip,separating_off,heuristics_off
sct32,emphasis_feasibility,separating_off,separating_fast,presolving_fast,default,presolving_aggressive,heuristics_aggressive,presolving_off,separating_aggressive,heuristics_fast,emphasis_hardlp,emphasis_easycip,emphasis_optimality,heuristics_off
neos-1620770,separating_aggressive,separating_fast,presolving_aggressive,default,separating_off,heuristics_fast,heuristics_off,presolving_off,presolving_fast,emphasis_easycip,heuristics_aggressive,emphasis_hardlp,emphasis_feasibility,emphasis_optimality
toll-like,heuristics_fast,presolving_aggressive,separating_fast,default,heuristics_aggressive,presolving_off,presolving_fast,emphasis_easycip,separating_off,separating_aggressive,emphasis_feasibility,emphasis_hardlp,heuristics_off,emphasis_optimality
neos-702280,separating_off,default,presolving_off,separating_fast,presolving_fast,presolving_aggressive,emphasis_hardlp,emphasis_feasibility,separating_aggressive,heuristics_fast,heuristics_aggressive,emphasis_optimality,emphasis_easycip,heuristics_off
enigma,separating_fast,emphasis_hardlp,separating_off,heuristics_fast,emphasis_easycip,presolving_fast,presolving_aggressive,default,presolving_off,heuristics_off,heuristics_aggressive,emphasis_optimality,emphasis_feasibility,separating_aggressive
neos-937511,separating_off,presolving_off,default,presolving_fast,separating_fast,separating_aggressive,presolving_aggressive,heuristics_aggressive,emphasis_feasibility,emphasis_easycip,emphasis_hardlp,heuristics_fast,emphasis_optimality,heuristics_off
neos-691058,separating_fast,presolving_off,emphasis_feasibility,presolving_aggressive,presolving_fast,default,separating_off,separating_aggressive,heuristics_aggressive,emphasis_hardlp,emphasis_optimality,emphasis_easycip,heuristics_fast,heuristics_off
nb10tb,separating_off,presolving_fast,separating_fast,presolving_off,emphasis_feasibility,emphasis_hardlp,default,emphasis_easycip,heuristics_aggressive,presolving_aggressive,emphasis_optimality,heuristics_fast,separating_aggressive,heuristics_off
neos-931517,presolving_fast,default,presolving_aggressive,heuristics_aggressive,separating_fast,separating_aggressive,emphasis_feasibility,separating_off,presolving_off,heuristics_fast,emphasis_hardlp,emphasis_easycip,emphasis_optimality,heuristics_off
neos-1420790,separating_fast,presolving_aggressive,emphasis_feasibility,default,heuristics_aggressive,separating_off,presolving_fast,separating_aggressive,presolving_off,heuristics_fast,emphasis_hardlp,emphasis_easycip,emphasis_optimality,heuristics_off
dano3_3,presolving_aggressive,emphasis_easycip,presolving_fast,default,heuristics_fast,separating_off,separating_fast,emphasis_hardlp,emphasis_optimality,separating_aggressive,presolving_off,emphasis_feasibility,heuristics_aggressive,heuristics_off
n3700,heuristics_aggressive,presolving_fast,presolving_aggressive,default,heuristics_fast,separating_aggressive,emphasis_optimality,emphasis_hardlp,emphasis_feasibility,separating_fast,presolving_off,emphasis_easycip,separating_off,heuristics_off
