sp98ic,heuristics_aggressive,emphasis_feasibility,separating_fast,default,presolving_aggressive,presolving_off,separating_aggressive,presolving_fast,heuristics_fast,separating_off,emphasis_optimality,emphasis_hardlp,emphasis_easycip,heuristics_off
neos-1330346,separating_aggressive,default,separating_fast,presolving_fast,heuristics_aggressive,presolving_aggressive,separating_off,emphasis_feasibility,presolving_off,emphasis_hardlp,heuristics_fast,emphasis_easycip,emphasis_optimality,heuristics_off
pw-myciel4,presolving_aggressive,separating_aggressive,presolving_fast,default,heuristics_aggressive,separating_fast,heuristics_fast,separating_off,emphasis_hardlp,emphasis_easycip,emphasis_feasibility,heuristics_off,presolving_off,emphasis_optimality
danoint,presolving_fast,separating_fast,default,emphasis_feasibility,heuristics_aggressive,presolving_off,presolving_aggressive,separating_aggressive,separating_off,heuristics_fast,emphasis_hardlp,emphasis_easycip,heuristics_off,emphasis_optimality
neos-1346382,presolving_off,separating_off,separating_fast,presolving_fast,emphasis_feasibility,default,separating_aggressive,heuristics_aggressive,presolving_aggressive,emphasis_optimality,emphasis_hardlp,heuristics_fast,emphasis_easycip,heuristics_off
neos-1420790,separating_fast,presolving_aggressive,default,presolving_fast,heuristics_aggressive,emphasis_feasibility,separating_off,separating_aggressive,presolving_off,emphasis_optimality,heuristics_fast,emphasis_easycip,emphasis_hardlp,heuristics_off
fast0507,separating_fast,default,separating_off,presolving_aggressive,presolving_off,presolving_fast,heuristics_aggressive,emphasis_feasibility,heuristics_fast,separating_aggressive,emphasis_optimality,emphasis_easycip,emphasis_hardlp,heuristics_off
prod2,emphasis_hardlp,separating_fast,emphasis_easycip,separating_off,heuristics_fast,default,presolving_aggressive,presolving_off,presolving_fast,emphasis_feasibility,separating_aggressive,heuristics_aggressive,heuristics_off,emphasis_optimality
neos-810326,emphasis_easycip,separating_fast,heuristics_fast,heuristics_off,heuristics_aggressive,separating_aggressive,emphasis_hardlp,presolving_fast,emphasis_feasibility,default,presolving_aggressive,presolving_off,emphasis_optimality,separating_off
bab5,separating_fast,presolving_fast,emphasis_feasibility,default,separating_off,heuristics_aggressive,presolving_aggressive,presolving_off,emphasis_hardlp,emphasis_easycip,separating_aggressive,heuristics_fast,emphasis_optimality,heuristics_off
ramos3,separating_off,heuristics_fast,default,presolving_fast,presolving_aggressive,separating_fast,presolving_off,separating_aggressive,heuristics_aggressive,emphasis_easycip,emphasis_feasibility,emphasis_hardlp,heuristics_off,emphasis_optimality
neos6,separating_fast,presolving_fast,default,presolving_aggressive,heuristics_aggressive,presolving_off,emphasis_feasibility,separating_aggressive,separating_off,emphasis_optimality,emphasis_hardlp,emphasis_easycip,heuristics_fast,heuristics_off
neos-662469,separating_fast,presolving_aggressive,default,presolving_off,emphasis_feasibility,presolving_fast,heuristics_aggressive,separating_off,separating_aggressive,emphasis_hardlp,emphasis_optimality,emphasis_easycip,heuristics_fast,heuristics_off
markshare1,emphasis_hardlp,heuristics_fast,emphasis_feasibility,separating_fast,emphasis_easycip,presolving_off,presolving_fast,separating_off,separating_aggressive,default,emphasis_optimality,presolving_aggressive,heuristics_off,heuristics_aggressive
bnatt400,separating_off,separating_fast,presolving_off,emphasis_hardlp,presolving_aggressive,presolving_fast,heuristics_aggressive,emphasis_feasibility,emphasis_easycip,heuristics_fast,default,separating_aggressive,heuristics_off,emphasis_optimality
eilA101-2,separating_off,emphasis_hardlp,default,separating_fast,heuristics_fast,presolving_aggressive,emphasis_easycip,heuristics_off,presolving_fast,presolving_off,heuristics_aggressive,emphasis_feasibility,separating_aggressive,emphasis_optimality
gmut-77-40,emphasis_hardlp,emphasis_feasibility,heuristics_aggressive,presolving_fast,separating_fast,default,heuristics_fast,separating_off,presolving_off,presolving_aggressive,emphasis_easycip,separating_aggressive,emphasis_optimality,heuristics_off
tw-myciel4,presolving_aggressive,default,presolving_fast,separating_fast,heuristics_aggressive,emphasis_hardlp,separating_aggressive,heuristics_fast,emphasis_feasibility,separating_off,emphasis_easycip,presolving_off,heuristics_off,emphasis_optimality
mining,presolving_off,presolving_fast,emphasis_hardlp,emphasis_easycip,separating_off,separating_fast,emphasis_feasibility,heuristics_fast,heuristics_aggressive,presolving_aggressive,emphasis_optimality,default,separating_aggressive,heuristics_off
rmine21,presolving_off,emphasis_hardlp,emphasis_easycip,presolving_fast,heuristics_aggressive,separating_off,emphasis_feasibility,separating_fast,default,heuristics_fast,emphasis_optimality,separating_aggressive,heuristics_off,presolving_aggressive
neos-1228986,heuristics_off,presolving_aggressive,heuristics_fast,emphasis_hardlp,separating_fast,separating_off,default,emphasis_easycip,emphasis_feasibility,separating_aggressive,presolving_fast,heuristics_aggressive,emphasis_optimality,presolving_off
neos-860244,separating_off,presolving_fast,separating_fast,emphasis_hardlp,heuristics_aggressive,emphasis_easycip,emphasis_feasibility,default,presolving_aggressive,heuristics_fast,heuristics_off,presolving_off,separating_aggressive,emphasis_optimality
neos-886822,separating_fast,separating_off,presolving_fast,default,emphasis_hardlp,separating_aggressive,presolving_aggressive,presolving_off,emphasis_feasibility,heuristics_aggressive,heuristics_fast,emphasis_optimality,emphasis_easycip,heuristics_off
neos-1601936,heuristics_aggressive,separating_fast,default,separating_off,separating_aggressive,presolving_fast,emphasis_feasibility,presolving_aggressive,emphasis_hardlp,emphasis_easycip,heuristics_off,heuristics_fast,presolving_off,emphasis_optimality
neos-717614,presolving_fast,default,presolving_aggressive,heuristics_aggressive,presolving_off,separating_aggressive,emphasis_hardlp,separating_fast,heuristics_fast,emphasis_optimality,separating_off,emphasis_easycip,emphasis_feasibility,heuristics_off
ns1856153,separating_off,separating_fast,presolving_fast,emphasis_feasibility,default,presolving_aggressive,presolving_off,heuristics_aggressive,separating_aggressive,emphasis_hardlp,emphasis_easycip,heuristics_fast,emphasis_optimality,heuristics_off
neos-810286,separating_fast,heuristics_aggressive,emphasis_feasibility,presolving_fast,separating_aggressive,default,presolving_aggressive,heuristics_fast,emphasis_easycip,emphasis_hardlp,separating_off,heuristics_off,presolving_off,emphasis_optimality
neos-631164,presolving_off,presolving_fast,heuristics_aggressive,separating_aggressive,presolving_aggressive,default,heuristics_fast,emphasis_optimality,emphasis_hardlp,separating_fast,emphasis_feasibility,emphasis_easycip,separating_off,heuristics_off
neos-825075,emphasis_hardlp,separating_fast,presolving_fast,presolving_aggressive,heuristics_fast,default,emphasis_feasibility,heuristics_aggressive,separating_aggressive,emphasis_easycip,separating_off,presolving_off,heuristics_off,emphasis_optimality
sp98ar,separating_fast,presolving_fast,presolving_aggressive,emphasis_feasibility,default,presolving_off,heuristics_aggressive,separating_off,separating_aggressive,emphasis_hardlp,heuristics_fast,emphasis_optimality,emphasis_easycip,heuristics_off
disctom,separating_fast,default,emphasis_feasibility,heuristics_aggressive,separating_off,presolving_aggressive,presolving_fast,separating_aggressive,emphasis_hardlp,presolving_off,heuristics_fast,emphasis_easycip,emphasis_optimality,heuristics_off
mzzv11,separating_fast,emphasis_feasibility,heuristics_aggressive,default,heuristics_fast,separating_off,separating_aggressive,presolving_off,presolving_fast,presolving_aggressive,emphasis_easycip,emphasis_hardlp,heuristics_off,emphasis_optimality
neos12,separating_fast,separating_aggressive,default,heuristics_aggressive,separating_off,presolving_fast,emphasis_feasibility,presolving_aggressive,presolving_off,emphasis_hardlp,heuristics_fast,emphasis_easycip,emphasis_optimality,heuristics_off
neos-839838,emphasis_feasibility,separating_off,presolving_fast,separating_fast,emphasis_hardlp,default,heuristics_aggressive,presolving_aggressive,presolving_off,emphasis_easycip,heuristics_fast,separating_aggressive,emphasis_optimality,heuristics_off
neos-1582420,presolving_fast,separating_off,separating_fast,heuristics_aggressive,emphasis_feasibility,default,separating_aggressive,emphasis_hardlp,heuristics_fast,presolving_off,presolving_aggressive,emphasis_easycip,heuristics_off,emphasis_optimality
eil33-2,separating_fast,separating_off,emphasis_hardlp,default,presolving_aggressive,heuristics_fast,presolving_off,emphasis_easycip,presolving_fast,heuristics_off,separating_aggressive,heuristics_aggressive,emphasis_feasibility,emphasis_optimality
methanosarcina,separating_off,separating_fast,emphasis_feasibility,heuristics_fast,default,presolving_aggressive,heuristics_aggressive,presolving_fast,emphasis_hardlp,emphasis_easycip,presolving_off,separating_aggressive,heuristics_off,emphasis_optimality
probportfolio,separating_fast,separating_off,presolving_fast,default,emphasis_hardlp,presolving_off,emphasis_feasibility,presolving_aggressive,emphasis_easycip,heuristics_fast,heuristics_aggressive,separating_aggressive,heuristics_off,emphasis_optimality
enlight13,separating_fast,emphasis_easycip,heuristics_fast,emphasis_hardlp,separating_off,presolving_fast,default,presolving_off,presolving_aggressive,separating_aggressive,heuristics_aggressive,heuristics_off,emphasis_feasibility,emphasis_optimality
gt2,separating_fast,emphasis_easycip,emphasis_hardlp,presolving_fast,heuristics_fast,default,separating_off,presolving_aggressive,heuristics_off,presolving_off,heuristics_aggressive,separating_aggressive,emphasis_optimality,emphasis_feasibility
neos-906865,presolving_fast,separating_fast,default,presolving_aggressive,emphasis_hardlp,separating_off,presolving_off,heuristics_fast,heuristics_aggressive,emphasis_easycip,separating_aggressive,emphasis_feasibility,heuristics_off,emphasis_optimality
neos-791021,emphasis_feasibility,separating_fast,separating_off,heuristics_aggressive,default,presolving_fast,presolving_aggressive,separating_aggressive,presolving_off,emphasis_optimality,emphasis_hardlp,emphasis_easycip,heuristics_off,heuristics_fast
leo1,emphasis_feasibility,presolving_off,heuristics_aggressive,default,presolving_aggressive,separating_fast,separating_aggressive,presolving_fast,heuristics_fast,emphasis_optimality,separating_off,emphasis_easycip,emphasis_hardlp,heuristics_off
aflow40b,separating_fast,emphasis_feasibility,presolving_fast,default,separating_off,presolving_aggressive,heuristics_aggressive,separating_aggressive,presolving_off,emphasis_hardlp,heuristics_fast,emphasis_optimality,emphasis_easycip,heuristics_off
mod010,separating_fast,default,presolving_aggressive,heuristics_aggressive,presolving_fast,separating_off,emphasis_hardlp,emphasis_feasibility,presolving_off,heuristics_fast,emphasis_easycip,heuristics_off,separating_aggressive,emphasis_optimality
neos-686190,emphasis_feasibility,separating_off,separating_fast,heuristics_aggressive,default,presolving_aggressive,presolving_fast,separating_aggressive,emphasis_hardlp,emphasis_easycip,presolving_off,heuristics_fast,heuristics_off,emphasis_optimality
triptim1,separating_off,presolving_fast,heuristics_aggressive,emphasis_feasibility,presolving_off,separating_fast,default,presolving_aggressive,heuristics_fast,emphasis_hardlp,emphasis_easycip,separating_aggressive,emphasis_optimality,heuristics_off
markshare2,emphasis_hardlp,heuristics_fast,separating_off,separating_fast,emphasis_feasibility,separating_aggressive,presolving_fast,emphasis_easycip,presolving_off,default,emphasis_optimality,presolving_aggressive,heuristics_off,heuristics_aggressive
23588,presolving_fast,presolving_off,separating_off,emphasis_feasibility,separating_fast,emphasis_hardlp,default,presolving_aggressive,heuristics_aggressive,separating_aggressive,emphasis_optimality,emphasis_easycip,heuristics_off,heuristics_fast
ger50_17_trans,presolving_off,presolving_aggressive,default,heuristics_aggressive,presolving_fast,emphasis_hardlp,heuristics_fast,emphasis_easycip,separating_fast,separating_off,separating_aggressive,emphasis_optimality,heuristics_off,emphasis_feasibility
air04,heuristics_aggressive,emphasis_feasibility,default,separating_fast,separating_off,presolving_aggressive,presolving_fast,emphasis_hardlp,separating_aggressive,presolving_off,heuristics_fast,emphasis_easycip,heuristics_off,emphasis_optimality
timtab1,separating_fast,presolving_fast,separating_aggressive,presolving_aggressive,emphasis_easycip,heuristics_fast,emphasis_hardlp,default,heuristics_aggressive,emphasis_feasibility,presolving_off,heuristics_off,separating_off,emphasis_optimality
rocII-7-11,separating_fast,emphasis_feasibility,separating_off,heuristics_aggressive,default,presolving_fast,presolving_aggressive,separating_aggressive,presolving_off,emphasis_hardlp,heuristics_fast,emphasis_optimality,emphasis_easycip,heuristics_off
neos-506422,separating_fast,presolving_aggressive,separating_off,presolving_fast,default,heuristics_aggressive,heuristics_fast,emphasis_hardlp,separating_aggressive,emphasis_feasibility,presolving_off,emphasis_easycip,heuristics_off,emphasis_optimality
biella1,presolving_fast,presolving_aggressive,separating_fast,default,presolving_off,separating_off,heuristics_aggressive,separating_aggressive,emphasis_feasibility,emphasis_optimality,emphasis_easycip,heuristics_fast,emphasis_hardlp,heuristics_off
neos-780889,presolving_fast,presolving_aggressive,default,separating_off,separating_fast,emphasis_hardlp,emphasis_easycip,presolving_off,heuristics_fast,heuristics_aggressive,emphasis_feasibility,emphasis_optimality,separating_aggressive,heuristics_off
noswot,separating_fast,emphasis_hardlp,separating_off,presolving_aggressive,default,presolving_fast,heuristics_fast,emphasis_easycip,separating_aggressive,heuristics_off,emphasis_feasibility,presolving_off,heuristics_aggressive,emphasis_optimality
misc07,emphasis_hardlp,separating_off,presolving_fast,emphasis_easycip,separating_fast,heuristics_fast,emphasis_feasibility,heuristics_aggressive,default,presolving_off,presolving_aggressive,heuristics_off,separating_aggressive,emphasis_optimality
dano3_3,presolving_aggressive,emphasis_easycip,presolving_fast,default,heuristics_fast,separating_off,separating_fast,emphasis_hardlp,emphasis_optimality,separating_aggressive,presolving_off,emphasis_feasibility,heuristics_aggressive,heuristics_off
neos-787933,separating_fast,presolving_fast,separating_off,emphasis_hardlp,presolving_off,presolving_aggressive,default,emphasis_feasibility,heuristics_aggressive,emphasis_easycip,heuristics_fast,separating_aggressive,emphasis_optimality,heuristics_off
neos-501453,presolving_fast,default,separating_fast,heuristics_fast,presolving_aggressive,separating_aggressive,presolving_off,emphasis_optimality,emphasis_easycip,emphasis_hardlp,emphasis_feasibility,separating_off,heuristics_off,heuristics_aggressive
