ns2137859,presolving_fast,separating_fast,presolving_aggressive,default,presolving_off,heuristics_fast,heuristics_aggressive,separating_off,emphasis_feasibility,separating_aggressive,emphasis_hardlp,emphasis_optimality,heuristics_off,emphasis_easycip
neos-506428,separating_off,separating_fast,separating_aggressive,presolving_off,presolving_fast,presolving_aggressive,heuristics_fast,heuristics_off,heuristics_aggressive,emphasis_optimality,emphasis_hardlp,default,emphasis_feasibility,emphasis_easycip
neos-916792,presolving_fast,separating_fast,default,separating_off,emphasis_hardlp,emphasis_feasibility,heuristics_aggressive,presolving_off,presolving_aggressive,heuristics_fast,emphasis_easycip,separating_aggressive,emphasis_optimality,heuristics_off
d20200,separating_off,separating_fast,separating_aggressive,presolving_fast,emphasis_feasibility,emphasis_hardlp,heuristics_fast,heuristics_aggressive,presolving_off,presolving_aggressive,default,heuristics_off,emphasis_optimality,emphasis_easycip
neos-1480121,separating_fast,separating_off,emphasis_hardlp,heuristics_fast,emphasis_easycip,presolving_fast,default,heuristics_off,presolving_aggressive,heuristics_aggressive,emphasis_feasibility,separating_aggressive,presolving_off,emphasis_optimality
dg012142,presolving_fast,default,presolving_aggressive,presolving_off,heuristics_aggressive,separating_aggressive,separating_fast,emphasis_hardlp,heuristics_fast,emphasis_optimality,emphasis_easycip,emphasis_feasibility,separating_off,heuristics_off
ger50_17_trans,heuristics_aggressive,presolving_off,separating_off,separating_aggressive,presolving_aggressive,separating_fast,emphasis_feasibility,default,presolving_fast,heuristics_fast,emphasis_optimality,emphasis_hardlp,emphasis_easycip,heuristics_off
neos-584866,separating_off,separating_fast,presolving_fast,emphasis_hardlp,separating_aggressive,presolving_aggressive,presolving_off,emphasis_easycip,default,heuristics_aggressive,heuristics_fast,emphasis_feasibility,emphasis_optimality,heuristics_off
sts729,heuristics_fast,separating_off,emphasis_easycip,presolving_off,presolving_fast,separating_fast,presolving_aggressive,default,separating_aggressive,heuristics_aggressive,heuristics_off,emphasis_hardlp,emphasis_feasibility,emphasis_optimality
neos-876808,separating_off,separating_fast,emphasis_feasibility,presolving_fast,separating_aggressive,heuristics_aggressive,emphasis_hardlp,default,heuristics_fast,presolving_off,presolving_aggressive,emphasis_optimality,heuristics_off,emphasis_easycip
neos-503737,separating_aggressive,default,presolving_aggressive,heuristics_aggressive,presolving_fast,separating_fast,emphasis_feasibility,heuristics_fast,emphasis_hardlp,heuristics_off,separating_off,presolving_off,emphasis_easycip,emphasis_optimality
neos-1112787,separating_fast,presolving_fast,heuristics_fast,separating_off,default,presolving_aggressive,emphasis_optimality,separating_aggressive,emphasis_easycip,emphasis_feasibility,heuristics_aggressive,heuristics_off,emphasis_hardlp,presolving_off
egout,presolving_fast,presolving_aggressive,default,separating_fast,separating_aggressive,heuristics_aggressive,heuristics_fast,emphasis_hardlp,presolving_off,emphasis_optimality,emphasis_easycip,emphasis_feasibility,heuristics_off,separating_off
neos11,presolving_aggressive,separating_fast,separating_aggressive,separating_off,default,presolving_fast,heuristics_fast,presolving_off,heuristics_aggressive,emphasis_feasibility,emphasis_hardlp,emphasis_easycip,heuristics_off,emphasis_optimality
neos-1620807,separating_aggressive,separating_fast,presolving_fast,presolving_aggressive,separating_off,default,heuristics_fast,emphasis_easycip,heuristics_aggressive,heuristics_off,emphasis_hardlp,presolving_off,emphasis_feasibility,emphasis_optimality
dc1l,heuristics_aggressive,separating_off,separating_fast,default,presolving_aggressive,presolving_fast,presolving_off,emphasis_feasibility,emphasis_easycip,separating_aggressive,heuristics_fast,emphasis_optimality,emphasis_hardlp,heuristics_off
r80x800,heuristics_aggressive,presolving_fast,presolving_aggressive,default,separating_aggressive,presolving_off,heuristics_fast,emphasis_optimality,separating_fast,emphasis_hardlp,emphasis_feasibility,emphasis_easycip,separating_off,heuristics_off
neos-785914,separating_off,presolving_fast,default,presolving_aggressive,emphasis_hardlp,separating_fast,heuristics_fast,heuristics_aggressive,emphasis_feasibility,presolving_off,heuristics_off,separating_aggressive,emphasis_easycip,emphasis_optimality
rmine10,emphasis_hardlp,presolving_fast,separating_off,separating_fast,heuristics_aggressive,emphasis_feasibility,default,emphasis_easycip,presolving_off,heuristics_fast,separating_aggressive,emphasis_optimality,presolving_aggressive,heuristics_off
bienst1,presolving_fast,separating_fast,separating_off,emphasis_hardlp,default,heuristics_aggressive,emphasis_feasibility,presolving_aggressive,separating_aggressive,heuristics_fast,emphasis_easycip,presolving_off,heuristics_off,emphasis_optimality
neos-916173,presolving_fast,separating_fast,default,heuristics_aggressive,emphasis_feasibility,presolving_aggressive,presolving_off,separating_off,heuristics_fast,emphasis_hardlp,separating_aggressive,emphasis_easycip,emphasis_optimality,heuristics_off
cap6000,emphasis_feasibility,heuristics_aggressive,separating_fast,presolving_off,default,presolving_fast,presolving_aggressive,separating_aggressive,emphasis_easycip,separating_off,heuristics_fast,emphasis_optimality,emphasis_hardlp,heuristics_off
neos-930752,separating_off,separating_fast,presolving_fast,default,separating_aggressive,presolving_off,presolving_aggressive,emphasis_feasibility,heuristics_aggressive,emphasis_easycip,emphasis_hardlp,emphasis_optimality,heuristics_fast,heuristics_off
neos-1436713,separating_off,separating_fast,presolving_fast,presolving_aggressive,default,separating_aggressive,presolving_off,emphasis_feasibility,heuristics_aggressive,emphasis_optimality,emphasis_hardlp,heuristics_fast,emphasis_easycip,heuristics_off
ns1830653,default,emphasis_feasibility,separating_fast,presolving_aggressive,heuristics_aggressive,presolving_fast,emphasis_hardlp,heuristics_fast,separating_aggressive,emphasis_easycip,heuristics_off,separating_off,presolving_off,emphasis_optimality
neos-881765,presolving_fast,emphasis_hardlp,presolving_aggressive,heuristics_fast,default,heuristics_off,separating_fast,separating_aggressive,emphasis_feasibility,separating_off,emphasis_easycip,heuristics_aggressive,presolving_off,emphasis_optimality
uct-subprob,separating_fast,emphasis_hardlp,default,presolving_fast,heuristics_aggressive,separating_off,presolving_off,presolving_aggressive,emphasis_feasibility,emphasis_easycip,separating_aggressive,heuristics_fast,emphasis_optimality,heuristics_off
rmatr100-p5,presolving_fast,separating_fast,default,presolving_off,presolving_aggressive,separating_off,separating_aggressive,heuristics_aggressive,emphasis_hardlp,emphasis_easycip,heuristics_fast,emphasis_feasibility,heuristics_off,emphasis_optimality
nu120-pr3,presolving_fast,heuristics_aggressive,default,presolving_off,presolving_aggressive,separating_aggressive,emphasis_optimality,separating_fast,separating_off,emphasis_feasibility,heuristics_fast,emphasis_easycip,emphasis_hardlp,heuristics_off
neos-555884,separating_off,separating_fast,separating_aggressive,presolving_aggressive,presolving_off,presolving_fast,heuristics_aggressive,emphasis_feasibility,default,heuristics_fast,emphasis_optimality,emphasis_hardlp,emphasis_easycip,heuristics_off
neos-1620770,separating_aggressive,separating_fast,presolving_aggressive,default,separating_off,heuristics_fast,heuristics_off,presolving_off,presolving_fast,emphasis_easycip,heuristics_aggressive,emphasis_hardlp,emphasis_feasibility,emphasis_optimality
neos-849702,presolving_off,emphasis_feasibility,heuristics_aggressive,heuristics_fast,emphasis_easycip,presolving_aggressive,presolving_fast,separating_off,separating_aggressive,heuristics_off,separating_fast,default,emphasis_hardlp,emphasis_optimality
eilA101-2,separating_off,default,separating_fast,presolving_aggressive,presolving_fast,heuristics_off,heuristics_aggressive,heuristics_fast,emphasis_hardlp,presolving_off,emphasis_easycip,emphasis_feasibility,separating_aggressive,emphasis_optimality
neos-611135,heuristics_aggressive,presolving_off,emphasis_feasibility,presolving_fast,default,separating_fast,presolving_aggressive,separating_aggressive,emphasis_easycip,emphasis_optimality,separating_off,heuristics_fast,emphasis_hardlp,heuristics_off
rmatr200-p5,presolving_off,heuristics_aggressive,emphasis_feasibility,emphasis_hardlp,emphasis_easycip,heuristics_fast,presolving_fast,separating_off,default,separating_fast,presolving_aggressive,emphasis_optimality,separating_aggressive,heuristics_off
neos-1427261,separating_off,presolving_fast,separating_fast,presolving_off,default,presolving_aggressive,separating_aggressive,emphasis_feasibility,heuristics_aggressive,emphasis_optimality,emphasis_hardlp,heuristics_fast,emphasis_easycip,heuristics_off
qiu,presolving_fast,default,presolving_aggressive,heuristics_aggressive,separating_fast,heuristics_fast,presolving_off,separating_off,separating_aggressive,emphasis_hardlp,emphasis_feasibility,emphasis_easycip,emphasis_optimality,heuristics_off
neos-827015,presolving_fast,separating_fast,separating_off,presolving_aggressive,presolving_off,heuristics_aggressive,emphasis_hardlp,default,emphasis_feasibility,separating_aggressive,heuristics_off,heuristics_fast,emphasis_optimality,emphasis_easycip
neos-631517,presolving_off,presolving_fast,separating_aggressive,heuristics_aggressive,presolving_aggressive,default,emphasis_optimality,emphasis_hardlp,separating_fast,emphasis_feasibility,heuristics_fast,emphasis_easycip,separating_off,heuristics_off
neos-1429212,heuristics_aggressive,presolving_fast,separating_fast,presolving_aggressive,emphasis_feasibility,default,separating_off,separating_aggressive,presolving_off,emphasis_optimality,emphasis_hardlp,heuristics_fast,emphasis_easycip,heuristics_off
neos-1126860,presolving_off,presolving_fast,emphasis_hardlp,emphasis_easycip,default,heuristics_fast,separating_fast,separating_off,separating_aggressive,presolving_aggressive,heuristics_aggressive,emphasis_optimality,emphasis_feasibility,heuristics_off
neos-912015,presolving_aggressive,separating_aggressive,heuristics_off,presolving_off,separating_fast,default,heuristics_aggressive,emphasis_feasibility,emphasis_hardlp,heuristics_fast,presolving_fast,emphasis_easycip,emphasis_optimality,separating_off
neos-808214,separating_aggressive,separating_fast,presolving_aggressive,default,presolving_fast,heuristics_aggressive,heuristics_off,emphasis_hardlp,heuristics_fast,emphasis_feasibility,emphasis_easycip,presolving_off,emphasis_optimality,separating_off
bab5,separating_fast,presolving_fast,separating_off,separating_aggressive,presolving_aggressive,emphasis_hardlp,emphasis_feasibility,default,heuristics_fast,heuristics_aggressive,heuristics_off,emphasis_easycip,presolving_off,emphasis_optimality
pigeon-10,separating_fast,presolving_aggressive,emphasis_easycip,separating_off,emphasis_hardlp,separating_aggressive,emphasis_feasibility,heuristics_aggressive,presolving_fast,default,presolving_off,heuristics_fast,emphasis_optimality,heuristics_off
opm2-z7-s2,emphasis_hardlp,presolving_fast,separating_off,presolving_off,separating_fast,emphasis_feasibility,heuristics_aggressive,default,emphasis_easycip,heuristics_fast,separating_aggressive,presolving_aggressive,emphasis_optimality,heuristics_off
neos-810326,emphasis_feasibility,presolving_aggressive,emphasis_easycip,separating_fast,heuristics_aggressive,heuristics_fast,emphasis_hardlp,separating_aggressive,heuristics_off,presolving_fast,default,separating_off,presolving_off,emphasis_optimality
neos-1437164,separating_fast,heuristics_fast,default,presolving_fast,heuristics_aggressive,separating_aggressive,presolving_aggressive,emphasis_feasibility,separating_off,emphasis_hardlp,heuristics_off,emphasis_easycip,presolving_off,emphasis_optimality
rail03,separating_off,separating_fast,separating_aggressive,presolving_off,presolving_fast,presolving_aggressive,heuristics_off,heuristics_fast,heuristics_aggressive,emphasis_optimality,emphasis_hardlp,emphasis_feasibility,emphasis_easycip,default
germanrr,separating_fast,presolving_fast,separating_off,emphasis_feasibility,default,presolving_aggressive,heuristics_aggressive,presolving_off,separating_aggressive,emphasis_optimality,heuristics_fast,emphasis_hardlp,emphasis_easycip,heuristics_off
sing359,separating_off,separating_fast,separating_aggressive,presolving_off,presolving_fast,presolving_aggressive,heuristics_off,heuristics_fast,heuristics_aggressive,emphasis_optimality,emphasis_hardlp,emphasis_feasibility,emphasis_easycip,default
50v-10,separating_off,emphasis_feasibility,default,separating_fast,heuristics_aggressive,presolving_aggressive,emphasis_easycip,emphasis_hardlp,presolving_fast,separating_aggressive,presolving_off,heuristics_off,heuristics_fast,emphasis_optimality
stp3d,separating_fast,presolving_off,presolving_fast,separating_off,heuristics_aggressive,presolving_aggressive,default,separating_aggressive,emphasis_feasibility,emphasis_hardlp,heuristics_fast,emphasis_easycip,emphasis_optimality,heuristics_off
leo2,heuristics_aggressive,emphasis_feasibility,default,presolving_aggressive,separating_aggressive,separating_fast,separating_off,emphasis_optimality,heuristics_fast,emphasis_hardlp,presolving_off,presolving_fast,emphasis_easycip,heuristics_off
neos-595905,separating_fast,default,presolving_aggressive,presolving_fast,heuristics_aggressive,separating_aggressive,emphasis_optimality,emphasis_feasibility,heuristics_fast,separating_off,presolving_off,heuristics_off,emphasis_easycip,emphasis_hardlp
neos-555343,heuristics_aggressive,presolving_off,presolving_fast,separating_fast,emphasis_feasibility,separating_off,presolving_aggressive,default,separating_aggressive,emphasis_hardlp,emphasis_easycip,heuristics_fast,heuristics_off,emphasis_optimality
neos-1603965,presolving_off,presolving_fast,separating_fast,presolving_aggressive,separating_off,heuristics_aggressive,default,separating_aggressive,heuristics_fast,emphasis_feasibility,heuristics_off,emphasis_optimality,emphasis_hardlp,emphasis_easycip
set1ch,default,presolving_aggressive,presolving_fast,heuristics_aggressive,separating_aggressive,presolving_off,heuristics_fast,emphasis_hardlp,separating_fast,emphasis_optimality,emphasis_easycip,heuristics_off,emphasis_feasibility,separating_off
neos-1200887,separating_off,separating_fast,presolving_fast,emphasis_feasibility,default,presolving_aggressive,separating_aggressive,heuristics_aggressive,presolving_off,heuristics_fast,emphasis_optimality,emphasis_hardlp,emphasis_easycip,heuristics_off
reblock67,emphasis_hardlp,separating_off,presolving_fast,separating_fast,emphasis_feasibility,default,presolving_off,heuristics_aggressive,heuristics_fast,emphasis_easycip,separating_aggressive,presolving_aggressive,heuristics_off,emphasis_optimality
neos-955215,presolving_fast,default,presolving_aggressive,heuristics_aggressive,separating_aggressive,emphasis_optimality,separating_fast,emphasis_hardlp,presolving_off,heuristics_fast,emphasis_feasibility,emphasis_easycip,separating_off,heuristics_off
