n9-3,presolving_off,separating_fast,presolving_fast,separating_off,heuristics_aggressive,presolving_aggressive,default,separating_aggressive,heuristics_fast,emphasis_hardlp,emphasis_feasibility,emphasis_easycip,emphasis_optimality,heuristics_off
neos-803219,emphasis_hardlp,heuristics_fast,default,separating_off,presolving_fast,emphasis_easycip,separating_fast,presolving_aggressive,separating_aggressive,heuristics_off,presolving_off,heuristics_aggressive,emphasis_optimality,emphasis_feasibility
ns60-pr3,presolving_off,separating_off,presolving_fast,separating_fast,heuristics_aggressive,default,presolving_aggressive,separating_aggressive,heuristics_fast,emphasis_hardlp,emphasis_easycip,emphasis_feasibility,emphasis_optimality,heuristics_off
neos-827175,heuristics_aggressive,emphasis_feasibility,separating_off,separating_fast,default,presolving_fast,presolving_off,presolving_aggressive,separating_aggressive,emphasis_optimality,heuristics_fast,emphasis_hardlp,emphasis_easycip,heuristics_off
neos-555771,separating_fast,emphasis_feasibility,default,heuristics_aggressive,presolving_aggressive,emphasis_hardlp,presolving_fast,separating_off,presolving_off,separating_aggressive,emphasis_easycip,heuristics_fast,emphasis_optimality,heuristics_off
neos-709469,emphasis_hardlp,heuristics_fast,emphasis_feasibility,default,separating_off,emphasis_easycip,separating_fast,presolving_fast,heuristics_aggressive,separating_aggressive,presolving_aggressive,heuristics_off,presolving_off,emphasis_optimality
germany50-DBM,presolving_off,separating_fast,presolving_aggressive,separating_aggressive,presolving_fast,separating_off,heuristics_aggressive,default,heuristics_fast,emphasis_optimality,heuristics_off,emphasis_hardlp,emphasis_feasibility,emphasis_easycip
neos-548251,separating_fast,separating_off,presolving_fast,presolving_aggressive,default,separating_aggressive,heuristics_aggressive,presolving_off,heuristics_fast,emphasis_hardlp,emphasis_easycip,emphasis_feasibility,heuristics_off,emphasis_optimality
binkar10_1,separating_fast,presolving_aggressive,emphasis_hardlp,default,presolving_fast,emphasis_easycip,heuristics_fast,presolving_off,heuristics_aggressive,emphasis_feasibility,separating_off,separating_aggressive,heuristics_off,emphasis_optimality
roll3000,default,separating_fast,presolving_fast,presolving_aggressive,separating_aggressive,heuristics_aggressive,presolving_off,separating_off,heuristics_fast,emphasis_feasibility,emphasis_optimality,emphasis_easycip,emphasis_hardlp,heuristics_off
neos-935234,presolving_fast,separating_off,separating_fast,presolving_off,default,presolving_aggressive,separating_aggressive,heuristics_aggressive,emphasis_feasibility,emphasis_hardlp,emphasis_easycip,heuristics_fast,emphasis_optimality,heuristics_off
neos-655508,presolving_fast,heuristics_aggressive,default,separating_off,presolving_aggressive,separating_fast,emphasis_hardlp,presolving_off,separating_aggressive,emphasis_feasibility,heuristics_fast,emphasis_easycip,emphasis_optimality,heuristics_off
neos-810326,presolving_fast,emphasis_feasibility,heuristics_aggressive,separating_fast,default,presolving_off,presolving_aggressive,emphasis_hardlp,separating_aggressive,emphasis_easycip,heuristics_fast,separating_off,heuristics_off,emphasis_optimality
prod2,separating_fast,separating_off,presolving_aggressive,emphasis_hardlp,emphasis_easycip,presolving_off,presolving_fast,heuristics_fast,default,emphasis_feasibility,separating_aggressive,heuristics_off,heuristics_aggressive,emphasis_optimality
mine-166-5,presolving_fast,separating_fast,presolving_off,emphasis_hardlp,separating_off,default,emphasis_easycip,separating_aggressive,heuristics_fast,heuristics_aggressive,presolving_aggressive,emphasis_feasibility,emphasis_optimality,heuristics_off
neos18,separating_off,separating_fast,default,presolving_aggressive,presolving_fast,heuristics_fast,separating_aggressive,heuristics_aggressive,emphasis_hardlp,emphasis_feasibility,emphasis_easycip,heuristics_off,presolving_off,emphasis_optimality
germanrr,separating_fast,separating_aggressive,emphasis_optimality,presolving_aggressive,heuristics_aggressive,default,presolving_fast,separating_off,emphasis_feasibility,heuristics_fast,presolving_off,emphasis_hardlp,heuristics_off,emphasis_easycip
ivu52,heuristics_fast,emphasis_hardlp,emphasis_easycip,separating_off,heuristics_aggressive,separating_fast,emphasis_feasibility,default,presolving_fast,heuristics_off,separating_aggressive,presolving_off,presolving_aggressive,emphasis_optimality
reblock420,presolving_fast,separating_off,presolving_off,separating_fast,emphasis_hardlp,separating_aggressive,emphasis_easycip,presolving_aggressive,heuristics_aggressive,default,heuristics_fast,emphasis_feasibility,heuristics_off,emphasis_optimality
set1ch,default,presolving_fast,heuristics_aggressive,emphasis_hardlp,separating_aggressive,presolving_aggressive,emphasis_feasibility,heuristics_fast,separating_fast,emphasis_easycip,presolving_off,emphasis_optimality,heuristics_off,separating_off
neos-691058,separating_fast,emphasis_feasibility,presolving_fast,presolving_aggressive,separating_off,presolving_off,heuristics_aggressive,default,separating_aggressive,emphasis_hardlp,heuristics_off,heuristics_fast,emphasis_easycip,emphasis_optimality
triptim1,separating_off,separating_fast,separating_aggressive,presolving_off,presolving_fast,presolving_aggressive,heuristics_off,heuristics_fast,heuristics_aggressive,emphasis_optimality,emphasis_hardlp,emphasis_feasibility,emphasis_easycip,default
danoint,presolving_fast,presolving_aggressive,separating_fast,default,separating_off,emphasis_hardlp,heuristics_fast,heuristics_aggressive,emphasis_easycip,separating_aggressive,emphasis_feasibility,presolving_off,heuristics_off,emphasis_optimality
neos-611838,presolving_off,separating_fast,presolving_fast,presolving_aggressive,emphasis_hardlp,separating_off,emphasis_feasibility,emphasis_easycip,default,separating_aggressive,heuristics_aggressive,heuristics_fast,emphasis_optimality,heuristics_off
ns894786,separating_off,separating_fast,separating_aggressive,presolving_fast,emphasis_feasibility,heuristics_aggressive,presolving_off,presolving_aggressive,heuristics_off,heuristics_fast,default,emphasis_optimality,emphasis_hardlp,emphasis_easycip
sp98ic,presolving_off,presolving_fast,emphasis_feasibility,separating_fast,heuristics_aggressive,default,presolving_aggressive,separating_aggressive,separating_off,emphasis_hardlp,emphasis_easycip,heuristics_fast,emphasis_optimality,heuristics_off
khb05250,presolving_fast,default,presolving_aggressive,emphasis_hardlp,heuristics_fast,separating_fast,presolving_off,separating_aggressive,emphasis_easycip,heuristics_aggressive,emphasis_optimality,separating_off,heuristics_off,emphasis_feasibility
neos-1620807,presolving_fast,default,emphasis_hardlp,presolving_aggressive,heuristics_fast,emphasis_easycip,separating_aggressive,separating_fast,heuristics_aggressive,emphasis_feasibility,heuristics_off,presolving_off,emphasis_optimality,separating_off
rmine10,separating_off,presolving_off,presolving_fast,separating_fast,separating_aggressive,presolving_aggressive,heuristics_aggressive,emphasis_hardlp,emphasis_easycip,default,heuristics_fast,emphasis_feasibility,emphasis_optimality,heuristics_off
mod008,default,presolving_aggressive,separating_fast,presolving_fast,heuristics_fast,presolving_off,emphasis_easycip,emphasis_hardlp,separating_off,separating_aggressive,heuristics_aggressive,emphasis_feasibility,heuristics_off,emphasis_optimality
neos-934278,default,separating_fast,presolving_fast,heuristics_aggressive,presolving_aggressive,separating_off,emphasis_feasibility,separating_aggressive,presolving_off,emphasis_hardlp,heuristics_fast,emphasis_easycip,emphasis_optimality,heuristics_off
neos-830439,separating_off,separating_fast,presolving_fast,emphasis_feasibility,default,separating_aggressive,presolving_aggressive,emphasis_hardlp,heuristics_aggressive,heuristics_fast,presolving_off,heuristics_off,emphasis_easycip,emphasis_optimality
neos-631784,separating_off,separating_fast,presolving_fast,presolving_aggressive,separating_aggressive,heuristics_aggressive,default,presolving_off,heuristics_fast,emphasis_feasibility,emphasis_hardlp,emphasis_easycip,heuristics_off,emphasis_optimality
neos-1109824,separating_off,presolving_fast,separating_fast,presolving_aggressive,separating_aggressive,heuristics_aggressive,emphasis_easycip,emphasis_hardlp,emphasis_feasibility,presolving_off,default,heuristics_fast,heuristics_off,emphasis_optimality
ns25-pr3,presolving_off,separating_off,presolving_fast,separating_fast,heuristics_aggressive,default,presolving_aggressive,separating_aggressive,heuristics_fast,emphasis_hardlp,emphasis_easycip,emphasis_feasibility,emphasis_optimality,heuristics_off
aligninq,separating_fast,separating_off,presolving_off,separating_aggressive,presolving_aggressive,emphasis_easycip,heuristics_fast,presolving_fast,heuristics_off,emphasis_hardlp,heuristics_aggressive,default,emphasis_optimality,emphasis_feasibility
neos-598183,separating_fast,separating_off,emphasis_feasibility,default,presolving_aggressive,heuristics_aggressive,presolving_fast,presolving_off,separating_aggressive,emphasis_optimality,emphasis_hardlp,emphasis_easycip,heuristics_fast,heuristics_off
harp2,separating_off,separating_fast,emphasis_feasibility,default,emphasis_hardlp,separating_aggressive,presolving_fast,presolving_aggressive,heuristics_aggressive,emphasis_optimality,heuristics_fast,presolving_off,heuristics_off,emphasis_easycip
22433,separating_off,emphasis_easycip,emphasis_hardlp,presolving_off,heuristics_fast,separating_fast,presolving_aggressive,presolving_fast,heuristics_off,emphasis_feasibility,default,heuristics_aggressive,emphasis_optimality,separating_aggressive
neos-612143,presolving_off,separating_fast,presolving_fast,presolving_aggressive,emphasis_hardlp,separating_off,emphasis_feasibility,emphasis_easycip,default,separating_aggressive,heuristics_aggressive,heuristics_fast,emphasis_optimality,heuristics_off
neos-612125,presolving_off,separating_fast,presolving_fast,presolving_aggressive,emphasis_hardlp,separating_off,emphasis_feasibility,emphasis_easycip,default,separating_aggressive,heuristics_aggressive,heuristics_fast,emphasis_optimality,heuristics_off
neos-578379,separating_off,separating_fast,emphasis_feasibility,default,separating_aggressive,heuristics_fast,heuristics_aggressive,presolving_fast,presolving_aggressive,heuristics_off,emphasis_optimality,presolving_off,emphasis_hardlp,emphasis_easycip
neos-931517,presolving_fast,default,presolving_aggressive,separating_fast,separating_aggressive,separating_off,heuristics_aggressive,presolving_off,emphasis_feasibility,emphasis_hardlp,heuristics_fast,emphasis_easycip,emphasis_optimality,heuristics_off
neos-1440460,separating_off,separating_fast,emphasis_feasibility,presolving_fast,default,presolving_aggressive,separating_aggressive,heuristics_aggressive,presolving_off,emphasis_optimality,emphasis_hardlp,emphasis_easycip,heuristics_fast,heuristics_off
ramos3,presolving_off,presolving_fast,heuristics_aggressive,separating_fast,default,separating_off,presolving_aggressive,emphasis_hardlp,heuristics_fast,emphasis_feasibility,emphasis_easycip,separating_aggressive,emphasis_optimality,heuristics_off
satellites1-25,separating_off,separating_fast,separating_aggressive,presolving_off,emphasis_feasibility,presolving_fast,presolving_aggressive,heuristics_off,heuristics_fast,heuristics_aggressive,emphasis_optimality,emphasis_hardlp,emphasis_easycip,default
neos-881765,separating_fast,emphasis_feasibility,emphasis_hardlp,presolving_fast,presolving_aggressive,default,heuristics_off,heuristics_fast,heuristics_aggressive,separating_off,emphasis_easycip,separating_aggressive,presolving_off,emphasis_optimality
arki001,separating_off,default,separating_fast,presolving_fast,presolving_aggressive,separating_aggressive,presolving_off,heuristics_fast,heuristics_aggressive,emphasis_feasibility,emphasis_hardlp,emphasis_easycip,heuristics_off,emphasis_optimality
qnet1_o,separating_off,separating_fast,emphasis_feasibility,default,presolving_fast,presolving_aggressive,heuristics_aggressive,separating_aggressive,emphasis_hardlp,heuristics_fast,emphasis_easycip,presolving_off,heuristics_off,emphasis_optimality
pb-simp-nonunif,separating_fast,separating_off,default,heuristics_aggressive,separating_aggressive,presolving_aggressive,presolving_fast,emphasis_feasibility,heuristics_off,heuristics_fast,emphasis_easycip,emphasis_hardlp,presolving_off,emphasis_optimality
gen,separating_fast,presolving_aggressive,default,separating_aggressive,presolving_fast,separating_off,heuristics_fast,emphasis_hardlp,heuristics_aggressive,emphasis_feasibility,emphasis_easycip,emphasis_optimality,presolving_off,heuristics_off
neos-1460246,default,presolving_fast,emphasis_feasibility,presolving_aggressive,heuristics_aggressive,separating_fast,presolving_off,separating_aggressive,emphasis_hardlp,separating_off,heuristics_fast,emphasis_easycip,emphasis_optimality,heuristics_off
ns894236,separating_off,separating_fast,separating_aggressive,emphasis_feasibility,presolving_fast,presolving_aggressive,heuristics_aggressive,heuristics_off,heuristics_fast,default,presolving_off,emphasis_optimality,emphasis_hardlp,emphasis_easycip
nu120-pr3,presolving_fast,separating_fast,presolving_aggressive,heuristics_aggressive,default,presolving_off,separating_off,separating_aggressive,heuristics_fast,emphasis_feasibility,emphasis_hardlp,emphasis_easycip,emphasis_optimality,heuristics_off
neos-876808,separating_off,separating_fast,presolving_off,presolving_fast,separating_aggressive,heuristics_aggressive,emphasis_hardlp,emphasis_feasibility,heuristics_off,presolving_aggressive,heuristics_fast,emphasis_optimality,emphasis_easycip,default
stein27,default,heuristics_fast,emphasis_easycip,presolving_fast,presolving_aggressive,heuristics_aggressive,emphasis_hardlp,separating_fast,separating_aggressive,presolving_off,emphasis_feasibility,separating_off,heuristics_off,emphasis_optimality
nug08,separating_fast,separating_off,presolving_fast,presolving_aggressive,emphasis_hardlp,emphasis_feasibility,emphasis_easycip,presolving_off,heuristics_aggressive,default,separating_aggressive,heuristics_fast,heuristics_off,emphasis_optimality
neos-1122047,emphasis_hardlp,emphasis_easycip,presolving_aggressive,presolving_fast,default,separating_off,separating_fast,presolving_off,separating_aggressive,heuristics_fast,heuristics_off,emphasis_feasibility,heuristics_aggressive,emphasis_optimality
neos15,default,emphasis_hardlp,heuristics_aggressive,presolving_aggressive,emphasis_feasibility,presolving_fast,separating_aggressive,heuristics_fast,emphasis_easycip,separating_fast,presolving_off,emphasis_optimality,separating_off,heuristics_off
gesa3_o,presolving_fast,default,separating_fast,presolving_aggressive,separating_aggressive,emphasis_hardlp,heuristics_fast,heuristics_aggressive,separating_off,presolving_off,emphasis_feasibility,emphasis_easycip,emphasis_optimality,heuristics_off
neos-1415183,presolving_fast,heuristics_aggressive,separating_fast,separating_off,default,presolving_aggressive,emphasis_feasibility,separating_aggressive,emphasis_hardlp,presolving_off,heuristics_fast,emphasis_easycip,heuristics_off,emphasis_optimality
