mod008,separating_off,heuristics_fast,separating_fast,presolving_off,presolving_fast,presolving_aggressive,default,heuristics_aggressive,emphasis_easycip,separating_aggressive,emphasis_feasibility,heuristics_off,emphasis_hardlp,emphasis_optimality
tr12-30,presolving_fast,default,presolving_aggressive,emphasis_hardlp,separating_fast,heuristics_aggressive,presolving_off,separating_aggressive,heuristics_fast,emphasis_easycip,emphasis_optimality,emphasis_feasibility,heuristics_off,separating_off
neos-506422,presolving_fast,separating_fast,separating_off,default,heuristics_aggressive,presolving_aggressive,emphasis_feasibility,separating_aggressive,presolving_off,emphasis_hardlp,emphasis_easycip,heuristics_fast,heuristics_off,emphasis_optimality
neos-612125,heuristics_fast,presolving_off,presolving_fast,default,presolving_aggressive,heuristics_aggressive,emphasis_hardlp,separating_aggressive,emphasis_optimality,heuristics_off,emphasis_easycip,separating_fast,separating_off,emphasis_feasibility
mas74,emphasis_easycip,heuristics_fast,emphasis_hardlp,separating_fast,separating_off,presolving_off,presolving_fast,heuristics_aggressive,default,presolving_aggressive,separating_aggressive,emphasis_feasibility,heuristics_off,emphasis_optimality
neos-1171737,separating_off,separating_fast,presolving_fast,emphasis_feasibility,heuristics_aggressive,separating_aggressive,presolving_off,default,presolving_aggressive,emphasis_optimality,emphasis_hardlp,heuristics_fast,emphasis_easycip,heuristics_off
neos-1451294,emphasis_hardlp,emphasis_feasibility,separating_fast,presolving_fast,default,presolving_aggressive,heuristics_aggressive,heuristics_fast,separating_aggressive,presolving_off,emphasis_easycip,separating_off,heuristics_off,emphasis_optimality
neos-863472,separating_fast,presolving_fast,default,presolving_off,presolving_aggressive,heuristics_fast,heuristics_aggressive,emphasis_feasibility,separating_aggressive,emphasis_optimality,heuristics_off,emphasis_hardlp,separating_off,emphasis_easycip
neos-1467371,emphasis_feasibility,heuristics_aggressive,separating_aggressive,presolving_off,separating_fast,presolving_fast,presolving_aggressive,default,emphasis_optimality,separating_off,emphasis_hardlp,emphasis_easycip,heuristics_fast,heuristics_off
neos-1445738,presolving_aggressive,separating_fast,emphasis_hardlp,default,presolving_off,heuristics_fast,presolving_fast,emphasis_easycip,separating_off,heuristics_aggressive,separating_aggressive,emphasis_feasibility,heuristics_off,emphasis_optimality
janos-us-DDM,separating_aggressive,presolving_fast,presolving_aggressive,presolving_off,default,separating_fast,separating_off,heuristics_fast,heuristics_aggressive,emphasis_hardlp,emphasis_easycip,emphasis_optimality,heuristics_off,emphasis_feasibility
neos-934278,separating_aggressive,separating_off,separating_fast,default,presolving_aggressive,presolving_fast,heuristics_aggressive,presolving_off,emphasis_feasibility,emphasis_hardlp,emphasis_easycip,heuristics_fast,emphasis_optimality,heuristics_off
neos-912015,presolving_aggressive,separating_aggressive,heuristics_off,presolving_off,separating_fast,default,heuristics_aggressive,emphasis_feasibility,emphasis_hardlp,heuristics_fast,presolving_fast,emphasis_easycip,emphasis_optimality,separating_off
reblock354,emphasis_hardlp,separating_off,presolving_fast,presolving_off,separating_fast,default,emphasis_feasibility,heuristics_aggressive,heuristics_fast,emphasis_easycip,separating_aggressive,presolving_aggressive,heuristics_off,emphasis_optimality
neos-584866,separating_off,presolving_fast,emphasis_hardlp,emphasis_easycip,default,presolving_aggressive,separating_fast,separating_aggressive,presolving_off,heuristics_aggressive,heuristics_fast,emphasis_feasibility,heuristics_off,emphasis_optimality
ns60-pr9,presolving_off,separating_fast,heuristics_fast,emphasis_hardlp,emphasis_easycip,separating_off,presolving_fast,presolving_aggressive,default,heuristics_aggressive,separating_aggressive,heuristics_off,emphasis_feasibility,emphasis_optimality
neos-1605061,separating_fast,separating_off,separating_aggressive,presolving_fast,presolving_aggressive,default,heuristics_aggressive,emphasis_hardlp,heuristics_off,heuristics_fast,emphasis_easycip,emphasis_feasibility,presolving_off,emphasis_optimality
neos-810326,emphasis_feasibility,separating_fast,presolving_aggressive,heuristics_aggressive,heuristics_fast,emphasis_hardlp,emphasis_easycip,separating_aggressive,heuristics_off,default,presolving_fast,separating_off,presolving_off,emphasis_optimality
fiball,presolving_fast,heuristics_aggressive,separating_aggressive,default,separating_fast,presolving_aggressive,emphasis_feasibility,presolving_off,separating_off,heuristics_fast,emphasis_optimality,emphasis_hardlp,emphasis_easycip,heuristics_off
enigma,separating_aggressive,presolving_aggressive,heuristics_aggressive,default,separating_fast,presolving_fast,emphasis_hardlp,separating_off,heuristics_fast,emphasis_feasibility,presolving_off,emphasis_easycip,emphasis_optimality,heuristics_off
zib54-UUE,presolving_fast,presolving_aggressive,default,heuristics_fast,presolving_off,emphasis_hardlp,heuristics_aggressive,separating_aggressive,emphasis_easycip,separating_fast,emphasis_optimality,separating_off,heuristics_off,emphasis_feasibility
dano3_3,presolving_aggressive,separating_fast,presolving_fast,emphasis_easycip,default,presolving_off,heuristics_fast,separating_off,separating_aggressive,emphasis_hardlp,emphasis_optimality,emphasis_feasibility,heuristics_aggressive,heuristics_off
enlight13,presolving_aggressive,heuristics_aggressive,default,separating_off,separating_fast,emphasis_feasibility,separating_aggressive,presolving_fast,heuristics_fast,presolving_off,emphasis_hardlp,emphasis_easycip,heuristics_off,emphasis_optimality
neos-847302,emphasis_feasibility,presolving_fast,separating_fast,heuristics_aggressive,presolving_aggressive,default,separating_off,separating_aggressive,presolving_off,emphasis_optimality,emphasis_hardlp,emphasis_easycip,heuristics_fast,heuristics_off
neos-934441,separating_off,separating_aggressive,separating_fast,default,presolving_fast,presolving_aggressive,presolving_off,heuristics_aggressive,emphasis_feasibility,emphasis_hardlp,emphasis_easycip,heuristics_fast,emphasis_optimality,heuristics_off
core2536-691,separating_fast,default,presolving_aggressive,separating_aggressive,emphasis_feasibility,separating_off,heuristics_aggressive,heuristics_fast,presolving_fast,presolving_off,emphasis_optimality,emphasis_hardlp,emphasis_easycip,heuristics_off
maxgasflow,presolving_off,presolving_fast,presolving_aggressive,separating_fast,separating_aggressive,heuristics_aggressive,default,emphasis_optimality,separating_off,heuristics_fast,emphasis_hardlp,emphasis_feasibility,emphasis_easycip,heuristics_off
neos-892255,separating_off,separating_fast,presolving_off,presolving_fast,presolving_aggressive,separating_aggressive,heuristics_fast,heuristics_aggressive,emphasis_feasibility,default,emphasis_hardlp,emphasis_easycip,emphasis_optimality,heuristics_off
neos-841664,heuristics_aggressive,presolving_fast,presolving_aggressive,default,separating_aggressive,emphasis_optimality,heuristics_fast,emphasis_hardlp,separating_fast,presolving_off,emphasis_feasibility,emphasis_easycip,separating_off,heuristics_off
gt2,heuristics_fast,default,presolving_aggressive,separating_fast,presolving_fast,heuristics_aggressive,separating_aggressive,separating_off,emphasis_hardlp,emphasis_easycip,presolving_off,heuristics_off,emphasis_optimality,emphasis_feasibility
neos-1058477,default,presolving_aggressive,separating_aggressive,presolving_fast,heuristics_aggressive,separating_fast,presolving_off,emphasis_feasibility,emphasis_hardlp,emphasis_optimality,heuristics_fast,emphasis_easycip,separating_off,heuristics_off
neos-948268,presolving_fast,presolving_aggressive,emphasis_hardlp,default,separating_off,separating_fast,separating_aggressive,emphasis_easycip,heuristics_aggressive,presolving_off,heuristics_fast,emphasis_feasibility,heuristics_off,emphasis_optimality
rmatr100-p5,presolving_fast,separating_fast,default,presolving_off,presolving_aggressive,separating_off,separating_aggressive,heuristics_aggressive,emphasis_hardlp,emphasis_easycip,heuristics_fast,emphasis_feasibility,heuristics_off,emphasis_optimality
m100n500k4r1,presolving_off,presolving_fast,default,separating_fast,presolving_aggressive,emphasis_feasibility,emphasis_hardlp,heuristics_aggressive,separating_off,emphasis_easycip,separating_aggressive,heuristics_fast,emphasis_optimality,heuristics_off
dano3mip,presolving_aggressive,separating_fast,presolving_fast,emphasis_easycip,default,presolving_off,emphasis_hardlp,heuristics_fast,separating_off,separating_aggressive,heuristics_aggressive,emphasis_optimality,emphasis_feasibility,heuristics_off
ns1208400,separating_aggressive,emphasis_hardlp,separating_fast,presolving_fast,default,separating_off,presolving_off,presolving_aggressive,emphasis_easycip,heuristics_off,heuristics_fast,heuristics_aggressive,emphasis_feasibility,emphasis_optimality
neos-1603965,presolving_off,presolving_fast,separating_fast,presolving_aggressive,separating_off,heuristics_aggressive,separating_aggressive,default,heuristics_fast,emphasis_feasibility,emphasis_optimality,heuristics_off,emphasis_hardlp,emphasis_easycip
n3705,heuristics_aggressive,separating_aggressive,presolving_fast,presolving_aggressive,default,heuristics_fast,emphasis_feasibility,emphasis_optimality,emphasis_hardlp,separating_fast,presolving_off,emphasis_easycip,separating_off,heuristics_off
berlin_5_8_0,separating_fast,emphasis_hardlp,presolving_fast,separating_off,emphasis_easycip,default,presolving_off,separating_aggressive,presolving_aggressive,heuristics_fast,heuristics_aggressive,heuristics_off,emphasis_feasibility,emphasis_optimality
dfn-gwin-UUM,separating_fast,separating_aggressive,separating_off,presolving_aggressive,default,presolving_fast,presolving_off,heuristics_aggressive,emphasis_hardlp,heuristics_fast,emphasis_optimality,emphasis_feasibility,emphasis_easycip,heuristics_off
toll-like,separating_off,separating_fast,emphasis_feasibility,presolving_fast,presolving_aggressive,heuristics_aggressive,default,emphasis_hardlp,presolving_off,heuristics_fast,emphasis_easycip,separating_aggressive,heuristics_off,emphasis_optimality
neos-1173026,separating_aggressive,presolving_off,default,presolving_aggressive,separating_fast,emphasis_feasibility,presolving_fast,heuristics_aggressive,emphasis_hardlp,emphasis_optimality,heuristics_fast,separating_off,emphasis_easycip,heuristics_off
neos-1441553,separating_off,separating_fast,separating_aggressive,presolving_fast,emphasis_feasibility,emphasis_hardlp,heuristics_fast,presolving_off,presolving_aggressive,heuristics_aggressive,default,heuristics_off,emphasis_optimality,emphasis_easycip
neos-937446,separating_off,presolving_fast,separating_aggressive,presolving_off,separating_fast,default,presolving_aggressive,heuristics_aggressive,emphasis_feasibility,emphasis_easycip,emphasis_hardlp,heuristics_fast,emphasis_optimality,heuristics_off
opm2-z12-s14,presolving_off,presolving_fast,emphasis_hardlp,emphasis_easycip,separating_off,separating_fast,heuristics_aggressive,default,emphasis_feasibility,heuristics_fast,emphasis_optimality,separating_aggressive,presolving_aggressive,heuristics_off
rmine6,emphasis_hardlp,separating_off,presolving_off,presolving_fast,separating_fast,default,heuristics_fast,emphasis_feasibility,heuristics_aggressive,emphasis_easycip,separating_aggressive,heuristics_off,presolving_aggressive,emphasis_optimality
sp98ic,emphasis_feasibility,heuristics_aggressive,separating_fast,presolving_off,presolving_aggressive,default,presolving_fast,separating_aggressive,heuristics_fast,emphasis_hardlp,emphasis_optimality,separating_off,emphasis_easycip,heuristics_off
neos-933966,separating_off,separating_aggressive,separating_fast,default,presolving_fast,presolving_aggressive,presolving_off,heuristics_aggressive,emphasis_feasibility,emphasis_hardlp,emphasis_easycip,heuristics_fast,emphasis_optimality,heuristics_off
neos-555694,separating_fast,emphasis_feasibility,heuristics_aggressive,presolving_fast,emphasis_hardlp,presolving_aggressive,separating_off,default,separating_aggressive,emphasis_easycip,heuristics_fast,emphasis_optimality,presolving_off,heuristics_off
neos-544324,separating_fast,presolving_aggressive,default,separating_off,heuristics_aggressive,separating_aggressive,presolving_fast,emphasis_hardlp,presolving_off,emphasis_feasibility,heuristics_off,heuristics_fast,emphasis_easycip,emphasis_optimality
neos-955800,separating_off,presolving_fast,emphasis_hardlp,separating_fast,heuristics_aggressive,presolving_aggressive,default,emphasis_feasibility,presolving_off,emphasis_easycip,separating_aggressive,heuristics_fast,heuristics_off,emphasis_optimality
neos-948126,separating_off,presolving_fast,separating_aggressive,separating_fast,default,presolving_aggressive,presolving_off,emphasis_feasibility,heuristics_aggressive,emphasis_hardlp,emphasis_easycip,emphasis_optimality,heuristics_fast,heuristics_off
usAbbrv-8-25_70,separating_fast,separating_off,presolving_fast,emphasis_hardlp,separating_aggressive,heuristics_aggressive,emphasis_feasibility,presolving_aggressive,default,presolving_off,emphasis_easycip,heuristics_fast,heuristics_off,emphasis_optimality
mine-90-10,emphasis_hardlp,separating_off,presolving_off,presolving_fast,separating_fast,default,heuristics_fast,emphasis_feasibility,heuristics_aggressive,emphasis_easycip,separating_aggressive,presolving_aggressive,heuristics_off,emphasis_optimality
n9-3,presolving_aggressive,default,heuristics_aggressive,emphasis_hardlp,presolving_fast,heuristics_fast,separating_fast,separating_aggressive,presolving_off,emphasis_easycip,separating_off,emphasis_optimality,emphasis_feasibility,heuristics_off
neos-1620807,separating_fast,separating_aggressive,presolving_fast,presolving_aggressive,default,separating_off,heuristics_fast,heuristics_aggressive,emphasis_easycip,heuristics_off,emphasis_hardlp,presolving_off,emphasis_optimality,emphasis_feasibility
methanosarcina,separating_off,separating_fast,emphasis_hardlp,emphasis_feasibility,presolving_fast,presolving_aggressive,heuristics_aggressive,default,heuristics_fast,presolving_off,emphasis_easycip,separating_aggressive,heuristics_off,emphasis_optimality
neos-932816,separating_fast,default,presolving_aggressive,emphasis_feasibility,presolving_fast,heuristics_aggressive,separating_aggressive,presolving_off,emphasis_hardlp,separating_off,heuristics_fast,emphasis_easycip,emphasis_optimality,heuristics_off
neos-738098,separating_off,separating_fast,presolving_aggressive,presolving_fast,separating_aggressive,default,presolving_off,heuristics_aggressive,emphasis_feasibility,heuristics_fast,emphasis_hardlp,emphasis_optimality,emphasis_easycip,heuristics_off
timtab2,heuristics_aggressive,default,heuristics_fast,separating_aggressive,presolving_aggressive,heuristics_off,separating_off,separating_fast,emphasis_easycip,presolving_fast,presolving_off,emphasis_hardlp,emphasis_feasibility,emphasis_optimality
aflow30a,presolving_fast,default,separating_aggressive,presolving_aggressive,heuristics_aggressive,presolving_off,heuristics_fast,emphasis_optimality,emphasis_hardlp,separating_fast,emphasis_easycip,emphasis_feasibility,heuristics_off,separating_off
