neos-1460543,emphasis_feasibility,presolving_fast,separating_fast,heuristics_aggressive,default,separating_aggressive,presolving_aggressive,presolving_off,separating_off,emphasis_optimality,emphasis_hardlp,heuristics_fast,emphasis_easycip,heuristics_off
b2c1s1,presolving_fast,heuristics_aggressive,default,presolving_aggressive,separating_aggressive,heuristics_fast,presolving_off,emphasis_optimality,emphasis_hardlp,separating_fast,emphasis_easycip,emphasis_feasibility,separating_off,heuristics_off
mzzv11,separating_fast,emphasis_feasibility,heuristics_aggressive,heuristics_off,default,separating_off,heuristics_fast,separating_aggressive,presolving_off,presolving_fast,emphasis_easycip,emphasis_optimality,emphasis_hardlp,presolving_aggressive
neos-1582420,presolving_fast,default,separating_fast,presolving_off,presolving_aggressive,heuristics_aggressive,emphasis_feasibility,separating_off,emphasis_hardlp,separating_aggressive,emphasis_easycip,heuristics_fast,emphasis_optimality,heuristics_off
n4-3,presolving_fast,emphasis_hardlp,separating_fast,presolving_aggressive,emphasis_easycip,default,heuristics_fast,heuristics_aggressive,presolving_off,separating_off,separating_aggressive,emphasis_feasibility,heuristics_off,emphasis_optimality
rocII-9-11,presolving_off,separating_off,separating_fast,separating_aggressive,presolving_fast,presolving_aggressive,emphasis_feasibility,heuristics_aggressive,heuristics_fast,heuristics_off,default,emphasis_optimality,emphasis_hardlp,emphasis_easycip
neos-551991,separating_aggressive,heuristics_aggressive,emphasis_feasibility,default,emphasis_hardlp,presolving_off,presolving_fast,presolving_aggressive,separating_fast,separating_off,emphasis_optimality,heuristics_fast,emphasis_easycip,heuristics_off
satellites3-40,separating_off,separating_fast,separating_aggressive,presolving_off,presolving_fast,presolving_aggressive,heuristics_off,heuristics_fast,heuristics_aggressive,emphasis_optimality,emphasis_hardlp,emphasis_feasibility,emphasis_easycip,default
neos-612125,heuristics_fast,presolving_off,presolving_fast,default,presolving_aggressive,emphasis_hardlp,heuristics_aggressive,emphasis_easycip,separating_aggressive,emphasis_optimality,separating_fast,heuristics_off,separating_off,emphasis_feasibility
gmut-77-40,presolving_fast,presolving_off,emphasis_feasibility,emphasis_hardlp,heuristics_aggressive,default,separating_fast,separating_off,presolving_aggressive,emphasis_easycip,separating_aggressive,emphasis_optimality,heuristics_fast,heuristics_off
ns4-pr3,emphasis_hardlp,presolving_fast,emphasis_easycip,separating_fast,presolving_aggressive,heuristics_fast,presolving_off,default,heuristics_aggressive,separating_off,separating_aggressive,emphasis_feasibility,heuristics_off,emphasis_optimality
neos-662469,presolving_off,presolving_aggressive,presolving_fast,separating_fast,separating_off,heuristics_aggressive,emphasis_hardlp,emphasis_easycip,default,emphasis_feasibility,heuristics_off,separating_aggressive,heuristics_fast,emphasis_optimality
satellites3-40-fs,separating_off,separating_fast,separating_aggressive,presolving_fast,presolving_off,presolving_aggressive,heuristics_off,heuristics_fast,heuristics_aggressive,emphasis_optimality,emphasis_feasibility,emphasis_hardlp,emphasis_easycip,default
dano3_5,presolving_aggressive,presolving_fast,emphasis_easycip,default,heuristics_fast,separating_off,separating_fast,emphasis_hardlp,emphasis_optimality,separating_aggressive,presolving_off,emphasis_feasibility,heuristics_aggressive,heuristics_off
misc06,separating_fast,presolving_fast,presolving_aggressive,default,separating_aggressive,heuristics_fast,heuristics_aggressive,heuristics_off,emphasis_easycip,separating_off,emphasis_hardlp,emphasis_feasibility,presolving_off,emphasis_optimality
neos-1056905,separating_fast,presolving_fast,presolving_aggressive,emphasis_feasibility,separating_off,separating_aggressive,default,heuristics_aggressive,presolving_off,emphasis_hardlp,emphasis_easycip,emphasis_optimality,heuristics_fast,heuristics_off
ns1904248,separating_off,separating_fast,presolving_fast,separating_aggressive,presolving_off,presolving_aggressive,heuristics_fast,heuristics_aggressive,emphasis_feasibility,default,emphasis_hardlp,emphasis_easycip,heuristics_off,emphasis_optimality
neos-1053234,emphasis_feasibility,separating_off,heuristics_aggressive,default,separating_fast,presolving_aggressive,separating_aggressive,presolving_fast,presolving_off,emphasis_optimality,emphasis_hardlp,emphasis_easycip,heuristics_fast,heuristics_off
pigeon-10,separating_fast,presolving_aggressive,emphasis_easycip,separating_off,emphasis_hardlp,separating_aggressive,emphasis_feasibility,heuristics_aggressive,presolving_fast,default,presolving_off,heuristics_fast,emphasis_optimality,heuristics_off
neos-1436709,separating_off,separating_fast,presolving_fast,default,presolving_aggressive,separating_aggressive,presolving_off,emphasis_feasibility,heuristics_aggressive,emphasis_optimality,heuristics_fast,emphasis_hardlp,emphasis_easycip,heuristics_off
10teams,emphasis_hardlp,heuristics_off,heuristics_fast,separating_off,separating_fast,presolving_aggressive,presolving_fast,emphasis_easycip,default,presolving_off,emphasis_feasibility,separating_aggressive,heuristics_aggressive,emphasis_optimality
n9-3,presolving_fast,presolving_aggressive,emphasis_hardlp,default,heuristics_aggressive,heuristics_fast,presolving_off,separating_fast,separating_aggressive,emphasis_easycip,separating_off,emphasis_feasibility,heuristics_off,emphasis_optimality
nu120-pr3,presolving_fast,heuristics_aggressive,default,presolving_off,presolving_aggressive,separating_aggressive,emphasis_optimality,separating_fast,separating_off,emphasis_feasibility,heuristics_fast,emphasis_easycip,emphasis_hardlp,heuristics_off
neos-1415183,separating_off,presolving_fast,default,emphasis_feasibility,heuristics_aggressive,separating_fast,separating_aggressive,presolving_aggressive,emphasis_hardlp,presolving_off,heuristics_fast,emphasis_easycip,heuristics_off,emphasis_optimality
neos-611838,heuristics_fast,presolving_off,presolving_fast,default,presolving_aggressive,heuristics_aggressive,emphasis_hardlp,separating_aggressive,emphasis_optimality,heuristics_off,emphasis_easycip,separating_fast,separating_off,emphasis_feasibility
neos-806323,presolving_fast,separating_off,default,separating_fast,presolving_aggressive,heuristics_aggressive,separating_aggressive,presolving_off,heuristics_fast,emphasis_feasibility,emphasis_hardlp,emphasis_easycip,heuristics_off,emphasis_optimality
bab3,separating_off,separating_fast,separating_aggressive,presolving_off,presolving_fast,presolving_aggressive,heuristics_off,heuristics_fast,heuristics_aggressive,emphasis_optimality,emphasis_hardlp,emphasis_feasibility,emphasis_easycip,default
neos16,separating_off,separating_fast,presolving_aggressive,heuristics_aggressive,default,presolving_fast,presolving_off,emphasis_feasibility,emphasis_easycip,separating_aggressive,emphasis_hardlp,heuristics_fast,heuristics_off,emphasis_optimality
timtab1,separating_fast,presolving_fast,separating_aggressive,emphasis_easycip,presolving_aggressive,heuristics_fast,heuristics_aggressive,default,emphasis_feasibility,presolving_off,heuristics_off,separating_off,emphasis_optimality,emphasis_hardlp
lrn,separating_fast,presolving_fast,presolving_off,separating_off,separating_aggressive,default,presolving_aggressive,heuristics_aggressive,emphasis_optimality,emphasis_feasibility,emphasis_hardlp,heuristics_fast,emphasis_easycip,heuristics_off
rmine6,emphasis_hardlp,separating_off,presolving_fast,presolving_off,separating_fast,default,heuristics_fast,heuristics_aggressive,emphasis_feasibility,emphasis_easycip,separating_aggressive,presolving_aggressive,heuristics_off,emphasis_optimality
gesa3,separating_fast,presolving_fast,emphasis_hardlp,default,presolving_aggressive,presolving_off,heuristics_aggressive,emphasis_easycip,heuristics_fast,separating_aggressive,separating_off,heuristics_off,emphasis_optimality,emphasis_feasibility
aligninq,default,separating_off,separating_fast,presolving_fast,emphasis_feasibility,presolving_aggressive,emphasis_hardlp,heuristics_aggressive,separating_aggressive,heuristics_fast,emphasis_easycip,heuristics_off,presolving_off,emphasis_optimality
neos-886822,separating_fast,presolving_fast,default,separating_off,presolving_aggressive,heuristics_fast,emphasis_hardlp,emphasis_feasibility,separating_aggressive,presolving_off,heuristics_aggressive,emphasis_easycip,heuristics_off,emphasis_optimality
ns2124243,separating_off,separating_fast,emphasis_feasibility,heuristics_aggressive,presolving_fast,presolving_aggressive,presolving_off,default,separating_aggressive,emphasis_optimality,emphasis_easycip,heuristics_fast,emphasis_hardlp,heuristics_off
neos-1367061,heuristics_aggressive,presolving_fast,presolving_aggressive,default,separating_aggressive,heuristics_fast,presolving_off,emphasis_optimality,emphasis_hardlp,separating_fast,emphasis_feasibility,emphasis_easycip,separating_off,heuristics_off
mine-90-10,emphasis_hardlp,separating_off,presolving_fast,presolving_off,separating_fast,default,heuristics_fast,heuristics_aggressive,emphasis_feasibility,emphasis_easycip,separating_aggressive,presolving_aggressive,heuristics_off,emphasis_optimality
neos-555001,separating_fast,heuristics_aggressive,presolving_fast,separating_off,emphasis_feasibility,presolving_aggressive,default,emphasis_hardlp,separating_aggressive,presolving_off,emphasis_easycip,heuristics_fast,heuristics_off,emphasis_optimality
neos-1413153,separating_off,presolving_fast,separating_fast,emphasis_feasibility,default,separating_aggressive,heuristics_aggressive,presolving_aggressive,heuristics_fast,heuristics_off,emphasis_hardlp,emphasis_easycip,presolving_off,emphasis_optimality
rococoC12-111000,separating_fast,presolving_aggressive,separating_aggressive,emphasis_feasibility,separating_off,presolving_fast,heuristics_aggressive,default,presolving_off,emphasis_optimality,heuristics_fast,emphasis_hardlp,emphasis_easycip,heuristics_off
dfn-gwin-UUM,presolving_aggressive,separating_off,presolving_fast,heuristics_aggressive,default,separating_aggressive,separating_fast,presolving_off,emphasis_hardlp,heuristics_fast,emphasis_optimality,emphasis_feasibility,emphasis_easycip,heuristics_off
neos-530627,separating_fast,separating_off,default,presolving_aggressive,presolving_fast,emphasis_hardlp,emphasis_easycip,separating_aggressive,heuristics_fast,heuristics_aggressive,emphasis_optimality,emphasis_feasibility,presolving_off,heuristics_off
nsrand-ipx,heuristics_aggressive,separating_fast,emphasis_feasibility,default,presolving_fast,presolving_aggressive,heuristics_fast,separating_aggressive,emphasis_easycip,separating_off,emphasis_hardlp,presolving_off,heuristics_off,emphasis_optimality
neos-555927,emphasis_feasibility,separating_fast,separating_off,heuristics_aggressive,presolving_aggressive,presolving_fast,default,separating_aggressive,presolving_off,heuristics_fast,emphasis_hardlp,emphasis_easycip,heuristics_off,emphasis_optimality
neos-796608,presolving_fast,separating_fast,default,separating_off,heuristics_aggressive,presolving_aggressive,presolving_off,emphasis_hardlp,emphasis_feasibility,separating_aggressive,heuristics_fast,emphasis_easycip,heuristics_off,emphasis_optimality
neos-1215891,separating_off,separating_fast,emphasis_feasibility,presolving_off,presolving_fast,presolving_aggressive,heuristics_aggressive,emphasis_hardlp,separating_aggressive,heuristics_fast,emphasis_easycip,default,heuristics_off,emphasis_optimality
neos-603073,separating_fast,presolving_fast,emphasis_feasibility,default,presolving_aggressive,heuristics_aggressive,separating_aggressive,heuristics_fast,emphasis_optimality,separating_off,presolving_off,heuristics_off,emphasis_hardlp,emphasis_easycip
dcmulti,presolving_fast,default,separating_fast,emphasis_hardlp,presolving_aggressive,heuristics_aggressive,heuristics_fast,separating_aggressive,presolving_off,emphasis_easycip,emphasis_optimality,separating_off,heuristics_off,emphasis_feasibility
neos-785899,presolving_fast,presolving_off,separating_fast,emphasis_easycip,separating_off,presolving_aggressive,heuristics_fast,default,emphasis_hardlp,heuristics_aggressive,emphasis_feasibility,separating_aggressive,heuristics_off,emphasis_optimality
neos-830439,separating_fast,presolving_fast,presolving_aggressive,separating_aggressive,emphasis_hardlp,separating_off,heuristics_aggressive,emphasis_easycip,default,presolving_off,heuristics_off,heuristics_fast,emphasis_feasibility,emphasis_optimality
ger50_17_trans,emphasis_feasibility,heuristics_aggressive,separating_off,presolving_off,separating_aggressive,presolving_fast,presolving_aggressive,default,separating_fast,emphasis_optimality,heuristics_fast,emphasis_hardlp,emphasis_easycip,heuristics_off
triptim3,separating_off,separating_fast,separating_aggressive,presolving_off,presolving_fast,presolving_aggressive,heuristics_off,heuristics_fast,heuristics_aggressive,emphasis_optimality,emphasis_hardlp,emphasis_feasibility,emphasis_easycip,default
prod1,separating_off,emphasis_hardlp,separating_fast,emphasis_easycip,presolving_off,heuristics_fast,presolving_fast,presolving_aggressive,default,emphasis_feasibility,separating_aggressive,heuristics_aggressive,emphasis_optimality,heuristics_off
neos-876808,emphasis_feasibility,separating_off,separating_fast,presolving_fast,heuristics_aggressive,separating_aggressive,emphasis_hardlp,default,presolving_off,presolving_aggressive,heuristics_fast,heuristics_off,emphasis_optimality,emphasis_easycip
lectsched-1-obj,emphasis_feasibility,heuristics_aggressive,default,separating_off,separating_fast,emphasis_easycip,presolving_aggressive,presolving_fast,separating_aggressive,heuristics_fast,emphasis_hardlp,presolving_off,heuristics_off,emphasis_optimality
neos-555771,emphasis_feasibility,heuristics_aggressive,default,presolving_aggressive,separating_fast,emphasis_hardlp,presolving_fast,separating_off,presolving_off,heuristics_fast,separating_aggressive,emphasis_easycip,emphasis_optimality,heuristics_off
neos-1151496,separating_aggressive,emphasis_hardlp,separating_off,separating_fast,presolving_fast,heuristics_off,presolving_aggressive,emphasis_optimality,heuristics_fast,emphasis_easycip,presolving_off,heuristics_aggressive,emphasis_feasibility,default
neos-787933,separating_off,separating_fast,heuristics_aggressive,presolving_off,presolving_fast,emphasis_feasibility,separating_aggressive,emphasis_hardlp,presolving_aggressive,default,heuristics_fast,emphasis_optimality,emphasis_easycip,heuristics_off
neos-831188,presolving_fast,emphasis_feasibility,separating_fast,heuristics_aggressive,separating_off,presolving_off,presolving_aggressive,default,separating_aggressive,heuristics_fast,emphasis_optimality,emphasis_hardlp,emphasis_easycip,heuristics_off
neos-1330346,separating_off,separating_aggressive,presolving_fast,separating_fast,emphasis_hardlp,default,heuristics_aggressive,presolving_aggressive,presolving_off,heuristics_fast,emphasis_feasibility,emphasis_optimality,emphasis_easycip,heuristics_off
haprp,separating_off,separating_fast,presolving_aggressive,default,presolving_off,presolving_fast,heuristics_aggressive,emphasis_feasibility,separating_aggressive,heuristics_fast,emphasis_optimality,emphasis_hardlp,emphasis_easycip,heuristics_off
