neos12,default,presolving_fast,separating_fast,separating_off,separating_aggressive,presolving_aggressive,heuristics_aggressive,presolving_off,emphasis_hardlp,emphasis_feasibility,heuristics_fast,emphasis_easycip,emphasis_optimality,heuristics_off
mod011,presolving_aggressive,presolving_off,default,presolving_fast,heuristics_fast,heuristics_aggressive,separating_fast,emphasis_hardlp,separating_off,separating_aggressive,heuristics_off,emphasis_optimality,emphasis_feasibility,emphasis_easycip
neos-584866,separating_fast,presolving_fast,default,separating_off,separating_aggressive,emphasis_hardlp,heuristics_aggressive,heuristics_fast,emphasis_optimality,emphasis_feasibility,presolving_off,presolving_aggressive,emphasis_easycip,heuristics_off
neos-1330635,separating_fast,separating_off,presolving_fast,presolving_aggressive,default,separating_aggressive,presolving_off,heuristics_aggressive,heuristics_fast,emphasis_hardlp,emphasis_feasibility,emphasis_optimality,emphasis_easycip,heuristics_off
glass4,separating_fast,emphasis_optimality,emphasis_feasibility,default,separating_aggressive,presolving_off,presolving_aggressive,separating_off,heuristics_off,heuristics_fast,presolving_fast,emphasis_easycip,heuristics_aggressive,emphasis_hardlp
neos-582605,separating_fast,separating_aggressive,presolving_aggressive,presolving_fast,separating_off,heuristics_aggressive,default,presolving_off,heuristics_fast,emphasis_easycip,heuristics_off,emphasis_optimality,emphasis_hardlp,emphasis_feasibility
bg512142,presolving_fast,separating_fast,heuristics_fast,heuristics_aggressive,emphasis_easycip,separating_aggressive,default,presolving_off,separating_off,presolving_aggressive,emphasis_hardlp,emphasis_feasibility,heuristics_off,emphasis_optimality
tanglegram2,presolving_aggressive,emphasis_easycip,default,presolving_fast,heuristics_fast,separating_aggressive,presolving_off,heuristics_aggressive,separating_fast,heuristics_off,emphasis_optimality,separating_off,emphasis_feasibility,emphasis_hardlp
neos-785914,separating_off,heuristics_off,heuristics_fast,emphasis_hardlp,presolving_fast,separating_fast,default,presolving_aggressive,emphasis_easycip,heuristics_aggressive,emphasis_feasibility,separating_aggressive,presolving_off,emphasis_optimality
ns894786,separating_off,separating_fast,separating_aggressive,presolving_off,presolving_fast,presolving_aggressive,heuristics_off,heuristics_fast,emphasis_feasibility,heuristics_aggressive,emphasis_optimality,emphasis_hardlp,emphasis_easycip,default
air05,default,separating_off,separating_fast,heuristics_aggressive,separating_aggressive,emphasis_feasibility,heuristics_fast,emphasis_optimality,presolving_off,emphasis_hardlp,emphasis_easycip,presolving_aggressive,presolving_fast,heuristics_off
unitcal_7,separating_off,separating_fast,separating_aggressive,presolving_fast,heuristics_aggressive,emphasis_optimality,presolving_off,default,emphasis_hardlp,emphasis_feasibility,heuristics_fast,emphasis_easycip,presolving_aggressive,heuristics_off
usAbbrv-8-25_70,default,emphasis_feasibility,presolving_fast,presolving_aggressive,separating_aggressive,presolving_off,separating_off,separating_fast,heuristics_aggressive,emphasis_optimality,emphasis_easycip,heuristics_fast,emphasis_hardlp,heuristics_off
neos-1058477,presolving_off,presolving_aggressive,separating_aggressive,default,separating_fast,emphasis_hardlp,presolving_fast,heuristics_aggressive,emphasis_feasibility,separating_off,heuristics_fast,emphasis_optimality,emphasis_easycip,heuristics_off
go19,presolving_fast,separating_off,presolving_off,separating_fast,presolving_aggressive,heuristics_fast,emphasis_easycip,default,emphasis_hardlp,separating_aggressive,heuristics_aggressive,emphasis_feasibility,heuristics_off,emphasis_optimality
10teams,default,presolving_aggressive,heuristics_off,emphasis_hardlp,emphasis_feasibility,separating_aggressive,heuristics_aggressive,separating_fast,presolving_off,presolving_fast,heuristics_fast,emphasis_easycip,separating_off,emphasis_optimality
neos-565815,separating_fast,emphasis_feasibility,default,presolving_off,presolving_fast,presolving_aggressive,separating_off,emphasis_hardlp,emphasis_easycip,heuristics_fast,heuristics_aggressive,emphasis_optimality,separating_aggressive,heuristics_off
rentacar,presolving_fast,separating_aggressive,presolving_off,separating_fast,heuristics_fast,presolving_aggressive,heuristics_aggressive,emphasis_easycip,default,emphasis_hardlp,separating_off,heuristics_off,emphasis_optimality,emphasis_feasibility
opm2-z12-s7,presolving_fast,emphasis_hardlp,emphasis_easycip,default,heuristics_aggressive,separating_off,heuristics_fast,presolving_off,emphasis_feasibility,separating_fast,separating_aggressive,presolving_aggressive,heuristics_off,emphasis_optimality
neos-1439395,separating_off,separating_fast,presolving_fast,presolving_off,emphasis_feasibility,presolving_aggressive,heuristics_fast,heuristics_off,emphasis_easycip,default,separating_aggressive,emphasis_optimality,emphasis_hardlp,heuristics_aggressive
ns25-pr9,emphasis_easycip,presolving_fast,presolving_aggressive,default,heuristics_fast,emphasis_hardlp,presolving_off,separating_aggressive,heuristics_aggressive,separating_off,separating_fast,emphasis_feasibility,heuristics_off,emphasis_optimality
ns2122603,presolving_fast,presolving_off,heuristics_aggressive,separating_fast,separating_aggressive,default,emphasis_feasibility,presolving_aggressive,heuristics_fast,separating_off,emphasis_optimality,emphasis_hardlp,emphasis_easycip,heuristics_off
neos-911880,default,presolving_aggressive,heuristics_aggressive,separating_aggressive,presolving_fast,heuristics_fast,presolving_off,emphasis_feasibility,separating_fast,emphasis_optimality,separating_off,heuristics_off,emphasis_hardlp,emphasis_easycip
tr12-30,default,presolving_fast,presolving_off,presolving_aggressive,heuristics_aggressive,separating_aggressive,emphasis_hardlp,separating_fast,heuristics_fast,emphasis_optimality,separating_off,heuristics_off,emphasis_feasibility,emphasis_easycip
neos-538867,presolving_fast,separating_aggressive,presolving_aggressive,separating_off,separating_fast,emphasis_hardlp,emphasis_feasibility,default,heuristics_off,emphasis_easycip,presolving_off,heuristics_fast,heuristics_aggressive,emphasis_optimality
neos-1200887,separating_off,separating_fast,heuristics_fast,emphasis_hardlp,presolving_fast,emphasis_feasibility,default,presolving_aggressive,emphasis_easycip,separating_aggressive,presolving_off,heuristics_off,heuristics_aggressive,emphasis_optimality
t1722,default,emphasis_feasibility,separating_off,separating_fast,presolving_aggressive,emphasis_easycip,separating_aggressive,heuristics_off,presolving_off,presolving_fast,heuristics_aggressive,emphasis_optimality,emphasis_hardlp,heuristics_fast
mzzv42z,separating_off,emphasis_feasibility,heuristics_aggressive,separating_fast,separating_aggressive,heuristics_fast,presolving_fast,default,heuristics_off,presolving_aggressive,emphasis_easycip,emphasis_optimality,emphasis_hardlp,presolving_off
lectsched-4-obj,separating_off,emphasis_feasibility,separating_fast,separating_aggressive,presolving_fast,presolving_aggressive,presolving_off,heuristics_aggressive,default,emphasis_optimality,heuristics_fast,heuristics_off,emphasis_hardlp,emphasis_easycip
rmatr200-p5,presolving_off,heuristics_aggressive,emphasis_feasibility,emphasis_hardlp,emphasis_easycip,heuristics_fast,presolving_fast,separating_off,default,separating_fast,presolving_aggressive,emphasis_optimality,separating_aggressive,heuristics_off
neos-538916,presolving_fast,emphasis_feasibility,separating_aggressive,presolving_aggressive,emphasis_easycip,emphasis_hardlp,default,separating_off,separating_fast,presolving_off,heuristics_off,heuristics_aggressive,heuristics_fast,emphasis_optimality
neos-1173026,separating_aggressive,presolving_off,emphasis_hardlp,emphasis_feasibility,default,presolving_aggressive,separating_off,separating_fast,heuristics_fast,heuristics_aggressive,emphasis_easycip,presolving_fast,emphasis_optimality,heuristics_off
disctom,default,separating_off,presolving_fast,heuristics_aggressive,separating_fast,separating_aggressive,emphasis_feasibility,presolving_aggressive,heuristics_fast,emphasis_optimality,emphasis_hardlp,emphasis_easycip,presolving_off,heuristics_off
transportmoment,separating_off,separating_fast,default,separating_aggressive,heuristics_aggressive,presolving_off,presolving_fast,presolving_aggressive,emphasis_feasibility,heuristics_off,emphasis_optimality,emphasis_hardlp,heuristics_fast,emphasis_easycip
neos-548047,emphasis_hardlp,separating_aggressive,heuristics_fast,emphasis_feasibility,presolving_fast,heuristics_aggressive,default,presolving_off,presolving_aggressive,separating_fast,emphasis_optimality,emphasis_easycip,separating_off,heuristics_off
rococoC11-011100,default,separating_fast,separating_aggressive,emphasis_feasibility,presolving_fast,presolving_aggressive,separating_off,heuristics_fast,heuristics_aggressive,emphasis_easycip,presolving_off,emphasis_optimality,emphasis_hardlp,heuristics_off
ger50_17_trans,presolving_aggressive,separating_off,presolving_fast,presolving_off,heuristics_aggressive,default,emphasis_hardlp,emphasis_feasibility,separating_fast,separating_aggressive,heuristics_fast,emphasis_easycip,heuristics_off,emphasis_optimality
neos-941262,separating_off,presolving_fast,presolving_off,presolving_aggressive,separating_fast,default,separating_aggressive,heuristics_aggressive,emphasis_feasibility,emphasis_hardlp,emphasis_easycip,heuristics_fast,emphasis_optimality,heuristics_off
neos-1429461,separating_off,presolving_fast,separating_fast,presolving_aggressive,default,separating_aggressive,presolving_off,heuristics_aggressive,emphasis_optimality,emphasis_hardlp,emphasis_feasibility,heuristics_fast,emphasis_easycip,heuristics_off
neos-611135,default,presolving_fast,separating_fast,heuristics_aggressive,presolving_off,presolving_aggressive,heuristics_fast,emphasis_hardlp,emphasis_feasibility,separating_off,separating_aggressive,emphasis_optimality,heuristics_off,emphasis_easycip
rmine14,presolving_off,presolving_fast,heuristics_aggressive,emphasis_hardlp,emphasis_feasibility,default,separating_aggressive,separating_off,emphasis_easycip,separating_fast,heuristics_fast,emphasis_optimality,presolving_aggressive,heuristics_off
qiu,presolving_aggressive,presolving_fast,separating_aggressive,heuristics_aggressive,default,presolving_off,heuristics_fast,emphasis_hardlp,separating_off,separating_fast,emphasis_feasibility,emphasis_optimality,emphasis_easycip,heuristics_off
neos-960392,separating_off,separating_fast,emphasis_feasibility,presolving_fast,presolving_off,default,presolving_aggressive,heuristics_fast,heuristics_aggressive,emphasis_easycip,separating_aggressive,heuristics_off,emphasis_optimality,emphasis_hardlp
toll-like,separating_aggressive,presolving_aggressive,default,presolving_off,presolving_fast,heuristics_aggressive,heuristics_fast,emphasis_easycip,emphasis_optimality,separating_off,separating_fast,emphasis_feasibility,heuristics_off,emphasis_hardlp
ex9,default,separating_off,presolving_aggressive,heuristics_fast,separating_fast,separating_aggressive,presolving_fast,heuristics_off,emphasis_optimality,heuristics_aggressive,emphasis_feasibility,presolving_off,emphasis_hardlp,emphasis_easycip
neos-595904,separating_fast,emphasis_feasibility,presolving_off,default,presolving_fast,heuristics_fast,heuristics_aggressive,separating_off,separating_aggressive,presolving_aggressive,emphasis_optimality,emphasis_easycip,emphasis_hardlp,heuristics_off
stein45,emphasis_easycip,presolving_fast,presolving_aggressive,emphasis_hardlp,separating_off,heuristics_fast,default,separating_fast,separating_aggressive,emphasis_feasibility,presolving_off,heuristics_aggressive,heuristics_off,emphasis_optimality
neos-826224,separating_off,separating_fast,presolving_fast,heuristics_aggressive,emphasis_feasibility,presolving_off,presolving_aggressive,emphasis_hardlp,emphasis_easycip,default,separating_aggressive,heuristics_fast,emphasis_optimality,heuristics_off
atm20-100,default,separating_fast,presolving_aggressive,heuristics_aggressive,presolving_off,presolving_fast,emphasis_feasibility,emphasis_easycip,separating_aggressive,emphasis_hardlp,separating_off,heuristics_off,heuristics_fast,emphasis_optimality
neos-504674,emphasis_easycip,separating_fast,separating_aggressive,presolving_aggressive,heuristics_fast,emphasis_hardlp,default,heuristics_off,heuristics_aggressive,presolving_fast,separating_off,presolving_off,emphasis_feasibility,emphasis_optimality
p0548,presolving_fast,emphasis_hardlp,emphasis_easycip,presolving_off,presolving_aggressive,emphasis_feasibility,default,separating_off,separating_fast,separating_aggressive,emphasis_optimality,heuristics_fast,heuristics_aggressive,heuristics_off
bienst2,separating_off,emphasis_hardlp,heuristics_off,heuristics_fast,presolving_fast,presolving_aggressive,emphasis_feasibility,default,separating_aggressive,emphasis_easycip,emphasis_optimality,separating_fast,presolving_off,heuristics_aggressive
reblock420,emphasis_hardlp,presolving_fast,separating_off,emphasis_feasibility,default,separating_fast,heuristics_aggressive,emphasis_easycip,presolving_off,separating_aggressive,heuristics_fast,heuristics_off,presolving_aggressive,emphasis_optimality
cov1075,presolving_aggressive,presolving_off,emphasis_hardlp,presolving_fast,separating_off,separating_fast,heuristics_fast,default,emphasis_easycip,separating_aggressive,heuristics_aggressive,heuristics_off,emphasis_optimality,emphasis_feasibility
sp98ar,presolving_fast,heuristics_aggressive,default,separating_fast,presolving_off,separating_off,separating_aggressive,heuristics_fast,emphasis_hardlp,emphasis_feasibility,emphasis_easycip,presolving_aggressive,emphasis_optimality,heuristics_off
neos-885524,separating_fast,heuristics_aggressive,presolving_off,emphasis_feasibility,separating_off,presolving_fast,presolving_aggressive,heuristics_fast,emphasis_hardlp,emphasis_easycip,default,separating_aggressive,heuristics_off,emphasis_optimality
rocII-7-11,separating_off,separating_fast,separating_aggressive,presolving_off,presolving_fast,heuristics_aggressive,presolving_aggressive,heuristics_off,emphasis_feasibility,heuristics_fast,emphasis_optimality,emphasis_hardlp,emphasis_easycip,default
stp3d,separating_off,separating_fast,presolving_fast,presolving_off,separating_aggressive,default,emphasis_optimality,emphasis_feasibility,presolving_aggressive,heuristics_fast,heuristics_aggressive,emphasis_hardlp,heuristics_off,emphasis_easycip
biella1,presolving_fast,presolving_aggressive,separating_fast,heuristics_aggressive,default,presolving_off,emphasis_feasibility,separating_off,separating_aggressive,emphasis_optimality,emphasis_hardlp,emphasis_easycip,heuristics_off,heuristics_fast
aflow40b,presolving_aggressive,emphasis_feasibility,separating_off,default,presolving_off,presolving_fast,heuristics_aggressive,separating_fast,separating_aggressive,heuristics_fast,emphasis_hardlp,emphasis_optimality,heuristics_off,emphasis_easycip
map18,default,presolving_aggressive,separating_fast,separating_off,presolving_fast,separating_aggressive,heuristics_aggressive,emphasis_feasibility,heuristics_fast,emphasis_easycip,emphasis_hardlp,presolving_off,emphasis_optimality,heuristics_off
