sp97ic,separating_fast,presolving_fast,default,separating_off,presolving_off,presolving_aggressive,emphasis_easycip,emphasis_optimality,separating_aggressive,heuristics_aggressive,emphasis_hardlp,emphasis_feasibility,heuristics_fast,heuristics_off
neos-850681,separating_aggressive,presolving_off,presolving_fast,emphasis_feasibility,separating_fast,heuristics_fast,heuristics_aggressive,emphasis_hardlp,default,heuristics_off,emphasis_easycip,separating_off,presolving_aggressive,emphasis_optimality
haprp,presolving_off,default,separating_aggressive,heuristics_aggressive,emphasis_hardlp,emphasis_optimality,separating_fast,presolving_aggressive,emphasis_feasibility,emphasis_easycip,separating_off,presolving_fast,heuristics_fast,heuristics_off
neos-1053234,presolving_off,separating_off,presolving_fast,separating_fast,emphasis_feasibility,separating_aggressive,presolving_aggressive,emphasis_hardlp,default,emphasis_easycip,heuristics_off,heuristics_aggressive,emphasis_optimality,heuristics_fast
neos-806323,presolving_fast,separating_fast,separating_off,default,heuristics_aggressive,presolving_aggressive,separating_aggressive,presolving_off,heuristics_fast,emphasis_feasibility,heuristics_off,emphasis_hardlp,emphasis_optimality,emphasis_easycip
reblock354,separating_off,default,separating_fast,presolving_off,heuristics_fast,separating_aggressive,heuristics_aggressive,emphasis_hardlp,emphasis_feasibility,presolving_fast,emphasis_easycip,heuristics_off,presolving_aggressive,emphasis_optimality
pk1,presolving_fast,separating_off,separating_aggressive,heuristics_fast,separating_fast,presolving_aggressive,emphasis_feasibility,emphasis_hardlp,default,heuristics_aggressive,presolving_off,heuristics_off,emphasis_optimality,emphasis_easycip
neos-941717,presolving_fast,emphasis_feasibility,default,emphasis_hardlp,separating_aggressive,presolving_aggressive,presolving_off,separating_fast,heuristics_aggressive,emphasis_easycip,heuristics_off,heuristics_fast,emphasis_optimality,separating_off
neos-1467067,separating_aggressive,presolving_fast,separating_off,separating_fast,presolving_aggressive,heuristics_aggressive,default,presolving_off,emphasis_feasibility,heuristics_fast,emphasis_optimality,emphasis_hardlp,heuristics_off,emphasis_easycip
d20200,separating_aggressive,presolving_fast,separating_fast,heuristics_aggressive,presolving_off,presolving_aggressive,default,separating_off,emphasis_hardlp,emphasis_feasibility,emphasis_easycip,emphasis_optimality,heuristics_fast,heuristics_off
neos-933550,presolving_fast,separating_fast,separating_aggressive,separating_off,emphasis_feasibility,presolving_aggressive,heuristics_aggressive,emphasis_optimality,emphasis_easycip,heuristics_fast,presolving_off,heuristics_off,emphasis_hardlp,default
ds-big,separating_off,separating_fast,presolving_fast,presolving_aggressive,presolving_off,heuristics_aggressive,heuristics_off,heuristics_fast,emphasis_hardlp,default,separating_aggressive,emphasis_easycip,emphasis_optimality,emphasis_feasibility
neos-584866,separating_fast,presolving_off,separating_off,presolving_fast,default,emphasis_feasibility,separating_aggressive,emphasis_hardlp,heuristics_off,heuristics_fast,presolving_aggressive,heuristics_aggressive,emphasis_optimality,emphasis_easycip
neos-506428,separating_off,separating_fast,presolving_off,presolving_fast,heuristics_aggressive,presolving_aggressive,separating_aggressive,heuristics_fast,heuristics_off,emphasis_optimality,emphasis_feasibility,emphasis_hardlp,default,emphasis_easycip
t1717,presolving_aggressive,heuristics_aggressive,presolving_off,emphasis_feasibility,separating_off,separating_fast,separating_aggressive,emphasis_hardlp,presolving_fast,default,emphasis_easycip,heuristics_off,heuristics_fast,emphasis_optimality
neos-1442119,separating_off,presolving_fast,separating_fast,presolving_off,presolving_aggressive,emphasis_feasibility,default,separating_aggressive,heuristics_aggressive,emphasis_optimality,heuristics_fast,emphasis_hardlp,emphasis_easycip,heuristics_off
set3-15,default,presolving_aggressive,separating_aggressive,presolving_fast,heuristics_aggressive,presolving_off,separating_fast,emphasis_optimality,emphasis_hardlp,heuristics_fast,emphasis_feasibility,separating_off,emphasis_easycip,heuristics_off
markshare2,separating_off,separating_fast,separating_aggressive,presolving_off,presolving_fast,presolving_aggressive,heuristics_off,heuristics_fast,heuristics_aggressive,emphasis_optimality,emphasis_hardlp,emphasis_feasibility,emphasis_easycip,default
bell3a,separating_aggressive,heuristics_fast,emphasis_optimality,default,heuristics_off,separating_fast,presolving_aggressive,emphasis_feasibility,separating_off,heuristics_aggressive,emphasis_easycip,presolving_off,presolving_fast,emphasis_hardlp
neos-1426635,presolving_off,separating_fast,separating_off,presolving_fast,emphasis_feasibility,default,separating_aggressive,presolving_aggressive,heuristics_aggressive,emphasis_optimality,emphasis_hardlp,heuristics_fast,emphasis_easycip,heuristics_off
uc-case11,separating_off,emphasis_feasibility,separating_fast,presolving_fast,presolving_off,presolving_aggressive,default,separating_aggressive,heuristics_aggressive,heuristics_fast,emphasis_easycip,emphasis_hardlp,emphasis_optimality,heuristics_off
neos-937446,separating_off,separating_aggressive,presolving_off,presolving_fast,separating_fast,default,presolving_aggressive,emphasis_feasibility,heuristics_aggressive,emphasis_easycip,emphasis_hardlp,heuristics_fast,emphasis_optimality,heuristics_off
blend2,separating_off,default,heuristics_fast,presolving_off,heuristics_aggressive,separating_fast,presolving_fast,separating_aggressive,presolving_aggressive,emphasis_feasibility,emphasis_optimality,emphasis_hardlp,emphasis_easycip,heuristics_off
rlp1,separating_fast,presolving_aggressive,separating_off,presolving_fast,emphasis_feasibility,heuristics_fast,heuristics_aggressive,emphasis_hardlp,presolving_off,emphasis_easycip,separating_aggressive,default,emphasis_optimality,heuristics_off
neos-691073,separating_aggressive,presolving_fast,separating_fast,heuristics_aggressive,presolving_aggressive,default,separating_off,presolving_off,emphasis_optimality,emphasis_feasibility,heuristics_fast,emphasis_hardlp,heuristics_off,emphasis_easycip
neos-1437164,heuristics_aggressive,separating_off,separating_fast,emphasis_hardlp,presolving_aggressive,heuristics_off,separating_aggressive,emphasis_feasibility,default,presolving_fast,heuristics_fast,emphasis_optimality,presolving_off,emphasis_easycip
neos-1413153,separating_off,separating_fast,emphasis_hardlp,presolving_fast,default,emphasis_easycip,presolving_off,presolving_aggressive,heuristics_aggressive,emphasis_feasibility,heuristics_fast,separating_aggressive,heuristics_off,emphasis_optimality
eilA101-2,presolving_aggressive,separating_off,emphasis_hardlp,separating_fast,heuristics_off,heuristics_aggressive,default,presolving_off,heuristics_fast,emphasis_feasibility,separating_aggressive,emphasis_easycip,presolving_fast,emphasis_optimality
nsrand-ipx,presolving_aggressive,emphasis_feasibility,separating_fast,separating_off,emphasis_easycip,default,presolving_off,presolving_fast,separating_aggressive,heuristics_aggressive,emphasis_optimality,emphasis_hardlp,heuristics_fast,heuristics_off
qap10,emphasis_easycip,presolving_off,separating_off,presolving_fast,separating_fast,emphasis_hardlp,default,heuristics_fast,heuristics_off,heuristics_aggressive,emphasis_feasibility,separating_aggressive,presolving_aggressive,emphasis_optimality
tr12-30,presolving_off,presolving_fast,separating_fast,presolving_aggressive,default,heuristics_aggressive,emphasis_hardlp,separating_aggressive,heuristics_fast,emphasis_optimality,emphasis_feasibility,emphasis_easycip,separating_off,heuristics_off
neos-785899,emphasis_hardlp,separating_fast,presolving_off,presolving_fast,emphasis_easycip,separating_off,heuristics_fast,emphasis_feasibility,default,presolving_aggressive,heuristics_aggressive,separating_aggressive,emphasis_optimality,heuristics_off
newdano,separating_off,emphasis_hardlp,presolving_fast,emphasis_easycip,separating_fast,heuristics_fast,default,presolving_aggressive,emphasis_feasibility,separating_aggressive,heuristics_off,heuristics_aggressive,presolving_off,emphasis_optimality
neos-585192,default,separating_fast,presolving_aggressive,separating_off,heuristics_fast,emphasis_feasibility,heuristics_aggressive,emphasis_optimality,separating_aggressive,presolving_fast,heuristics_off,emphasis_easycip,presolving_off,emphasis_hardlp
neos-826250,heuristics_aggressive,separating_off,separating_fast,emphasis_feasibility,separating_aggressive,default,presolving_fast,presolving_aggressive,emphasis_hardlp,presolving_off,emphasis_optimality,emphasis_easycip,heuristics_fast,heuristics_off
neos-885524,separating_fast,presolving_off,presolving_fast,heuristics_aggressive,heuristics_fast,presolving_aggressive,emphasis_hardlp,emphasis_feasibility,emphasis_easycip,separating_off,separating_aggressive,emphasis_optimality,default,heuristics_off
neos-933966,separating_off,separating_aggressive,emphasis_feasibility,separating_fast,presolving_aggressive,heuristics_aggressive,presolving_fast,default,presolving_off,emphasis_hardlp,emphasis_easycip,heuristics_fast,emphasis_optimality,heuristics_off
neos-709469,emphasis_hardlp,separating_off,separating_fast,heuristics_fast,heuristics_aggressive,emphasis_feasibility,presolving_fast,presolving_aggressive,default,presolving_off,heuristics_off,emphasis_easycip,separating_aggressive,emphasis_optimality
ger50_17_trans,presolving_aggressive,presolving_fast,default,presolving_off,separating_off,heuristics_fast,emphasis_hardlp,emphasis_feasibility,separating_fast,separating_aggressive,heuristics_aggressive,emphasis_easycip,emphasis_optimality,heuristics_off
neos-1439395,separating_off,separating_fast,presolving_fast,presolving_aggressive,default,heuristics_fast,emphasis_feasibility,emphasis_easycip,separating_aggressive,presolving_off,heuristics_off,emphasis_optimality,heuristics_aggressive,emphasis_hardlp
neos-1601936,presolving_aggressive,heuristics_aggressive,default,separating_aggressive,heuristics_off,separating_off,separating_fast,presolving_fast,emphasis_easycip,presolving_off,emphasis_hardlp,heuristics_fast,emphasis_feasibility,emphasis_optimality
pigeon-19,presolving_aggressive,separating_off,separating_aggressive,separating_fast,emphasis_feasibility,heuristics_aggressive,emphasis_optimality,emphasis_hardlp,presolving_off,emphasis_easycip,presolving_fast,heuristics_off,default,heuristics_fast
aflow40b,emphasis_feasibility,heuristics_aggressive,separating_fast,presolving_fast,emphasis_hardlp,default,separating_off,presolving_aggressive,separating_aggressive,presolving_off,heuristics_off,emphasis_easycip,heuristics_fast,emphasis_optimality
neos-933638,default,separating_off,separating_fast,heuristics_aggressive,separating_aggressive,emphasis_feasibility,presolving_fast,presolving_off,presolving_aggressive,heuristics_fast,emphasis_hardlp,emphasis_optimality,emphasis_easycip,heuristics_off
bienst1,emphasis_easycip,separating_off,separating_fast,presolving_fast,heuristics_fast,emphasis_hardlp,default,presolving_aggressive,emphasis_feasibility,presolving_off,heuristics_off,heuristics_aggressive,separating_aggressive,emphasis_optimality
opm2-z12-s14,presolving_off,presolving_fast,emphasis_hardlp,emphasis_easycip,separating_off,separating_fast,heuristics_aggressive,default,emphasis_feasibility,heuristics_fast,emphasis_optimality,separating_aggressive,presolving_aggressive,heuristics_off
probportfolio,separating_fast,separating_off,separating_aggressive,presolving_off,emphasis_feasibility,presolving_fast,presolving_aggressive,emphasis_hardlp,emphasis_easycip,default,heuristics_fast,heuristics_aggressive,emphasis_optimality,heuristics_off
neos-544324,separating_fast,presolving_fast,default,presolving_aggressive,separating_off,heuristics_aggressive,separating_aggressive,presolving_off,heuristics_fast,emphasis_hardlp,emphasis_feasibility,heuristics_off,emphasis_easycip,emphasis_optimality
neos-892255,separating_off,presolving_fast,heuristics_aggressive,emphasis_hardlp,separating_fast,separating_aggressive,heuristics_fast,presolving_off,presolving_aggressive,emphasis_easycip,emphasis_feasibility,default,heuristics_off,emphasis_optimality
neos-1109824,presolving_fast,emphasis_hardlp,emphasis_feasibility,separating_fast,heuristics_aggressive,emphasis_easycip,presolving_aggressive,default,separating_off,heuristics_off,presolving_off,heuristics_fast,separating_aggressive,emphasis_optimality
stp3d,separating_off,separating_fast,presolving_fast,presolving_off,heuristics_fast,separating_aggressive,presolving_aggressive,heuristics_off,heuristics_aggressive,emphasis_optimality,emphasis_feasibility,default,emphasis_hardlp,emphasis_easycip
neos-826224,separating_off,separating_fast,emphasis_feasibility,presolving_off,presolving_fast,presolving_aggressive,default,heuristics_aggressive,emphasis_hardlp,emphasis_easycip,separating_aggressive,heuristics_fast,emphasis_optimality,heuristics_off
neos-1436713,separating_off,emphasis_feasibility,separating_fast,heuristics_aggressive,presolving_fast,separating_aggressive,default,presolving_aggressive,presolving_off,emphasis_optimality,emphasis_hardlp,heuristics_off,heuristics_fast,emphasis_easycip
fast0507,default,separating_fast,presolving_fast,presolving_aggressive,separating_off,separating_aggressive,heuristics_aggressive,presolving_off,heuristics_fast,emphasis_hardlp,emphasis_feasibility,emphasis_optimality,emphasis_easycip,heuristics_off
rail507,presolving_aggressive,default,separating_fast,separating_aggressive,separating_off,presolving_fast,heuristics_fast,heuristics_aggressive,emphasis_easycip,emphasis_optimality,emphasis_feasibility,presolving_off,emphasis_hardlp,heuristics_off
sts729,heuristics_fast,separating_off,presolving_fast,emphasis_hardlp,emphasis_easycip,separating_fast,presolving_off,presolving_aggressive,default,heuristics_aggressive,emphasis_feasibility,separating_aggressive,emphasis_optimality,heuristics_off
momentum3,presolving_fast,separating_fast,presolving_off,presolving_aggressive,emphasis_feasibility,separating_off,separating_aggressive,emphasis_hardlp,default,heuristics_aggressive,emphasis_optimality,heuristics_fast,emphasis_easycip,heuristics_off
germany50-DBM,presolving_off,presolving_fast,heuristics_fast,heuristics_aggressive,separating_off,presolving_aggressive,default,separating_fast,separating_aggressive,emphasis_hardlp,heuristics_off,emphasis_optimality,emphasis_feasibility,emphasis_easycip
neos-1417043,presolving_off,separating_off,separating_fast,heuristics_fast,separating_aggressive,presolving_aggressive,emphasis_hardlp,default,presolving_fast,emphasis_easycip,heuristics_off,heuristics_aggressive,emphasis_feasibility,emphasis_optimality
neos-1616732,heuristics_fast,emphasis_easycip,separating_fast,presolving_fast,heuristics_aggressive,default,separating_aggressive,presolving_aggressive,heuristics_off,emphasis_hardlp,separating_off,emphasis_optimality,emphasis_feasibility,presolving_off
neos-631694,emphasis_feasibility,presolving_fast,presolving_aggressive,emphasis_hardlp,separating_off,separating_fast,separating_aggressive,heuristics_aggressive,default,emphasis_easycip,heuristics_off,heuristics_fast,presolving_off,emphasis_optimality
