neos-1121679,separating_fast,separating_aggressive,separating_off,presolving_off,presolving_fast,heuristics_off,presolving_aggressive,heuristics_fast,emphasis_feasibility,heuristics_aggressive,emphasis_optimality,emphasis_hardlp,emphasis_easycip,default
neos-934531,separating_off,separating_fast,emphasis_feasibility,heuristics_fast,separating_aggressive,heuristics_aggressive,presolving_fast,presolving_aggressive,emphasis_optimality,emphasis_hardlp,heuristics_off,default,emphasis_easycip,presolving_off
neos-848198,presolving_aggressive,presolving_fast,default,separating_aggressive,heuristics_aggressive,emphasis_hardlp,separating_fast,presolving_off,heuristics_fast,emphasis_optimality,emphasis_feasibility,emphasis_easycip,separating_off,heuristics_off
a1c1s1,emphasis_hardlp,presolving_fast,separating_fast,presolving_aggressive,separating_off,default,presolving_off,emphasis_easycip,separating_aggressive,heuristics_fast,heuristics_aggressive,emphasis_optimality,emphasis_feasibility,heuristics_off
rmine25,separating_off,separating_fast,presolving_off,presolving_fast,heuristics_aggressive,presolving_aggressive,separating_aggressive,heuristics_fast,emphasis_feasibility,emphasis_hardlp,emphasis_easycip,heuristics_off,default,emphasis_optimality
neos-912015,separating_fast,presolving_aggressive,presolving_fast,separating_aggressive,heuristics_aggressive,emphasis_hardlp,emphasis_feasibility,heuristics_fast,default,emphasis_easycip,separating_off,presolving_off,heuristics_off,emphasis_optimality
neos-826694,separating_off,separating_fast,presolving_fast,presolving_aggressive,heuristics_aggressive,emphasis_feasibility,separating_aggressive,default,presolving_off,heuristics_fast,emphasis_hardlp,emphasis_easycip,emphasis_optimality,heuristics_off
ns60-pr3,presolving_off,presolving_fast,separating_fast,presolving_aggressive,default,heuristics_fast,heuristics_aggressive,separating_off,separating_aggressive,emphasis_hardlp,emphasis_easycip,emphasis_feasibility,emphasis_optimality,heuristics_off
neos-584866,presolving_fast,heuristics_aggressive,separating_off,presolving_aggressive,default,separating_fast,separating_aggressive,emphasis_hardlp,emphasis_feasibility,presolving_off,heuristics_fast,emphasis_easycip,heuristics_off,emphasis_optimality
dano3_3,separating_off,presolving_off,separating_fast,presolving_fast,presolving_aggressive,emphasis_hardlp,heuristics_fast,heuristics_aggressive,emphasis_easycip,default,separating_aggressive,emphasis_feasibility,emphasis_optimality,heuristics_off
bnatt350,emphasis_feasibility,presolving_fast,separating_off,separating_fast,presolving_aggressive,separating_aggressive,heuristics_aggressive,presolving_off,emphasis_hardlp,default,heuristics_off,heuristics_fast,emphasis_optimality,emphasis_easycip
rd-rplusc-21,separating_off,separating_fast,presolving_fast,presolving_aggressive,heuristics_aggressive,default,emphasis_feasibility,separating_aggressive,emphasis_optimality,heuristics_fast,emphasis_hardlp,presolving_off,heuristics_off,emphasis_easycip
mkc,separating_off,emphasis_easycip,presolving_fast,separating_fast,heuristics_fast,emphasis_hardlp,presolving_off,default,heuristics_off,heuristics_aggressive,emphasis_feasibility,presolving_aggressive,separating_aggressive,emphasis_optimality
eilB101,separating_off,separating_fast,emphasis_hardlp,emphasis_easycip,default,heuristics_off,heuristics_fast,presolving_aggressive,emphasis_feasibility,presolving_fast,heuristics_aggressive,presolving_off,separating_aggressive,emphasis_optimality
neos-935348,presolving_fast,separating_off,separating_fast,default,presolving_off,presolving_aggressive,separating_aggressive,heuristics_aggressive,emphasis_feasibility,emphasis_hardlp,emphasis_easycip,emphasis_optimality,heuristics_fast,heuristics_off
ns1904248,separating_off,presolving_fast,separating_fast,separating_aggressive,emphasis_feasibility,presolving_off,presolving_aggressive,heuristics_aggressive,heuristics_fast,emphasis_optimality,emphasis_hardlp,default,heuristics_off,emphasis_easycip
neos-582605,presolving_fast,separating_fast,presolving_aggressive,separating_off,separating_aggressive,default,presolving_off,heuristics_aggressive,heuristics_fast,emphasis_easycip,emphasis_hardlp,emphasis_feasibility,heuristics_off,emphasis_optimality
rmatr100-p10,presolving_off,emphasis_hardlp,emphasis_feasibility,presolving_fast,presolving_aggressive,heuristics_aggressive,default,separating_fast,separating_off,emphasis_easycip,separating_aggressive,heuristics_fast,emphasis_optimality,heuristics_off
ns1208400,separating_fast,presolving_aggressive,heuristics_aggressive,presolving_fast,separating_off,heuristics_fast,emphasis_feasibility,default,separating_aggressive,presolving_off,emphasis_easycip,heuristics_off,emphasis_optimality,emphasis_hardlp
bell3a,emphasis_hardlp,separating_fast,presolving_fast,default,separating_off,heuristics_fast,emphasis_easycip,heuristics_aggressive,emphasis_feasibility,presolving_aggressive,heuristics_off,separating_aggressive,presolving_off,emphasis_optimality
iis-pima-cov,separating_off,presolving_off,presolving_fast,heuristics_fast,separating_fast,default,presolving_aggressive,heuristics_aggressive,emphasis_easycip,emphasis_feasibility,separating_aggressive,emphasis_hardlp,emphasis_optimality,heuristics_off
neos-1426662,separating_off,separating_fast,emphasis_feasibility,presolving_fast,default,presolving_aggressive,separating_aggressive,heuristics_aggressive,presolving_off,emphasis_optimality,heuristics_fast,emphasis_hardlp,emphasis_easycip,heuristics_off
gt2,presolving_fast,presolving_off,presolving_aggressive,separating_fast,emphasis_optimality,emphasis_hardlp,emphasis_easycip,default,separating_aggressive,emphasis_feasibility,heuristics_aggressive,heuristics_fast,separating_off,heuristics_off
tr12-30,presolving_fast,default,presolving_aggressive,emphasis_hardlp,separating_aggressive,heuristics_aggressive,heuristics_fast,separating_fast,presolving_off,emphasis_optimality,emphasis_easycip,emphasis_feasibility,heuristics_off,separating_off
eilA101-2,separating_off,emphasis_hardlp,heuristics_off,presolving_off,emphasis_easycip,presolving_fast,separating_fast,heuristics_fast,default,presolving_aggressive,heuristics_aggressive,emphasis_optimality,separating_aggressive,emphasis_feasibility
qnet1,separating_off,separating_fast,presolving_fast,presolving_aggressive,default,emphasis_feasibility,heuristics_aggressive,separating_aggressive,heuristics_fast,emphasis_hardlp,emphasis_easycip,emphasis_optimality,presolving_off,heuristics_off
acc-tight5,separating_off,separating_fast,emphasis_feasibility,separating_aggressive,presolving_fast,presolving_aggressive,heuristics_aggressive,default,heuristics_fast,heuristics_off,presolving_off,emphasis_optimality,emphasis_hardlp,emphasis_easycip
neos-1330635,separating_off,separating_fast,presolving_fast,presolving_aggressive,separating_aggressive,default,presolving_off,heuristics_aggressive,emphasis_hardlp,emphasis_feasibility,heuristics_fast,emphasis_easycip,heuristics_off,emphasis_optimality
neos-880324,separating_fast,separating_aggressive,presolving_fast,presolving_aggressive,separating_off,default,heuristics_fast,heuristics_aggressive,presolving_off,emphasis_feasibility,emphasis_easycip,emphasis_hardlp,heuristics_off,emphasis_optimality
neos-1109824,presolving_fast,separating_off,separating_fast,emphasis_easycip,presolving_aggressive,emphasis_hardlp,separating_aggressive,default,heuristics_aggressive,presolving_off,heuristics_fast,emphasis_feasibility,heuristics_off,emphasis_optimality
b2c1s1,presolving_fast,emphasis_hardlp,presolving_aggressive,default,heuristics_aggressive,separating_fast,presolving_off,heuristics_fast,separating_aggressive,emphasis_feasibility,emphasis_easycip,separating_off,heuristics_off,emphasis_optimality
neos-935496,separating_aggressive,separating_fast,presolving_aggressive,default,separating_off,presolving_fast,heuristics_fast,heuristics_aggressive,emphasis_feasibility,emphasis_optimality,emphasis_hardlp,presolving_off,emphasis_easycip,heuristics_off
50v-10,heuristics_aggressive,default,emphasis_feasibility,presolving_fast,presolving_aggressive,separating_off,emphasis_hardlp,emphasis_easycip,separating_fast,heuristics_off,heuristics_fast,separating_aggressive,presolving_off,emphasis_optimality
neos-1427261,separating_off,separating_fast,emphasis_feasibility,presolving_fast,default,presolving_aggressive,separating_aggressive,heuristics_aggressive,presolving_off,emphasis_optimality,heuristics_fast,emphasis_hardlp,emphasis_easycip,heuristics_off
neos-585192,emphasis_easycip,separating_fast,heuristics_off,heuristics_fast,default,presolving_fast,emphasis_hardlp,separating_off,emphasis_optimality,separating_aggressive,presolving_off,presolving_aggressive,heuristics_aggressive,emphasis_feasibility
roll3000,presolving_fast,separating_fast,default,presolving_aggressive,separating_aggressive,heuristics_aggressive,separating_off,presolving_off,heuristics_fast,emphasis_feasibility,emphasis_optimality,emphasis_easycip,emphasis_hardlp,heuristics_off
ivu06-big,heuristics_off,separating_aggressive,separating_off,separating_fast,presolving_off,presolving_aggressive,presolving_fast,emphasis_hardlp,heuristics_fast,emphasis_optimality,heuristics_aggressive,default,emphasis_easycip,emphasis_feasibility
neos-548047,presolving_fast,separating_off,presolving_aggressive,separating_fast,default,separating_aggressive,heuristics_fast,heuristics_aggressive,emphasis_feasibility,emphasis_hardlp,presolving_off,emphasis_easycip,heuristics_off,emphasis_optimality
rocII-9-11,separating_fast,emphasis_feasibility,separating_off,separating_aggressive,presolving_off,presolving_fast,heuristics_aggressive,presolving_aggressive,default,heuristics_off,heuristics_fast,emphasis_optimality,emphasis_hardlp,emphasis_easycip
neos-612162,presolving_off,presolving_fast,separating_fast,emphasis_hardlp,presolving_aggressive,default,heuristics_aggressive,emphasis_easycip,separating_aggressive,separating_off,emphasis_feasibility,heuristics_fast,emphasis_optimality,heuristics_off
neos-808072,emphasis_feasibility,heuristics_aggressive,separating_fast,presolving_fast,presolving_aggressive,default,presolving_off,separating_aggressive,separating_off,heuristics_fast,emphasis_hardlp,heuristics_off,emphasis_easycip,emphasis_optimality
arki001,separating_off,separating_fast,default,presolving_fast,presolving_aggressive,heuristics_aggressive,emphasis_hardlp,heuristics_fast,presolving_off,emphasis_easycip,separating_aggressive,emphasis_feasibility,emphasis_optimality,heuristics_off
harp2,emphasis_hardlp,emphasis_feasibility,separating_fast,separating_off,default,presolving_fast,heuristics_off,emphasis_easycip,presolving_aggressive,heuristics_fast,separating_aggressive,heuristics_aggressive,presolving_off,emphasis_optimality
neos-876808,separating_off,emphasis_feasibility,separating_fast,heuristics_aggressive,emphasis_hardlp,separating_aggressive,presolving_off,presolving_fast,heuristics_off,presolving_aggressive,heuristics_fast,emphasis_optimality,emphasis_easycip,default
dfn-gwin-UUM,presolving_off,presolving_fast,presolving_aggressive,separating_aggressive,separating_fast,default,heuristics_aggressive,separating_off,heuristics_fast,emphasis_optimality,emphasis_hardlp,emphasis_feasibility,emphasis_easycip,heuristics_off
neos-1603512,separating_fast,presolving_aggressive,emphasis_feasibility,default,separating_off,separating_aggressive,heuristics_aggressive,heuristics_fast,presolving_fast,heuristics_off,emphasis_hardlp,emphasis_easycip,presolving_off,emphasis_optimality
mitre,separating_fast,default,presolving_aggressive,heuristics_fast,emphasis_feasibility,separating_aggressive,emphasis_optimality,separating_off,heuristics_aggressive,presolving_fast,heuristics_off,emphasis_easycip,presolving_off,emphasis_hardlp
neos-1426635,separating_off,separating_fast,default,presolving_fast,presolving_aggressive,emphasis_feasibility,separating_aggressive,heuristics_aggressive,presolving_off,emphasis_hardlp,heuristics_fast,emphasis_optimality,emphasis_easycip,heuristics_off
fiball,separating_fast,presolving_fast,separating_aggressive,separating_off,presolving_aggressive,heuristics_aggressive,default,emphasis_optimality,emphasis_feasibility,presolving_off,heuristics_fast,emphasis_hardlp,heuristics_off,emphasis_easycip
triptim3,separating_off,separating_fast,presolving_off,presolving_fast,presolving_aggressive,heuristics_aggressive,heuristics_fast,separating_aggressive,heuristics_off,emphasis_hardlp,emphasis_feasibility,emphasis_easycip,default,emphasis_optimality
neos-847051,separating_fast,presolving_fast,default,emphasis_hardlp,presolving_aggressive,heuristics_aggressive,separating_off,separating_aggressive,heuristics_fast,emphasis_easycip,emphasis_feasibility,presolving_off,emphasis_optimality,heuristics_off
neos12,separating_off,presolving_fast,separating_fast,presolving_aggressive,default,separating_aggressive,presolving_off,heuristics_aggressive,emphasis_hardlp,emphasis_feasibility,heuristics_fast,emphasis_optimality,emphasis_easycip,heuristics_off
neos-937511,presolving_fast,separating_off,separating_fast,default,presolving_off,presolving_aggressive,separating_aggressive,heuristics_aggressive,emphasis_feasibility,emphasis_hardlp,emphasis_easycip,emphasis_optimality,heuristics_fast,heuristics_off
dc1l,separating_fast,presolving_fast,presolving_off,presolving_aggressive,heuristics_aggressive,emphasis_feasibility,separating_aggressive,heuristics_fast,emphasis_optimality,default,separating_off,heuristics_off,emphasis_hardlp,emphasis_easycip
neos-1445765,separating_off,separating_fast,emphasis_feasibility,heuristics_aggressive,heuristics_fast,default,separating_aggressive,heuristics_off,emphasis_optimality,emphasis_hardlp,presolving_off,presolving_fast,emphasis_easycip,presolving_aggressive
neos-585467,emphasis_easycip,separating_fast,heuristics_off,heuristics_fast,default,presolving_fast,emphasis_hardlp,separating_off,emphasis_optimality,separating_aggressive,presolving_off,presolving_aggressive,heuristics_aggressive,emphasis_feasibility
n3700,presolving_fast,heuristics_aggressive,separating_fast,default,presolving_aggressive,separating_off,presolving_off,emphasis_feasibility,separating_aggressive,emphasis_hardlp,heuristics_fast,emphasis_optimality,emphasis_easycip,heuristics_off
satellites2-60,separating_off,separating_fast,presolving_off,emphasis_feasibility,separating_aggressive,presolving_fast,presolving_aggressive,heuristics_fast,heuristics_aggressive,emphasis_hardlp,heuristics_off,emphasis_easycip,emphasis_optimality,default
neos-850681,emphasis_feasibility,separating_off,heuristics_aggressive,separating_fast,presolving_fast,default,separating_aggressive,presolving_aggressive,heuristics_fast,heuristics_off,emphasis_optimality,emphasis_hardlp,emphasis_easycip,presolving_off
neos-785899,presolving_fast,default,emphasis_hardlp,heuristics_aggressive,presolving_aggressive,heuristics_fast,emphasis_easycip,separating_fast,presolving_off,emphasis_feasibility,separating_off,separating_aggressive,emphasis_optimality,heuristics_off
neos-935674,separating_fast,presolving_aggressive,default,separating_off,presolving_fast,separating_aggressive,heuristics_aggressive,emphasis_feasibility,presolving_off,heuristics_fast,emphasis_hardlp,emphasis_optimality,heuristics_off,emphasis_easycip
