mzzv42z,separating_fast,emphasis_feasibility,separating_off,heuristics_aggressive,separating_aggressive,presolving_fast,heuristics_off,default,presolving_off,heuristics_fast,emphasis_optimality,emphasis_easycip,presolving_aggressive,emphasis_hardlp
neos-584851,separating_fast,separating_off,presolving_fast,heuristics_fast,emphasis_hardlp,emphasis_feasibility,emphasis_easycip,default,separating_aggressive,emphasis_optimality,presolving_aggressive,heuristics_aggressive,presolving_off,heuristics_off
neos-1396125,presolving_fast,separating_fast,presolving_aggressive,separating_off,presolving_off,default,separating_aggressive,heuristics_aggressive,emphasis_optimality,emphasis_feasibility,heuristics_fast,emphasis_hardlp,heuristics_off,emphasis_easycip
triptim1,separating_off,separating_fast,presolving_off,presolving_fast,separating_aggressive,presolving_aggressive,heuristics_fast,heuristics_aggressive,heuristics_off,emphasis_optimality,emphasis_easycip,default,emphasis_hardlp,emphasis_feasibility
neos-1200887,separating_off,heuristics_off,emphasis_hardlp,separating_fast,presolving_fast,default,separating_aggressive,presolving_aggressive,heuristics_fast,emphasis_easycip,emphasis_feasibility,presolving_off,heuristics_aggressive,emphasis_optimality
neos-1426635,presolving_off,separating_fast,separating_off,presolving_fast,emphasis_feasibility,default,separating_aggressive,presolving_aggressive,heuristics_aggressive,emphasis_optimality,emphasis_hardlp,heuristics_fast,emphasis_easycip,heuristics_off
neos-1599274,separating_fast,presolving_fast,default,presolving_off,presolving_aggressive,heuristics_aggressive,emphasis_feasibility,separating_aggressive,separating_off,emphasis_hardlp,emphasis_easycip,heuristics_off,heuristics_fast,emphasis_optimality
neos-826694,separating_off,emphasis_feasibility,separating_fast,presolving_fast,heuristics_aggressive,presolving_aggressive,emphasis_optimality,emphasis_hardlp,separating_aggressive,heuristics_fast,default,presolving_off,emphasis_easycip,heuristics_off
neos-941262,separating_off,presolving_fast,presolving_off,separating_fast,separating_aggressive,presolving_aggressive,default,heuristics_aggressive,emphasis_feasibility,heuristics_fast,emphasis_optimality,emphasis_easycip,emphasis_hardlp,heuristics_off
tr12-30,presolving_aggressive,emphasis_hardlp,presolving_fast,default,presolving_off,separating_fast,heuristics_aggressive,separating_aggressive,heuristics_fast,separating_off,emphasis_optimality,emphasis_feasibility,emphasis_easycip,heuristics_off
gesa2,separating_off,separating_fast,presolving_fast,default,separating_aggressive,presolving_aggressive,emphasis_optimality,presolving_off,emphasis_hardlp,heuristics_fast,emphasis_easycip,heuristics_off,emphasis_feasibility,heuristics_aggressive
rvb-sub,separating_off,separating_fast,presolving_fast,default,presolving_aggressive,emphasis_hardlp,emphasis_feasibility,heuristics_aggressive,heuristics_fast,emphasis_easycip,separating_aggressive,emphasis_optimality,presolving_off,heuristics_off
pb-simp-nonunif,presolving_aggressive,heuristics_aggressive,separating_fast,emphasis_feasibility,separating_off,emphasis_easycip,separating_aggressive,presolving_fast,presolving_off,emphasis_optimality,default,heuristics_off,emphasis_hardlp,heuristics_fast
neos-1215891,presolving_fast,emphasis_feasibility,separating_aggressive,presolving_aggressive,heuristics_aggressive,emphasis_hardlp,default,separating_off,presolving_off,separating_fast,heuristics_fast,emphasis_optimality,heuristics_off,emphasis_easycip
neos-1467467,presolving_fast,emphasis_feasibility,separating_fast,presolving_off,separating_aggressive,heuristics_aggressive,emphasis_optimality,default,presolving_aggressive,emphasis_hardlp,emphasis_easycip,heuristics_fast,separating_off,heuristics_off
usAbbrv-8-25_70,emphasis_feasibility,presolving_aggressive,default,presolving_fast,separating_off,separating_aggressive,presolving_off,separating_fast,emphasis_optimality,heuristics_aggressive,emphasis_hardlp,emphasis_easycip,heuristics_off,heuristics_fast
enlight13,separating_off,heuristics_fast,separating_fast,emphasis_easycip,presolving_aggressive,default,separating_aggressive,presolving_fast,emphasis_feasibility,presolving_off,heuristics_off,emphasis_hardlp,emphasis_optimality,heuristics_aggressive
mik-250-1-100-1,separating_fast,presolving_fast,separating_off,presolving_off,emphasis_hardlp,separating_aggressive,presolving_aggressive,default,heuristics_fast,heuristics_aggressive,emphasis_easycip,emphasis_optimality,emphasis_feasibility,heuristics_off
neos-933638,separating_off,separating_aggressive,heuristics_aggressive,separating_fast,presolving_off,presolving_fast,presolving_aggressive,default,emphasis_feasibility,heuristics_fast,emphasis_optimality,emphasis_hardlp,emphasis_easycip,heuristics_off
neos-686190,heuristics_aggressive,default,presolving_aggressive,separating_off,separating_fast,emphasis_easycip,separating_aggressive,presolving_fast,emphasis_feasibility,presolving_off,heuristics_fast,emphasis_optimality,emphasis_hardlp,heuristics_off
zib54-UUE,separating_fast,presolving_aggressive,presolving_off,presolving_fast,emphasis_hardlp,default,emphasis_easycip,heuristics_fast,heuristics_aggressive,separating_aggressive,emphasis_optimality,separating_off,emphasis_feasibility,heuristics_off
neos-1112787,separating_off,separating_fast,presolving_fast,presolving_aggressive,heuristics_fast,emphasis_optimality,default,separating_aggressive,emphasis_easycip,heuristics_aggressive,emphasis_feasibility,emphasis_hardlp,heuristics_off,presolving_off
flugpl,heuristics_fast,default,separating_fast,emphasis_easycip,separating_off,presolving_aggressive,presolving_off,presolving_fast,emphasis_feasibility,heuristics_off,heuristics_aggressive,emphasis_optimality,emphasis_hardlp,separating_aggressive
pigeon-12,separating_fast,presolving_aggressive,emphasis_easycip,separating_aggressive,separating_off,emphasis_hardlp,emphasis_feasibility,default,heuristics_fast,heuristics_aggressive,emphasis_optimality,presolving_fast,presolving_off,heuristics_off
mine-166-5,emphasis_hardlp,presolving_fast,heuristics_aggressive,emphasis_feasibility,separating_off,separating_fast,default,heuristics_fast,emphasis_easycip,presolving_off,heuristics_off,separating_aggressive,presolving_aggressive,emphasis_optimality
neos-595904,separating_fast,separating_aggressive,presolving_off,emphasis_feasibility,presolving_fast,presolving_aggressive,heuristics_aggressive,emphasis_optimality,separating_off,emphasis_hardlp,default,heuristics_fast,heuristics_off,emphasis_easycip
neos-574665,presolving_fast,separating_off,separating_fast,presolving_off,presolving_aggressive,separating_aggressive,emphasis_optimality,emphasis_feasibility,emphasis_easycip,default,heuristics_off,heuristics_fast,emphasis_hardlp,heuristics_aggressive
unitcal_7,presolving_fast,separating_fast,presolving_aggressive,default,presolving_off,emphasis_feasibility,separating_off,separating_aggressive,heuristics_aggressive,emphasis_easycip,heuristics_fast,emphasis_optimality,heuristics_off,emphasis_hardlp
neos-584146,separating_aggressive,presolving_fast,separating_fast,default,separating_off,presolving_off,presolving_aggressive,heuristics_off,emphasis_optimality,emphasis_feasibility,heuristics_aggressive,heuristics_fast,emphasis_hardlp,emphasis_easycip
neos-1445532,separating_fast,separating_off,presolving_off,presolving_fast,emphasis_feasibility,presolving_aggressive,heuristics_fast,default,separating_aggressive,emphasis_easycip,heuristics_aggressive,emphasis_hardlp,heuristics_off,emphasis_optimality
n4-3,presolving_fast,heuristics_aggressive,default,presolving_aggressive,heuristics_fast,separating_fast,separating_aggressive,presolving_off,emphasis_optimality,emphasis_hardlp,separating_off,emphasis_feasibility,emphasis_easycip,heuristics_off
neos-504674,emphasis_easycip,separating_fast,separating_aggressive,presolving_aggressive,heuristics_fast,default,emphasis_hardlp,separating_off,presolving_fast,heuristics_off,presolving_off,heuristics_aggressive,emphasis_feasibility,emphasis_optimality
neos-880324,separating_off,separating_fast,presolving_aggressive,heuristics_aggressive,emphasis_feasibility,emphasis_easycip,heuristics_off,separating_aggressive,heuristics_fast,emphasis_hardlp,default,presolving_fast,presolving_off,emphasis_optimality
neos-839838,emphasis_feasibility,separating_fast,presolving_fast,separating_off,presolving_off,presolving_aggressive,heuristics_fast,emphasis_easycip,default,separating_aggressive,emphasis_hardlp,heuristics_off,heuristics_aggressive,emphasis_optimality
sp98ir,emphasis_feasibility,heuristics_aggressive,presolving_aggressive,default,presolving_fast,separating_fast,separating_aggressive,presolving_off,separating_off,emphasis_optimality,heuristics_off,heuristics_fast,emphasis_hardlp,emphasis_easycip
satellites1-25,separating_aggressive,presolving_off,separating_fast,presolving_aggressive,presolving_fast,separating_off,emphasis_feasibility,heuristics_aggressive,heuristics_off,emphasis_optimality,emphasis_hardlp,heuristics_fast,emphasis_easycip,default
qiu,presolving_fast,presolving_aggressive,default,heuristics_aggressive,separating_off,heuristics_fast,emphasis_hardlp,separating_fast,emphasis_optimality,separating_aggressive,presolving_off,emphasis_feasibility,heuristics_off,emphasis_easycip
neos-785914,separating_off,emphasis_hardlp,presolving_aggressive,heuristics_off,default,presolving_fast,heuristics_fast,emphasis_feasibility,separating_fast,heuristics_aggressive,emphasis_easycip,separating_aggressive,presolving_off,emphasis_optimality
rout,separating_off,separating_aggressive,presolving_aggressive,presolving_fast,heuristics_aggressive,default,emphasis_optimality,emphasis_easycip,separating_fast,emphasis_feasibility,heuristics_fast,emphasis_hardlp,presolving_off,heuristics_off
rococoB10-011000,heuristics_aggressive,separating_fast,heuristics_fast,default,presolving_aggressive,emphasis_feasibility,separating_off,separating_aggressive,presolving_fast,emphasis_optimality,emphasis_hardlp,emphasis_easycip,presolving_off,heuristics_off
gmut-75-50,emphasis_hardlp,heuristics_aggressive,heuristics_fast,separating_off,presolving_off,default,presolving_fast,emphasis_feasibility,emphasis_easycip,separating_fast,presolving_aggressive,emphasis_optimality,separating_aggressive,heuristics_off
neos-1603512,emphasis_hardlp,separating_off,presolving_aggressive,heuristics_fast,emphasis_easycip,separating_fast,heuristics_off,default,separating_aggressive,presolving_off,presolving_fast,emphasis_optimality,heuristics_aggressive,emphasis_feasibility
hanoi5,separating_fast,presolving_aggressive,default,presolving_fast,heuristics_fast,separating_aggressive,emphasis_feasibility,separating_off,presolving_off,heuristics_aggressive,emphasis_optimality,emphasis_hardlp,emphasis_easycip,heuristics_off
neos-603073,separating_fast,emphasis_feasibility,presolving_fast,separating_off,presolving_aggressive,heuristics_aggressive,default,separating_aggressive,heuristics_fast,emphasis_optimality,presolving_off,heuristics_off,emphasis_hardlp,emphasis_easycip
markshare1,separating_off,separating_fast,separating_aggressive,presolving_off,presolving_fast,presolving_aggressive,heuristics_off,heuristics_fast,heuristics_aggressive,emphasis_optimality,emphasis_hardlp,emphasis_feasibility,emphasis_easycip,default
22433,emphasis_hardlp,separating_off,separating_fast,presolving_fast,emphasis_feasibility,presolving_off,presolving_aggressive,heuristics_aggressive,default,heuristics_fast,emphasis_optimality,emphasis_easycip,heuristics_off,separating_aggressive
opm2-z10-s2,presolving_fast,separating_off,separating_fast,presolving_off,emphasis_hardlp,default,heuristics_fast,emphasis_easycip,heuristics_aggressive,separating_aggressive,emphasis_feasibility,emphasis_optimality,presolving_aggressive,heuristics_off
ex1010-pi,presolving_off,default,heuristics_aggressive,separating_off,separating_fast,presolving_aggressive,separating_aggressive,presolving_fast,heuristics_fast,emphasis_feasibility,emphasis_easycip,emphasis_optimality,emphasis_hardlp,heuristics_off
opt1217,presolving_fast,emphasis_easycip,separating_fast,separating_aggressive,presolving_aggressive,default,separating_off,heuristics_aggressive,emphasis_feasibility,emphasis_hardlp,emphasis_optimality,presolving_off,heuristics_off,heuristics_fast
ns1111636,separating_off,separating_fast,separating_aggressive,presolving_fast,presolving_off,emphasis_hardlp,emphasis_feasibility,default,presolving_aggressive,heuristics_aggressive,emphasis_easycip,emphasis_optimality,heuristics_off,heuristics_fast
ns4-pr9,separating_fast,presolving_off,emphasis_easycip,separating_aggressive,separating_off,presolving_fast,heuristics_fast,default,heuristics_aggressive,presolving_aggressive,heuristics_off,emphasis_hardlp,emphasis_feasibility,emphasis_optimality
aligninq,heuristics_aggressive,separating_aggressive,separating_fast,presolving_off,presolving_aggressive,emphasis_hardlp,presolving_fast,separating_off,heuristics_off,emphasis_feasibility,default,heuristics_fast,emphasis_easycip,emphasis_optimality
neos-1467371,presolving_fast,emphasis_feasibility,separating_fast,presolving_off,separating_aggressive,heuristics_aggressive,emphasis_optimality,default,presolving_aggressive,emphasis_hardlp,emphasis_easycip,heuristics_fast,separating_off,heuristics_off
neos-1460265,separating_aggressive,emphasis_feasibility,heuristics_aggressive,separating_fast,presolving_off,presolving_fast,presolving_aggressive,emphasis_optimality,separating_off,default,emphasis_hardlp,emphasis_easycip,heuristics_fast,heuristics_off
co-100,presolving_fast,separating_fast,presolving_off,heuristics_fast,separating_off,presolving_aggressive,emphasis_easycip,default,heuristics_aggressive,emphasis_feasibility,separating_aggressive,emphasis_hardlp,emphasis_optimality,heuristics_off
lseu,separating_fast,presolving_aggressive,default,heuristics_fast,separating_off,presolving_fast,emphasis_hardlp,emphasis_feasibility,emphasis_easycip,heuristics_aggressive,presolving_off,emphasis_optimality,separating_aggressive,heuristics_off
neos-585467,separating_fast,default,separating_off,presolving_aggressive,heuristics_aggressive,separating_aggressive,heuristics_fast,emphasis_feasibility,heuristics_off,emphasis_optimality,presolving_fast,emphasis_hardlp,emphasis_easycip,presolving_off
neos-1429185,separating_off,presolving_fast,separating_fast,separating_aggressive,default,emphasis_feasibility,presolving_off,heuristics_aggressive,presolving_aggressive,emphasis_optimality,heuristics_fast,emphasis_easycip,heuristics_off,emphasis_hardlp
satellites2-60,separating_off,separating_fast,separating_aggressive,presolving_off,presolving_fast,presolving_aggressive,heuristics_off,emphasis_feasibility,emphasis_optimality,heuristics_fast,heuristics_aggressive,emphasis_easycip,emphasis_hardlp,default
neos-933966,separating_off,separating_aggressive,presolving_aggressive,heuristics_aggressive,default,separating_fast,presolving_off,presolving_fast,emphasis_feasibility,emphasis_hardlp,heuristics_fast,emphasis_optimality,emphasis_easycip,heuristics_off
neos-691073,heuristics_aggressive,separating_aggressive,presolving_fast,separating_fast,presolving_aggressive,emphasis_feasibility,default,presolving_off,emphasis_optimality,separating_off,heuristics_fast,emphasis_hardlp,heuristics_off,emphasis_easycip
