net12,separating_off,separating_fast,emphasis_feasibility,presolving_fast,heuristics_aggressive,default,presolving_off,presolving_aggressive,separating_aggressive,emphasis_hardlp,emphasis_easycip,heuristics_fast,emphasis_optimality,heuristics_off
neos-1605061,emphasis_feasibility,separating_fast,heuristics_aggressive,default,separating_off,presolving_fast,presolving_aggressive,separating_aggressive,presolving_off,heuristics_fast,emphasis_hardlp,emphasis_easycip,emphasis_optimality,heuristics_off
a1c1s1,default,presolving_aggressive,presolving_fast,heuristics_aggressive,separating_fast,separating_aggressive,emphasis_hardlp,emphasis_feasibility,presolving_off,heuristics_fast,emphasis_easycip,separating_off,emphasis_optimality,heuristics_off
gmut-75-50,emphasis_hardlp,heuristics_aggressive,heuristics_fast,emphasis_easycip,presolving_off,separating_off,default,emphasis_feasibility,separating_fast,presolving_fast,presolving_aggressive,separating_aggressive,emphasis_optimality,heuristics_off
neos-547911,separating_off,separating_fast,default,presolving_aggressive,separating_aggressive,presolving_fast,presolving_off,emphasis_optimality,heuristics_aggressive,heuristics_off,heuristics_fast,emphasis_feasibility,emphasis_hardlp,emphasis_easycip
neos-494568,presolving_aggressive,separating_fast,default,heuristics_aggressive,presolving_fast,emphasis_feasibility,presolving_off,separating_aggressive,emphasis_hardlp,separating_off,heuristics_fast,emphasis_easycip,heuristics_off,emphasis_optimality
d20200,presolving_fast,heuristics_aggressive,emphasis_feasibility,separating_fast,separating_off,default,separating_aggressive,presolving_off,presolving_aggressive,emphasis_optimality,emphasis_hardlp,emphasis_easycip,heuristics_fast,heuristics_off
rail02,presolving_fast,separating_off,emphasis_hardlp,separating_fast,emphasis_easycip,heuristics_aggressive,default,emphasis_feasibility,presolving_aggressive,presolving_off,heuristics_fast,heuristics_off,emphasis_optimality,separating_aggressive
iis-100-0-cov,separating_off,heuristics_fast,emphasis_easycip,separating_fast,presolving_off,presolving_fast,presolving_aggressive,default,separating_aggressive,heuristics_aggressive,heuristics_off,emphasis_feasibility,emphasis_hardlp,emphasis_optimality
rmatr200-p20,presolving_off,heuristics_aggressive,emphasis_feasibility,emphasis_hardlp,emphasis_easycip,heuristics_fast,presolving_fast,separating_off,default,separating_fast,presolving_aggressive,emphasis_optimality,separating_aggressive,heuristics_off
r80x800,heuristics_aggressive,presolving_fast,presolving_aggressive,default,separating_aggressive,emphasis_optimality,heuristics_fast,emphasis_hardlp,separating_fast,emphasis_feasibility,presolving_off,emphasis_easycip,heuristics_off,separating_off
neos-611838,heuristics_fast,presolving_off,presolving_fast,default,presolving_aggressive,heuristics_aggressive,emphasis_hardlp,separating_aggressive,emphasis_optimality,heuristics_off,emphasis_easycip,separating_fast,separating_off,emphasis_feasibility
neos-948268,emphasis_feasibility,presolving_fast,heuristics_aggressive,separating_off,default,separating_fast,presolving_aggressive,presolving_off,separating_aggressive,heuristics_fast,emphasis_hardlp,emphasis_easycip,emphasis_optimality,heuristics_off
co-100,separating_fast,emphasis_hardlp,presolving_fast,separating_off,default,heuristics_aggressive,emphasis_feasibility,emphasis_easycip,presolving_off,presolving_aggressive,heuristics_fast,separating_aggressive,emphasis_optimality,heuristics_off
in,presolving_fast,emphasis_hardlp,presolving_off,emphasis_easycip,separating_off,default,separating_fast,emphasis_feasibility,heuristics_aggressive,heuristics_fast,emphasis_optimality,presolving_aggressive,separating_aggressive,heuristics_off
p6b,presolving_off,presolving_fast,emphasis_easycip,emphasis_hardlp,separating_fast,default,presolving_aggressive,heuristics_fast,separating_off,heuristics_off,separating_aggressive,heuristics_aggressive,emphasis_optimality,emphasis_feasibility
neos-633273,emphasis_feasibility,separating_aggressive,heuristics_fast,emphasis_optimality,presolving_aggressive,separating_fast,default,separating_off,heuristics_off,heuristics_aggressive,emphasis_easycip,emphasis_hardlp,presolving_fast,presolving_off
neos-1171692,emphasis_feasibility,separating_fast,presolving_fast,separating_off,default,presolving_aggressive,heuristics_aggressive,separating_aggressive,presolving_off,emphasis_optimality,emphasis_hardlp,emphasis_easycip,heuristics_fast,heuristics_off
gesa2,separating_off,separating_fast,presolving_fast,default,presolving_off,presolving_aggressive,separating_aggressive,emphasis_optimality,emphasis_hardlp,heuristics_fast,emphasis_easycip,heuristics_aggressive,emphasis_feasibility,heuristics_off
prod1,separating_off,emphasis_hardlp,separating_fast,emphasis_easycip,presolving_off,heuristics_fast,presolving_fast,presolving_aggressive,default,emphasis_feasibility,separating_aggressive,heuristics_aggressive,emphasis_optimality,heuristics_off
neos-806323,presolving_fast,separating_off,default,separating_fast,presolving_aggressive,heuristics_aggressive,separating_aggressive,presolving_off,heuristics_fast,emphasis_feasibility,emphasis_hardlp,heuristics_off,emphasis_easycip,emphasis_optimality
stockholm,presolving_fast,separating_fast,separating_off,presolving_off,emphasis_feasibility,default,presolving_aggressive,emphasis_hardlp,emphasis_easycip,heuristics_fast,heuristics_aggressive,separating_aggressive,emphasis_optimality,heuristics_off
neos-941313,separating_off,presolving_fast,emphasis_feasibility,heuristics_aggressive,separating_fast,presolving_aggressive,default,emphasis_hardlp,presolving_off,emphasis_easycip,heuristics_fast,separating_aggressive,emphasis_optimality,heuristics_off
bley_xl1,emphasis_hardlp,separating_off,separating_fast,emphasis_easycip,presolving_fast,emphasis_feasibility,default,presolving_aggressive,heuristics_fast,presolving_off,heuristics_aggressive,separating_aggressive,heuristics_off,emphasis_optimality
neos-1417043,presolving_fast,presolving_off,emphasis_easycip,heuristics_fast,emphasis_hardlp,separating_off,default,separating_fast,presolving_aggressive,separating_aggressive,heuristics_aggressive,emphasis_optimality,emphasis_feasibility,heuristics_off
go19,heuristics_fast,separating_off,presolving_off,emphasis_easycip,separating_fast,presolving_fast,default,presolving_aggressive,separating_aggressive,heuristics_aggressive,emphasis_hardlp,emphasis_feasibility,heuristics_off,emphasis_optimality
neos-1109824,emphasis_hardlp,presolving_fast,emphasis_feasibility,separating_fast,emphasis_easycip,presolving_aggressive,default,heuristics_aggressive,separating_off,presolving_off,heuristics_fast,heuristics_off,separating_aggressive,emphasis_optimality
neos-1605075,emphasis_feasibility,presolving_aggressive,default,separating_fast,heuristics_aggressive,presolving_fast,emphasis_hardlp,separating_aggressive,heuristics_fast,separating_off,presolving_off,heuristics_off,emphasis_easycip,emphasis_optimality
neos-1440460,separating_off,separating_fast,default,presolving_fast,separating_aggressive,presolving_aggressive,emphasis_optimality,emphasis_feasibility,heuristics_aggressive,heuristics_fast,presolving_off,emphasis_hardlp,emphasis_easycip,heuristics_off
triptim1,separating_off,heuristics_aggressive,presolving_fast,emphasis_feasibility,separating_fast,default,presolving_off,presolving_aggressive,emphasis_hardlp,emphasis_easycip,heuristics_fast,separating_aggressive,emphasis_optimality,heuristics_off
50v-10,presolving_fast,presolving_aggressive,heuristics_aggressive,default,separating_aggressive,presolving_off,heuristics_fast,separating_fast,emphasis_hardlp,emphasis_optimality,emphasis_feasibility,emphasis_easycip,heuristics_off,separating_off
triptim3,heuristics_aggressive,emphasis_feasibility,separating_off,presolving_fast,separating_fast,presolving_aggressive,default,presolving_off,emphasis_hardlp,emphasis_easycip,heuristics_fast,separating_aggressive,emphasis_optimality,heuristics_off
neos-1441553,separating_fast,emphasis_hardlp,separating_off,default,presolving_fast,emphasis_feasibility,presolving_aggressive,heuristics_aggressive,heuristics_fast,emphasis_easycip,presolving_off,heuristics_off,separating_aggressive,emphasis_optimality
neos-824661,emphasis_feasibility,heuristics_aggressive,separating_off,presolving_fast,separating_fast,default,presolving_aggressive,separating_aggressive,presolving_off,emphasis_optimality,emphasis_hardlp,emphasis_easycip,heuristics_fast,heuristics_off
neos-1445755,separating_off,separating_fast,emphasis_feasibility,heuristics_fast,default,heuristics_aggressive,separating_aggressive,emphasis_optimality,heuristics_off,presolving_fast,presolving_off,emphasis_easycip,emphasis_hardlp,presolving_aggressive
neos-1480121,separating_fast,separating_off,heuristics_fast,emphasis_hardlp,emphasis_easycip,default,presolving_fast,separating_aggressive,presolving_aggressive,heuristics_aggressive,heuristics_off,emphasis_optimality,emphasis_feasibility,presolving_off
gt2,emphasis_easycip,separating_fast,emphasis_hardlp,presolving_fast,heuristics_fast,separating_off,presolving_aggressive,heuristics_off,default,presolving_off,emphasis_feasibility,heuristics_aggressive,separating_aggressive,emphasis_optimality
neos-1616732,separating_fast,emphasis_easycip,presolving_fast,heuristics_fast,presolving_aggressive,heuristics_aggressive,heuristics_off,default,separating_off,separating_aggressive,emphasis_optimality,emphasis_hardlp,presolving_off,emphasis_feasibility
neos-619167,separating_off,separating_fast,default,emphasis_feasibility,presolving_fast,separating_aggressive,presolving_aggressive,heuristics_aggressive,presolving_off,emphasis_hardlp,emphasis_optimality,emphasis_easycip,heuristics_fast,heuristics_off
neos-1601936,presolving_aggressive,emphasis_feasibility,heuristics_aggressive,default,presolving_fast,separating_fast,separating_off,separating_aggressive,presolving_off,emphasis_hardlp,heuristics_fast,emphasis_easycip,heuristics_off,emphasis_optimality
ns930473,separating_off,presolving_off,presolving_fast,separating_fast,emphasis_feasibility,presolving_aggressive,default,emphasis_hardlp,emphasis_easycip,separating_aggressive,heuristics_fast,heuristics_aggressive,emphasis_optimality,heuristics_off
neos-1208069,emphasis_feasibility,emphasis_easycip,separating_off,heuristics_aggressive,default,separating_fast,heuristics_off,separating_aggressive,heuristics_fast,emphasis_hardlp,presolving_aggressive,presolving_fast,presolving_off,emphasis_optimality
bg512142,presolving_fast,default,separating_fast,presolving_aggressive,heuristics_aggressive,separating_aggressive,presolving_off,heuristics_fast,emphasis_hardlp,emphasis_optimality,emphasis_easycip,emphasis_feasibility,separating_off,heuristics_off
nag,separating_fast,emphasis_feasibility,separating_off,presolving_aggressive,heuristics_aggressive,default,presolving_fast,separating_aggressive,presolving_off,emphasis_hardlp,emphasis_easycip,heuristics_fast,emphasis_optimality,heuristics_off
neos-935627,presolving_fast,separating_aggressive,default,separating_fast,separating_off,presolving_aggressive,heuristics_aggressive,presolving_off,emphasis_feasibility,emphasis_hardlp,emphasis_easycip,heuristics_fast,emphasis_optimality,heuristics_off
neos-1440225,separating_fast,default,separating_off,presolving_aggressive,emphasis_feasibility,presolving_fast,heuristics_aggressive,emphasis_hardlp,separating_aggressive,presolving_off,heuristics_fast,emphasis_easycip,heuristics_off,emphasis_optimality
neos-1456979,separating_off,presolving_fast,separating_fast,presolving_aggressive,heuristics_aggressive,default,emphasis_feasibility,presolving_off,separating_aggressive,emphasis_hardlp,emphasis_easycip,heuristics_fast,emphasis_optimality,heuristics_off
neos-912023,emphasis_hardlp,separating_off,separating_aggressive,presolving_fast,emphasis_feasibility,emphasis_easycip,heuristics_fast,separating_fast,default,presolving_aggressive,heuristics_aggressive,presolving_off,heuristics_off,emphasis_optimality
protfold,separating_fast,separating_off,presolving_fast,default,emphasis_feasibility,presolving_aggressive,heuristics_fast,heuristics_aggressive,separating_aggressive,heuristics_off,emphasis_easycip,emphasis_hardlp,presolving_off,emphasis_optimality
bc1,presolving_off,separating_fast,separating_off,presolving_fast,default,presolving_aggressive,emphasis_hardlp,emphasis_feasibility,emphasis_easycip,heuristics_aggressive,separating_aggressive,heuristics_fast,emphasis_optimality,heuristics_off
neos-934441,presolving_fast,emphasis_feasibility,separating_aggressive,heuristics_aggressive,separating_off,separating_fast,default,presolving_off,presolving_aggressive,emphasis_hardlp,emphasis_easycip,emphasis_optimality,heuristics_fast,heuristics_off
leo1,separating_fast,heuristics_aggressive,presolving_off,presolving_fast,default,presolving_aggressive,emphasis_feasibility,emphasis_easycip,separating_aggressive,separating_off,heuristics_fast,emphasis_optimality,emphasis_hardlp,heuristics_off
neos-933364,default,presolving_aggressive,heuristics_aggressive,presolving_fast,separating_aggressive,emphasis_optimality,separating_fast,emphasis_hardlp,heuristics_fast,emphasis_feasibility,presolving_off,emphasis_easycip,heuristics_off,separating_off
neos-886822,separating_fast,presolving_fast,separating_off,default,emphasis_hardlp,separating_aggressive,presolving_aggressive,heuristics_aggressive,presolving_off,heuristics_fast,emphasis_feasibility,emphasis_easycip,emphasis_optimality,heuristics_off
neos-538867,separating_off,presolving_fast,separating_fast,presolving_aggressive,default,separating_aggressive,emphasis_easycip,emphasis_feasibility,presolving_off,heuristics_fast,heuristics_aggressive,emphasis_hardlp,emphasis_optimality,heuristics_off
flugpl,presolving_aggressive,default,separating_fast,emphasis_hardlp,heuristics_fast,emphasis_easycip,separating_aggressive,presolving_fast,emphasis_optimality,emphasis_feasibility,presolving_off,separating_off,heuristics_off,heuristics_aggressive
neos-1126860,emphasis_hardlp,presolving_off,presolving_fast,emphasis_easycip,default,separating_fast,separating_off,heuristics_fast,separating_aggressive,presolving_aggressive,emphasis_optimality,heuristics_aggressive,emphasis_feasibility,heuristics_off
queens-30,separating_fast,presolving_off,presolving_fast,emphasis_hardlp,default,separating_off,presolving_aggressive,heuristics_aggressive,emphasis_feasibility,emphasis_easycip,heuristics_fast,separating_aggressive,emphasis_optimality,heuristics_off
dcmulti,separating_fast,presolving_fast,default,emphasis_hardlp,presolving_aggressive,emphasis_easycip,separating_off,separating_aggressive,presolving_off,heuristics_fast,heuristics_aggressive,emphasis_optimality,heuristics_off,emphasis_feasibility
neos-738098,emphasis_feasibility,presolving_fast,separating_off,separating_fast,default,heuristics_aggressive,presolving_aggressive,presolving_off,emphasis_hardlp,separating_aggressive,emphasis_easycip,heuristics_fast,emphasis_optimality,heuristics_off
vpphard2,emphasis_hardlp,emphasis_easycip,separating_off,presolving_fast,emphasis_feasibility,separating_fast,heuristics_fast,presolving_off,heuristics_aggressive,presolving_aggressive,default,separating_aggressive,heuristics_off,emphasis_optimality
