germany50-DBM,presolving_off,presolving_fast,separating_fast,presolving_aggressive,heuristics_fast,heuristics_aggressive,emphasis_hardlp,default,separating_off,separating_aggressive,emphasis_easycip,heuristics_off,emphasis_optimality,emphasis_feasibility
siena1,presolving_aggressive,separating_fast,presolving_fast,default,separating_off,emphasis_feasibility,heuristics_aggressive,presolving_off,separating_aggressive,emphasis_easycip,heuristics_fast,emphasis_optimality,emphasis_hardlp,heuristics_off
neos-826841,separating_off,separating_fast,heuristics_aggressive,default,presolving_fast,emphasis_feasibility,presolving_off,presolving_aggressive,emphasis_hardlp,separating_aggressive,emphasis_easycip,heuristics_fast,emphasis_optimality,heuristics_off
neos-935348,separating_off,separating_fast,presolving_fast,default,separating_aggressive,presolving_off,presolving_aggressive,emphasis_feasibility,heuristics_aggressive,emphasis_easycip,emphasis_hardlp,emphasis_optimality,heuristics_fast,heuristics_off
atm20-100,presolving_aggressive,separating_fast,presolving_fast,default,separating_aggressive,presolving_off,heuristics_aggressive,separating_off,emphasis_easycip,emphasis_hardlp,heuristics_fast,emphasis_optimality,emphasis_feasibility,heuristics_off
neos-565815,presolving_fast,emphasis_feasibility,presolving_off,heuristics_aggressive,default,separating_off,separating_fast,presolving_aggressive,separating_aggressive,emphasis_easycip,emphasis_hardlp,emphasis_optimality,heuristics_fast,heuristics_off
qiu,presolving_fast,separating_fast,presolving_aggressive,default,separating_off,heuristics_aggressive,presolving_off,heuristics_fast,emphasis_hardlp,emphasis_feasibility,emphasis_easycip,separating_aggressive,heuristics_off,emphasis_optimality
rococoB10-011000,separating_fast,heuristics_aggressive,separating_off,emphasis_feasibility,presolving_fast,presolving_aggressive,default,separating_aggressive,heuristics_fast,emphasis_hardlp,presolving_off,emphasis_easycip,emphasis_optimality,heuristics_off
vpphard2,separating_off,separating_fast,presolving_aggressive,presolving_fast,heuristics_fast,emphasis_feasibility,emphasis_hardlp,heuristics_aggressive,emphasis_easycip,heuristics_off,default,separating_aggressive,presolving_off,emphasis_optimality
neos-1171737,separating_off,separating_fast,presolving_fast,emphasis_feasibility,heuristics_aggressive,separating_aggressive,presolving_off,default,presolving_aggressive,emphasis_optimality,emphasis_hardlp,heuristics_fast,emphasis_easycip,heuristics_off
neos-525149,separating_fast,presolving_aggressive,emphasis_feasibility,default,presolving_fast,heuristics_aggressive,separating_off,presolving_off,emphasis_hardlp,separating_aggressive,emphasis_easycip,heuristics_fast,heuristics_off,emphasis_optimality
gmut-75-50,presolving_fast,presolving_off,heuristics_aggressive,emphasis_feasibility,emphasis_hardlp,default,separating_off,separating_fast,emphasis_easycip,presolving_aggressive,separating_aggressive,heuristics_fast,emphasis_optimality,heuristics_off
ns1688347,separating_fast,presolving_off,presolving_fast,separating_off,presolving_aggressive,heuristics_aggressive,emphasis_hardlp,emphasis_feasibility,emphasis_easycip,separating_aggressive,default,heuristics_fast,heuristics_off,emphasis_optimality
neos-942323,emphasis_hardlp,emphasis_feasibility,separating_fast,default,presolving_fast,presolving_aggressive,heuristics_aggressive,separating_off,heuristics_fast,emphasis_easycip,separating_aggressive,presolving_off,heuristics_off,emphasis_optimality
mspp16,presolving_aggressive,separating_off,presolving_fast,separating_fast,heuristics_aggressive,emphasis_hardlp,emphasis_feasibility,emphasis_easycip,default,presolving_off,heuristics_fast,heuristics_off,separating_aggressive,emphasis_optimality
neos-1330635,separating_off,separating_fast,presolving_fast,presolving_aggressive,emphasis_hardlp,separating_aggressive,default,presolving_off,heuristics_fast,heuristics_aggressive,emphasis_easycip,emphasis_feasibility,emphasis_optimality,heuristics_off
n3705,heuristics_aggressive,separating_aggressive,presolving_fast,presolving_aggressive,default,heuristics_fast,emphasis_feasibility,emphasis_optimality,emphasis_hardlp,separating_fast,presolving_off,emphasis_easycip,separating_off,heuristics_off
neos-1595230,heuristics_fast,separating_off,separating_aggressive,presolving_fast,emphasis_easycip,presolving_aggressive,separating_fast,default,presolving_off,heuristics_off,heuristics_aggressive,emphasis_hardlp,emphasis_optimality,emphasis_feasibility
neos-655508,separating_off,presolving_fast,emphasis_hardlp,emphasis_feasibility,default,separating_fast,presolving_aggressive,heuristics_aggressive,presolving_off,emphasis_easycip,separating_aggressive,heuristics_fast,emphasis_optimality,heuristics_off
neos-1437164,separating_fast,presolving_fast,presolving_aggressive,heuristics_fast,default,separating_off,separating_aggressive,heuristics_aggressive,emphasis_hardlp,heuristics_off,emphasis_easycip,presolving_off,emphasis_feasibility,emphasis_optimality
neos-662469,separating_fast,separating_off,presolving_fast,presolving_aggressive,presolving_off,heuristics_aggressive,emphasis_feasibility,separating_aggressive,heuristics_off,default,heuristics_fast,emphasis_optimality,emphasis_hardlp,emphasis_easycip
nsa,emphasis_easycip,separating_fast,presolving_aggressive,emphasis_hardlp,presolving_fast,separating_off,separating_aggressive,default,heuristics_fast,heuristics_aggressive,presolving_off,heuristics_off,emphasis_optimality,emphasis_feasibility
neos-1445532,presolving_fast,presolving_aggressive,emphasis_hardlp,heuristics_fast,default,presolving_off,emphasis_easycip,separating_fast,separating_aggressive,heuristics_aggressive,separating_off,emphasis_feasibility,heuristics_off,emphasis_optimality
neos-826250,heuristics_aggressive,emphasis_feasibility,separating_fast,separating_off,default,presolving_fast,presolving_aggressive,separating_aggressive,presolving_off,heuristics_fast,emphasis_optimality,emphasis_hardlp,emphasis_easycip,heuristics_off
neos-957389,separating_off,presolving_fast,separating_fast,emphasis_easycip,emphasis_feasibility,heuristics_aggressive,separating_aggressive,emphasis_hardlp,default,presolving_aggressive,heuristics_fast,presolving_off,heuristics_off,emphasis_optimality
neos-1423785,separating_off,separating_fast,presolving_fast,presolving_aggressive,heuristics_aggressive,emphasis_feasibility,separating_aggressive,default,presolving_off,heuristics_fast,emphasis_optimality,heuristics_off,emphasis_hardlp,emphasis_easycip
noswot,separating_off,default,separating_fast,presolving_fast,presolving_aggressive,presolving_off,heuristics_aggressive,emphasis_feasibility,separating_aggressive,emphasis_hardlp,heuristics_fast,heuristics_off,emphasis_optimality,emphasis_easycip
neos-1061020,presolving_fast,presolving_aggressive,separating_off,separating_fast,heuristics_aggressive,presolving_off,emphasis_hardlp,emphasis_feasibility,default,separating_aggressive,heuristics_fast,emphasis_optimality,heuristics_off,emphasis_easycip
neos-983171,separating_off,presolving_fast,separating_fast,default,separating_aggressive,presolving_off,presolving_aggressive,emphasis_feasibility,heuristics_aggressive,emphasis_hardlp,emphasis_easycip,emphasis_optimality,heuristics_fast,heuristics_off
neos-831188,presolving_fast,heuristics_aggressive,emphasis_feasibility,presolving_aggressive,default,presolving_off,separating_off,separating_fast,separating_aggressive,heuristics_fast,emphasis_optimality,emphasis_easycip,emphasis_hardlp,heuristics_off
newdano,separating_off,emphasis_hardlp,presolving_fast,heuristics_fast,emphasis_easycip,separating_fast,default,emphasis_feasibility,presolving_aggressive,heuristics_aggressive,heuristics_off,separating_aggressive,presolving_off,emphasis_optimality
neos-1593097,emphasis_feasibility,separating_fast,emphasis_easycip,presolving_fast,heuristics_fast,heuristics_aggressive,presolving_aggressive,emphasis_hardlp,presolving_off,separating_aggressive,heuristics_off,default,separating_off,emphasis_optimality
leo1,presolving_off,separating_fast,separating_off,separating_aggressive,presolving_fast,presolving_aggressive,heuristics_off,heuristics_fast,heuristics_aggressive,emphasis_hardlp,emphasis_feasibility,emphasis_optimality,default,emphasis_easycip
opm2-z12-s7,emphasis_hardlp,presolving_off,presolving_fast,emphasis_feasibility,separating_off,heuristics_aggressive,separating_fast,default,heuristics_fast,emphasis_easycip,separating_aggressive,emphasis_optimality,presolving_aggressive,heuristics_off
rd-rplusc-21,separating_off,separating_fast,heuristics_aggressive,emphasis_feasibility,presolving_fast,presolving_aggressive,default,separating_aggressive,presolving_off,emphasis_hardlp,heuristics_off,emphasis_optimality,heuristics_fast,emphasis_easycip
neos12,separating_aggressive,default,emphasis_hardlp,separating_off,presolving_fast,presolving_aggressive,separating_fast,heuristics_aggressive,heuristics_fast,emphasis_easycip,emphasis_feasibility,presolving_off,emphasis_optimality,heuristics_off
neos-1440225,separating_fast,default,separating_off,emphasis_feasibility,heuristics_aggressive,presolving_aggressive,presolving_fast,emphasis_hardlp,separating_aggressive,presolving_off,heuristics_fast,emphasis_easycip,emphasis_optimality,heuristics_off
opm2-z12-s14,emphasis_hardlp,presolving_off,presolving_fast,emphasis_feasibility,separating_off,heuristics_aggressive,separating_fast,default,heuristics_fast,emphasis_easycip,separating_aggressive,emphasis_optimality,presolving_aggressive,heuristics_off
p0033,emphasis_hardlp,presolving_fast,emphasis_easycip,heuristics_fast,separating_off,separating_fast,default,presolving_aggressive,presolving_off,heuristics_aggressive,separating_aggressive,heuristics_off,emphasis_feasibility,emphasis_optimality
neos-849702,presolving_off,emphasis_feasibility,heuristics_aggressive,heuristics_fast,emphasis_easycip,presolving_aggressive,presolving_fast,separating_off,separating_aggressive,heuristics_off,separating_fast,default,emphasis_hardlp,emphasis_optimality
cap6000,heuristics_aggressive,presolving_off,separating_fast,presolving_fast,emphasis_feasibility,default,presolving_aggressive,separating_aggressive,emphasis_hardlp,heuristics_fast,emphasis_easycip,separating_off,emphasis_optimality,heuristics_off
rocII-7-11,separating_off,separating_fast,separating_aggressive,presolving_off,presolving_fast,presolving_aggressive,heuristics_aggressive,heuristics_fast,emphasis_feasibility,heuristics_off,default,emphasis_optimality,emphasis_hardlp,emphasis_easycip
neos-826694,separating_off,separating_fast,emphasis_feasibility,separating_aggressive,presolving_off,heuristics_aggressive,presolving_fast,presolving_aggressive,heuristics_off,heuristics_fast,emphasis_optimality,emphasis_hardlp,emphasis_easycip,default
neos-544324,separating_off,separating_fast,default,presolving_aggressive,presolving_fast,separating_aggressive,heuristics_aggressive,presolving_off,emphasis_hardlp,emphasis_feasibility,heuristics_fast,emphasis_easycip,heuristics_off,emphasis_optimality
neos-885524,presolving_fast,presolving_off,heuristics_fast,default,presolving_aggressive,emphasis_hardlp,separating_fast,heuristics_aggressive,separating_aggressive,emphasis_easycip,emphasis_optimality,heuristics_off,separating_off,emphasis_feasibility
ns1854840,separating_off,separating_fast,presolving_fast,presolving_aggressive,separating_aggressive,default,heuristics_aggressive,presolving_off,heuristics_fast,emphasis_feasibility,emphasis_optimality,emphasis_hardlp,emphasis_easycip,heuristics_off
neos-1620770,separating_aggressive,separating_fast,presolving_aggressive,default,separating_off,heuristics_fast,heuristics_off,presolving_off,presolving_fast,emphasis_easycip,heuristics_aggressive,emphasis_hardlp,emphasis_feasibility,emphasis_optimality
rail02,separating_off,separating_fast,separating_aggressive,presolving_off,presolving_fast,presolving_aggressive,heuristics_off,heuristics_fast,heuristics_aggressive,emphasis_optimality,emphasis_hardlp,emphasis_feasibility,emphasis_easycip,default
neos-1420205,separating_off,presolving_fast,separating_fast,emphasis_hardlp,default,presolving_off,emphasis_easycip,separating_aggressive,presolving_aggressive,heuristics_fast,heuristics_aggressive,heuristics_off,emphasis_feasibility,emphasis_optimality
satellites1-25,separating_fast,separating_off,separating_aggressive,presolving_aggressive,heuristics_aggressive,presolving_fast,presolving_off,emphasis_feasibility,heuristics_fast,heuristics_off,emphasis_optimality,emphasis_hardlp,default,emphasis_easycip
maxgasflow,presolving_fast,separating_fast,presolving_off,presolving_aggressive,heuristics_aggressive,separating_aggressive,emphasis_feasibility,default,emphasis_hardlp,separating_off,heuristics_fast,emphasis_optimality,emphasis_easycip,heuristics_off
nw04,default,separating_fast,separating_off,presolving_aggressive,presolving_fast,heuristics_aggressive,heuristics_off,heuristics_fast,presolving_off,emphasis_hardlp,emphasis_feasibility,separating_aggressive,emphasis_easycip,emphasis_optimality
neos-916792,separating_off,presolving_fast,separating_fast,default,presolving_aggressive,presolving_off,heuristics_aggressive,separating_aggressive,emphasis_feasibility,heuristics_fast,emphasis_hardlp,emphasis_optimality,emphasis_easycip,heuristics_off
neos-538867,separating_off,presolving_fast,separating_fast,presolving_aggressive,presolving_off,separating_aggressive,default,emphasis_optimality,emphasis_feasibility,emphasis_easycip,heuristics_aggressive,heuristics_fast,heuristics_off,emphasis_hardlp
neos-501453,default,separating_off,separating_fast,presolving_fast,separating_aggressive,presolving_aggressive,heuristics_fast,heuristics_aggressive,emphasis_optimality,presolving_off,emphasis_hardlp,emphasis_feasibility,emphasis_easycip,heuristics_off
pp08aCUTS,presolving_fast,default,presolving_aggressive,heuristics_aggressive,separating_fast,presolving_off,separating_aggressive,emphasis_hardlp,heuristics_fast,emphasis_optimality,emphasis_feasibility,emphasis_easycip,separating_off,heuristics_off
neos808444,separating_off,separating_fast,presolving_fast,separating_aggressive,presolving_off,heuristics_aggressive,presolving_aggressive,emphasis_easycip,emphasis_hardlp,emphasis_feasibility,heuristics_fast,default,heuristics_off,emphasis_optimality
modglob,heuristics_aggressive,presolving_fast,presolving_aggressive,default,separating_aggressive,presolving_off,separating_fast,heuristics_fast,emphasis_hardlp,emphasis_optimality,emphasis_feasibility,emphasis_easycip,separating_off,heuristics_off
timtab2,heuristics_aggressive,default,separating_aggressive,heuristics_fast,presolving_aggressive,separating_off,heuristics_off,separating_fast,presolving_fast,emphasis_easycip,presolving_off,emphasis_hardlp,emphasis_feasibility,emphasis_optimality
dfn-gwin-UUM,presolving_aggressive,heuristics_aggressive,separating_fast,default,separating_off,separating_aggressive,presolving_off,presolving_fast,heuristics_fast,emphasis_hardlp,emphasis_optimality,emphasis_feasibility,emphasis_easycip,heuristics_off
uc-case11,default,separating_off,separating_fast,presolving_aggressive,presolving_fast,emphasis_feasibility,heuristics_aggressive,separating_aggressive,presolving_off,heuristics_fast,emphasis_optimality,emphasis_hardlp,emphasis_easycip,heuristics_off
