neos-611838,presolving_off,presolving_fast,separating_fast,default,presolving_aggressive,emphasis_hardlp,separating_off,emphasis_easycip,heuristics_aggressive,emphasis_feasibility,separating_aggressive,heuristics_fast,emphasis_optimality,heuristics_off
vpm2,default,presolving_aggressive,emphasis_hardlp,presolving_fast,heuristics_fast,separating_fast,separating_aggressive,emphasis_easycip,emphasis_feasibility,heuristics_aggressive,separating_off,presolving_off,emphasis_optimality,heuristics_off
neos-829552,separating_off,separating_fast,presolving_off,presolving_fast,heuristics_aggressive,emphasis_feasibility,separating_aggressive,presolving_aggressive,emphasis_hardlp,default,heuristics_off,heuristics_fast,emphasis_easycip,emphasis_optimality
disctom,heuristics_aggressive,default,presolving_aggressive,presolving_fast,emphasis_hardlp,heuristics_fast,emphasis_feasibility,separating_aggressive,presolving_off,separating_fast,emphasis_optimality,emphasis_easycip,separating_off,heuristics_off
shs1023,presolving_off,separating_fast,presolving_fast,separating_off,separating_aggressive,presolving_aggressive,heuristics_off,heuristics_fast,heuristics_aggressive,emphasis_optimality,emphasis_feasibility,default,emphasis_hardlp,emphasis_easycip
misc06,separating_off,separating_fast,presolving_aggressive,presolving_fast,emphasis_feasibility,default,separating_aggressive,heuristics_fast,emphasis_hardlp,emphasis_easycip,presolving_off,heuristics_aggressive,emphasis_optimality,heuristics_off
zib54-UUE,emphasis_hardlp,presolving_fast,presolving_aggressive,separating_fast,presolving_off,default,separating_aggressive,heuristics_fast,heuristics_aggressive,emphasis_easycip,separating_off,emphasis_feasibility,heuristics_off,emphasis_optimality
ns4-pr9,presolving_fast,heuristics_aggressive,presolving_aggressive,presolving_off,heuristics_fast,default,separating_fast,separating_off,emphasis_easycip,separating_aggressive,emphasis_hardlp,emphasis_feasibility,emphasis_optimality,heuristics_off
neos-941782,separating_fast,separating_aggressive,default,presolving_aggressive,heuristics_aggressive,presolving_fast,emphasis_feasibility,emphasis_hardlp,separating_off,presolving_off,heuristics_fast,emphasis_easycip,heuristics_off,emphasis_optimality
map20,separating_off,separating_fast,emphasis_feasibility,default,presolving_aggressive,separating_aggressive,presolving_fast,heuristics_fast,heuristics_aggressive,emphasis_hardlp,emphasis_easycip,presolving_off,heuristics_off,emphasis_optimality
neos-662469,presolving_fast,presolving_aggressive,heuristics_aggressive,default,separating_fast,separating_aggressive,presolving_off,separating_off,heuristics_off,emphasis_feasibility,heuristics_fast,emphasis_optimality,emphasis_easycip,emphasis_hardlp
neos-1460543,presolving_fast,separating_fast,presolving_off,emphasis_feasibility,separating_off,heuristics_aggressive,separating_aggressive,presolving_aggressive,default,emphasis_hardlp,emphasis_easycip,emphasis_optimality,heuristics_fast,heuristics_off
pk1,default,presolving_aggressive,emphasis_hardlp,presolving_fast,heuristics_fast,separating_aggressive,emphasis_easycip,separating_fast,heuristics_aggressive,emphasis_feasibility,heuristics_off,emphasis_optimality,separating_off,presolving_off
stein27,heuristics_fast,default,emphasis_easycip,presolving_fast,emphasis_hardlp,presolving_aggressive,heuristics_aggressive,presolving_off,separating_fast,separating_aggressive,emphasis_feasibility,separating_off,heuristics_off,emphasis_optimality
neos-849702,emphasis_feasibility,separating_fast,heuristics_aggressive,presolving_fast,presolving_aggressive,emphasis_hardlp,default,separating_aggressive,presolving_off,heuristics_fast,emphasis_easycip,separating_off,heuristics_off,emphasis_optimality
rgn,presolving_fast,heuristics_fast,emphasis_hardlp,presolving_aggressive,separating_fast,emphasis_easycip,default,presolving_off,separating_off,separating_aggressive,heuristics_aggressive,heuristics_off,emphasis_feasibility,emphasis_optimality
in,separating_off,separating_fast,separating_aggressive,presolving_off,presolving_fast,presolving_aggressive,heuristics_aggressive,emphasis_feasibility,heuristics_fast,emphasis_optimality,emphasis_hardlp,heuristics_off,emphasis_easycip,default
mod010,heuristics_aggressive,emphasis_hardlp,emphasis_feasibility,default,separating_fast,emphasis_easycip,presolving_aggressive,presolving_fast,presolving_off,heuristics_fast,separating_off,separating_aggressive,emphasis_optimality,heuristics_off
triptim1,separating_off,separating_fast,presolving_off,separating_aggressive,presolving_fast,presolving_aggressive,heuristics_off,heuristics_fast,heuristics_aggressive,emphasis_optimality,emphasis_hardlp,emphasis_feasibility,emphasis_easycip,default
ns1696083,separating_fast,presolving_off,separating_off,separating_aggressive,presolving_aggressive,heuristics_aggressive,emphasis_feasibility,presolving_fast,emphasis_optimality,default,heuristics_off,heuristics_fast,emphasis_hardlp,emphasis_easycip
opm2-z7-s2,presolving_fast,separating_off,presolving_off,emphasis_hardlp,separating_fast,emphasis_easycip,default,presolving_aggressive,heuristics_aggressive,separating_aggressive,heuristics_fast,emphasis_feasibility,heuristics_off,emphasis_optimality
ns1688347,separating_fast,separating_aggressive,presolving_aggressive,separating_off,emphasis_feasibility,heuristics_off,heuristics_aggressive,presolving_off,presolving_fast,emphasis_hardlp,default,heuristics_fast,emphasis_easycip,emphasis_optimality
swath,separating_fast,emphasis_feasibility,separating_off,presolving_aggressive,default,heuristics_aggressive,presolving_fast,separating_aggressive,presolving_off,emphasis_optimality,emphasis_easycip,heuristics_fast,emphasis_hardlp,heuristics_off
neos-787933,separating_off,emphasis_feasibility,heuristics_aggressive,separating_fast,presolving_fast,presolving_aggressive,separating_aggressive,default,emphasis_optimality,presolving_off,emphasis_hardlp,heuristics_fast,emphasis_easycip,heuristics_off
neos-631517,presolving_fast,presolving_aggressive,default,heuristics_aggressive,separating_fast,separating_aggressive,presolving_off,emphasis_feasibility,emphasis_optimality,emphasis_hardlp,separating_off,emphasis_easycip,heuristics_fast,heuristics_off
neos-824661,separating_off,separating_fast,emphasis_feasibility,presolving_aggressive,presolving_off,heuristics_aggressive,presolving_fast,default,separating_aggressive,emphasis_optimality,heuristics_off,heuristics_fast,emphasis_hardlp,emphasis_easycip
bnatt350,emphasis_feasibility,separating_off,separating_fast,presolving_fast,presolving_aggressive,separating_aggressive,heuristics_aggressive,emphasis_hardlp,heuristics_fast,default,presolving_off,heuristics_off,emphasis_easycip,emphasis_optimality
l152lav,heuristics_aggressive,emphasis_feasibility,default,emphasis_hardlp,separating_fast,emphasis_easycip,presolving_aggressive,presolving_fast,separating_off,heuristics_fast,separating_aggressive,presolving_off,heuristics_off,emphasis_optimality
ivu52,emphasis_hardlp,heuristics_fast,emphasis_easycip,separating_off,separating_fast,heuristics_aggressive,presolving_fast,default,presolving_aggressive,heuristics_off,emphasis_feasibility,separating_aggressive,presolving_off,emphasis_optimality
mod011,separating_fast,presolving_aggressive,presolving_fast,presolving_off,default,emphasis_feasibility,separating_off,separating_aggressive,heuristics_aggressive,heuristics_fast,emphasis_hardlp,emphasis_easycip,emphasis_optimality,heuristics_off
air05,heuristics_aggressive,emphasis_feasibility,separating_fast,presolving_fast,presolving_aggressive,default,emphasis_hardlp,separating_off,separating_aggressive,presolving_off,emphasis_easycip,heuristics_fast,emphasis_optimality,heuristics_off
neos-933815,presolving_fast,presolving_aggressive,default,separating_fast,separating_aggressive,heuristics_aggressive,presolving_off,emphasis_hardlp,separating_off,emphasis_feasibility,heuristics_fast,emphasis_optimality,emphasis_easycip,heuristics_off
splan1,separating_off,separating_fast,presolving_off,presolving_fast,presolving_aggressive,heuristics_aggressive,emphasis_feasibility,separating_aggressive,default,heuristics_fast,emphasis_hardlp,heuristics_off,emphasis_optimality,emphasis_easycip
neos-1603512,separating_fast,presolving_aggressive,separating_off,emphasis_feasibility,separating_aggressive,heuristics_fast,heuristics_aggressive,default,presolving_fast,heuristics_off,emphasis_hardlp,emphasis_easycip,presolving_off,emphasis_optimality
neos-1423785,separating_off,separating_fast,presolving_fast,heuristics_aggressive,presolving_aggressive,separating_aggressive,default,emphasis_feasibility,presolving_off,heuristics_fast,emphasis_hardlp,emphasis_easycip,emphasis_optimality,heuristics_off
neos-547911,presolving_aggressive,heuristics_fast,emphasis_hardlp,default,separating_fast,emphasis_easycip,separating_aggressive,presolving_fast,separating_off,heuristics_aggressive,presolving_off,heuristics_off,emphasis_optimality,emphasis_feasibility
neos-1603965,presolving_aggressive,separating_fast,presolving_fast,presolving_off,separating_off,heuristics_off,emphasis_hardlp,emphasis_easycip,default,heuristics_fast,heuristics_aggressive,separating_aggressive,emphasis_feasibility,emphasis_optimality
neos-603073,separating_fast,emphasis_feasibility,default,presolving_aggressive,heuristics_aggressive,presolving_fast,heuristics_fast,emphasis_optimality,separating_aggressive,separating_off,presolving_off,emphasis_hardlp,emphasis_easycip,heuristics_off
markshare2,separating_fast,separating_aggressive,separating_off,presolving_off,presolving_fast,presolving_aggressive,heuristics_off,heuristics_fast,heuristics_aggressive,emphasis_optimality,emphasis_feasibility,emphasis_hardlp,emphasis_easycip,default
lectsched-4-obj,separating_off,separating_fast,presolving_aggressive,heuristics_aggressive,default,emphasis_feasibility,separating_aggressive,presolving_fast,heuristics_off,heuristics_fast,emphasis_optimality,emphasis_easycip,emphasis_hardlp,presolving_off
aligninq,emphasis_easycip,separating_fast,presolving_off,separating_aggressive,presolving_fast,separating_off,presolving_aggressive,heuristics_off,heuristics_fast,emphasis_hardlp,emphasis_optimality,heuristics_aggressive,emphasis_feasibility,default
dsbmip,separating_fast,presolving_fast,default,separating_off,presolving_aggressive,separating_aggressive,presolving_off,heuristics_fast,heuristics_aggressive,emphasis_optimality,emphasis_feasibility,emphasis_hardlp,emphasis_easycip,heuristics_off
qnet1,emphasis_feasibility,separating_off,separating_fast,presolving_aggressive,default,presolving_fast,heuristics_aggressive,separating_aggressive,emphasis_hardlp,heuristics_fast,emphasis_easycip,emphasis_optimality,presolving_off,heuristics_off
bell3a,emphasis_hardlp,presolving_fast,default,separating_fast,heuristics_fast,heuristics_aggressive,emphasis_easycip,separating_off,emphasis_feasibility,presolving_off,presolving_aggressive,separating_aggressive,heuristics_off,emphasis_optimality
ns25-pr3,presolving_fast,heuristics_aggressive,presolving_aggressive,presolving_off,heuristics_fast,default,separating_fast,separating_off,emphasis_easycip,separating_aggressive,emphasis_hardlp,emphasis_feasibility,emphasis_optimality,heuristics_off
qnet1_o,separating_off,separating_fast,emphasis_feasibility,default,presolving_fast,heuristics_fast,emphasis_hardlp,presolving_aggressive,heuristics_aggressive,separating_aggressive,emphasis_easycip,emphasis_optimality,presolving_off,heuristics_off
neos-551991,presolving_aggressive,separating_off,presolving_fast,default,separating_aggressive,separating_fast,heuristics_fast,heuristics_aggressive,emphasis_feasibility,emphasis_hardlp,presolving_off,heuristics_off,emphasis_easycip,emphasis_optimality
nu120-pr3,heuristics_aggressive,presolving_fast,default,presolving_aggressive,emphasis_hardlp,presolving_off,heuristics_fast,separating_fast,emphasis_feasibility,separating_aggressive,separating_off,emphasis_easycip,emphasis_optimality,heuristics_off
mzzv11,emphasis_feasibility,separating_off,separating_fast,separating_aggressive,presolving_off,presolving_fast,heuristics_aggressive,default,presolving_aggressive,heuristics_fast,heuristics_off,emphasis_optimality,emphasis_hardlp,emphasis_easycip
mine-90-10,presolving_fast,presolving_off,separating_fast,emphasis_hardlp,separating_off,default,emphasis_easycip,separating_aggressive,heuristics_fast,heuristics_aggressive,presolving_aggressive,emphasis_feasibility,heuristics_off,emphasis_optimality
neos-555343,separating_off,separating_fast,emphasis_feasibility,presolving_aggressive,presolving_fast,separating_aggressive,emphasis_hardlp,heuristics_fast,emphasis_easycip,presolving_off,heuristics_aggressive,default,heuristics_off,emphasis_optimality
pg,presolving_aggressive,heuristics_aggressive,default,separating_fast,presolving_fast,emphasis_hardlp,heuristics_fast,separating_aggressive,presolving_off,emphasis_easycip,separating_off,emphasis_feasibility,emphasis_optimality,heuristics_off
neos-785899,presolving_fast,default,emphasis_hardlp,heuristics_aggressive,presolving_aggressive,emphasis_easycip,heuristics_fast,presolving_off,separating_fast,separating_aggressive,emphasis_feasibility,separating_off,emphasis_optimality,heuristics_off
ns1853823,emphasis_feasibility,separating_off,separating_fast,heuristics_aggressive,separating_aggressive,presolving_off,presolving_fast,presolving_aggressive,default,emphasis_optimality,emphasis_easycip,heuristics_off,heuristics_fast,emphasis_hardlp
methanosarcina,separating_off,presolving_fast,separating_fast,presolving_aggressive,presolving_off,separating_aggressive,heuristics_aggressive,emphasis_feasibility,default,heuristics_fast,emphasis_easycip,emphasis_hardlp,heuristics_off,emphasis_optimality
neos-933364,presolving_fast,presolving_aggressive,default,separating_fast,separating_aggressive,heuristics_aggressive,presolving_off,emphasis_hardlp,separating_off,emphasis_feasibility,heuristics_fast,emphasis_optimality,emphasis_easycip,heuristics_off
dcmulti,presolving_fast,presolving_off,presolving_aggressive,default,emphasis_hardlp,separating_fast,heuristics_fast,heuristics_aggressive,emphasis_easycip,separating_off,separating_aggressive,emphasis_feasibility,emphasis_optimality,heuristics_off
ns1631475,separating_off,separating_fast,separating_aggressive,emphasis_feasibility,presolving_fast,presolving_off,presolving_aggressive,heuristics_aggressive,default,heuristics_fast,emphasis_hardlp,heuristics_off,emphasis_optimality,emphasis_easycip
neos-548251,separating_off,separating_fast,presolving_fast,presolving_aggressive,default,separating_aggressive,heuristics_aggressive,presolving_off,heuristics_fast,emphasis_feasibility,emphasis_hardlp,emphasis_optimality,emphasis_easycip,heuristics_off
neos15,emphasis_hardlp,default,presolving_fast,presolving_aggressive,heuristics_aggressive,separating_aggressive,presolving_off,heuristics_fast,emphasis_feasibility,emphasis_easycip,separating_fast,separating_off,emphasis_optimality,heuristics_off
neos-1429212,separating_off,presolving_fast,presolving_aggressive,emphasis_hardlp,separating_fast,heuristics_fast,separating_aggressive,emphasis_easycip,presolving_off,heuristics_aggressive,emphasis_feasibility,default,emphasis_optimality,heuristics_off
