ns2137859,separating_off,separating_fast,emphasis_feasibility,default,presolving_aggressive,heuristics_aggressive,separating_aggressive,presolving_fast,emphasis_hardlp,heuristics_fast,emphasis_easycip,presolving_off,emphasis_optimality,heuristics_off
neos-506428,separating_off,separating_fast,emphasis_feasibility,presolving_off,heuristics_aggressive,separating_aggressive,presolving_fast,presolving_aggressive,heuristics_fast,emphasis_optimality,emphasis_hardlp,emphasis_easycip,default,heuristics_off
neos-916792,separating_fast,presolving_fast,emphasis_hardlp,heuristics_fast,emphasis_easycip,default,separating_off,presolving_aggressive,separating_aggressive,heuristics_aggressive,emphasis_feasibility,heuristics_off,presolving_off,emphasis_optimality
d20200,separating_off,separating_fast,separating_aggressive,presolving_fast,heuristics_aggressive,presolving_off,presolving_aggressive,heuristics_fast,emphasis_feasibility,emphasis_hardlp,emphasis_optimality,default,heuristics_off,emphasis_easycip
neos-1480121,separating_fast,default,presolving_aggressive,heuristics_fast,emphasis_hardlp,presolving_fast,separating_off,emphasis_easycip,separating_aggressive,heuristics_aggressive,emphasis_feasibility,presolving_off,heuristics_off,emphasis_optimality
dg012142,default,heuristics_aggressive,presolving_aggressive,separating_fast,emphasis_hardlp,emphasis_feasibility,separating_aggressive,presolving_fast,heuristics_fast,presolving_off,emphasis_optimality,emphasis_easycip,separating_off,heuristics_off
ger50_17_trans,presolving_off,separating_aggressive,presolving_fast,presolving_aggressive,separating_off,separating_fast,emphasis_optimality,default,heuristics_fast,heuristics_off,heuristics_aggressive,emphasis_hardlp,emphasis_feasibility,emphasis_easycip
neos-584866,presolving_fast,heuristics_aggressive,separating_off,separating_aggressive,presolving_aggressive,emphasis_feasibility,default,separating_fast,emphasis_hardlp,presolving_off,heuristics_fast,emphasis_easycip,heuristics_off,emphasis_optimality
sts729,separating_off,heuristics_fast,presolving_off,separating_fast,presolving_fast,default,emphasis_easycip,separating_aggressive,presolving_aggressive,heuristics_aggressive,emphasis_feasibility,heuristics_off,emphasis_hardlp,emphasis_optimality
neos-876808,separating_off,emphasis_feasibility,separating_fast,presolving_off,presolving_fast,separating_aggressive,heuristics_aggressive,emphasis_hardlp,heuristics_off,presolving_aggressive,heuristics_fast,emphasis_optimality,emphasis_easycip,default
neos-503737,separating_fast,presolving_aggressive,presolving_fast,heuristics_aggressive,emphasis_feasibility,separating_off,separating_aggressive,default,presolving_off,emphasis_optimality,emphasis_easycip,heuristics_fast,emphasis_hardlp,heuristics_off
neos-1112787,separating_fast,presolving_fast,separating_off,emphasis_optimality,presolving_aggressive,heuristics_aggressive,emphasis_hardlp,separating_aggressive,emphasis_feasibility,emphasis_easycip,default,heuristics_fast,presolving_off,heuristics_off
egout,separating_fast,presolving_fast,default,presolving_aggressive,heuristics_fast,emphasis_hardlp,heuristics_aggressive,separating_aggressive,emphasis_easycip,presolving_off,emphasis_optimality,emphasis_feasibility,heuristics_off,separating_off
neos11,separating_off,separating_fast,presolving_fast,default,presolving_off,presolving_aggressive,separating_aggressive,heuristics_aggressive,emphasis_feasibility,emphasis_hardlp,heuristics_fast,emphasis_easycip,emphasis_optimality,heuristics_off
neos-1620807,presolving_fast,default,separating_fast,presolving_aggressive,emphasis_hardlp,separating_aggressive,heuristics_aggressive,heuristics_fast,emphasis_easycip,emphasis_feasibility,heuristics_off,presolving_off,emphasis_optimality,separating_off
dc1l,presolving_off,presolving_fast,separating_fast,presolving_aggressive,heuristics_aggressive,separating_off,separating_aggressive,emphasis_feasibility,heuristics_fast,emphasis_optimality,default,emphasis_hardlp,emphasis_easycip,heuristics_off
r80x800,presolving_fast,separating_fast,default,separating_off,presolving_aggressive,heuristics_aggressive,emphasis_hardlp,emphasis_easycip,separating_aggressive,presolving_off,heuristics_fast,emphasis_feasibility,emphasis_optimality,heuristics_off
neos-785914,presolving_fast,default,emphasis_hardlp,heuristics_aggressive,presolving_aggressive,emphasis_feasibility,emphasis_easycip,separating_fast,presolving_off,heuristics_fast,separating_aggressive,separating_off,emphasis_optimality,heuristics_off
rmine10,separating_off,presolving_off,presolving_fast,separating_fast,presolving_aggressive,heuristics_aggressive,default,separating_aggressive,emphasis_hardlp,emphasis_feasibility,emphasis_easycip,heuristics_fast,emphasis_optimality,heuristics_off
bienst1,presolving_fast,presolving_aggressive,separating_fast,default,emphasis_hardlp,separating_off,heuristics_fast,heuristics_aggressive,emphasis_easycip,emphasis_feasibility,presolving_off,separating_aggressive,heuristics_off,emphasis_optimality
neos-916173,separating_fast,presolving_fast,heuristics_fast,emphasis_hardlp,emphasis_easycip,default,separating_off,presolving_aggressive,separating_aggressive,heuristics_aggressive,presolving_off,heuristics_off,emphasis_feasibility,emphasis_optimality
cap6000,emphasis_feasibility,heuristics_aggressive,separating_fast,presolving_off,default,presolving_fast,emphasis_hardlp,separating_aggressive,heuristics_fast,emphasis_easycip,presolving_aggressive,emphasis_optimality,separating_off,heuristics_off
neos-930752,separating_off,presolving_fast,default,separating_fast,presolving_aggressive,emphasis_hardlp,emphasis_easycip,heuristics_fast,presolving_off,separating_aggressive,heuristics_aggressive,emphasis_optimality,emphasis_feasibility,heuristics_off
neos-1436713,separating_off,separating_fast,presolving_fast,emphasis_feasibility,default,presolving_aggressive,separating_aggressive,heuristics_aggressive,presolving_off,emphasis_optimality,emphasis_hardlp,emphasis_easycip,heuristics_fast,heuristics_off
ns1830653,separating_off,separating_fast,emphasis_feasibility,default,presolving_fast,separating_aggressive,presolving_aggressive,heuristics_aggressive,emphasis_hardlp,presolving_off,heuristics_fast,emphasis_easycip,heuristics_off,emphasis_optimality
neos-881765,separating_fast,presolving_aggressive,heuristics_aggressive,emphasis_feasibility,emphasis_hardlp,heuristics_off,default,presolving_fast,heuristics_fast,emphasis_easycip,separating_aggressive,separating_off,presolving_off,emphasis_optimality
uct-subprob,separating_off,separating_fast,emphasis_hardlp,default,presolving_off,heuristics_aggressive,presolving_fast,presolving_aggressive,emphasis_easycip,heuristics_fast,emphasis_feasibility,heuristics_off,emphasis_optimality,separating_aggressive
rmatr100-p5,presolving_off,emphasis_feasibility,presolving_fast,separating_fast,emphasis_hardlp,default,presolving_aggressive,heuristics_aggressive,separating_off,separating_aggressive,emphasis_optimality,heuristics_off,heuristics_fast,emphasis_easycip
nu120-pr3,presolving_fast,presolving_aggressive,heuristics_aggressive,default,separating_fast,emphasis_hardlp,presolving_off,heuristics_fast,separating_off,emphasis_easycip,emphasis_feasibility,separating_aggressive,emphasis_optimality,heuristics_off
neos-555884,separating_off,separating_fast,presolving_off,presolving_fast,emphasis_feasibility,separating_aggressive,presolving_aggressive,heuristics_aggressive,emphasis_hardlp,emphasis_easycip,default,heuristics_fast,heuristics_off,emphasis_optimality
neos-1620770,presolving_fast,separating_fast,heuristics_aggressive,separating_aggressive,emphasis_feasibility,default,presolving_aggressive,heuristics_fast,emphasis_hardlp,separating_off,emphasis_easycip,presolving_off,heuristics_off,emphasis_optimality
neos-849702,emphasis_feasibility,heuristics_aggressive,separating_fast,presolving_fast,presolving_aggressive,default,separating_aggressive,presolving_off,separating_off,heuristics_fast,emphasis_hardlp,emphasis_easycip,heuristics_off,emphasis_optimality
eilA101-2,separating_off,emphasis_hardlp,heuristics_off,emphasis_easycip,separating_fast,presolving_off,presolving_fast,heuristics_fast,default,presolving_aggressive,heuristics_aggressive,emphasis_optimality,separating_aggressive,emphasis_feasibility
neos-611135,emphasis_feasibility,heuristics_aggressive,presolving_off,separating_fast,presolving_fast,emphasis_hardlp,default,presolving_aggressive,separating_aggressive,heuristics_fast,emphasis_easycip,separating_off,emphasis_optimality,heuristics_off
rmatr200-p5,presolving_off,emphasis_feasibility,presolving_fast,heuristics_aggressive,separating_fast,default,separating_off,presolving_aggressive,emphasis_hardlp,separating_aggressive,emphasis_optimality,heuristics_off,heuristics_fast,emphasis_easycip
neos-1427261,separating_off,separating_fast,presolving_fast,emphasis_feasibility,default,presolving_aggressive,separating_aggressive,heuristics_aggressive,presolving_off,emphasis_optimality,emphasis_hardlp,emphasis_easycip,heuristics_fast,heuristics_off
qiu,emphasis_hardlp,presolving_fast,default,separating_fast,presolving_aggressive,emphasis_easycip,heuristics_aggressive,separating_aggressive,heuristics_fast,emphasis_feasibility,presolving_off,separating_off,emphasis_optimality,heuristics_off
neos-827015,separating_fast,presolving_off,separating_off,presolving_fast,presolving_aggressive,separating_aggressive,heuristics_aggressive,emphasis_feasibility,emphasis_hardlp,default,heuristics_off,heuristics_fast,emphasis_easycip,emphasis_optimality
neos-631517,presolving_fast,default,presolving_aggressive,heuristics_aggressive,separating_fast,separating_aggressive,emphasis_feasibility,presolving_off,separating_off,emphasis_optimality,emphasis_hardlp,heuristics_fast,emphasis_easycip,heuristics_off
neos-1429212,separating_off,presolving_fast,separating_fast,presolving_aggressive,emphasis_hardlp,heuristics_fast,heuristics_aggressive,emphasis_feasibility,default,separating_aggressive,emphasis_easycip,presolving_off,emphasis_optimality,heuristics_off
neos-1126860,presolving_off,presolving_fast,emphasis_easycip,emphasis_hardlp,default,separating_fast,separating_off,heuristics_fast,presolving_aggressive,separating_aggressive,heuristics_aggressive,emphasis_optimality,emphasis_feasibility,heuristics_off
neos-912015,separating_fast,presolving_aggressive,default,heuristics_fast,emphasis_hardlp,heuristics_aggressive,separating_aggressive,presolving_fast,heuristics_off,emphasis_feasibility,emphasis_easycip,separating_off,presolving_off,emphasis_optimality
neos-808214,separating_fast,presolving_fast,presolving_aggressive,heuristics_aggressive,emphasis_feasibility,default,separating_off,separating_aggressive,heuristics_fast,heuristics_off,emphasis_hardlp,emphasis_easycip,presolving_off,emphasis_optimality
bab5,separating_off,presolving_fast,separating_fast,presolving_off,presolving_aggressive,emphasis_hardlp,heuristics_aggressive,emphasis_feasibility,emphasis_easycip,separating_aggressive,heuristics_fast,default,heuristics_off,emphasis_optimality
pigeon-10,separating_off,emphasis_hardlp,separating_fast,presolving_fast,presolving_aggressive,emphasis_feasibility,default,emphasis_easycip,separating_aggressive,presolving_off,heuristics_aggressive,heuristics_fast,heuristics_off,emphasis_optimality
opm2-z7-s2,presolving_fast,separating_off,presolving_off,emphasis_hardlp,separating_fast,default,separating_aggressive,emphasis_easycip,emphasis_feasibility,presolving_aggressive,heuristics_fast,heuristics_aggressive,emphasis_optimality,heuristics_off
neos-810326,heuristics_aggressive,emphasis_feasibility,separating_fast,presolving_fast,default,presolving_aggressive,separating_aggressive,presolving_off,emphasis_hardlp,emphasis_easycip,heuristics_fast,separating_off,heuristics_off,emphasis_optimality
neos-1437164,heuristics_aggressive,separating_fast,emphasis_feasibility,presolving_fast,default,separating_off,presolving_aggressive,emphasis_hardlp,emphasis_optimality,heuristics_fast,separating_aggressive,emphasis_easycip,presolving_off,heuristics_off
rail03,separating_off,separating_fast,presolving_off,separating_aggressive,presolving_fast,presolving_aggressive,heuristics_off,heuristics_fast,heuristics_aggressive,emphasis_feasibility,emphasis_optimality,emphasis_hardlp,emphasis_easycip,default
germanrr,default,separating_fast,emphasis_optimality,separating_aggressive,presolving_aggressive,heuristics_aggressive,presolving_fast,emphasis_feasibility,separating_off,heuristics_fast,emphasis_hardlp,presolving_off,emphasis_easycip,heuristics_off
sing359,separating_off,separating_fast,separating_aggressive,presolving_off,presolving_fast,presolving_aggressive,heuristics_fast,heuristics_aggressive,emphasis_optimality,heuristics_off,emphasis_hardlp,emphasis_feasibility,default,emphasis_easycip
50v-10,heuristics_aggressive,emphasis_feasibility,default,presolving_aggressive,separating_off,presolving_fast,separating_fast,emphasis_easycip,emphasis_hardlp,separating_aggressive,presolving_off,heuristics_off,heuristics_fast,emphasis_optimality
stp3d,separating_off,presolving_fast,separating_fast,presolving_off,presolving_aggressive,heuristics_aggressive,separating_aggressive,emphasis_feasibility,emphasis_hardlp,heuristics_fast,default,emphasis_easycip,emphasis_optimality,heuristics_off
leo2,emphasis_feasibility,heuristics_aggressive,default,presolving_aggressive,separating_off,separating_fast,separating_aggressive,emphasis_optimality,presolving_fast,heuristics_fast,emphasis_hardlp,presolving_off,emphasis_easycip,heuristics_off
neos-595905,separating_fast,default,presolving_fast,presolving_aggressive,separating_aggressive,emphasis_optimality,heuristics_aggressive,separating_off,heuristics_fast,emphasis_feasibility,presolving_off,emphasis_easycip,heuristics_off,emphasis_hardlp
neos-555343,separating_off,separating_fast,presolving_fast,presolving_aggressive,emphasis_feasibility,heuristics_fast,emphasis_hardlp,separating_aggressive,heuristics_aggressive,emphasis_easycip,default,presolving_off,heuristics_off,emphasis_optimality
neos-1603965,separating_fast,presolving_aggressive,presolving_off,presolving_fast,separating_off,default,heuristics_off,separating_aggressive,heuristics_fast,emphasis_hardlp,heuristics_aggressive,emphasis_easycip,emphasis_feasibility,emphasis_optimality
set1ch,default,presolving_fast,emphasis_hardlp,presolving_aggressive,heuristics_aggressive,separating_aggressive,separating_fast,emphasis_easycip,emphasis_feasibility,presolving_off,heuristics_fast,emphasis_optimality,heuristics_off,separating_off
neos-1200887,separating_off,separating_fast,presolving_fast,default,emphasis_feasibility,presolving_aggressive,separating_aggressive,presolving_off,heuristics_aggressive,emphasis_hardlp,heuristics_fast,emphasis_easycip,emphasis_optimality,heuristics_off
reblock67,presolving_fast,presolving_off,emphasis_hardlp,separating_fast,separating_off,default,emphasis_easycip,heuristics_fast,heuristics_aggressive,separating_aggressive,presolving_aggressive,emphasis_feasibility,emphasis_optimality,heuristics_off
neos-955215,presolving_fast,default,separating_fast,separating_aggressive,presolving_aggressive,heuristics_aggressive,emphasis_hardlp,presolving_off,emphasis_optimality,emphasis_feasibility,emphasis_easycip,separating_off,heuristics_fast,heuristics_off
