neos-848150,emphasis_feasibility,separating_fast,heuristics_aggressive,emphasis_hardlp,default,presolving_fast,separating_aggressive,presolving_aggressive,heuristics_fast,emphasis_easycip,separating_off,presolving_off,heuristics_off,emphasis_optimality
neos-916792,separating_off,separating_fast,presolving_fast,emphasis_hardlp,default,emphasis_easycip,presolving_aggressive,heuristics_fast,separating_aggressive,heuristics_aggressive,emphasis_feasibility,heuristics_off,emphasis_optimality,presolving_off
neos-984165,presolving_fast,separating_off,presolving_off,separating_fast,default,presolving_aggressive,separating_aggressive,emphasis_feasibility,heuristics_aggressive,emphasis_hardlp,emphasis_easycip,emphasis_optimality,heuristics_fast,heuristics_off
neos-807639,separating_fast,default,presolving_aggressive,presolving_fast,separating_off,separating_aggressive,heuristics_aggressive,emphasis_hardlp,heuristics_off,emphasis_feasibility,presolving_off,heuristics_fast,emphasis_easycip,emphasis_optimality
blend2,separating_fast,default,presolving_aggressive,separating_off,presolving_fast,heuristics_aggressive,emphasis_hardlp,heuristics_fast,emphasis_easycip,separating_aggressive,presolving_off,emphasis_feasibility,heuristics_off,emphasis_optimality
ns1854840,separating_off,emphasis_feasibility,separating_fast,heuristics_aggressive,presolving_fast,presolving_off,presolving_aggressive,separating_aggressive,default,emphasis_hardlp,emphasis_easycip,heuristics_off,heuristics_fast,emphasis_optimality
nb10tb,presolving_off,presolving_fast,separating_off,separating_fast,emphasis_feasibility,presolving_aggressive,heuristics_aggressive,separating_aggressive,emphasis_hardlp,default,emphasis_easycip,heuristics_fast,emphasis_optimality,heuristics_off
danoint,presolving_fast,presolving_aggressive,separating_fast,separating_off,emphasis_hardlp,default,emphasis_easycip,heuristics_fast,separating_aggressive,presolving_off,heuristics_aggressive,emphasis_feasibility,heuristics_off,emphasis_optimality
neos-512201,separating_fast,separating_off,presolving_fast,default,presolving_aggressive,separating_aggressive,emphasis_feasibility,heuristics_aggressive,heuristics_fast,emphasis_hardlp,presolving_off,emphasis_easycip,emphasis_optimality,heuristics_off
t1722,emphasis_feasibility,separating_fast,separating_off,heuristics_aggressive,default,separating_aggressive,presolving_fast,presolving_aggressive,emphasis_optimality,heuristics_fast,presolving_off,emphasis_hardlp,heuristics_off,emphasis_easycip
mod010,heuristics_aggressive,presolving_fast,separating_fast,emphasis_feasibility,default,presolving_aggressive,emphasis_hardlp,separating_off,emphasis_easycip,heuristics_fast,separating_aggressive,presolving_off,heuristics_off,emphasis_optimality
neos-1122047,emphasis_hardlp,emphasis_easycip,presolving_aggressive,presolving_fast,default,separating_off,separating_fast,heuristics_fast,separating_aggressive,presolving_off,heuristics_off,heuristics_aggressive,emphasis_feasibility,emphasis_optimality
ns60-pr3,presolving_off,separating_fast,separating_off,presolving_fast,default,presolving_aggressive,heuristics_fast,heuristics_aggressive,separating_aggressive,emphasis_hardlp,emphasis_easycip,emphasis_feasibility,emphasis_optimality,heuristics_off
ran16x16,presolving_fast,emphasis_hardlp,default,heuristics_aggressive,presolving_aggressive,heuristics_fast,emphasis_easycip,separating_fast,separating_aggressive,presolving_off,emphasis_feasibility,emphasis_optimality,heuristics_off,separating_off
neos-942830,separating_aggressive,separating_fast,default,presolving_fast,heuristics_aggressive,presolving_aggressive,emphasis_feasibility,separating_off,emphasis_hardlp,presolving_off,heuristics_off,heuristics_fast,emphasis_optimality,emphasis_easycip
qnet1,separating_off,separating_fast,default,emphasis_feasibility,presolving_aggressive,presolving_fast,heuristics_aggressive,separating_aggressive,heuristics_fast,emphasis_hardlp,emphasis_optimality,emphasis_easycip,presolving_off,heuristics_off
bell3a,emphasis_hardlp,separating_fast,presolving_fast,default,separating_off,presolving_aggressive,heuristics_fast,heuristics_aggressive,emphasis_easycip,emphasis_feasibility,presolving_off,heuristics_off,separating_aggressive,emphasis_optimality
neos-826650,separating_off,heuristics_aggressive,separating_fast,emphasis_feasibility,default,presolving_fast,presolving_aggressive,separating_aggressive,emphasis_hardlp,presolving_off,heuristics_fast,emphasis_easycip,emphasis_optimality,heuristics_off
neos12,separating_off,separating_fast,presolving_fast,presolving_aggressive,default,separating_aggressive,heuristics_aggressive,presolving_off,emphasis_feasibility,heuristics_fast,emphasis_hardlp,emphasis_easycip,emphasis_optimality,heuristics_off
neos-808072,emphasis_feasibility,heuristics_aggressive,separating_fast,presolving_fast,default,presolving_aggressive,separating_aggressive,presolving_off,heuristics_fast,emphasis_easycip,separating_off,emphasis_hardlp,heuristics_off,emphasis_optimality
neos-826250,separating_fast,separating_off,heuristics_aggressive,emphasis_feasibility,default,separating_aggressive,presolving_fast,presolving_aggressive,presolving_off,heuristics_fast,heuristics_off,emphasis_optimality,emphasis_hardlp,emphasis_easycip
neos-547911,heuristics_fast,emphasis_hardlp,default,separating_fast,presolving_aggressive,emphasis_easycip,separating_aggressive,presolving_fast,separating_off,heuristics_aggressive,presolving_off,heuristics_off,emphasis_optimality,emphasis_feasibility
neos-501453,separating_fast,default,separating_aggressive,emphasis_optimality,presolving_aggressive,heuristics_off,separating_off,heuristics_aggressive,emphasis_feasibility,heuristics_fast,presolving_fast,presolving_off,emphasis_hardlp,emphasis_easycip
glass4,separating_fast,presolving_aggressive,presolving_fast,emphasis_feasibility,separating_aggressive,heuristics_fast,heuristics_aggressive,default,separating_off,presolving_off,emphasis_optimality,emphasis_hardlp,heuristics_off,emphasis_easycip
leo2,emphasis_feasibility,heuristics_aggressive,separating_off,separating_fast,default,presolving_aggressive,separating_aggressive,presolving_fast,emphasis_optimality,heuristics_fast,presolving_off,emphasis_hardlp,emphasis_easycip,heuristics_off
neos-826841,separating_fast,separating_off,default,presolving_fast,heuristics_aggressive,emphasis_feasibility,presolving_aggressive,separating_aggressive,presolving_off,heuristics_fast,emphasis_optimality,emphasis_hardlp,emphasis_easycip,heuristics_off
l152lav,separating_fast,default,heuristics_aggressive,emphasis_hardlp,emphasis_feasibility,presolving_fast,presolving_aggressive,separating_off,heuristics_fast,emphasis_easycip,presolving_off,separating_aggressive,heuristics_off,emphasis_optimality
neos-1440457,separating_off,separating_fast,emphasis_feasibility,presolving_fast,default,presolving_aggressive,separating_aggressive,heuristics_aggressive,presolving_off,emphasis_optimality,emphasis_hardlp,emphasis_easycip,heuristics_fast,heuristics_off
swath,separating_fast,emphasis_feasibility,presolving_aggressive,separating_off,heuristics_aggressive,default,presolving_fast,separating_aggressive,emphasis_optimality,presolving_off,emphasis_hardlp,emphasis_easycip,heuristics_fast,heuristics_off
cap6000,emphasis_feasibility,heuristics_aggressive,presolving_off,default,separating_fast,presolving_fast,emphasis_easycip,heuristics_fast,separating_aggressive,emphasis_hardlp,presolving_aggressive,emphasis_optimality,separating_off,heuristics_off
neos-1429185,separating_off,separating_fast,emphasis_feasibility,presolving_fast,default,presolving_aggressive,separating_aggressive,heuristics_aggressive,presolving_off,emphasis_hardlp,emphasis_easycip,emphasis_optimality,heuristics_fast,heuristics_off
protfold,separating_off,presolving_aggressive,separating_fast,presolving_fast,heuristics_fast,emphasis_hardlp,emphasis_feasibility,default,heuristics_off,heuristics_aggressive,emphasis_easycip,separating_aggressive,presolving_off,emphasis_optimality
sp98ir,presolving_fast,separating_aggressive,default,separating_fast,presolving_off,presolving_aggressive,heuristics_aggressive,heuristics_fast,emphasis_optimality,emphasis_hardlp,separating_off,emphasis_feasibility,emphasis_easycip,heuristics_off
mik-250-1-100-1,separating_fast,presolving_fast,presolving_aggressive,default,presolving_off,separating_off,separating_aggressive,emphasis_feasibility,emphasis_optimality,heuristics_aggressive,emphasis_hardlp,emphasis_easycip,heuristics_off,heuristics_fast
roy,separating_fast,default,presolving_fast,emphasis_hardlp,presolving_aggressive,heuristics_aggressive,separating_off,presolving_off,heuristics_fast,separating_aggressive,emphasis_feasibility,emphasis_easycip,emphasis_optimality,heuristics_off
rvb-sub,separating_off,separating_fast,emphasis_hardlp,presolving_fast,emphasis_feasibility,default,heuristics_fast,heuristics_aggressive,emphasis_easycip,presolving_off,presolving_aggressive,separating_aggressive,heuristics_off,emphasis_optimality
neos-1440447,separating_off,separating_fast,presolving_fast,emphasis_feasibility,default,presolving_aggressive,separating_aggressive,heuristics_aggressive,presolving_off,emphasis_hardlp,emphasis_easycip,heuristics_fast,emphasis_optimality,heuristics_off
mzzv42z,emphasis_feasibility,separating_off,separating_fast,heuristics_aggressive,separating_aggressive,presolving_off,presolving_fast,presolving_aggressive,default,heuristics_fast,emphasis_hardlp,emphasis_optimality,emphasis_easycip,heuristics_off
neos-1224597,emphasis_feasibility,default,separating_fast,presolving_fast,presolving_off,heuristics_aggressive,presolving_aggressive,emphasis_hardlp,separating_off,separating_aggressive,heuristics_fast,emphasis_easycip,emphasis_optimality,heuristics_off
neos-839838,presolving_fast,emphasis_hardlp,emphasis_feasibility,separating_off,separating_fast,presolving_off,heuristics_aggressive,default,heuristics_fast,presolving_aggressive,separating_aggressive,emphasis_optimality,emphasis_easycip,heuristics_off
p6b,presolving_fast,separating_fast,separating_aggressive,presolving_off,default,presolving_aggressive,emphasis_easycip,separating_off,heuristics_aggressive,emphasis_hardlp,emphasis_feasibility,heuristics_fast,heuristics_off,emphasis_optimality
prod2,separating_fast,separating_off,presolving_aggressive,presolving_off,emphasis_hardlp,emphasis_easycip,presolving_fast,heuristics_fast,default,emphasis_feasibility,separating_aggressive,heuristics_aggressive,heuristics_off,emphasis_optimality
neos-1061020,presolving_fast,separating_fast,presolving_aggressive,default,heuristics_aggressive,separating_aggressive,heuristics_fast,emphasis_feasibility,separating_off,emphasis_hardlp,presolving_off,heuristics_off,emphasis_easycip,emphasis_optimality
neos-548251,separating_fast,presolving_fast,presolving_aggressive,separating_off,default,separating_aggressive,heuristics_aggressive,presolving_off,heuristics_fast,emphasis_hardlp,emphasis_feasibility,emphasis_easycip,emphasis_optimality,heuristics_off
neos-831188,separating_off,separating_fast,presolving_fast,presolving_aggressive,presolving_off,default,separating_aggressive,heuristics_aggressive,emphasis_hardlp,emphasis_easycip,heuristics_fast,emphasis_feasibility,emphasis_optimality,heuristics_off
neos-1603965,presolving_aggressive,separating_fast,presolving_fast,separating_off,presolving_off,emphasis_hardlp,heuristics_off,default,heuristics_fast,heuristics_aggressive,emphasis_easycip,separating_aggressive,emphasis_feasibility,emphasis_optimality
neos-522351,presolving_fast,default,presolving_aggressive,separating_aggressive,emphasis_hardlp,heuristics_aggressive,separating_fast,presolving_off,heuristics_fast,separating_off,emphasis_optimality,emphasis_feasibility,emphasis_easycip,heuristics_off
n9-3,presolving_off,separating_fast,separating_off,presolving_fast,default,presolving_aggressive,heuristics_fast,heuristics_aggressive,separating_aggressive,emphasis_hardlp,emphasis_easycip,emphasis_feasibility,emphasis_optimality,heuristics_off
hanoi5,separating_off,default,separating_fast,presolving_aggressive,presolving_fast,heuristics_fast,presolving_off,separating_aggressive,emphasis_hardlp,heuristics_aggressive,emphasis_easycip,emphasis_feasibility,heuristics_off,emphasis_optimality
neos-611135,emphasis_feasibility,presolving_fast,presolving_off,heuristics_aggressive,separating_fast,emphasis_hardlp,default,presolving_aggressive,separating_off,separating_aggressive,emphasis_easycip,heuristics_fast,emphasis_optimality,heuristics_off
neos808444,separating_off,separating_fast,presolving_fast,presolving_off,presolving_aggressive,emphasis_feasibility,separating_aggressive,heuristics_aggressive,emphasis_hardlp,emphasis_easycip,heuristics_off,heuristics_fast,emphasis_optimality,default
neos-839894,presolving_fast,presolving_off,heuristics_aggressive,separating_off,separating_fast,emphasis_feasibility,emphasis_hardlp,default,presolving_aggressive,separating_aggressive,heuristics_fast,emphasis_optimality,emphasis_easycip,heuristics_off
neos18,separating_off,separating_fast,presolving_aggressive,default,presolving_fast,heuristics_fast,separating_aggressive,emphasis_feasibility,emphasis_easycip,heuristics_off,heuristics_aggressive,emphasis_hardlp,presolving_off,emphasis_optimality
bnatt400,emphasis_feasibility,separating_fast,separating_off,presolving_fast,presolving_aggressive,separating_aggressive,heuristics_aggressive,presolving_off,heuristics_off,default,heuristics_fast,emphasis_hardlp,emphasis_optimality,emphasis_easycip
neos-612162,presolving_off,presolving_fast,separating_fast,presolving_aggressive,emphasis_hardlp,default,separating_off,emphasis_feasibility,heuristics_aggressive,separating_aggressive,emphasis_easycip,heuristics_fast,emphasis_optimality,heuristics_off
set1ch,presolving_fast,default,presolving_aggressive,heuristics_aggressive,emphasis_hardlp,separating_aggressive,separating_fast,emphasis_easycip,heuristics_fast,emphasis_feasibility,presolving_off,emphasis_optimality,heuristics_off,separating_off
10teams,presolving_fast,separating_fast,presolving_off,default,separating_aggressive,presolving_aggressive,emphasis_hardlp,heuristics_aggressive,heuristics_off,emphasis_feasibility,separating_off,heuristics_fast,emphasis_optimality,emphasis_easycip
mine-166-5,presolving_fast,separating_off,presolving_off,emphasis_hardlp,separating_fast,default,emphasis_easycip,separating_aggressive,heuristics_fast,heuristics_aggressive,presolving_aggressive,emphasis_feasibility,emphasis_optimality,heuristics_off
neos-1396125,separating_fast,presolving_fast,separating_off,presolving_off,default,presolving_aggressive,separating_aggressive,heuristics_aggressive,emphasis_hardlp,heuristics_fast,emphasis_easycip,emphasis_optimality,emphasis_feasibility,heuristics_off
neos-1445755,separating_off,separating_fast,heuristics_fast,emphasis_feasibility,default,separating_aggressive,heuristics_aggressive,heuristics_off,emphasis_optimality,presolving_off,presolving_fast,emphasis_hardlp,emphasis_easycip,presolving_aggressive
neos-1425699,separating_off,separating_fast,presolving_aggressive,heuristics_fast,heuristics_off,default,emphasis_easycip,heuristics_aggressive,separating_aggressive,presolving_off,emphasis_optimality,emphasis_feasibility,presolving_fast,emphasis_hardlp
